cfg,T,R,Nsrc,Re,Im
1,1,0,13824,1.789549333231158e-07,0.0
1,1,1,13824,1.0324741812839347e-07,6.569719381847804e-10
1,1,2,13824,7.485858038690723e-08,1.5169181320364704e-09
1,1,3,13824,5.685939029236223e-08,1.8003593601629062e-09
1,1,4,13824,4.325759786259308e-08,2.2621846185660887e-09
1,2,0,13824,1.7540922112546417e-07,0.0
1,2,1,13824,6.235429307606073e-08,2.934357692500952e-10
1,2,2,13824,3.594153948134855e-08,1.0513975215355008e-09
1,2,3,13824,2.2907342286015158e-08,8.419736747858845e-10
1,2,4,13824,1.5913026805983974e-08,7.99437035778004e-10
1,3,0,13824,1.7421907908679933e-07,0.0
1,3,1,13824,3.810271462443268e-08,3.690489409732698e-11
1,3,2,13824,1.7693509437076497e-08,5.492948758302892e-10
1,3,3,13824,9.901090199148362e-09,8.163412110170921e-10
1,3,4,13824,5.591599109252285e-09,4.903916039406189e-10
1,4,0,13824,1.7339139126983323e-07,0.0
1,4,1,13824,2.3395462059813464e-08,-1.977543600100667e-10
1,4,2,13824,8.935328875525818e-09,-1.0562881595083327e-10
1,4,3,13824,4.07955799219208e-09,3.735606095004056e-10
1,4,4,13824,2.074559445726496e-09,2.350136322064299e-10
1,5,0,13824,1.754795779592616e-07,0.0
1,5,1,13824,1.471440019316579e-08,2.0122761366745359e-10
1,5,2,13824,4.13467281462613e-09,3.018009040801532e-10
1,5,3,13824,2.045080878657333e-09,-5.714159376774306e-10
1,5,4,13824,4.17097109779738e-10,-4.252299763143392e-10
1,6,0,13824,1.7392576246511712e-07,0.0
1,6,1,13824,9.407344864848244e-09,9.577161546925787e-11
1,6,2,13824,2.1945730225588034e-09,-4.476472400312493e-11
1,6,3,13824,7.79552848812054e-10,-8.136040681745314e-10
1,6,4,13824,6.4577356306964e-11,1.244166435453337e-10
1,7,0,13824,1.7256756397301252e-07,0.0
1,7,1,13824,5.653860381453542e-09,-4.393491811104949e-10
1,7,2,13824,1.2653485190273117e-09,-8.021539427451994e-10
1,7,3,13824,2.4819145554307376e-10,-7.808198972619067e-11
1,7,4,13824,2.9633210404620194e-10,1.8155144817243815e-10
1,8,0,13824,1.7447633360198565e-07,0.0
1,8,1,13824,4.125985520945773e-09,8.160547056461687e-10
1,8,2,13824,3.675536077045818e-10,-6.370065249546278e-10
1,8,3,13824,-1.9898948306566485e-10,-2.1749106280808838e-10
1,8,4,13824,-6.959535217797286e-10,1.3409286977194818e-10
2,1,0,13824,1.7906749168647608e-07,0.0
2,1,1,13824,1.0433453836272855e-07,-3.6273150880832194e-10
2,1,2,13824,7.588302403517241e-08,-5.217586015027726e-11
2,1,3,13824,5.8574539970462584e-08,2.1102385990610877e-11
2,1,4,13824,4.538889154703478e-08,4.371327156003778e-10
2,2,0,13824,1.7582070859652906e-07,0.0
2,2,1,13824,6.279412301162802e-08,-1.23272557077127e-10
2,2,2,13824,3.6055679323926425e-08,1.6816982519181263e-10
2,2,3,13824,2.4289277048724418e-08,-2.6798598749245674e-11
2,2,4,13824,1.626933422899634e-08,-5.633946629636082e-11
2,3,0,13824,1.7441791526798048e-07,0.0
2,3,1,13824,3.840617653896407e-08,-3.3216630341310304e-10
2,3,2,13824,1.730796546364324e-08,-3.9695223357256186e-10
2,3,3,13824,1.0163453645878395e-08,3.626928634861308e-10
2,3,4,13824,5.7368169088894295e-09,7.612931609406011e-10
2,4,0,13824,1.7384941139491783e-07,0.0
2,4,1,13824,2.373955927776287e-08,-4.0643068734077303e-10
2,4,2,13824,8.449165446664956e-09,-4.299604481037191e-11
2,4,3,13824,4.012913111743613e-09,-1.1477214754446165e-11
2,4,4,13824,2.033314002456677e-09,9.792419982889967e-11
2,5,0,13824,1.696238840233773e-07,0.0
2,5,1,13824,1.372800541854194e-08,8.722501473286373e-11
2,5,2,13824,4.137841802435229e-09,-6.536655619620391e-11
2,5,3,13824,1.892978573735615e-09,3.8292473737894395e-10
2,5,4,13824,7.256031536578349e-10,3.692874121940452e-11
2,6,0,13824,1.743370698867321e-07,0.0
2,6,1,13824,8.546594227134323e-09,-2.20861664254131e-10
2,6,2,13824,1.647818216474131e-09,-1.6028873091175823e-10
2,6,3,13824,1.176886278608731e-09,-3.2346390711006057e-10
2,6,4,13824,3.1523786966316685e-10,2.9543166575411405e-10
2,7,0,13824,1.7461127184017183e-07,0.0
2,7,1,13824,5.05673452254407e-09,-2.327932827771507e-10
2,7,2,13824,9.692701509811154e-10,3.073494448638231e-11
2,7,3,13824,3.1923957118180134e-10,3.0141444237484254e-10
2,7,4,13824,3.5563736337537444e-10,-1.388206712234045e-10
2,8,0,13824,1.7394695101041588e-07,0.0
2,8,1,13824,3.490493163984276e-09,1.4293364826383713e-11
2,8,2,13824,1.2669393244469281e-10,-3.2125494088765567e-10
2,8,3,13824,5.738646956383608e-10,-1.5946868802082793e-10
2,8,4,13824,4.337054819199334e-10,-2.3246008657899802e-10
3,1,0,13824,1.773130977502642e-07,0.0
3,1,1,13824,1.0282469550931366e-07,-2.0943309745020987e-10
3,1,2,13824,7.50224270139204e-08,-2.3317475445996564e-10
3,1,3,13824,5.786537757631587e-08,-3.88201917410588e-10
3,1,4,13824,4.515334324082352e-08,-2.8921614308000596e-10
3,2,0,13824,1.7462617720009247e-07,0.0
3,2,1,13824,6.228203698889425e-08,1.3052158301244857e-10
3,2,2,13824,3.625323044928528e-08,1.7927546798749993e-10
3,2,3,13824,2.4199421247387906e-08,-2.309313375158898e-10
3,2,4,13824,1.6573550204696337e-08,-4.59841837170196e-10
3,3,0,13824,1.7525558372746036e-07,0.0
3,3,1,13824,3.8556714170983084e-08,1.6444532972161537e-11
3,3,2,13824,1.8042754375936515e-08,1.6033046450982552e-10
3,3,3,13824,9.808061828810875e-09,-2.976869027688617e-10
3,3,4,13824,6.031283005574754e-09,-4.25393022596294e-10
3,4,0,13824,1.7432372764708847e-07,0.0
3,4,1,13824,2.4185301581769265e-08,-7.87204143867932e-11
3,4,2,13824,9.078842207194315e-09,-8.439853852968386e-11
3,4,3,13824,4.494685136014418e-09,-4.1881696465132764e-10
3,4,4,13824,2.2728481846715474e-09,-3.9137445535446784e-10
3,5,0,13824,1.7255052400831536e-07,0.0
3,5,1,13824,1.4758577341099694e-08,5.744294433006517e-11
3,5,2,13824,3.448593494648469e-09,8.155585427104176e-10
3,5,3,13824,1.7109219388486255e-09,-3.6587315957492834e-10
3,5,4,13824,6.230356754693352e-10,-2.804076076546723e-10
3,6,0,13824,1.730972637702499e-07,0.0
3,6,1,13824,8.439867669388334e-09,-3.985354143918689e-10
3,6,2,13824,1.4082187734669921e-09,3.8981976586334933e-10
3,6,3,13824,3.7764361218314336e-10,-4.58194278376784e-10
3,6,4,13824,5.533188064868272e-10,1.3296248993663303e-10
3,7,0,13824,1.7156984191215099e-07,0.0
3,7,1,13824,5.8178462728712165e-09,-3.9318780081962213e-10
3,7,2,13824,5.696995704823764e-10,3.364978238559833e-10
3,7,3,13824,6.797272000049644e-10,2.777654301958864e-10
3,7,4,13824,-2.6382871225896827e-10,1.164560184418378e-10
3,8,0,13824,1.7276507918174534e-07,0.0
3,8,1,13824,3.6911293862225294e-09,-5.967345573596031e-10
3,8,2,13824,2.54024217032725e-10,-1.85559780154681e-10
3,8,3,13824,2.168169032016375e-10,3.1092706747666844e-10
3,8,4,13824,1.6556955272412503e-10,-2.5405642967657385e-11
4,1,0,13824,1.7621817998341567e-07,0.0
4,1,1,13824,1.0266929349602462e-07,2.754630309440035e-10
4,1,2,13824,7.581931460737376e-08,1.1177594763387121e-09
4,1,3,13824,6.027086140440505e-08,1.4688690946267824e-09
4,1,4,13824,4.8152571498405006e-08,1.200754441186097e-09
4,2,0,13824,1.738219929510742e-07,0.0
4,2,1,13824,6.289339624022442e-08,-3.4697719584756094e-10
4,2,2,13824,3.663575532483229e-08,2.772212138906957e-11
4,2,3,13824,2.491805530160194e-08,-1.2014828331156145e-10
4,2,4,13824,1.776407614026129e-08,-4.5692718311939264e-10
4,3,0,13824,1.7283224542137495e-07,0.0
4,3,1,13824,3.8626918824781054e-08,4.705850600996416e-13
4,3,2,13824,1.7783059269487344e-08,2.2584833589467473e-10
4,3,3,13824,1.0461582353149619e-08,4.92125341461363e-10
4,3,4,13824,7.024338482434099e-09,5.4920972545084147e-11
4,4,0,13824,1.7515410690190032e-07,0.0
4,4,1,13824,2.4523689631389928e-08,-2.1448258665904033e-10
4,4,2,13824,8.725471128646674e-09,-3.218742093533771e-11
4,4,3,13824,4.279066249115157e-09,-1.1276841222467682e-10
4,4,4,13824,3.1335275846433105e-09,-2.6567797671191173e-10
4,5,0,13824,1.754050938878668e-07,0.0
4,5,1,13824,1.4748262059785815e-08,1.211271215284616e-10
4,5,2,13824,4.085363860201966e-09,3.757892208025483e-10
4,5,3,13824,1.3997925181667668e-09,-3.994213671996916e-10
4,5,4,13824,1.4690206904461663e-09,2.0102291572383965e-10
4,6,0,13824,1.7402492076771607e-07,0.0
4,6,1,13824,9.522316753398493e-09,1.2982105557564971e-11
4,6,2,13824,1.6628976937278656e-09,1.9216971786726507e-10
4,6,3,13824,7.79687010602447e-10,-4.741543605375344e-10
4,6,4,13824,4.944195591111371e-10,-9.932885620150075e-11
4,7,0,13824,1.759211700821914e-07,0.0
4,7,1,13824,5.794612278054407e-09,-5.896204083113373e-10
4,7,2,13824,8.874088360416832e-10,-1.8018310073699812e-10
4,7,3,13824,6.70601731191788e-10,-1.7264866062706346e-10
4,7,4,13824,-8.777094897698897e-11,-4.203067805180555e-10
4,8,0,13824,1.7370571420593055e-07,0.0
4,8,1,13824,3.0948517955172048e-09,-9.920069108777342e-13
4,8,2,13824,8.019038629648132e-10,-3.589184207220088e-10
4,8,3,13824,4.250222850480073e-10,-2.2508095592207886e-10
4,8,4,13824,3.487846246394829e-10,2.702391626061983e-10
5,1,0,13824,1.7753792643401233e-07,0.0
5,1,1,13824,1.0363241999433577e-07,1.459782492404574e-10
5,1,2,13824,7.607227406263471e-08,6.464784735006729e-11
5,1,3,13824,5.972987802157024e-08,-2.9392988229263335e-10
5,1,4,13824,4.697939412945885e-08,6.274763705286015e-11
5,2,0,13824,1.7844776227615058e-07,0.0
5,2,1,13824,6.446814714301856e-08,-8.69127488284359e-11
5,2,2,13824,3.8323956413834615e-08,4.3454935621440375e-11
5,2,3,13824,2.6670400560578903e-08,2.0650998877146536e-10
5,2,4,13824,1.9274502747830502e-08,7.124544663200481e-10
5,3,0,13824,1.7645810668266715e-07,0.0
5,3,1,13824,3.960460480223301e-08,-1.0559583312209766e-10
5,3,2,13824,1.929107369053497e-08,-1.977620693362767e-10
5,3,3,13824,1.1857451693829666e-08,-6.172906418947559e-10
5,3,4,13824,7.911040154140898e-09,1.8433943391938582e-10
5,4,0,13824,1.7180136884058264e-07,0.0
5,4,1,13824,2.355266834923473e-08,-1.4773068777114035e-10
5,4,2,13824,9.038792616783552e-09,2.733869522234334e-10
5,4,3,13824,4.759778415184731e-09,-1.0885208579466268e-11
5,4,4,13824,3.31020767602718e-09,-7.544875653802718e-11
5,5,0,13824,1.746077126864879e-07,0.0
5,5,1,13824,1.5227967779844876e-08,-5.3477030840437795e-11
5,5,2,13824,5.450560452301925e-09,2.0547585885502674e-10
5,5,3,13824,1.6474911611270068e-09,-3.216644779183481e-10
5,5,4,13824,1.4394834683439896e-09,-6.052889538612352e-10
5,6,0,13824,1.7623099661004506e-07,0.0
5,6,1,13824,9.428705487742196e-09,-1.052872028337498e-10
5,6,2,13824,3.372324546490249e-09,3.35747624742477e-10
5,6,3,13824,6.959756431194841e-10,-2.686747842836469e-10
5,6,4,13824,4.083281805884474e-10,3.267825679665295e-10
5,7,0,13824,1.7422681699593486e-07,0.0
5,7,1,13824,5.503782323063873e-09,9.897110343012386e-11
5,7,2,13824,1.6288301576642245e-09,8.075974286136304e-10
5,7,3,13824,5.290886791275778e-10,3.656017889343784e-10
5,7,4,13824,2.79063749847599e-10,3.835583579948452e-11
5,8,0,13824,1.711479031322806e-07,0.0
5,8,1,13824,3.069104913372883e-09,-3.759381651064514e-10
5,8,2,13824,5.906082306905051e-10,3.7486932188589543e-10
5,8,3,13824,-5.879245414581922e-10,-3.073685244524287e-10
5,8,4,13824,-3.4327140055581034e-10,-1.0008598377075641e-10
6,1,0,13824,1.773613261738441e-07,0.0
6,1,1,13824,1.0362962898296658e-07,1.1762282981154442e-10
6,1,2,13824,7.65883991531647e-08,-3.9662347468250305e-10
6,1,3,13824,6.088093575366301e-08,-5.215229657563827e-10
6,1,4,13824,4.932850676813369e-08,-5.932506178717795e-10
6,2,0,13824,1.7545258521078164e-07,0.0
6,2,1,13824,6.295476413311734e-08,-1.7957624517723196e-10
6,2,2,13824,3.732726520129327e-08,-4.678818953095704e-10
6,2,3,13824,2.5599588891585814e-08,-6.657236820084213e-10
6,2,4,13824,1.8424745121717006e-08,-3.715107992828402e-10
6,3,0,13824,1.7232054262145733e-07,0.0
6,3,1,13824,3.780801060251928e-08,-2.5392753047594073e-10
6,3,2,13824,1.7453503732899052e-08,1.0170884799768913e-10
6,3,3,13824,1.0113513103569292e-08,-1.1419930074407988e-09
6,3,4,13824,5.667185933282323e-09,-5.357401383514605e-10
6,4,0,13824,1.7501756346976205e-07,0.0
6,4,1,13824,2.3806799155392576e-08,1.799570169533235e-10
6,4,2,13824,8.50938301068553e-09,-4.8589819888642015e-11
6,4,3,13824,5.3037696535504445e-09,-2.6665128806203635e-10
6,4,4,13824,2.3652582102743326e-09,4.0710114740724763e-10
6,5,0,13824,1.7356722816518745e-07,0.0
6,5,1,13824,1.4256889177473646e-08,5.902844405856818e-10
6,5,2,13824,4.326586799514965e-09,4.3156607440519146e-10
6,5,3,13824,2.1784084814988843e-09,-4.316031353135679e-10
6,5,4,13824,4.1837300292777145e-10,1.4197471715213424e-10
6,6,0,13824,1.7520230018899892e-07,0.0
6,6,1,13824,8.801097933408083e-09,-5.987069443269115e-10
6,6,2,13824,2.194088847214321e-09,5.415531455009847e-10
6,6,3,13824,1.2620217087189486e-09,9.115318491614378e-11
6,6,4,13824,-7.84641902583797e-11,-4.0132352714167545e-10
6,7,0,13824,1.7466922006640245e-07,0.0
6,7,1,13824,5.96403679354041e-09,-4.784478350206036e-10
6,7,2,13824,9.449975765338644e-10,3.477969512970408e-10
6,7,3,13824,5.099443446720338e-10,3.4303749370115014e-10
6,7,4,13824,6.518264429965236e-11,-1.7509677565883178e-10
6,8,0,13824,1.7612772248771477e-07,0.0
6,8,1,13824,3.406362733185721e-09,-6.148504136524474e-11
6,8,2,13824,7.581062074871809e-10,1.8961151744418492e-10
6,8,3,13824,1.7147140744577492e-10,5.792412404370236e-10
6,8,4,13824,-2.476381337995281e-10,3.785211692656829e-11
7,1,0,13824,1.7512793025372916e-07,0.0
7,1,1,13824,1.014144574180996e-07,-6.579011745558325e-10
7,1,2,13824,7.419709093044404e-08,-1.3116120385994885e-09
7,1,3,13824,5.784533270609285e-08,-1.4216963169397253e-09
7,1,4,13824,4.5203663123915806e-08,-1.4134122540166136e-09
7,2,0,13824,1.7601804389980543e-07,0.0
7,2,1,13824,6.198239649129643e-08,1.4308971720701992e-10
7,2,2,13824,3.632853816932548e-08,-4.2305178605930604e-10
7,2,3,13824,2.384411050175451e-08,-1.8852926209345437e-10
7,2,4,13824,1.7014468296310227e-08,-2.9178513453846586e-10
7,3,0,13824,1.745724742480777e-07,0.0
7,3,1,13824,3.8069235875517574e-08,-1.3679637052915725e-10
7,3,2,13824,1.803083335334398e-08,-7.746546078189157e-10
7,3,3,13824,9.911178754654737e-09,-5.721040635722797e-10
7,3,4,13824,6.361080231169831e-09,-5.487643662408796e-10
7,4,0,13824,1.7483339201845638e-07,0.0
7,4,1,13824,2.3897338848524348e-08,8.840132594533657e-10
7,4,2,13824,9.130915060974208e-09,-3.594892034512912e-10
7,4,3,13824,4.708851296055313e-09,-7.069318179184329e-11
7,4,4,13824,2.977944024656971e-09,-2.5710241531363326e-10
7,5,0,13824,1.7421925148064775e-07,0.0
7,5,1,13824,1.4906495533220515e-08,2.9702015950967733e-10
7,5,2,13824,4.041729083722635e-09,-3.156203698501542e-10
7,5,3,13824,1.7093874356763433e-09,1.942771024337976e-10
7,5,4,13824,1.130707191915317e-09,1.4913800774026557e-10
7,6,0,13824,1.7281888270279287e-07,0.0
7,6,1,13824,9.525936236781602e-09,5.035587883730308e-10
7,6,2,13824,2.2876304695696714e-09,-9.528707773897067e-11
7,6,3,13824,1.1548005672761458e-09,6.510948063352519e-11
7,6,4,13824,1.0247609528587066e-09,1.0292231222089726e-10
7,7,0,13824,1.7543944553294518e-07,0.0
7,7,1,13824,6.628803481196008e-09,9.205585925756845e-10
7,7,2,13824,1.2531753518983117e-09,-1.6534087378056314e-10
7,7,3,13824,1.501708700274968e-10,2.9961242994325705e-10
7,7,4,13824,1.7332470424792723e-10,6.944783128541385e-11
7,8,0,13824,1.7403151213659334e-07,0.0
7,8,1,13824,4.011719408370402e-09,2.022558744255746e-10
7,8,2,13824,8.87378612925314e-10,2.2762412113201984e-10
7,8,3,13824,7.790958999328684e-11,5.499378157876299e-10
7,8,4,13824,-2.6610195705666596e-10,2.773245150090066e-10
8,1,0,13824,1.8100809462216775e-07,0.0
8,1,1,13824,1.0598469585269265e-07,2.9897769949539835e-10
8,1,2,13824,7.842121566191196e-08,8.432547138257613e-10
8,1,3,13824,6.211517517195368e-08,1.2302696109006984e-09
8,1,4,13824,4.9367645691911593e-08,1.5235364917641758e-09
8,2,0,13824,1.7754515017864426e-07,0.0
8,2,1,13824,6.361889944002393e-08,-1.6639025539028982e-10
8,2,2,13824,3.7621333969293835e-08,3.6629379911006823e-10
8,2,3,13824,2.5588820074125617e-08,-1.4794224006650282e-10
8,2,4,13824,1.7977258446706577e-08,-3.5493249641962767e-10
8,3,0,13824,1.7453134608958551e-07,0.0
8,3,1,13824,3.8321967874485044e-08,4.361669206837548e-11
8,3,2,13824,1.869731153917035e-08,1.704397781051328e-11
8,3,3,13824,1.0934895842991673e-08,2.110125092574829e-10
8,3,4,13824,6.9983053790281696e-09,-3.1602838322996174e-10
8,4,0,13824,1.765119475522856e-07,0.0
8,4,1,13824,2.484935340326426e-08,-2.867622859660328e-10
8,4,2,13824,9.749376949977139e-09,3.7504365668341277e-10
8,4,3,13824,3.953119610116174e-09,1.804184002751544e-11
8,4,4,13824,2.3079980255471242e-09,-1.186735233672783e-10
8,5,0,13824,1.75445665241648e-07,0.0
8,5,1,13824,1.498501105944429e-08,-9.764527720758262e-11
8,5,2,13824,3.991871585871748e-09,-2.8283622818453727e-10
8,5,3,13824,1.0043970782484947e-09,1.7795537760663473e-10
8,5,4,13824,8.312643647650943e-10,-3.692451804657692e-10
8,6,0,13824,1.7432230115545048e-07,0.0
8,6,1,13824,9.168800261606938e-09,-1.0366000568725765e-10
8,6,2,13824,2.262964457829806e-09,3.9455907031899406e-10
8,6,3,13824,4.3454217475832755e-10,-4.049695689788847e-10
8,6,4,13824,1.3792041078813895e-10,-3.5545350749410076e-10
8,7,0,13824,1.7255034826723054e-07,0.0
8,7,1,13824,5.3542843427725946e-09,-2.0703071609729408e-10
8,7,2,13824,9.844611369063425e-10,2.2136959801060455e-11
8,7,3,13824,-4.9809946355009745e-11,-2.1260838930938514e-10
8,7,4,13824,1.6646258601510385e-10,-4.789960190795965e-10
8,8,0,13824,1.730852197956723e-07,0.0
8,8,1,13824,2.938742041636179e-09,4.5878165618080836e-10
8,8,2,13824,4.695668761387183e-10,1.6473392210549677e-10
8,8,3,13824,4.778178092657894e-10,-6.899511630510843e-11
8,8,4,13824,6.804544649799339e-10,9.351071960555855e-11
9,1,0,13824,1.770711163282057e-07,0.0
9,1,1,13824,1.0277757228005366e-07,3.286181209558064e-10
9,1,2,13824,7.569079624477004e-08,3.633984319733879e-10
9,1,3,13824,5.889099771616621e-08,4.52647253944805e-10
9,1,4,13824,4.674244835094099e-08,4.256385469776602e-10
9,2,0,13824,1.7732207383651947e-07,0.0
9,2,1,13824,6.338580517820957e-08,1.7185873254188138e-12
9,2,2,13824,3.658847290372562e-08,4.662927871532471e-10
9,2,3,13824,2.5109188031804367e-08,2.7004145199656474e-10
9,2,4,13824,1.809538621853841e-08,5.704096740728305e-10
9,3,0,13824,1.760934993753065e-07,0.0
9,3,1,13824,3.8868934544457003e-08,-1.5251406202924947e-10
9,3,2,13824,1.77942502637808e-08,2.851381433067771e-10
9,3,3,13824,1.061883242960815e-08,4.271257080453068e-10
9,3,4,13824,7.66011994216932e-09,4.400583727771952e-10
9,4,0,13824,1.7412714242290335e-07,0.0
9,4,1,13824,2.3843320123378756e-08,2.7750122878218926e-10
9,4,2,13824,8.388583774369674e-09,3.229095756284629e-10
9,4,3,13824,4.380353033752611e-09,6.599783460135918e-10
9,4,4,13824,2.8541073934628406e-09,4.06770164797384e-10
9,5,0,13824,1.738883586624762e-07,0.0
9,5,1,13824,1.4891033542859212e-08,-7.53623436735057e-11
9,5,2,13824,4.550402594539272e-09,4.054808210009366e-10
9,5,3,13824,2.2696606245573343e-09,3.316517245739134e-10
9,5,4,13824,1.2201997720860234e-09,6.551522097771772e-11
9,6,0,13824,1.7269989741910566e-07,0.0
9,6,1,13824,9.84803765496283e-09,6.181290221931675e-11
9,6,2,13824,2.003370699766499e-09,2.1315363649954372e-10
9,6,3,13824,1.8261522404981033e-09,5.662419794473014e-10
9,6,4,13824,7.709654662558481e-10,2.990641152755054e-10
9,7,0,13824,1.7329376034345248e-07,0.0
9,7,1,13824,5.734571607689151e-09,4.4192071901204396e-11
9,7,2,13824,1.5817686114835855e-09,6.298226556058899e-10
9,7,3,13824,6.955319420257253e-10,3.2111595098283525e-10
9,7,4,13824,6.662785776974988e-12,3.691627029511472e-10
9,8,0,13824,1.7372587542315495e-07,0.0
9,8,1,13824,3.6358665609588477e-09,-5.790248142286155e-10
9,8,2,13824,6.293114488415479e-10,7.74919333968525e-10
9,8,3,13824,2.569394962429138e-10,-5.158427787658796e-10
9,8,4,13824,5.5152242584929015e-11,5.480726316733403e-10
10,1,0,13824,1.7704798348452852e-07,0.0
10,1,1,13824,1.0251729959583122e-07,-5.210293509499074e-10
10,1,2,13824,7.529332383459054e-08,-1.2623755834846424e-09
10,1,3,13824,5.961513918767756e-08,-1.6237783364317302e-09
10,1,4,13824,4.78256246791837e-08,-1.2600374786901157e-09
10,2,0,13824,1.7513310559274595e-07,0.0
10,2,1,13824,6.268707679678322e-08,-2.091314665791452e-11
10,2,2,13824,3.679917215924814e-08,-5.615492328265951e-10
10,2,3,13824,2.4751741142134182e-08,-6.64897555201279e-10
10,2,4,13824,1.7858194570138074e-08,-6.288947712615434e-10
10,3,0,13824,1.7325214842955288e-07,0.0
10,3,1,13824,3.7551499752633296e-08,5.572561385098501e-10
10,3,2,13824,1.6632021667472577e-08,2.241847846780672e-10
10,3,3,13824,9.519800774826209e-09,-5.509841790643423e-10
10,3,4,13824,5.691880593788656e-09,-3.545632067124694e-10
10,4,0,13824,1.7385810556463444e-07,0.0
10,4,1,13824,2.424394252408497e-08,-2.8129427144884667e-10
10,4,2,13824,8.838279766584693e-09,-4.0944249485990764e-10
10,4,3,13824,4.00647262827141e-09,-5.005684530816045e-10
10,4,4,13824,2.653343779321762e-09,2.787412698516361e-11
10,5,0,13824,1.7391379292923275e-07,0.0
10,5,1,13824,1.483710205366377e-08,1.951623047424676e-11
10,5,2,13824,4.727095961861037e-09,-2.405177290305788e-10
10,5,3,13824,1.7842975806082537e-09,5.89841754652325e-10
10,5,4,13824,5.803540780784486e-10,4.892978344018433e-10
10,6,0,13824,1.7402497892798378e-07,0.0
10,6,1,13824,9.560922183446447e-09,4.719973452567971e-10
10,6,2,13824,2.7810946929166297e-09,-4.0573534999216415e-11
10,6,3,13824,6.383682943696389e-10,-2.343240386597978e-10
10,6,4,13824,6.844850766787417e-10,5.383808708540213e-10
10,7,0,13824,1.7520368182890313e-07,0.0
10,7,1,13824,5.7560532251256376e-09,7.091410554107227e-11
10,7,2,13824,9.90583468521358e-10,-4.19052580823116e-11
10,7,3,13824,4.007849288766625e-10,-7.13727468303853e-11
10,7,4,13824,5.767002662900668e-10,1.899542332510582e-10
10,8,0,13824,1.740771375444284e-07,0.0
10,8,1,13824,3.4837417299450163e-09,-1.0306155592163495e-10
10,8,2,13824,7.154910101544755e-10,3.696403637560246e-10
10,8,3,13824,1.9248958509092642e-10,9.197519105388729e-11
10,8,4,13824,3.1099978925805984e-10,-3.555169120727529e-11
11,1,0,13824,1.7533332919007822e-07,0.0
11,1,1,13824,1.0109587382507463e-07,-5.031632048221111e-10
11,1,2,13824,7.457757551517482e-08,-9.82048240397742e-10
11,1,3,13824,5.819965656493492e-08,-1.2167560761149206e-09
11,1,4,13824,4.525693067539599e-08,-1.667296604711942e-09
11,2,0,13824,1.7650678734693157e-07,0.0
11,2,1,13824,6.164693556154252e-08,-3.569937379654405e-10
11,2,2,13824,3.5442810064293176e-08,-2.477320312055613e-10
11,2,3,13824,2.3856420328809703e-08,-2.985563238250686e-10
11,2,4,13824,1.661215303286257e-08,-3.479026404050386e-10
11,3,0,13824,1.7658438971521008e-07,0.0
11,3,1,13824,3.8101091922803126e-08,2.285375053824111e-10
11,3,2,13824,1.762075657276522e-08,-1.776375424653865e-10
11,3,3,13824,1.106488638202313e-08,-3.7616517338307637e-10
11,3,4,13824,7.297413832356227e-09,-8.327847163794796e-11
11,4,0,13824,1.7571541322964138e-07,0.0
11,4,1,13824,2.360905415244985e-08,-3.42049640964618e-10
11,4,2,13824,8.936314571144806e-09,2.6747007114326996e-10
11,4,3,13824,4.61903683522529e-09,1.121390330260071e-11
11,4,4,13824,2.912040063078888e-09,-3.07238152415163e-10
11,5,0,13824,1.7481178591330174e-07,0.0
11,5,1,13824,1.445529678930976e-08,-6.144647633278386e-11
11,5,2,13824,4.605294302358945e-09,-6.868485302018025e-10
11,5,3,13824,1.6653645027732679e-09,-1.5638587922656394e-10
11,5,4,13824,1.4356314311730775e-09,7.676075276578425e-11
11,6,0,13824,1.749727838594812e-07,0.0
11,6,1,13824,8.30368248954541e-09,3.2455040883520435e-12
11,6,2,13824,2.0627356683854814e-09,-7.048183401666016e-10
11,6,3,13824,4.4760921591021697e-10,-1.9203468364850836e-10
11,6,4,13824,-4.006567095348059e-11,-3.0351799690912475e-10
11,7,0,13824,1.7525069251828663e-07,0.0
11,7,1,13824,5.24990597126502e-09,2.2122790897973262e-10
11,7,2,13824,1.3013802413876066e-09,-2.7035229220658035e-10
11,7,3,13824,1.436203200709773e-10,1.0423136881539621e-10
11,7,4,13824,-2.394264345746847e-10,1.8183693900556115e-10
11,8,0,13824,1.7269138651892792e-07,0.0
11,8,1,13824,4.024826618685783e-09,-4.0218353034597135e-12
11,8,2,13824,1.1460985808821276e-09,1.232735095222589e-10
11,8,3,13824,-3.295355984819782e-10,5.152672820959105e-10
11,8,4,13824,-8.446571105646412e-11,-2.694276004860752e-10
12,1,0,13824,1.7695308433149486e-07,0.0
12,1,1,13824,1.0286359900317729e-07,-3.168704256480622e-10
12,1,2,13824,7.604982457997847e-08,-6.821964121020501e-10
12,1,3,13824,5.967983216633309e-08,-6.442329982076339e-10
12,1,4,13824,4.780554967925465e-08,-4.6521623048828046e-10
12,2,0,13824,1.7552395495717e-07,0.0
12,2,1,13824,6.254933785109135e-08,8.622776106169305e-10
12,2,2,13824,3.6931385874317065e-08,6.217468190723608e-10
12,2,3,13824,2.5116296824168358e-08,7.99495789739139e-10
12,2,4,13824,1.7810006948002948e-08,9.494894781666079e-10
12,3,0,13824,1.7511688304700172e-07,0.0
12,3,1,13824,3.8325112206871065e-08,2.4565784022319587e-10
12,3,2,13824,1.849032395541724e-08,-3.883750636697153e-10
12,3,3,13824,1.1666755986838143e-08,2.627224946766472e-10
12,3,4,13824,7.177074233053979e-09,1.3212218447184347e-10
12,4,0,13824,1.7488426291356415e-07,0.0
12,4,1,13824,2.369865855926567e-08,2.859916507488132e-10
12,4,2,13824,9.713415094764816e-09,-3.067584387980805e-10
12,4,3,13824,4.999379884886046e-09,-9.181450569093507e-11
12,4,4,13824,2.9659979430440063e-09,1.1317218684364965e-10
12,5,0,13824,1.760218441278212e-07,0.0
12,5,1,13824,1.4021876694882874e-08,5.777620030891255e-10
12,5,2,13824,4.454658521975677e-09,-6.086673897090165e-10
12,5,3,13824,2.0113171640821047e-09,1.934137459327453e-11
12,5,4,13824,9.277188339861948e-10,-2.9889065419498856e-10
12,6,0,13824,1.74655730133437e-07,0.0
12,6,1,13824,8.690245849825027e-09,-2.781189153350812e-11
12,6,2,13824,2.1885465155167308e-09,-4.97987682985068e-10
12,6,3,13824,4.99636091933396e-10,2.0625258040628643e-10
12,6,4,13824,6.168136349383783e-10,-2.9384352806040317e-10
12,7,0,13824,1.7328366445553316e-07,0.0
12,7,1,13824,5.581234449825917e-09,-5.5273135257187e-10
12,7,2,13824,8.639036971165759e-10,-4.476014694367524e-10
12,7,3,13824,3.442211941009223e-10,3.6701592421156694e-10
12,7,4,13824,4.946184934317844e-10,3.176433768902589e-10
12,8,0,13824,1.7423452779918731e-07,0.0
12,8,1,13824,3.3847182965621122e-09,-7.267591992680926e-10
12,8,2,13824,7.850833182159556e-11,2.9339361668443873e-10
12,8,3,13824,-3.071245514951712e-10,6.181189077980576e-10
12,8,4,13824,7.383193491219864e-10,-1.0127239032512087e-10
13,1,0,13824,1.7769182941069778e-07,0.0
13,1,1,13824,1.029532784458136e-07,1.1615367194373315e-09
13,1,2,13824,7.620030595313701e-08,1.6045702340982363e-09
13,1,3,13824,5.963459261166766e-08,2.0329363253037303e-09
13,1,4,13824,4.637422838873599e-08,2.3939284975619982e-09
13,2,0,13824,1.7372462837010898e-07,0.0
13,2,1,13824,6.182853274124508e-08,1.0189862119689617e-10
13,2,2,13824,3.662470609230321e-08,-3.948477899274075e-11
13,2,3,13824,2.501808807778302e-08,-2.023640514783777e-10
13,2,4,13824,1.8023345655392457e-08,2.083015503076147e-10
13,3,0,13824,1.7375331142560023e-07,0.0
13,3,1,13824,3.8604528436608945e-08,1.706843474518197e-10
13,3,2,13824,1.8374420477139206e-08,6.883811095389116e-11
13,3,3,13824,1.0974772287896795e-08,-1.8347435698996774e-10
13,3,4,13824,6.587812040950794e-09,1.923150890561211e-10
13,4,0,13824,1.7542694047535727e-07,0.0
13,4,1,13824,2.403985189383262e-08,-1.3914153353662435e-10
13,4,2,13824,8.938411777418126e-09,2.9305516667277136e-10
13,4,3,13824,4.252627242771814e-09,-1.0267267230893942e-10
13,4,4,13824,2.4168617036221432e-09,2.5558498395343986e-10
13,5,0,13824,1.728351816669211e-07,0.0
13,5,1,13824,1.4786818115030873e-08,3.0363076316145617e-10
13,5,2,13824,4.486845811358883e-09,4.4739898613151665e-10
13,5,3,13824,1.7649852605928285e-09,3.8431445825935035e-10
13,5,4,13824,1.3873813506461788e-09,3.7036842459443944e-10
13,6,0,13824,1.7317287061713965e-07,0.0
13,6,1,13824,8.91283242182013e-09,3.5725828047315347e-10
13,6,2,13824,1.98809781823674e-09,-6.040250772420863e-10
13,6,3,13824,4.836310469991725e-10,-3.1711261221116875e-10
13,6,4,13824,6.275955369363477e-10,2.728424671604082e-10
13,7,0,13824,1.7557957760905096e-07,0.0
13,7,1,13824,5.5426621978992196e-09,-1.6974934779583962e-10
13,7,2,13824,4.1488276774699054e-10,-2.874188825689857e-10
13,7,3,13824,-3.281222016071794e-10,3.1689291593546906e-11
13,7,4,13824,6.792028351355136e-10,1.943362306436665e-10
13,8,0,13824,1.7528558719369837e-07,0.0
13,8,1,13824,3.383339302599258e-09,5.7603886332518775e-11
13,8,2,13824,5.331468925616365e-10,-5.209406404683153e-10
13,8,3,13824,-2.0002402351445493e-10,-3.969589637531028e-10
13,8,4,13824,-1.6626113445298067e-10,4.678790888034459e-10
14,1,0,13824,1.767250157815873e-07,0.0
14,1,1,13824,1.0267615642969985e-07,1.949139775950191e-11
14,1,2,13824,7.527116038315539e-08,4.1767357212820086e-11
14,1,3,13824,5.874412414146082e-08,4.2124876804036846e-10
14,1,4,13824,4.628525381057164e-08,2.534046157896155e-10
14,2,0,13824,1.7490876641427012e-07,0.0
14,2,1,13824,6.244270994511817e-08,-5.580730574093154e-10
14,2,2,13824,3.617836821245473e-08,-6.147513953438773e-10
14,2,3,13824,2.420856852552542e-08,-8.749949043664863e-10
14,2,4,13824,1.788811171346292e-08,-7.919066123617299e-10
14,3,0,13824,1.7365713629289454e-07,0.0
14,3,1,13824,3.9010917111833225e-08,-3.763231702459033e-10
14,3,2,13824,1.778895114638825e-08,-7.537628966991595e-10
14,3,3,13824,1.0425582321367085e-08,-1.873150767381223e-10
14,3,4,13824,6.955260865026315e-09,-2.7477542604245974e-10
14,4,0,13824,1.7478601965855854e-07,0.0
14,4,1,13824,2.4511403139493386e-08,-5.139197357363573e-10
14,4,2,13824,8.640331007153279e-09,-5.72593383778646e-10
14,4,3,13824,4.5928402114074176e-09,3.942448371717637e-11
14,4,4,13824,3.192839743171911e-09,-4.111752810076711e-10
14,5,0,13824,1.7371566096039206e-07,0.0
14,5,1,13824,1.5424997978185864e-08,-3.230472012753889e-10
14,5,2,13824,4.4062332717235006e-09,-3.459458662490231e-10
14,5,3,13824,1.7932080191145858e-09,-3.3179861961467284e-10
14,5,4,13824,1.2558482159644684e-09,2.383284830094578e-10
14,6,0,13824,1.725317981517592e-07,0.0
14,6,1,13824,8.958311088770906e-09,3.072447315295927e-10
14,6,2,13824,2.1251037106278903e-09,-3.2021654655966375e-10
14,6,3,13824,8.557838395783591e-10,-6.263985314118453e-11
14,6,4,13824,4.940194527241242e-10,4.5903141495159645e-10
14,7,0,13824,1.7383407884215328e-07,0.0
14,7,1,13824,5.368008702593381e-09,6.880291738648492e-10
14,7,2,13824,1.1444088158436357e-09,7.626079704152494e-11
14,7,3,13824,6.99207758859939e-10,-1.3160021144370598e-10
14,7,4,13824,3.9488827471504583e-10,1.4927637797546915e-10
14,8,0,13824,1.7540397968012085e-07,0.0
14,8,1,13824,2.9890634441898187e-09,5.253741898730862e-10
14,8,2,13824,8.999762329237363e-10,4.2732783942381127e-10
14,8,3,13824,-3.020293002099802e-11,-3.87012585134639e-10
14,8,4,13824,2.1761370097194118e-10,1.2178264685804007e-10
15,1,0,13824,1.7796344562278062e-07,0.0
15,1,1,13824,1.0297530624092807e-07,-1.4331409572074644e-10
15,1,2,13824,7.544479740180678e-08,-6.868725607396397e-10
15,1,3,13824,5.9273630416370645e-08,-6.834376622670019e-10
15,1,4,13824,4.699056423848997e-08,-5.745063208858609e-10
15,2,0,13824,1.7877355700114444e-07,0.0
15,2,1,13824,6.394456404750714e-08,-1.8414606481962065e-10
15,2,2,13824,3.7165620514201285e-08,-3.7141040546748423e-10
15,2,3,13824,2.4187335210617235e-08,-4.887369429318716e-11
15,2,4,13824,1.6588484583937918e-08,4.273101583598098e-12
15,3,0,13824,1.736722257202027e-07,0.0
15,3,1,13824,3.844887245314444e-08,1.3721064326055773e-11
15,3,2,13824,1.7777034272544936e-08,-2.9577933993753907e-10
15,3,3,13824,9.747438394491413e-09,-4.882693946145692e-10
15,3,4,13824,5.809300873793867e-09,-2.0582647312448737e-10
15,4,0,13824,1.7572849936730346e-07,0.0
15,4,1,13824,2.410313676587599e-08,1.4461547360185706e-10
15,4,2,13824,8.65098522434235e-09,9.816278105452566e-11
15,4,3,13824,4.3066045402935895e-09,-4.798875180636619e-11
15,4,4,13824,2.516708154233986e-09,-2.742465179651532e-11
15,5,0,13824,1.7366931206063627e-07,0.0
15,5,1,13824,1.4290343306626782e-08,3.3328006921745484e-10
15,5,2,13824,4.199699057112861e-09,3.002159419379168e-11
15,5,3,13824,1.4812731366870768e-09,2.5102291849246386e-10
15,5,4,13824,4.6177025691051455e-10,3.273721407166932e-10
15,6,0,13824,1.7410259374207253e-07,0.0
15,6,1,13824,8.886388436913662e-09,1.4055926547683365e-10
15,6,2,13824,1.9786572059377864e-09,4.6503737918603436e-10
15,6,3,13824,2.252884873298707e-10,-2.637114388573934e-10
15,6,4,13824,7.779555464864562e-10,3.437047584877565e-10
15,7,0,13824,1.7238360076241885e-07,0.0
15,7,1,13824,5.717037235515345e-09,2.355151331588859e-10
15,7,2,13824,6.113788919194695e-10,-4.219522595011368e-11
15,7,3,13824,3.0821269527387854e-10,8.020996612697436e-11
15,7,4,13824,3.6903116287140174e-10,3.3099600984896737e-10
15,8,0,13824,1.7201905087162853e-07,0.0
15,8,1,13824,3.6316217225549195e-09,3.1756581962656343e-10
15,8,2,13824,1.0879042210105362e-11,-1.5387206171121894e-10
15,8,3,13824,-5.471837323434643e-10,5.339296178872859e-10
15,8,4,13824,1.515395049239803e-10,3.65184432634882e-10
16,1,0,13824,1.7803120231147766e-07,0.0
16,1,1,13824,1.0415101421934961e-07,6.553527080660502e-10
16,1,2,13824,7.706517099354043e-08,5.874293898082978e-10
16,1,3,13824,6.0934982329092e-08,7.026129140350114e-10
16,1,4,13824,4.8373978616841937e-08,8.532063597571515e-10
16,2,0,13824,1.7805645830417889e-07,0.0
16,2,1,13824,6.400913196256886e-08,1.0543030080865052e-11
16,2,2,13824,3.7951939266835924e-08,2.2298561725043011e-10
16,2,3,13824,2.531559585053952e-08,3.639530283049465e-10
16,2,4,13824,1.7745494793325288e-08,1.1930641443272174e-09
16,3,0,13824,1.7671004669612067e-07,0.0
16,3,1,13824,3.912551188869663e-08,4.25528785690271e-10
16,3,2,13824,1.8511823752321307e-08,3.696312599163013e-10
16,3,3,13824,1.0523572901363367e-08,3.1181706525005605e-10
16,3,4,13824,6.8431198525682575e-09,3.5069987993862663e-10
16,4,0,13824,1.7485209096698853e-07,0.0
16,4,1,13824,2.3836943272610022e-08,-2.886695102262635e-10
16,4,2,13824,9.161735528634986e-09,-2.4505702880254215e-10
16,4,3,13824,5.0742118541408796e-09,9.861506176960882e-11
16,4,4,13824,2.0765104975276168e-09,-2.8503956347791437e-10
16,5,0,13824,1.7264291774845513e-07,0.0
16,5,1,13824,1.440857322804391e-08,-5.592605070335952e-10
16,5,2,13824,4.756090846254072e-09,-1.0394191764241792e-11
16,5,3,13824,2.584681784744792e-09,6.355742478808931e-11
16,5,4,13824,5.104209730671854e-10,-2.1653167691194425e-10
16,6,0,13824,1.7155929601353654e-07,0.0
16,6,1,13824,9.22367730454774e-09,-1.868067081285593e-10
16,6,2,13824,2.2078070778187478e-09,4.515408049816356e-10
16,6,3,13824,4.6362924628187174e-10,8.418527713205924e-12
16,6,4,13824,4.899611023970539e-12,1.0125319593000928e-11
16,7,0,13824,1.7274732099450067e-07,0.0
16,7,1,13824,6.128699261095731e-09,-4.414484496106941e-10
16,7,2,13824,1.24682585175954e-09,2.832648588527191e-10
16,7,3,13824,4.030229873142775e-10,-1.7264155135843062e-11
16,7,4,13824,6.533778034023805e-10,-1.5299751421367943e-10
16,8,0,13824,1.7487680471209236e-07,0.0
16,8,1,13824,4.257647993206962e-09,2.270876637757168e-10
16,8,2,13824,5.981064396717286e-10,-1.1163801898240162e-10
16,8,3,13824,2.897843807422278e-10,-5.50319373665789e-12
16,8,4,13824,-3.1221209137029945e-10,-6.562547121548043e-10
17,1,0,13824,1.7845102836543885e-07,0.0
17,1,1,13824,1.0363025944274896e-07,-6.807707502107501e-10
17,1,2,13824,7.58526137607092e-08,-1.0597649176499229e-09
17,1,3,13824,5.984469824400597e-08,-1.4238587121963055e-09
17,1,4,13824,4.797297433182912e-08,-1.856478862212253e-09
17,2,0,13824,1.782129068682399e-07,0.0
17,2,1,13824,6.415150277082972e-08,-2.95277480429382e-10
17,2,2,13824,3.7445697724452916e-08,-6.090932929970464e-10
17,2,3,13824,2.642222753121105e-08,-5.679240521369474e-10
17,2,4,13824,1.9207767947607946e-08,-7.600715329934042e-10
17,3,0,13824,1.7563432239480452e-07,0.0
17,3,1,13824,3.858190294983154e-08,2.525749186811776e-10
17,3,2,13824,1.777998245027716e-08,7.71319921686914e-11
17,3,3,13824,1.0581154900816125e-08,1.2009626830814344e-10
17,3,4,13824,6.694221789981445e-09,1.1280550975085983e-10
17,4,0,13824,1.7232780274572672e-07,0.0
17,4,1,13824,2.35493624786952e-08,-2.290777435756109e-10
17,4,2,13824,8.777495003353543e-09,-3.235614516357905e-10
17,4,3,13824,4.09850482804098e-09,1.3867371118079232e-10
17,4,4,13824,1.9805239101901514e-09,-1.8768306530290917e-10
17,5,0,13824,1.748672759067709e-07,0.0
17,5,1,13824,1.5023947612387763e-08,3.039243499723998e-10
17,5,2,13824,4.329410463176343e-09,-1.4799556465716368e-11
17,5,3,13824,1.5085316379692423e-09,-4.2827458839946433e-10
17,5,4,13824,6.453664669173491e-10,-6.401360007833475e-10
17,6,0,13824,1.7411088938488419e-07,0.0
17,6,1,13824,9.283385400126557e-09,2.8005054423269183e-10
17,6,2,13824,2.1660721982320466e-09,-6.633232042150866e-10
17,6,3,13824,5.994629425833018e-10,-2.7733079762350204e-10
17,6,4,13824,-8.298682585708163e-11,-2.3601659627531983e-10
17,7,0,13824,1.775262754947231e-07,0.0
17,7,1,13824,6.237499410683023e-09,-1.519432856419546e-11
17,7,2,13824,8.994522599595699e-10,-8.219149477914302e-10
17,7,3,13824,-1.3111513622177213e-10,-3.798733380246598e-11
17,7,4,13824,-4.6306694619632927e-10,-1.874419618161831e-10
17,8,0,13824,1.748887576906794e-07,0.0
17,8,1,13824,3.892142045652391e-09,2.3539064906319986e-10
17,8,2,13824,2.4674384809066206e-10,-4.579101872570001e-10
17,8,3,13824,6.222753478577008e-11,-4.529142032111153e-11
17,8,4,13824,-4.970249492510697e-10,-1.999201599178662e-10
18,1,0,13824,1.7690191171901834e-07,0.0
18,1,1,13824,1.0234058297711022e-07,-1.8882012064808876e-10
18,1,2,13824,7.493406135964991e-08,-1.307022931057774e-10
18,1,3,13824,5.826750792764308e-08,-7.947419148997345e-11
18,1,4,13824,4.625058666769721e-08,-3.434251726518145e-11
18,2,0,13824,1.7512143822812492e-07,0.0
18,2,1,13824,6.263844517775257e-08,-6.34737663324448e-10
18,2,2,13824,3.671156815692411e-08,-5.418346663321079e-10
18,2,3,13824,2.440439578372802e-08,-1.1162505151724645e-09
18,2,4,13824,1.7431887037991817e-08,-1.1110634533195165e-09
18,3,0,13824,1.755147162206937e-07,0.0
18,3,1,13824,3.848468943672284e-08,-2.384539879146308e-10
18,3,2,13824,1.7982648939902877e-08,-3.4577499242025127e-11
18,3,3,13824,1.1114859330008842e-08,-1.0047611627984724e-10
18,3,4,13824,7.076777896250138e-09,-1.5403641699445188e-10
18,4,0,13824,1.732082480013315e-07,0.0
18,4,1,13824,2.4310851813780506e-08,-2.3774305324381094e-10
18,4,2,13824,9.868335082577542e-09,-1.8183471615678305e-10
18,4,3,13824,5.199435566283589e-09,1.7195970137010219e-10
18,4,4,13824,2.5183684372551723e-09,-1.7022942047256667e-10
18,5,0,13824,1.738236842575236e-07,0.0
18,5,1,13824,1.4818709785327484e-08,-5.271047364554647e-10
18,5,2,13824,4.314059299853201e-09,-8.659658422207908e-11
18,5,3,13824,1.7102165429345111e-09,1.159881658621353e-10
18,5,4,13824,9.260745020468798e-10,3.681226876693123e-11
18,6,0,13824,1.7538291920073154e-07,0.0
18,6,1,13824,9.632229333592875e-09,-2.768052705282167e-10
18,6,2,13824,2.5533196027422786e-09,-5.939825353732333e-10
18,6,3,13824,8.917720160596461e-10,-2.9854494374750203e-10
18,6,4,13824,3.0027745122611647e-10,6.217985592597112e-10
18,7,0,13824,1.7521304275867165e-07,0.0
18,7,1,13824,5.806850151512121e-09,5.912602084746334e-10
18,7,2,13824,9.254502919912844e-10,-4.729701009789504e-10
18,7,3,13824,-5.7710775259419584e-11,-4.810913572256398e-10
18,7,4,13824,3.149995356475747e-10,-6.556271569887328e-12
18,8,0,13824,1.7393492082597206e-07,0.0
18,8,1,13824,3.6819395428402775e-09,7.42666879686544e-10
18,8,2,13824,6.441837509626612e-10,-3.1978076911202924e-10
18,8,3,13824,2.615385229448957e-10,-1.0916464973119004e-10
18,8,4,13824,-4.969962450083206e-10,-3.897576832546028e-10
19,1,0,13824,1.7783658377102897e-07,0.0
19,1,1,13824,1.0227682492324288e-07,-2.884027860235594e-10
19,1,2,13824,7.388733135621547e-08,-2.749986187273965e-10
19,1,3,13824,5.7258334589677964e-08,-4.1252659583936695e-10
19,1,4,13824,4.473303414159865e-08,-2.147247124738576e-10
19,2,0,13824,1.7436419854357163e-07,0.0
19,2,1,13824,6.193588523092267e-08,5.023375302869319e-10
19,2,2,13824,3.640319461607908e-08,5.963361758534646e-10
19,2,3,13824,2.4473969251123714e-08,6.784169005422849e-10
19,2,4,13824,1.709374586912348e-08,1.2464748113953617e-09
19,3,0,13824,1.7346231303186654e-07,0.0
19,3,1,13824,3.702727025645329e-08,-9.306635420129877e-11
19,3,2,13824,1.7467779321646855e-08,4.800645961535591e-10
19,3,3,13824,1.0196007856773076e-08,1.293106620120997e-10
19,3,4,13824,5.928497741101615e-09,6.275451393550803e-10
19,4,0,13824,1.73625883092701e-07,0.0
19,4,1,13824,2.259330689215172e-08,1.168225569663603e-11
19,4,2,13824,8.522553780567812e-09,2.5533494456517565e-10
19,4,3,13824,4.18298895838104e-09,-1.741174357690311e-10
19,4,4,13824,2.489242702096485e-09,1.3675080170255917e-10
19,5,0,13824,1.735756570996649e-07,0.0
19,5,1,13824,1.3818887327508512e-08,-2.8242068420453726e-10
19,5,2,13824,3.7419454129899365e-09,-2.471315285043904e-10
19,5,3,13824,1.6203029652399741e-09,5.029768043488539e-10
19,5,4,13824,7.9722118994971e-10,5.396807524984243e-10
19,6,0,13824,1.740232531993512e-07,0.0
19,6,1,13824,8.092042377550618e-09,-3.7904515201589913e-10
19,6,2,13824,1.3469770578271537e-09,6.65690369086855e-11
19,6,3,13824,8.387108949449699e-10,4.639776003121245e-10
19,6,4,13824,6.557239801088417e-10,5.67299794338381e-10
19,7,0,13824,1.7380185054716803e-07,0.0
19,7,1,13824,4.810375696009524e-09,-1.9979066604950952e-10
19,7,2,13824,7.866375147195477e-10,2.6468112165257564e-10
19,7,3,13824,5.591294265927268e-10,2.7796638971008914e-10
19,7,4,13824,1.2813577100415175e-10,3.6570863535538997e-10
19,8,0,13824,1.7393947785708666e-07,0.0
19,8,1,13824,3.300878641443974e-09,-3.531912622226843e-10
19,8,2,13824,4.138405780453424e-10,-5.606527198521973e-10
19,8,3,13824,-3.700091177082252e-10,1.0562502148861991e-10
19,8,4,13824,4.556022103046664e-10,1.7014147331385402e-10
20,1,0,13824,1.7893520991118029e-07,0.0
20,1,1,13824,1.0392930930281382e-07,5.247069843538036e-10
20,1,2,13824,7.658895497163745e-08,6.000420826470695e-10
20,1,3,13824,5.973896719465001e-08,7.750450097809378e-10
20,1,4,13824,4.697774250603504e-08,1.0940278156748535e-09
20,2,0,13824,1.7554347578607913e-07,0.0
20,2,1,13824,6.228124959182825e-08,2.531824536943369e-10
20,2,2,13824,3.5944039352075706e-08,5.629679568135653e-10
20,2,3,13824,2.3404339890815436e-08,2.797379776357522e-10
20,2,4,13824,1.6161070523204675e-08,2.536968315358242e-10
20,3,0,13824,1.7342028541519573e-07,0.0
20,3,1,13824,3.795893309509816e-08,8.289486089530176e-11
20,3,2,13824,1.7650412869132975e-08,2.3562475735994334e-10
20,3,3,13824,1.0262347586845282e-08,-3.206718889002886e-11
20,3,4,13824,6.085603304684661e-09,2.4674629567294843e-10
20,4,0,13824,1.766073184810828e-07,0.0
20,4,1,13824,2.3487919006531546e-08,-6.48161977159411e-10
20,4,2,13824,8.778729751337713e-09,-3.662007875676478e-10
20,4,3,13824,4.2576202724666255e-09,1.9957854621968335e-10
20,4,4,13824,2.9862768460613733e-09,-5.697823506928042e-11
20,5,0,13824,1.7337591896644063e-07,0.0
20,5,1,13824,1.4207388249538934e-08,-1.366014280249559e-10
20,5,2,13824,4.692177620758516e-09,1.9253387179534e-11
20,5,3,13824,1.9677444468516247e-09,5.707290366357504e-10
20,5,4,13824,1.174514457554358e-09,6.140361509620236e-10
20,6,0,13824,1.7483914677296168e-07,0.0
20,6,1,13824,8.90098042080753e-09,1.4215559440630975e-10
20,6,2,13824,2.2665868489330734e-09,-4.850234971147199e-10
20,6,3,13824,7.708367223784656e-10,-3.8589703433669794e-10
20,6,4,13824,1.751040094701824e-10,5.893834327699947e-11
20,7,0,13824,1.7206272759501935e-07,0.0
20,7,1,13824,5.353865718023039e-09,3.4042182689467706e-11
20,7,2,13824,1.5035791390660459e-09,1.9009335669077015e-11
20,7,3,13824,1.4193733870109927e-10,6.405212073584741e-10
20,7,4,13824,-3.8671253386895534e-11,7.438635770677594e-11
20,8,0,13824,1.7159810598104593e-07,0.0
20,8,1,13824,3.541195545516392e-09,1.7080449368910023e-10
20,8,2,13824,2.146319233116976e-10,-5.625434771137239e-10
20,8,3,13824,-1.3951546184337726e-10,-1.2471457763890347e-10
20,8,4,13824,-2.3838007189503595e-10,-2.9792159778012996e-10
21,1,0,13824,1.7592323491331972e-07,0.0
21,1,1,13824,1.0178582448276089e-07,1.5866410646556222e-10
21,1,2,13824,7.406591823448368e-08,5.250969211225207e-10
21,1,3,13824,5.7621655914394206e-08,9.785674017943624e-10
21,1,4,13824,4.490546140960474e-08,1.2696324277532612e-09
21,2,0,13824,1.7454860667063978e-07,0.0
21,2,1,13824,6.213161452121326e-08,6.22368489240307e-10
21,2,2,13824,3.67325449476126e-08,6.049307480498967e-10
21,2,3,13824,2.447406177991127e-08,7.577894214881804e-10
21,2,4,13824,1.7511475646828567e-08,7.523032168435438e-10
21,3,0,13824,1.7576188290071234e-07,0.0
21,3,1,13824,3.877910963025086e-08,2.102381266825985e-10
21,3,2,13824,1.812577116074295e-08,5.93298696181363e-10
21,3,3,13824,1.1030250749569608e-08,7.641985983164075e-10
21,3,4,13824,6.54966304598118e-09,3.6765845392153783e-10
21,4,0,13824,1.7292898619413455e-07,0.0
21,4,1,13824,2.337956554071067e-08,5.663387322171832e-11
21,4,2,13824,9.250503026257439e-09,6.279475954929678e-11
21,4,3,13824,4.9637707531310825e-09,3.9928373852817133e-10
21,4,4,13824,2.729935817624127e-09,-1.167963207542696e-10
21,5,0,13824,1.7337376811607833e-07,0.0
21,5,1,13824,1.4539596931895756e-08,3.911818629835648e-10
21,5,2,13824,4.455888328884128e-09,8.439987606379524e-11
21,5,3,13824,1.8933091891813644e-09,-1.9119926660087337e-11
21,5,4,13824,1.0711169463193538e-09,-1.6002217208421334e-10
21,6,0,13824,1.7260955576747486e-07,0.0
21,6,1,13824,9.037352857962494e-09,-7.713093751636513e-11
21,6,2,13824,3.0035575714116106e-09,-4.679332426341604e-10
21,6,3,13824,8.252118043067019e-10,-1.4998754250661623e-10
21,6,4,13824,1.035437512086353e-09,-1.889963242003891e-11
21,7,0,13824,1.7266013740971858e-07,0.0
21,7,1,13824,5.975957813703992e-09,3.7397575862410465e-10
21,7,2,13824,1.3036471928457654e-09,-6.218343842776223e-10
21,7,3,13824,1.4838585738012713e-10,-8.505945960052839e-11
21,7,4,13824,4.4883519717969936e-10,9.30419858028619e-11
21,8,0,13824,1.7288835697061611e-07,0.0
21,8,1,13824,3.8823184312698345e-09,2.836747726145034e-10
21,8,2,13824,2.3418249037877344e-10,-5.268589235976737e-10
21,8,3,13824,-1.012161048458655e-10,3.774339962379899e-10
21,8,4,13824,1.4247954199528653e-10,1.4096732558483952e-10
22,1,0,13824,1.788744204607235e-07,0.0
22,1,1,13824,1.036293491138748e-07,5.786997080901121e-10
22,1,2,13824,7.574342084642625e-08,1.29209329578344e-09
22,1,3,13824,5.96972769520614e-08,1.7583424609639369e-09
22,1,4,13824,4.740372589025643e-08,1.7466554597512741e-09
22,2,0,13824,1.7638423358134169e-07,0.0
22,2,1,13824,6.303209994297103e-08,-2.3307977664485735e-10
22,2,2,13824,3.709870540481673e-08,2.1695048548810682e-10
22,2,3,13824,2.6345332134056813e-08,4.714361877215576e-10
22,2,4,13824,1.8894151694633134e-08,2.7317095774482987e-10
22,3,0,13824,1.769637361294487e-07,0.0
22,3,1,13824,3.938627756471884e-08,1.2738725551117281e-10
22,3,2,13824,1.859241297937886e-08,4.143064448446209e-10
22,3,3,13824,1.0779141066814151e-08,1.2984035370656615e-10
22,3,4,13824,7.577570860136996e-09,3.31513496401103e-10
22,4,0,13824,1.7676315879074742e-07,0.0
22,4,1,13824,2.3941368209700626e-08,-7.19297523799323e-10
22,4,2,13824,9.37776635257199e-09,-2.3038801844501255e-12
22,4,3,13824,5.351273256307052e-09,-1.762802310732251e-10
22,4,4,13824,3.0947424886240518e-09,2.0929783639987607e-10
22,5,0,13824,1.7658390155549779e-07,0.0
22,5,1,13824,1.514246445500084e-08,-5.266688816034345e-10
22,5,2,13824,4.837762616121783e-09,-1.7797644081352766e-10
22,5,3,13824,2.5173225026143566e-09,2.2977019801018486e-10
22,5,4,13824,1.6291830128036806e-09,2.764291866857807e-10
22,6,0,13824,1.74705067093976e-07,0.0
22,6,1,13824,9.273050788899315e-09,-4.623416709223055e-10
22,6,2,13824,2.2271994174770535e-09,2.7882259246383566e-10
22,6,3,13824,1.1716859060126628e-09,3.880187954115838e-10
22,6,4,13824,2.9095942474825355e-10,-3.8236788669757374e-10
22,7,0,13824,1.7210576105666714e-07,0.0
22,7,1,13824,5.525014050012435e-09,-1.4996071576045187e-10
22,7,2,13824,1.0148619947446415e-09,-2.495160853573867e-10
22,7,3,13824,9.352754771553968e-10,-4.252043206816445e-10
22,7,4,13824,1.5307867436865649e-10,3.5171400662626413e-11
22,8,0,13824,1.7298040014283165e-07,0.0
22,8,1,13824,3.204466722123645e-09,-1.4426266062601412e-10
22,8,2,13824,4.4871451992526017e-10,-4.3031277120643975e-11
22,8,3,13824,5.092849819062925e-10,-2.0555144575429034e-10
22,8,4,13824,2.9391961871911363e-10,2.199633576262157e-10
23,1,0,13824,1.7596069027005008e-07,0.0
23,1,1,13824,1.0227735599289025e-07,-7.264061857329935e-10
23,1,2,13824,7.58414860642156e-08,-7.832688748511946e-10
23,1,3,13824,5.99605654228789e-08,-8.377631405725086e-10
23,1,4,13824,4.795466187532234e-08,-1.249534774632368e-09
23,2,0,13824,1.7600799329199168e-07,0.0
23,2,1,13824,6.277230109116209e-08,-3.975574116731853e-10
23,2,2,13824,3.765510513048796e-08,-6.214699655054184e-11
23,2,3,13824,2.7381845702290217e-08,1.2904780308126836e-10
23,2,4,13824,1.985189969996331e-08,2.389498245003274e-10
23,3,0,13824,1.7392318283360415e-07,0.0
23,3,1,13824,3.810128018977994e-08,-1.6671126573849325e-11
23,3,2,13824,1.7903197492268336e-08,-4.54819696054223e-10
23,3,3,13824,1.1876634580027495e-08,4.160420143815388e-10
23,3,4,13824,8.32172096343123e-09,2.4672300879086723e-11
23,4,0,13824,1.7231299455454413e-07,0.0
23,4,1,13824,2.30440894126522e-08,-2.052340612701636e-10
23,4,2,13824,8.194206073234746e-09,-4.844484020524164e-10
23,4,3,13824,4.85276136686978e-09,-2.0388422058816967e-10
23,4,4,13824,2.3385770209937235e-09,-3.3978667994628617e-10
23,5,0,13824,1.7489223300401772e-07,0.0
23,5,1,13824,1.4443757604039635e-08,2.4605323377788767e-10
23,5,2,13824,4.528893872124707e-09,3.0253701619879756e-10
23,5,3,13824,1.8915890752734326e-09,-3.199515924653394e-10
23,5,4,13824,9.104805011999673e-10,-5.618146823569934e-10
23,6,0,13824,1.737826919035744e-07,0.0
23,6,1,13824,8.785095511070232e-09,3.1570316433495705e-11
23,6,2,13824,2.3241305887264436e-09,3.581989932878958e-10
23,6,3,13824,6.027189620786981e-10,-1.142874085524521e-11
23,6,4,13824,7.741081613936626e-10,1.2138917039564427e-10
23,7,0,13824,1.7496205066156693e-07,0.0
23,7,1,13824,5.357717739251023e-09,-4.801436538233256e-10
23,7,2,13824,8.691901207333478e-10,-8.67101740259025e-11
23,7,3,13824,6.714847707503909e-10,1.5395280399563374e-10
23,7,4,13824,8.007656823907655e-12,-3.8206229648714764e-11
23,8,0,13824,1.7476155508652356e-07,0.0
23,8,1,13824,3.4693254746134294e-09,1.742300972387378e-10
23,8,2,13824,8.11226438907444e-10,6.030054279600917e-11
23,8,3,13824,3.961661854191944e-10,1.2408430120009853e-10
23,8,4,13824,1.2116408360346427e-10,-2.570752776856869e-10
24,1,0,13824,1.7667279416424139e-07,0.0
24,1,1,13824,1.0250159961915349e-07,1.3622665270344575e-10
24,1,2,13824,7.506029965401734e-08,6.444084739008219e-11
24,1,3,13824,5.8468799917051216e-08,-3.1873280394953566e-10
24,1,4,13824,4.5772101841813964e-08,-5.640261176943647e-10
24,2,0,13824,1.7379282745429718e-07,0.0
24,2,1,13824,6.248510983727785e-08,-2.3247320476862725e-10
24,2,2,13824,3.671655832088304e-08,-6.565965328551494e-10
24,2,3,13824,2.5695723573733358e-08,-1.0809708552739955e-09
24,2,4,13824,1.8090509006091664e-08,-1.5672237892966837e-09
24,3,0,13824,1.7396228122208634e-07,0.0
24,3,1,13824,3.8309466543101557e-08,2.9306685956346673e-10
24,3,2,13824,1.8155123565807572e-08,-3.126707893683686e-10
24,3,3,13824,1.045503088275001e-08,-2.450443652966997e-10
24,3,4,13824,6.333923711757339e-09,-8.250020555511502e-10
24,4,0,13824,1.7543838020909838e-07,0.0
24,4,1,13824,2.4036458887962113e-08,-6.30706125192447e-10
24,4,2,13824,8.274172959797102e-09,-1.6181585359936338e-10
24,4,3,13824,4.407150605422234e-09,6.040620933069982e-10
24,4,4,13824,1.8132698642237927e-09,-5.415841978675896e-10
24,5,0,13824,1.7455424477917134e-07,0.0
24,5,1,13824,1.5483246913651032e-08,-1.255972941719302e-10
24,5,2,13824,4.1246880024052406e-09,-4.399241493739245e-10
24,5,3,13824,1.7735219798947514e-09,5.338496519433594e-10
24,5,4,13824,6.421934404452728e-10,-1.4548815865540013e-10
24,6,0,13824,1.7420648629137868e-07,0.0
24,6,1,13824,9.454649285255831e-09,-3.477660539005837e-10
24,6,2,13824,1.8332206976803873e-09,-3.272028103841316e-10
24,6,3,13824,1.1665582262772564e-09,-9.541899057532556e-11
24,6,4,13824,3.4816108178965956e-10,-5.202773273137636e-10
24,7,0,13824,1.7490185738658928e-07,0.0
24,7,1,13824,5.794612474592312e-09,-5.017841993153804e-10
24,7,2,13824,9.687831843367472e-10,-3.4221988983990494e-10
24,7,3,13824,5.17015590670356e-10,-2.586976444417859e-10
24,7,4,13824,2.383545490781727e-10,-4.159827871189246e-10
24,8,0,13824,1.7420577778725757e-07,0.0
24,8,1,13824,3.099051241356878e-09,-2.4136876550048226e-10
24,8,2,13824,5.388594578139499e-10,-6.613645468307078e-11
24,8,3,13824,3.8468837268067887e-10,-3.295811219014738e-10
24,8,4,13824,-3.88364106600349e-10,-3.5539940942381767e-10
25,1,0,13824,1.7755980444794992e-07,0.0
25,1,1,13824,1.040014617713462e-07,-2.1468880890763933e-10
25,1,2,13824,7.744658652398038e-08,-2.2061092443166086e-10
25,1,3,13824,6.127712586553459e-08,-4.916455277506538e-10
25,1,4,13824,4.866782986019509e-08,-4.3112234463832837e-10
25,2,0,13824,1.7460355620415402e-07,0.0
25,2,1,13824,6.239506913390667e-08,-3.9909798112910623e-10
25,2,2,13824,3.6606822386079207e-08,-6.968828669379719e-10
25,2,3,13824,2.4493210078127027e-08,-3.028094668567226e-10
25,2,4,13824,1.746840702100505e-08,-4.052865363646407e-10
25,3,0,13824,1.746744739160609e-07,0.0
25,3,1,13824,3.877408868369082e-08,-4.554029704476163e-10
25,3,2,13824,1.8540063757327132e-08,-1.6639208949798666e-10
25,3,3,13824,1.1047840958757666e-08,1.5046539867421712e-10
25,3,4,13824,6.931225545981682e-09,3.7348769853215607e-10
25,4,0,13824,1.7486354146750112e-07,0.0
25,4,1,13824,2.3992189380637067e-08,-3.641760962041664e-10
25,4,2,13824,8.723719937336298e-09,-5.711844810224746e-10
25,4,3,13824,4.561651296378961e-09,4.379034523099049e-10
25,4,4,13824,2.882523977167156e-09,-2.98671512901909e-10
25,5,0,13824,1.7345902076104228e-07,0.0
25,5,1,13824,1.4619097283642475e-08,-5.869075461831367e-10
25,5,2,13824,3.99697628490327e-09,-1.1310821298112706e-09
25,5,3,13824,1.8304776918121245e-09,1.113452722912209e-10
25,5,4,13824,1.0897269963954536e-09,-1.4387229368153175e-10
25,6,0,13824,1.7523442182151598e-07,0.0
25,6,1,13824,8.951401077708117e-09,2.135498390954049e-10
25,6,2,13824,2.0765756060587507e-09,-9.60197997157233e-10
25,6,3,13824,1.0497517060805498e-09,-2.0302024184170936e-10
25,6,4,13824,1.419538338662505e-10,2.1623881469373704e-10
25,7,0,13824,1.7394505523087114e-07,0.0
25,7,1,13824,5.797304065665509e-09,3.089415026542292e-11
25,7,2,13824,1.0887230621681036e-09,-7.2386221942457e-10
25,7,3,13824,6.735670534405722e-10,1.6976753629366804e-11
25,7,4,13824,-3.0431685460482753e-10,-1.6984657109955525e-10
25,8,0,13824,1.724852068995602e-07,0.0
25,8,1,13824,3.61088685424102e-09,4.988640561116388e-10
25,8,2,13824,7.052311027240176e-10,-2.0731335216712114e-10
25,8,3,13824,4.38157670477468e-10,3.842997371467498e-10
25,8,4,13824,2.690137957485961e-10,3.7108881055987873e-10
26,1,0,13824,1.7708240279256537e-07,0.0
26,1,1,13824,1.0357743639527512e-07,-4.1037592842837467e-10
26,1,2,13824,7.63770134650458e-08,-8.469381219799848e-10
26,1,3,13824,5.99493305323375e-08,-1.1380688813463712e-09
26,1,4,13824,4.7247393979778874e-08,-1.1720158918617736e-09
26,2,0,13824,1.7653275769935077e-07,0.0
26,2,1,13824,6.300941215303972e-08,-1.00177235129309e-10
26,2,2,13824,3.6209631068510324e-08,-5.199085909582757e-10
26,2,3,13824,2.4530895574330703e-08,-2.727147609328447e-10
26,2,4,13824,1.7496539592611924e-08,-3.865416847406263e-10
26,3,0,13824,1.7485512655635537e-07,0.0
26,3,1,13824,3.8252050411552094e-08,3.1407026812435746e-10
26,3,2,13824,1.8100666076572695e-08,-5.274864224329546e-10
26,3,3,13824,1.1099805071312042e-08,-8.00755989898449e-10
26,3,4,13824,6.704341134800175e-09,-6.195217568733128e-10
26,4,0,13824,1.7532720408906482e-07,0.0
26,4,1,13824,2.3495669307018998e-08,-1.95540203443401e-10
26,4,2,13824,8.949275620492642e-09,8.063829763881882e-12
26,4,3,13824,4.47910138405117e-09,1.2447083616535798e-10
26,4,4,13824,2.3766518492523613e-09,-1.7469435994968842e-10
26,5,0,13824,1.762377425797269e-07,0.0
26,5,1,13824,1.4860604983176132e-08,-4.488186692571732e-10
26,5,2,13824,5.152134528611587e-09,-3.793436348843703e-11
26,5,3,13824,1.8335583991802083e-09,-3.5632198040044387e-10
26,5,4,13824,9.234458382685111e-10,3.9383185120903877e-10
26,6,0,13824,1.7501678768689934e-07,0.0
26,6,1,13824,9.226954962101596e-09,2.745414656325562e-10
26,6,2,13824,2.0938833180717503e-09,-1.386057076068562e-10
26,6,3,13824,6.918427911679361e-10,-1.076341093494476e-10
26,6,4,13824,1.9971827601953472e-10,1.449386496903637e-10
26,7,0,13824,1.736407080748094e-07,0.0
26,7,1,13824,5.901827933825154e-09,-3.5157774937860744e-11
26,7,2,13824,1.78668579083007e-09,-3.7340710079843527e-10
26,7,3,13824,-1.9080967459250522e-10,5.100747907903859e-11
26,7,4,13824,-1.725975590662725e-10,-4.1038891048388e-10
26,8,0,13824,1.7463968559131405e-07,0.0
26,8,1,13824,4.012459489097604e-09,9.974609870636374e-11
26,8,2,13824,1.240683129740839e-09,-4.8630575201755426e-11
26,8,3,13824,-2.229820323494392e-10,-4.04187025727844e-11
26,8,4,13824,-4.903957101484228e-10,-1.3867600452230337e-10
27,1,0,13824,1.773421518613619e-07,0.0
27,1,1,13824,1.0333978439743699e-07,1.011206090936417e-10
27,1,2,13824,7.588985876872164e-08,3.871653728814866e-10
27,1,3,13824,5.90754290960697e-08,5.187455781247253e-10
27,1,4,13824,4.636539046923764e-08,6.340913468573484e-10
27,2,0,13824,1.771337519403343e-07,0.0
27,2,1,13824,6.355793900315597e-08,1.7882977580566104e-10
27,2,2,13824,3.7249826529601696e-08,6.642432135081316e-10
27,2,3,13824,2.498069468245122e-08,6.138228183282788e-10
27,2,4,13824,1.764223128919333e-08,2.442739804020575e-10
27,3,0,13824,1.7438005400655848e-07,0.0
27,3,1,13824,3.8207264563587166e-08,2.44061170224799e-11
27,3,2,13824,1.7343900074616003e-08,3.6940915672908896e-10
27,3,3,13824,1.0443437550439252e-08,5.402113844843442e-11
27,3,4,13824,7.076403289817307e-09,-5.370290825127415e-10
27,4,0,13824,1.733542940001221e-07,0.0
27,4,1,13824,2.3517284891243702e-08,-2.0175683387415704e-10
27,4,2,13824,9.093827617771742e-09,2.1923832256269903e-10
27,4,3,13824,4.6284257970236365e-09,-1.244980229342726e-10
27,4,4,13824,2.3083883635526397e-09,1.5919190660979473e-10
27,5,0,13824,1.7301883427469588e-07,0.0
27,5,1,13824,1.4753426278339323e-08,1.9807612714294696e-10
27,5,2,13824,4.241851992992903e-09,1.6934898374162194e-10
27,5,3,13824,1.7080803978147752e-09,-2.0350392452585757e-10
27,5,4,13824,1.0995591536810346e-09,2.6765555389036795e-10
27,6,0,13824,1.7440043808842256e-07,0.0
27,6,1,13824,9.579057830890393e-09,-3.7586405046364867e-10
27,6,2,13824,2.0553597670581597e-09,2.6485092135898654e-10
27,6,3,13824,1.243503901561315e-09,-2.0587887134573003e-10
27,6,4,13824,6.786656448863866e-10,1.1632205320564504e-10
27,7,0,13824,1.7461303183611367e-07,0.0
27,7,1,13824,5.949492547157656e-09,-1.682753860582564e-10
27,7,2,13824,1.601066046281747e-09,-4.31919825448703e-10
27,7,3,13824,8.389127454459137e-10,1.9636456434155531e-10
27,7,4,13824,3.9782624119829934e-10,-2.0638079337131528e-10
27,8,0,13824,1.7411785405763665e-07,0.0
27,8,1,13824,3.5016707907143056e-09,1.9467198505673965e-12
27,8,2,13824,6.807898921079436e-10,6.617011720621371e-11
27,8,3,13824,4.335811876053258e-10,-5.019463016670299e-11
27,8,4,13824,4.481450532621372e-10,-3.0849013581761987e-10
28,1,0,13824,1.7780723014247675e-07,0.0
28,1,1,13824,1.0340806930430554e-07,-7.249870208314017e-10
28,1,2,13824,7.574639843278215e-08,-1.6690791256134646e-09
28,1,3,13824,5.931185911720743e-08,-2.2221411599455977e-09
28,1,4,13824,4.631926930989898e-08,-2.2091210494615346e-09
28,2,0,13824,1.7515305829397377e-07,0.0
28,2,1,13824,6.268320765884245e-08,-4.507875986918751e-10
28,2,2,13824,3.655384969154828e-08,-1.2074363702186545e-10
28,2,3,13824,2.4339167008672708e-08,-1.8535523920920526e-10
28,2,4,13824,1.6468451395120694e-08,-5.610433327356355e-10
28,3,0,13824,1.7581862152552555e-07,0.0
28,3,1,13824,3.8633656627317064e-08,-5.771487373665634e-10
28,3,2,13824,1.8303622566970835e-08,-4.008758027233628e-10
28,3,3,13824,1.0900483761461507e-08,1.5566389496168183e-10
28,3,4,13824,6.832653829155753e-09,1.90172012981428e-10
28,4,0,13824,1.75566120545252e-07,0.0
28,4,1,13824,2.3738128053937908e-08,-9.597729142299085e-11
28,4,2,13824,9.06109743048136e-09,-6.96757254458243e-10
28,4,3,13824,4.542486560137574e-09,1.0559303110953314e-10
28,4,4,13824,2.8269726064448663e-09,2.9950054380075623e-10
28,5,0,13824,1.7499247869451172e-07,0.0
28,5,1,13824,1.4596594900912233e-08,4.1212918487622363e-10
28,5,2,13824,4.5695275555189016e-09,2.959851101834863e-10
28,5,3,13824,2.3512948489320453e-09,-5.045442965939935e-10
28,5,4,13824,1.184880460219166e-09,3.27737434686897e-10
28,6,0,13824,1.7609842447723832e-07,0.0
28,6,1,13824,9.245601318163666e-09,2.9650886899810744e-10
28,6,2,13824,3.3064683513058253e-09,6.400984700205317e-10
28,6,3,13824,9.955090702384563e-10,9.662990556964109e-11
28,6,4,13824,1.1095853357123888e-10,8.313849990005376e-10
28,7,0,13824,1.7562885450718082e-07,0.0
28,7,1,13824,6.386882435884877e-09,-8.662332191138297e-12
28,7,2,13824,1.9053977631102616e-09,6.324603191414723e-11
28,7,3,13824,6.992420445544508e-10,-1.1920888373351415e-10
28,7,4,13824,-3.532605613356999e-11,-2.8417439099633737e-10
28,8,0,13824,1.74653758436728e-07,0.0
28,8,1,13824,3.896028358676988e-09,-1.1385382910612332e-10
28,8,2,13824,1.0890976546679237e-09,-3.7285962618710895e-10
28,8,3,13824,2.2519673861903576e-10,-7.393161373841159e-10
28,8,4,13824,-1.6590936400983176e-10,-2.8655932039940934e-10
29,1,0,13824,1.7586574610546532e-07,0.0
29,1,1,13824,1.0262505107466358e-07,8.55741857655389e-12
29,1,2,13824,7.577001596154313e-08,-2.2996544742008287e-10
29,1,3,13824,5.989873354197703e-08,-3.2065098539083257e-10
29,1,4,13824,4.732728710832708e-08,-4.92448490372258e-10
29,2,0,13824,1.7527203663949744e-07,0.0
29,2,1,13824,6.238976700459344e-08,-7.260887225588512e-10
29,2,2,13824,3.66600103520161e-08,-8.571648412733724e-10
29,2,3,13824,2.504066559816473e-08,-4.754265868615714e-10
29,2,4,13824,1.7936903875973776e-08,-5.971636277706299e-10
29,3,0,13824,1.7566799039272325e-07,0.0
29,3,1,13824,3.847664354524452e-08,1.751652123520197e-10
29,3,2,13824,1.8480387122093504e-08,-6.631697330422445e-12
29,3,3,13824,1.1111849037189826e-08,-1.8577986129737864e-10
29,3,4,13824,7.442613560689453e-09,1.0103072286219049e-10
29,4,0,13824,1.7427045792364965e-07,0.0
29,4,1,13824,2.4125594531180605e-08,2.0589841092393532e-10
29,4,2,13824,9.241620181874445e-09,-1.626800518337812e-10
29,4,3,13824,4.8401047628996e-09,-4.836449909604958e-10
29,4,4,13824,3.0452230608173222e-09,-3.927982273699831e-10
29,5,0,13824,1.7435011687555633e-07,0.0
29,5,1,13824,1.48789512703951e-08,-1.7134945823349718e-11
29,5,2,13824,3.962024981495969e-09,-1.6605419294688313e-10
29,5,3,13824,2.1308762991629164e-09,-5.011646818641332e-10
29,5,4,13824,1.5062970177289498e-09,1.1882282648621004e-10
29,6,0,13824,1.7468148019117173e-07,0.0
29,6,1,13824,9.034185365779491e-09,-3.948591027945162e-11
29,6,2,13824,2.177643767357549e-09,-3.4872621074934417e-10
29,6,3,13824,1.113051931425954e-09,-3.229925716555528e-10
29,6,4,13824,9.208963020921941e-10,2.7753551514355997e-10
29,7,0,13824,1.7361416917438882e-07,0.0
29,7,1,13824,5.4179848203434494e-09,5.339925389510607e-10
29,7,2,13824,8.759443400958681e-10,-4.3699093037936174e-10
29,7,3,13824,1.2890917294006948e-10,-2.3236414701940755e-10
29,7,4,13824,-9.332234714776014e-11,-2.0798992310651505e-10
29,8,0,13824,1.7379784227308984e-07,0.0
29,8,1,13824,3.3348414177034027e-09,5.674306615096271e-10
29,8,2,13824,7.978446494162802e-10,-1.698271587776335e-10
29,8,3,13824,3.9218895877756776e-10,-1.4137610313870249e-10
29,8,4,13824,6.680015040547744e-11,-3.6095184693485184e-10
30,1,0,13824,1.7890586491422697e-07,0.0
30,1,1,13824,1.0405697167735532e-07,-1.9235416198890947e-10
30,1,2,13824,7.642963762127492e-08,1.0212369658523042e-10
30,1,3,13824,6.039606477698983e-08,-1.7782656278864533e-10
30,1,4,13824,4.783066293940387e-08,7.783509137085737e-11
30,2,0,13824,1.754181250929551e-07,0.0
30,2,1,13824,6.367589102875622e-08,-2.462082823572824e-10
30,2,2,13824,3.7636438733256406e-08,-4.919952587425905e-10
30,2,3,13824,2.568589371337625e-08,-1.2548439228173678e-10
30,2,4,13824,1.8246990552331634e-08,4.0527926129573297e-10
30,3,0,13824,1.735026896266599e-07,0.0
30,3,1,13824,3.88796540206193e-08,6.780467910076358e-11
30,3,2,13824,1.763317757475873e-08,1.7406944364811173e-11
30,3,3,13824,1.025499696353625e-08,3.0739227334048824e-10
30,3,4,13824,6.428579367523299e-09,-3.144824917305113e-10
30,4,0,13824,1.730575678382265e-07,0.0
30,4,1,13824,2.4141281473094792e-08,1.3982323758994494e-10
30,4,2,13824,9.8254449637281e-09,6.063684764352805e-10
30,4,3,13824,4.8475705910401056e-09,4.17529120042908e-11
30,4,4,13824,2.924814260864824e-09,-1.0809123263829127e-09
30,5,0,13824,1.7522897987679918e-07,0.0
30,5,1,13824,1.4902095392945775e-08,-3.330017002935733e-10
30,5,2,13824,5.368962662079328e-09,-4.841847087576617e-12
30,5,3,13824,2.21551807356103e-09,-1.0799071455371623e-10
30,5,4,13824,1.1445589877362363e-09,1.8980681244897478e-10
30,6,0,13824,1.740636615592711e-07,0.0
30,6,1,13824,9.155532400448692e-09,-5.299451519710956e-10
30,6,2,13824,2.1942796544655853e-09,2.853653491970779e-10
30,6,3,13824,8.926841817598414e-10,6.715626150436788e-10
30,6,4,13824,3.402794815165363e-10,1.9213600314647895e-10
30,7,0,13824,1.7218156144307327e-07,0.0
30,7,1,13824,5.864053554360757e-09,6.471957264431741e-12
30,7,2,13824,8.315071620864774e-10,9.355130677802458e-10
30,7,3,13824,1.1405237766915265e-09,4.716048941742003e-10
30,7,4,13824,1.3538299329108208e-10,1.316043531194126e-10
30,8,0,13824,1.7441034339968807e-07,0.0
30,8,1,13824,4.031051659075722e-09,7.931027771507518e-11
30,8,2,13824,5.544945326826262e-10,1.4718170379751257e-10
30,8,3,13824,4.815762277724366e-10,-2.442870687656639e-10
30,8,4,13824,-8.745520712342391e-11,5.858102482764513e-11
31,1,0,13824,1.7790445025500837e-07,0.0
31,1,1,13824,1.0287094034680602e-07,-4.0875986915606426e-10
31,1,2,13824,7.540726977074418e-08,-4.622647035425229e-10
31,1,3,13824,5.880595739732456e-08,-5.646576315461573e-10
31,1,4,13824,4.6212564997200115e-08,-4.619826181301504e-10
31,2,0,13824,1.7289554976587924e-07,0.0
31,2,1,13824,6.1412265964685e-08,-4.455036760939818e-11
31,2,2,13824,3.6588681198943375e-08,-1.262466051946969e-10
31,2,3,13824,2.486349758870575e-08,2.200102896657868e-10
31,2,4,13824,1.7512150496044103e-08,-1.0780733198356427e-10
31,3,0,13824,1.7281857906053206e-07,0.0
31,3,1,13824,3.8220750138884354e-08,1.476596531138388e-10
31,3,2,13824,1.8581185306806208e-08,-8.460151001176647e-11
31,3,3,13824,1.1424119715110666e-08,6.819041788826459e-10
31,3,4,13824,7.047912415014373e-09,3.7254908378161076e-10
31,4,0,13824,1.745876174205343e-07,0.0
31,4,1,13824,2.3052072615658453e-08,2.6871057308913672e-11
31,4,2,13824,8.887611790912233e-09,-1.989428250659511e-10
31,4,3,13824,4.9192697363822555e-09,-4.029821533883076e-10
31,4,4,13824,2.4577399621454783e-09,2.9338644617865245e-11
31,5,0,13824,1.7632655641526835e-07,0.0
31,5,1,13824,1.4523976596231043e-08,-1.6569030494165263e-10
31,5,2,13824,5.01674511211966e-09,-3.9723696168153366e-10
31,5,3,13824,2.478624984801582e-09,-8.577528911064165e-12
31,5,4,13824,8.986629564766972e-10,-3.651796589855533e-10
31,6,0,13824,1.752300626109152e-07,0.0
31,6,1,13824,8.347810541169407e-09,2.2086500705498241e-10
31,6,2,13824,2.0491736188387743e-09,-1.1817311118140366e-10
31,6,3,13824,5.131408430288897e-10,4.763490728314315e-10
31,6,4,13824,3.374549734698168e-10,-3.301070105645021e-11
31,7,0,13824,1.7585718782387528e-07,0.0
31,7,1,13824,5.353278800493955e-09,-4.7712951287420014e-11
31,7,2,13824,9.263106934530071e-10,9.486652583459513e-11
31,7,3,13824,-3.5425563977187876e-11,2.5749254154489964e-10
31,7,4,13824,4.831986763521517e-10,-2.1429935876005961e-10
31,8,0,13824,1.7581972322936032e-07,0.0
31,8,1,13824,2.9990048307223726e-09,-5.530177783960182e-11
31,8,2,13824,3.5084495454465904e-10,2.911244179613824e-10
31,8,3,13824,2.93495046245617e-10,1.8026157597396528e-10
31,8,4,13824,4.323609636364101e-10,-5.3995906382050307e-11
32,1,0,13824,1.7765356756883088e-07,0.0
32,1,1,13824,1.0306542940899238e-07,-5.790735424882198e-10
32,1,2,13824,7.52239145133535e-08,-8.362944736737461e-10
32,1,3,13824,5.8532032197154755e-08,-1.0822681590531933e-09
32,1,4,13824,4.598807861254243e-08,-1.3307606134384478e-09
32,2,0,13824,1.7605031187579025e-07,0.0
32,2,1,13824,6.268765350124257e-08,-2.94172712868419e-10
32,2,2,13824,3.617107430921041e-08,6.67972816831372e-11
32,2,3,13824,2.4643955873175426e-08,3.557344346542067e-10
32,2,4,13824,1.671073201898877e-08,7.749740665532437e-10
32,3,0,13824,1.7422336168171173e-07,0.0
32,3,1,13824,3.7902281037027256e-08,1.8536880153237678e-10
32,3,2,13824,1.7295267027352473e-08,4.6481952995786283e-10
32,3,3,13824,1.0124770300024143e-08,3.1586189116692486e-10
32,3,4,13824,6.648426871855732e-09,1.253551932251237e-10
32,4,0,13824,1.735386982915845e-07,0.0
32,4,1,13824,2.3344612038953447e-08,4.3304637387486407e-10
32,4,2,13824,7.818353613633527e-09,7.979764350892775e-10
32,4,3,13824,4.157984761475633e-09,6.844825512915205e-10
32,4,4,13824,2.257772218715639e-09,2.4861726652202146e-10
32,5,0,13824,1.7655334960240417e-07,0.0
32,5,1,13824,1.4361412098480847e-08,7.059866419145196e-11
32,5,2,13824,3.5678783487630604e-09,4.890283854839583e-10
32,5,3,13824,1.5239390567437896e-09,2.577805752057315e-10
32,5,4,13824,5.696498799431754e-10,4.346152241512739e-10
32,6,0,13824,1.7548000826418538e-07,0.0
32,6,1,13824,9.230306330782592e-09,3.687704043474431e-10
32,6,2,13824,1.8203923279961934e-09,4.913568984238003e-10
32,6,3,13824,7.724618516979204e-10,-1.7407999394517252e-10
32,6,4,13824,1.2064293779485e-10,-3.805978121869556e-10
32,7,0,13824,1.748222436428494e-07,0.0
32,7,1,13824,6.0380173352761915e-09,-8.442287843000179e-11
32,7,2,13824,4.818211816705823e-10,4.1914327831578256e-10
32,7,3,13824,1.9054726455389032e-10,1.2075748969489122e-10
32,7,4,13824,-2.698762143020829e-10,1.3395012880293529e-10
32,8,0,13824,1.7408441647798595e-07,0.0
32,8,1,13824,3.1701099680165222e-09,-2.574355136484561e-10
32,8,2,13824,3.905948007005378e-10,-2.730398553855814e-10
32,8,3,13824,-1.7385927731325518e-10,4.199324327959872e-10
32,8,4,13824,-2.5466907957854145e-10,6.243905897460483e-11
33,1,0,13824,1.7853319503266767e-07,0.0
33,1,1,13824,1.0365901871090279e-07,-2.251056402755858e-10
33,1,2,13824,7.662508882446922e-08,1.9814331163878765e-10
33,1,3,13824,6.078241209133157e-08,1.1550908304700288e-10
33,1,4,13824,4.8160165849260616e-08,2.1493097887302788e-10
33,2,0,13824,1.7615467535886996e-07,0.0
33,2,1,13824,6.225024500611007e-08,2.0618522274827054e-10
33,2,2,13824,3.669320026084138e-08,3.0590267345319136e-10
33,2,3,13824,2.4804055380350218e-08,-2.951899365558822e-10
33,2,4,13824,1.765055583051963e-08,-2.797726188221769e-10
33,3,0,13824,1.7852221343233604e-07,0.0
33,3,1,13824,3.8915424215045655e-08,-1.5676120727799593e-10
33,3,2,13824,1.8170070781449038e-08,5.230282641303906e-10
33,3,3,13824,1.1103330195305738e-08,1.1010065486050736e-10
33,3,4,13824,6.7755134297736475e-09,5.179457611532834e-10
33,4,0,13824,1.7189062457880064e-07,0.0
33,4,1,13824,2.3550732362248507e-08,3.842039160045934e-10
33,4,2,13824,9.671466013900051e-09,6.540106579465421e-10
33,4,3,13824,5.804190255981549e-09,8.743701959439551e-11
33,4,4,13824,3.077452021099651e-09,4.874634295184191e-11
33,5,0,13824,1.7175366166934746e-07,0.0
33,5,1,13824,1.4838259933287212e-08,-3.4321110586506275e-10
33,5,2,13824,4.740421046234177e-09,6.682867942465654e-10
33,5,3,13824,2.3534159566477853e-09,3.945000386304579e-10
33,5,4,13824,6.363826984718191e-10,4.748974181081776e-10
33,6,0,13824,1.7571522268474505e-07,0.0
33,6,1,13824,8.956356596975436e-09,-5.4852994813766224e-12
33,6,2,13824,3.1362254441707766e-09,3.575521100231909e-10
33,6,3,13824,1.2603421033041488e-09,2.2645809594902812e-10
33,6,4,13824,6.667070495072915e-10,1.5092166339169061e-10
33,7,0,13824,1.7538725093077837e-07,0.0
33,7,1,13824,5.471884434254006e-09,-3.07444355167602e-10
33,7,2,13824,1.4863865096558189e-09,-6.664434482021931e-10
33,7,3,13824,2.1149291568173072e-10,9.925435667622668e-11
33,7,4,13824,7.103138444640028e-11,1.7870491337941738e-10
33,8,0,13824,1.7656475193952983e-07,0.0
33,8,1,13824,3.1458100340234597e-09,7.646083392186942e-11
33,8,2,13824,2.5214472555614535e-10,-5.033254074531643e-10
33,8,3,13824,1.032020161788041e-10,1.1034959688303731e-10
33,8,4,13824,-6.054528004191642e-11,-5.176210932250027e-10
34,1,0,13824,1.7829814734177976e-07,0.0
34,1,1,13824,1.044033661490845e-07,1.0707130699743293e-10
34,1,2,13824,7.660266242913787e-08,2.1044809779458206e-10
34,1,3,13824,6.055336426699223e-08,-1.5604840639784535e-10
34,1,4,13824,4.818393246913641e-08,-7.496233594071987e-10
34,2,0,13824,1.7680150609107206e-07,0.0
34,2,1,13824,6.306493195407563e-08,-3.9220812484391185e-10
34,2,2,13824,3.6227645897897965e-08,-1.5354175779203202e-10
34,2,3,13824,2.4141239445922025e-08,-7.431230388834494e-10
34,2,4,13824,1.631302998651831e-08,-1.5079091836943922e-09
34,3,0,13824,1.7395459223964696e-07,0.0
34,3,1,13824,3.7783082553223404e-08,-7.259441514756128e-10
34,3,2,13824,1.741593308945348e-08,1.3323636595343162e-11
34,3,3,13824,1.041637195082259e-08,-3.7520741210018405e-10
34,3,4,13824,6.404919430579861e-09,-5.984109271631458e-10
34,4,0,13824,1.7542511724212077e-07,0.0
34,4,1,13824,2.3134130144720376e-08,-2.8544269006420575e-10
34,4,2,13824,8.642852441337614e-09,-3.2467288525702007e-10
34,4,3,13824,4.154008786646608e-09,-8.550926783536646e-10
34,4,4,13824,2.173255195073075e-09,-3.279046047356661e-10
34,5,0,13824,1.755881283573172e-07,0.0
34,5,1,13824,1.4086846466439357e-08,-2.6076477468866065e-10
34,5,2,13824,4.517808420312385e-09,-1.5866376298694322e-10
34,5,3,13824,1.830388273364377e-09,3.3364401014745453e-11
34,5,4,13824,9.863166251564413e-10,-1.2126042363142886e-10
34,6,0,13824,1.756868172100207e-07,0.0
34,6,1,13824,9.355989984416481e-09,3.0786271398718316e-10
34,6,2,13824,2.724244822313245e-09,-8.700324831086304e-11
34,6,3,13824,7.584305633195573e-10,-6.0048285090456e-11
34,6,4,13824,-9.592255782154378e-11,-2.418564421090914e-10
34,7,0,13824,1.7441600075637596e-07,0.0
34,7,1,13824,5.629707502353503e-09,2.135533417649188e-10
34,7,2,13824,1.1025456966100784e-09,-3.8931057586406356e-10
34,7,3,13824,4.838090573050566e-10,5.303508453681562e-10
34,7,4,13824,2.3248835614582778e-10,-1.2867470854727244e-11
34,8,0,13824,1.7537720109533968e-07,0.0
34,8,1,13824,3.612277473019088e-09,-5.523475261583225e-10
34,8,2,13824,4.2275354320334074e-10,4.770447777374845e-11
34,8,3,13824,2.7027382639406653e-10,2.1934790750206225e-10
34,8,4,13824,5.667659051667152e-10,-5.856632877692142e-10
35,1,0,13824,1.7504103068912537e-07,0.0
35,1,1,13824,1.0098365244010297e-07,7.276041454839099e-10
35,1,2,13824,7.380212771133233e-08,8.666145944043779e-10
35,1,3,13824,5.745556492778236e-08,8.932967654528745e-10
35,1,4,13824,4.48765497059072e-08,1.0098431443465905e-09
35,2,0,13824,1.7538993499692107e-07,0.0
35,2,1,13824,6.16874152481648e-08,-1.4611382178340428e-10
35,2,2,13824,3.63300317289425e-08,-4.140744762316568e-10
35,2,3,13824,2.5098955768184937e-08,-6.821243502959129e-10
35,2,4,13824,1.7912141088672723e-08,-9.622391077846128e-10
35,3,0,13824,1.7587517437234385e-07,0.0
35,3,1,13824,3.851931329503173e-08,2.3212651937688007e-10
35,3,2,13824,1.7628513556988943e-08,-2.4824735942607487e-10
35,3,3,13824,1.0155505884775044e-08,3.044389666077347e-10
35,3,4,13824,6.547898537950478e-09,6.838251219490118e-11
35,4,0,13824,1.7458616199118485e-07,0.0
35,4,1,13824,2.40165045779198e-08,3.2253420240035723e-10
35,4,2,13824,8.21841309018878e-09,-1.0364345330875637e-09
35,4,3,13824,4.371915959513519e-09,-9.742482323526338e-10
35,4,4,13824,2.3191921213342742e-09,-8.239900239679716e-11
35,5,0,13824,1.7449521719368792e-07,0.0
35,5,1,13824,1.4987546791912224e-08,1.0758464708834751e-10
35,5,2,13824,4.1587815553466615e-09,-3.210303875748258e-10
35,5,3,13824,2.0456220386776217e-09,2.7293710160038756e-11
35,5,4,13824,1.2668314819490276e-09,-2.9348280993197593e-10
35,6,0,13824,1.7381978801755098e-07,0.0
35,6,1,13824,8.86447825470028e-09,1.8147349184329952e-10
35,6,2,13824,2.972557840553856e-09,8.976459201905582e-12
35,6,3,13824,3.329790371627261e-10,-1.636448111240927e-10
35,6,4,13824,5.540668010827194e-10,-3.591189648483577e-10
35,7,0,13824,1.7471001385114942e-07,0.0
35,7,1,13824,5.270194772467042e-09,1.8954498783137717e-10
35,7,2,13824,2.0148163789195353e-09,2.1648344134351552e-10
35,7,3,13824,-3.505563840581129e-10,-1.3613869512702137e-10
35,7,4,13824,-7.698667416109808e-11,1.3660494257322282e-10
35,8,0,13824,1.7485786966247105e-07,0.0
35,8,1,13824,3.396465151936657e-09,9.201074219762638e-11
35,8,2,13824,1.183971357630813e-09,2.2106461345402502e-10
35,8,3,13824,-2.681563129103249e-10,3.791502661709452e-10
35,8,4,13824,1.9815213977446952e-10,9.629083368128102e-11
36,1,0,13824,1.7689365530832639e-07,0.0
36,1,1,13824,1.0243835196585723e-07,1.5865942407584062e-10
36,1,2,13824,7.408708093490582e-08,3.603304782697843e-10
36,1,3,13824,5.744477157505864e-08,8.596655672078664e-10
36,1,4,13824,4.429005595149338e-08,7.895300100742342e-10
36,2,0,13824,1.7705679618115488e-07,0.0
36,2,1,13824,6.345212097892513e-08,-1.0458126704835031e-10
36,2,2,13824,3.68489964330709e-08,-5.5316598011793305e-11
36,2,3,13824,2.5533819956288022e-08,-3.1141062908593235e-11
36,2,4,13824,1.7634865419847605e-08,-3.3628571611848004e-10
36,3,0,13824,1.7557762794210886e-07,0.0
36,3,1,13824,3.914006848354791e-08,-4.666529015256157e-10
36,3,2,13824,1.8503299404763114e-08,3.3181870064140227e-11
36,3,3,13824,1.0587446161124232e-08,-1.0898798039550131e-10
36,3,4,13824,6.523532692950401e-09,-2.415961467522998e-11
36,4,0,13824,1.752628365352907e-07,0.0
36,4,1,13824,2.3921980164174527e-08,1.9306770345835958e-10
36,4,2,13824,9.204599208741519e-09,4.93377322609124e-11
36,4,3,13824,4.512713922338982e-09,3.029980245062876e-10
36,4,4,13824,2.7821498434136657e-09,1.330091581250544e-10
36,5,0,13824,1.7411669077787783e-07,0.0
36,5,1,13824,1.4884275608464835e-08,-2.1625430530293706e-10
36,5,2,13824,4.504762844695214e-09,3.196122593290288e-10
36,5,3,13824,1.9923295399036826e-09,-1.4254328833670246e-10
36,5,4,13824,7.515242095139902e-10,5.6346371222925295e-11
36,6,0,13824,1.733777351733596e-07,0.0
36,6,1,13824,8.68029037248443e-09,-2.786209002299208e-10
36,6,2,13824,2.0154234840233286e-09,-9.952418576870757e-11
36,6,3,13824,7.056553740484799e-10,-2.0861246576883808e-10
36,6,4,13824,1.09570536891882e-10,-1.5543336395091425e-11
36,7,0,13824,1.7574731352396777e-07,0.0
36,7,1,13824,4.905065568867005e-09,4.3760191238752516e-10
36,7,2,13824,8.647813183638438e-10,-1.9020789598688607e-10
36,7,3,13824,1.1360811950585221e-10,-1.0006289211501019e-10
36,7,4,13824,4.5459259517230644e-10,-9.069236485944321e-11
36,8,0,13824,1.7388077886015818e-07,0.0
36,8,1,13824,3.247281780244943e-09,5.764449609239233e-11
36,8,2,13824,3.940528886576255e-10,-7.873708653894665e-11
36,8,3,13824,1.8132331606062694e-10,1.4254479616582612e-10
36,8,4,13824,-9.073345828350556e-11,-2.7583404108365057e-10
37,1,0,13824,1.780674621550756e-07,0.0
37,1,1,13824,1.0243615058380083e-07,4.1470057148655195e-10
37,1,2,13824,7.467226147936997e-08,5.387854855731017e-10
37,1,3,13824,5.8656909703443804e-08,4.4856384005418007e-10
37,1,4,13824,4.5998944300415954e-08,8.077951719015714e-10
37,2,0,13824,1.765118128528103e-07,0.0
37,2,1,13824,6.332640802208157e-08,2.3707278301964012e-11
37,2,2,13824,3.734667310462631e-08,-2.9990132669212846e-10
37,2,3,13824,2.540320314964645e-08,-2.0497140761797649e-10
37,2,4,13824,1.7701736864255414e-08,-5.067982537091837e-10
37,3,0,13824,1.7563808484712672e-07,0.0
37,3,1,13824,3.9555551331011515e-08,-7.001873799375867e-11
37,3,2,13824,1.902619048985654e-08,2.8617362727942074e-10
37,3,3,13824,1.0812677196533073e-08,2.1873847305175398e-10
37,3,4,13824,6.78791562014943e-09,-4.2544884671221185e-10
37,4,0,13824,1.759477764944749e-07,0.0
37,4,1,13824,2.4749373112564718e-08,3.6635904631648147e-10
37,4,2,13824,1.008457224535597e-08,5.777771876768987e-10
37,4,3,13824,5.6848887958950585e-09,1.6601827692696747e-10
37,4,4,13824,3.0048270548366017e-09,-1.1003762721501276e-10
37,5,0,13824,1.741267184072687e-07,0.0
37,5,1,13824,1.4960631195270296e-08,5.923952715031903e-11
37,5,2,13824,4.6595578733148595e-09,6.055352394472612e-11
37,5,3,13824,2.420522400649721e-09,-4.954856607695002e-10
37,5,4,13824,1.2925118059151184e-09,-2.1181366581387467e-10
37,6,0,13824,1.7490364955573253e-07,0.0
37,6,1,13824,9.122486686288888e-09,-2.792130209396664e-10
37,6,2,13824,1.8455501862945722e-09,-3.23183000126144e-10
37,6,3,13824,5.706324077085003e-10,-3.416769788423187e-10
37,6,4,13824,7.467821626490709e-10,-2.9463218761432145e-10
37,7,0,13824,1.752381629321122e-07,0.0
37,7,1,13824,6.110304699247871e-09,-3.994870166159258e-11
37,7,2,13824,1.5785742019402358e-09,-1.3940650493415524e-10
37,7,3,13824,2.8810703272959195e-11,-2.68269525261835e-10
37,7,4,13824,1.583527480399838e-10,-2.0486552538941565e-10
37,8,0,13824,1.7324568654396338e-07,0.0
37,8,1,13824,3.807945599828593e-09,5.893496729446896e-10
37,8,2,13824,1.3074063095969941e-09,3.44974454961704e-10
37,8,3,13824,-3.805129319415392e-10,-1.5009456210167774e-10
37,8,4,13824,2.618682666988874e-10,-4.656903511790917e-10
38,1,0,13824,1.7715107579068882e-07,0.0
38,1,1,13824,1.0272497022878094e-07,-3.076027345014756e-10
38,1,2,13824,7.499924608945719e-08,-9.431300142788761e-10
38,1,3,13824,5.810615806202922e-08,-1.2829256283596506e-09
38,1,4,13824,4.477364598051939e-08,-1.1697432658919905e-09
38,2,0,13824,1.7412109185232673e-07,0.0
38,2,1,13824,6.244563866300428e-08,-3.5648909710679534e-10
38,2,2,13824,3.6157811872393155e-08,-6.589783044223887e-11
38,2,3,13824,2.493785025505315e-08,-4.3742437850680416e-10
38,2,4,13824,1.7881693407288288e-08,-5.632370934050649e-10
38,3,0,13824,1.7539874985854347e-07,0.0
38,3,1,13824,3.9263120635455874e-08,-3.640800470373362e-10
38,3,2,13824,1.8006469655695616e-08,-1.5290200444676565e-10
38,3,3,13824,1.1176139161583176e-08,-2.783716532626392e-10
38,3,4,13824,7.53081862789753e-09,-1.0346293234029515e-10
38,4,0,13824,1.7444485363129436e-07,0.0
38,4,1,13824,2.427729503571423e-08,-1.1658383748182026e-10
38,4,2,13824,9.42436330167261e-09,-3.465983351084981e-10
38,4,3,13824,4.942351479862659e-09,2.7603598666717054e-10
38,4,4,13824,3.2848186794507014e-09,1.0516361913002319e-10
38,5,0,13824,1.7540052870136608e-07,0.0
38,5,1,13824,1.5399808029635318e-08,-8.306625420587748e-10
38,5,2,13824,4.818417819789869e-09,6.9137466802392e-11
38,5,3,13824,1.8268265345811463e-09,1.8357471669929102e-10
38,5,4,13824,1.31477597640929e-09,3.0514359526223676e-10
38,6,0,13824,1.757978439677536e-07,0.0
38,6,1,13824,9.312929822720553e-09,-2.2666513377146657e-10
38,6,2,13824,2.219978231231935e-09,4.1927969887545496e-11
38,6,3,13824,6.622729832137281e-10,-5.7038293449092906e-12
38,6,4,13824,4.130797172659779e-10,-3.201525350965459e-10
38,7,0,13824,1.7637057886480594e-07,0.0
38,7,1,13824,4.989937674187314e-09,-3.39461219121738e-11
38,7,2,13824,1.3862203843091734e-09,-5.891885606195284e-11
38,7,3,13824,4.316308124497655e-10,-3.235847154362951e-10
38,7,4,13824,8.058684048269267e-11,2.1472353177611706e-10
38,8,0,13824,1.7380755132465238e-07,0.0
38,8,1,13824,2.8565350979557524e-09,-1.8150610015466005e-10
38,8,2,13824,4.627876927658139e-10,-6.244324940064062e-10
38,8,3,13824,1.326791977077994e-10,-2.1184455177433076e-10
38,8,4,13824,-9.017597718259464e-11,1.142033612480022e-10
39,1,0,13824,1.7537795071918232e-07,0.0
39,1,1,13824,1.001979355261777e-07,1.7742523672991404e-10
39,1,2,13824,7.166321608080574e-08,9.420941826992327e-11
39,1,3,13824,5.475645618313973e-08,4.98123139865069e-10
39,1,4,13824,4.2243217679854884e-08,2.37853912177555e-10
39,2,0,13824,1.7510866972769148e-07,0.0
39,2,1,13824,6.158905692075944e-08,1.2076777893809282e-10
39,2,2,13824,3.499065934857342e-08,-5.049168676883656e-11
39,2,3,13824,2.4196242426859628e-08,4.5315746357601307e-10
39,2,4,13824,1.7374865890743657e-08,1.5189276230864767e-10
39,3,0,13824,1.7409851368454088e-07,0.0
39,3,1,13824,3.794626441577017e-08,-4.84199208028382e-10
39,3,2,13824,1.707348570673805e-08,-4.803980159026776e-10
39,3,3,13824,1.0309993402547889e-08,5.688052444813707e-10
39,3,4,13824,7.125379158014239e-09,1.9180424120645724e-10
39,4,0,13824,1.7383499083146105e-07,0.0
39,4,1,13824,2.3439257218529545e-08,-9.81664377155251e-10
39,4,2,13824,8.445970974569797e-09,-5.183647329269283e-10
39,4,3,13824,4.439648733906435e-09,3.2870916186397926e-10
39,4,4,13824,2.872914423898532e-09,-2.0436887733902776e-10
39,5,0,13824,1.7462271719921325e-07,0.0
39,5,1,13824,1.4642146439884818e-08,-9.330259859230397e-10
39,5,2,13824,4.133415041505748e-09,-1.1239785993555224e-10
39,5,3,13824,2.0162671715427255e-09,1.1964986837596405e-10
39,5,4,13824,1.0946995364701889e-09,-3.380338432884935e-11
39,6,0,13824,1.7431427203869576e-07,0.0
39,6,1,13824,8.726893025053719e-09,-1.3474010952888302e-10
39,6,2,13824,1.8025160663108886e-09,-2.7013359870412736e-10
39,6,3,13824,1.1473253596289047e-09,4.3968925017740675e-10
39,6,4,13824,-6.8051813955374e-11,6.342588224740584e-10
39,7,0,13824,1.7347216211255645e-07,0.0
39,7,1,13824,5.19794667439267e-09,-1.9892601550974872e-10
39,7,2,13824,1.3469911064096392e-09,5.394260097778487e-10
39,7,3,13824,9.044592548894419e-10,-2.42442655332384e-10
39,7,4,13824,1.64809167079711e-10,6.61484475555399e-11
39,8,0,13824,1.7462653953315524e-07,0.0
39,8,1,13824,3.2769267437812557e-09,2.7305582040468785e-10
39,8,2,13824,2.276641403305762e-10,-1.337741998015993e-10
39,8,3,13824,5.505145845497293e-10,-4.0047821134530497e-10
39,8,4,13824,-1.7034931780286688e-10,-1.965201844173479e-10
40,1,0,13824,1.756137088516624e-07,0.0
40,1,1,13824,1.0148037713964046e-07,-2.8586812252542467e-10
40,1,2,13824,7.294977714650476e-08,-6.253700101817161e-10
40,1,3,13824,5.567606414534813e-08,-7.936773341011613e-10
40,1,4,13824,4.260930637926911e-08,-6.77149731174093e-10
40,2,0,13824,1.7433178376311026e-07,0.0
40,2,1,13824,6.186598887985602e-08,-3.145224501088341e-10
40,2,2,13824,3.559890713991989e-08,-2.147430034027666e-10
40,2,3,13824,2.4197222311538526e-08,3.0263971242744185e-10
40,2,4,13824,1.7496906669965912e-08,3.1366023500769494e-10
40,3,0,13824,1.7508542006256198e-07,0.0
40,3,1,13824,3.829678434149941e-08,-8.112998883630588e-12
40,3,2,13824,1.761484962650918e-08,-5.124336539725006e-10
40,3,3,13824,1.0400414929507558e-08,-1.8350155231826279e-10
40,3,4,13824,6.824563794454134e-09,-3.8388715178288046e-10
40,4,0,13824,1.761578336838295e-07,0.0
40,4,1,13824,2.4375142015020075e-08,2.4100511233334464e-10
40,4,2,13824,8.703097193066074e-09,-4.576672866659907e-10
40,4,3,13824,4.606167766190282e-09,2.7223318897108383e-10
40,4,4,13824,2.714738475747067e-09,6.476224472002233e-10
40,5,0,13824,1.732540295974945e-07,0.0
40,5,1,13824,1.5010645434281204e-08,3.418480060962364e-10
40,5,2,13824,4.424587335575585e-09,-2.9166381313932813e-10
40,5,3,13824,1.925767783878069e-09,2.1362383724309718e-10
40,5,4,13824,1.3130581128962243e-09,1.5444793492582426e-10
40,6,0,13824,1.7421904281589477e-07,0.0
40,6,1,13824,8.888493559993582e-09,3.597221690774398e-10
40,6,2,13824,1.8115212846652235e-09,-3.264291007542654e-10
40,6,3,13824,9.227050339902643e-10,-5.020843489935221e-10
40,6,4,13824,5.667174774152281e-10,3.1875662357186213e-10
40,7,0,13824,1.7440204133640008e-07,0.0
40,7,1,13824,5.226166997168253e-09,1.7862950718273473e-10
40,7,2,13824,3.31955949042362e-10,-5.835469065364185e-10
40,7,3,13824,1.2055973644180817e-10,2.803732045726071e-10
40,7,4,13824,4.4486676726705277e-10,2.0131344500654876e-10
40,8,0,13824,1.7339521117880227e-07,0.0
40,8,1,13824,3.3155580788413725e-09,-1.3775718202411693e-10
40,8,2,13824,-4.3833010072565063e-11,-3.826754601101552e-11
40,8,3,13824,-1.5450616602844153e-11,1.0940170146044446e-11
40,8,4,13824,2.529480222460236e-10,4.4124882557069584e-11
41,1,0,13824,1.7907311183601446e-07,0.0
41,1,1,13824,1.034093920135159e-07,-1.077380144344378e-10
41,1,2,13824,7.573494772312792e-08,-3.261395163477631e-10
41,1,3,13824,5.891382241124172e-08,-1.516297520899004e-10
41,1,4,13824,4.630253985666592e-08,3.957280413114639e-10
41,2,0,13824,1.7726709119393005e-07,0.0
41,2,1,13824,6.305904225935425e-08,3.8401618155027934e-10
41,2,2,13824,3.7379609902072624e-08,6.997173470359285e-11
41,2,3,13824,2.492571012618586e-08,5.616797671202222e-10
41,2,4,13824,1.758004291586077e-08,7.835682999508451e-10
41,3,0,13824,1.730877972660115e-07,0.0
41,3,1,13824,3.7902116635363247e-08,3.649885670766575e-11
41,3,2,13824,1.713095617833861e-08,-4.189531810560071e-10
41,3,3,13824,1.0568250726338109e-08,1.0211924422754786e-10
41,3,4,13824,7.097081177140687e-09,3.772394060912004e-10
41,4,0,13824,1.7525468632270432e-07,0.0
41,4,1,13824,2.387175099731037e-08,-2.5448700267654247e-10
41,4,2,13824,8.498003159978716e-09,7.965114581053106e-11
41,4,3,13824,4.294574286828365e-09,-3.1152606527702305e-10
41,4,4,13824,3.1809307758272562e-09,8.996386608899104e-11
41,5,0,13824,1.736624802468405e-07,0.0
41,5,1,13824,1.473450836096549e-08,5.979572741941974e-10
41,5,2,13824,4.4016490449786755e-09,2.112868198715569e-10
41,5,3,13824,2.3465574345827027e-09,5.852221163434673e-10
41,5,4,13824,1.0856276504286028e-09,3.779196829662916e-10
41,6,0,13824,1.766198391352553e-07,0.0
41,6,1,13824,9.109624886514719e-09,5.112272576277806e-10
41,6,2,13824,2.879078406708465e-09,8.918293085441209e-11
41,6,3,13824,7.956498562297085e-10,7.540904573071184e-10
41,6,4,13824,1.0448852540626308e-09,5.411974837026798e-10
41,7,0,13824,1.7271959247406902e-07,0.0
41,7,1,13824,5.499303657493495e-09,3.1444124617231186e-10
41,7,2,13824,1.7531118832431784e-09,-1.231299308751824e-10
41,7,3,13824,8.30430825368569e-10,6.349684880610837e-10
41,7,4,13824,6.149264247124357e-10,1.0354525006959389e-10
41,8,0,13824,1.758806209824987e-07,0.0
41,8,1,13824,3.902962033751441e-09,-2.7652058477446824e-10
41,8,2,13824,1.2881030873081614e-09,-3.0061986041603725e-10
41,8,3,13824,8.149620381586449e-10,-1.369803746743425e-10
41,8,4,13824,7.623674809201364e-10,-3.3800453894429676e-10
42,1,0,13824,1.7885984346942252e-07,0.0
42,1,1,13824,1.0309240642560017e-07,-1.1412156213245655e-10
42,1,2,13824,7.577793097059114e-08,1.0984466461216488e-10
42,1,3,13824,5.944056956681931e-08,3.1873610315197004e-10
42,1,4,13824,4.6578908578902815e-08,-1.1702023246059207e-11
42,2,0,13824,1.7600301501292405e-07,0.0
42,2,1,13824,6.286438606213275e-08,2.5955037524706754e-10
42,2,2,13824,3.605852310941375e-08,2.023643501544321e-10
42,2,3,13824,2.3833259704205612e-08,2.2481714908515673e-10
42,2,4,13824,1.6438627014738214e-08,7.796021195586752e-11
42,3,0,13824,1.757656202785649e-07,0.0
42,3,1,13824,3.927694900753191e-08,-4.449416713747093e-10
42,3,2,13824,1.8364264519102193e-08,-2.6973978734899826e-10
42,3,3,13824,1.0406896593048181e-08,1.3110998641300196e-11
42,3,4,13824,6.61810893267393e-09,-3.2129771308271256e-10
42,4,0,13824,1.7521471618395292e-07,0.0
42,4,1,13824,2.3504263056134238e-08,-2.8060024758180667e-10
42,4,2,13824,8.955545192132716e-09,-7.866795822586361e-10
42,4,3,13824,4.58425999027026e-09,3.5332835347120993e-10
42,4,4,13824,2.1859276596152643e-09,7.778186817360085e-12
42,5,0,13824,1.763915593299369e-07,0.0
42,5,1,13824,1.5075245803735478e-08,-1.709428841961976e-10
42,5,2,13824,4.779353574324846e-09,1.172098168668756e-12
42,5,3,13824,2.5058189480632873e-09,-1.410972690739662e-10
42,5,4,13824,9.351094341405293e-10,-1.3039492280217757e-10
42,6,0,13824,1.7333435213257197e-07,0.0
42,6,1,13824,9.036623585947302e-09,-2.508081251304165e-10
42,6,2,13824,2.251595904348922e-09,-1.6807856378217096e-10
42,6,3,13824,1.1869886626607202e-09,1.4933525165001706e-10
42,6,4,13824,5.032303850713143e-10,-1.1173831575181947e-11
42,7,0,13824,1.7360315531929455e-07,0.0
42,7,1,13824,5.663073260611149e-09,-3.3922707855168336e-10
42,7,2,13824,1.1339563146284575e-09,-6.882903321459551e-10
42,7,3,13824,4.905380355479247e-10,-2.3732630469817945e-10
42,7,4,13824,6.70511387169949e-10,1.0691994597218154e-10
42,8,0,13824,1.7325994070960725e-07,0.0
42,8,1,13824,3.793612941743212e-09,-3.624344662117849e-10
42,8,2,13824,3.046779041176094e-10,-1.2960099582224029e-10
42,8,3,13824,4.768851621089508e-10,-3.7051000112631776e-10
42,8,4,13824,-8.118335411745684e-11,2.932567175568317e-10
43,1,0,13824,1.785780197890132e-07,0.0
43,1,1,13824,1.0252033033486861e-07,-5.550855165445122e-10
43,1,2,13824,7.427355731714775e-08,-9.04055769101606e-10
43,1,3,13824,5.734762812969567e-08,-1.8099952404231664e-09
43,1,4,13824,4.4361353445288184e-08,-2.342558581824056e-09
43,2,0,13824,1.7419026357302173e-07,0.0
43,2,1,13824,6.101100564220073e-08,8.34347417042849e-11
43,2,2,13824,3.6128678879395934e-08,2.4199975397463243e-10
43,2,3,13824,2.5070826062300032e-08,-4.45218173612307e-10
43,2,4,13824,1.695463424904442e-08,-6.475493779446558e-10
43,3,0,13824,1.7260531903341976e-07,0.0
43,3,1,13824,3.756245687737402e-08,4.3867122139926824e-10
43,3,2,13824,1.7625736387368757e-08,3.2681504671466595e-11
43,3,3,13824,1.0570459702488655e-08,2.70083199986704e-10
43,3,4,13824,6.04348557325073e-09,2.238469207658149e-10
43,4,0,13824,1.7423005080979295e-07,0.0
43,4,1,13824,2.3804788046690626e-08,1.2364203299995104e-10
43,4,2,13824,8.673283723221857e-09,1.1343739580336201e-10
43,4,3,13824,4.870696017961208e-09,1.192755385170354e-11
43,4,4,13824,2.768147044697697e-09,-5.616234199344471e-11
43,5,0,13824,1.7415672627255747e-07,0.0
43,5,1,13824,1.4253202070916785e-08,-6.439912031468332e-10
43,5,2,13824,4.198544380140079e-09,6.216404927328721e-10
43,5,3,13824,1.586588422873472e-09,-2.1008665758627361e-10
43,5,4,13824,7.164800685028996e-10,3.477040569551226e-10
43,6,0,13824,1.7387905198783732e-07,0.0
43,6,1,13824,8.631661030569581e-09,-3.79045285619563e-10
43,6,2,13824,1.7397650322753694e-09,4.3295752852149814e-11
43,6,3,13824,1.3426222756068302e-09,-7.292789331644675e-11
43,6,4,13824,6.273972176325829e-11,3.2243107910712537e-10
43,7,0,13824,1.7395182894832486e-07,0.0
43,7,1,13824,5.4655306410435556e-09,-1.4575029210466603e-10
43,7,2,13824,3.941325030537881e-10,3.746094673387312e-10
43,7,3,13824,5.89461165439266e-10,1.5724143550551062e-10
43,7,4,13824,4.483402160183998e-10,5.246026431274013e-11
43,8,0,13824,1.742495547458082e-07,0.0
43,8,1,13824,3.442873140877109e-09,-2.500248217482682e-10
43,8,2,13824,1.9134929496601022e-10,4.468671300357574e-10
43,8,3,13824,-3.9465681653568716e-10,1.9059937305943982e-10
43,8,4,13824,3.2704330798220767e-10,1.2911526182255937e-10
44,1,0,13824,1.7899883560898443e-07,0.0
44,1,1,13824,1.0294300414860748e-07,-2.629491853181561e-10
44,1,2,13824,7.516515460324568e-08,4.111271822596433e-12
44,1,3,13824,5.8872856136458484e-08,1.8919243012200779e-10
44,1,4,13824,4.601101140897669e-08,5.85466897560464e-10
44,2,0,13824,1.7767498377280787e-07,0.0
44,2,1,13824,6.30581355046356e-08,8.687612165950676e-12
44,2,2,13824,3.779379559378815e-08,3.172329793339635e-10
44,2,3,13824,2.5817181012658534e-08,2.910887682971748e-10
44,2,4,13824,1.814627826152383e-08,2.353296135800492e-10
44,3,0,13824,1.7653767923980473e-07,0.0
44,3,1,13824,3.8322545884954535e-08,4.4698657021064624e-11
44,3,2,13824,1.7377854349674687e-08,5.261608418198755e-10
44,3,3,13824,1.0874113540960826e-08,-1.2331328648081425e-10
44,3,4,13824,6.481406778140564e-09,2.0798085731114963e-10
44,4,0,13824,1.7587661625828456e-07,0.0
44,4,1,13824,2.3871006391077902e-08,-5.9188598055351315e-12
44,4,2,13824,7.710483043600054e-09,6.849635705594367e-10
44,4,3,13824,4.599097716553585e-09,2.7195547855055373e-10
44,4,4,13824,3.053724411870154e-09,1.626123815301218e-10
44,5,0,13824,1.7587683130744191e-07,0.0
44,5,1,13824,1.4348097840635134e-08,3.519076695507074e-11
44,5,2,13824,3.902708238726393e-09,-2.1640719254467017e-10
44,5,3,13824,1.4968126041712277e-09,1.243585017811505e-10
44,5,4,13824,6.024084291900748e-10,-1.2444180792505947e-10
44,6,0,13824,1.7531557567058455e-07,0.0
44,6,1,13824,9.040161549800068e-09,2.3328813823749e-10
44,6,2,13824,9.78079971121778e-10,1.230327782485689e-10
44,6,3,13824,4.820802014904318e-10,-2.5967550923949128e-11
44,6,4,13824,-3.395425635207396e-10,-1.0462112567776373e-10
44,7,0,13824,1.7233804727000348e-07,0.0
44,7,1,13824,5.6891944374129445e-09,7.746486026552805e-11
44,7,2,13824,6.897253349163315e-10,3.639984367980821e-10
44,7,3,13824,-9.90138832426048e-11,-2.1355787778902134e-10
44,7,4,13824,2.7695286600639897e-11,3.0002341430923525e-10
44,8,0,13824,1.7524633563675787e-07,0.0
44,8,1,13824,3.4068179170065255e-09,-3.57881257662114e-10
44,8,2,13824,-2.4589461802430203e-10,3.1712790942446517e-10
44,8,3,13824,1.0209575410949036e-11,2.2230357668953703e-10
44,8,4,13824,-2.1662701879893503e-10,-3.1082956671483545e-10
45,1,0,13824,1.7639163593749777e-07,0.0
45,1,1,13824,1.0178216145244427e-07,4.502081397293346e-10
45,1,2,13824,7.363542820060956e-08,6.982420151034693e-10
45,1,3,13824,5.6558236594772995e-08,9.262490655983334e-10
45,1,4,13824,4.3577779629961796e-08,1.0386336554736172e-09
45,2,0,13824,1.745583529166899e-07,0.0
45,2,1,13824,6.214438165509606e-08,3.846580485411818e-10
45,2,2,13824,3.570425183368899e-08,4.02789700666078e-10
45,2,3,13824,2.35303492500436e-08,4.946770956090403e-10
45,2,4,13824,1.6491584509333136e-08,7.980786297094658e-10
45,3,0,13824,1.7537431458585978e-07,0.0
45,3,1,13824,3.847656120702827e-08,-4.502055335683125e-12
45,3,2,13824,1.7720458247066007e-08,5.526207741855651e-10
45,3,3,13824,1.0271233629862965e-08,5.333809163243582e-10
45,3,4,13824,6.88758767505556e-09,3.573974017774876e-10
45,4,0,13824,1.7390403332004757e-07,0.0
45,4,1,13824,2.3774938086652784e-08,-3.0115770985331e-10
45,4,2,13824,8.648757526176204e-09,4.843224429990193e-10
45,4,3,13824,4.230616812002271e-09,2.0933550057747067e-10
45,4,4,13824,2.498532805358598e-09,3.6581199723786306e-10
45,5,0,13824,1.7400671173158526e-07,0.0
45,5,1,13824,1.5244717950991922e-08,-8.723215782682381e-12
45,5,2,13824,4.7611805285585124e-09,-3.733614431988788e-11
45,5,3,13824,1.7837244500036465e-09,-2.8871586759264553e-10
45,5,4,13824,9.2883923557571e-10,1.9498686694629755e-10
45,6,0,13824,1.7534538395621181e-07,0.0
45,6,1,13824,9.811871325409135e-09,-5.765398989568026e-10
45,6,2,13824,2.1970177404590453e-09,-2.1432743556092712e-10
45,6,3,13824,1.2962378891789546e-09,2.3312358978917987e-10
45,6,4,13824,-1.955038430349809e-11,-6.914803898793354e-11
45,7,0,13824,1.7577883765717707e-07,0.0
45,7,1,13824,6.152352038224935e-09,-2.719796930609606e-10
45,7,2,13824,8.505077562350179e-10,-2.6717347876621698e-11
45,7,3,13824,3.663286558033001e-10,-3.3148306864997874e-10
45,7,4,13824,1.2566294593488338e-10,-2.112863189765416e-10
45,8,0,13824,1.7495112291893335e-07,0.0
45,8,1,13824,3.616606764447959e-09,1.7336621754916967e-11
45,8,2,13824,7.568571806251179e-10,-3.357436335568789e-10
45,8,3,13824,-4.169044704157246e-10,4.0063738319936854e-11
45,8,4,13824,1.766907398655819e-10,-2.652616041435843e-10
46,1,0,13824,1.7604927600207657e-07,0.0
46,1,1,13824,1.0212106952269215e-07,4.3842050735096217e-10
46,1,2,13824,7.51897624920867e-08,7.141774732949959e-11
46,1,3,13824,5.954632221072724e-08,3.314396946858934e-10
46,1,4,13824,4.745463180724586e-08,4.436010003452799e-10
46,2,0,13824,1.7384870143362492e-07,0.0
46,2,1,13824,6.15821329513377e-08,-7.30123956545811e-10
46,2,2,13824,3.5950987803250325e-08,-9.18854932504424e-10
46,2,3,13824,2.3654971247713594e-08,4.447456272652737e-11
46,2,4,13824,1.6533508985427685e-08,-6.771595823643774e-10
46,3,0,13824,1.7360263604447312e-07,0.0
46,3,1,13824,3.861787583608767e-08,-1.0853440180792217e-10
46,3,2,13824,1.8162129789711904e-08,-5.356181624340191e-10
46,3,3,13824,1.0630612569486933e-08,5.429298015969395e-10
46,3,4,13824,6.469025085627209e-09,-3.807647044317582e-11
46,4,0,13824,1.747960098069644e-07,0.0
46,4,1,13824,2.4209961951035167e-08,2.1553830549301953e-10
46,4,2,13824,9.134847246869322e-09,-9.81802568322911e-10
46,4,3,13824,4.980315976764827e-09,3.6992965084703396e-10
46,4,4,13824,2.339890888292191e-09,2.7949680255706604e-10
46,5,0,13824,1.7507800154000725e-07,0.0
46,5,1,13824,1.4740055207695585e-08,3.4790319174727744e-10
46,5,2,13824,4.0898420526912196e-09,-2.1645451207808807e-11
46,5,3,13824,2.3386488672133465e-09,7.267294293675023e-10
46,5,4,13824,9.273634398592805e-10,5.010689487632127e-10
46,6,0,13824,1.7515507115041913e-07,0.0
46,6,1,13824,9.063868598543807e-09,2.668561145801629e-10
46,6,2,13824,2.148554508836403e-09,-1.6292613870025728e-10
46,6,3,13824,1.2787264269895053e-09,8.918388860569121e-10
46,6,4,13824,2.0702166067853207e-10,3.70935136814007e-11
46,7,0,13824,1.7566347422777656e-07,0.0
46,7,1,13824,5.479409816145423e-09,-2.1544009712441223e-10
46,7,2,13824,1.0467507875029571e-09,-3.502760275685796e-10
46,7,3,13824,9.277461995355069e-10,-2.864707971024818e-10
46,7,4,13824,1.9048420688769478e-10,-5.916313603360529e-11
46,8,0,13824,1.739271257599701e-07,0.0
46,8,1,13824,2.8603619819428255e-09,1.34634335322543e-10
46,8,2,13824,7.434330321433128e-10,-3.780226890469763e-10
46,8,3,13824,-1.9984800512536255e-10,1.670829906453786e-10
46,8,4,13824,6.145223210709235e-10,5.160944883413133e-10
47,1,0,13824,1.7726618943838936e-07,0.0
47,1,1,13824,1.031526156377459e-07,1.5166788620214494e-10
47,1,2,13824,7.564797659371372e-08,-1.8633271654163813e-10
47,1,3,13824,5.9131344066606064e-08,-2.812480515481077e-11
47,1,4,13824,4.653455549561771e-08,-3.4537813109931026e-10
47,2,0,13824,1.7562846147586337e-07,0.0
47,2,1,13824,6.291909655453614e-08,-5.067569343486191e-10
47,2,2,13824,3.7004391809418974e-08,-4.5915874827324906e-10
47,2,3,13824,2.553226909583399e-08,-7.25982622814792e-10
47,2,4,13824,1.8300007184039422e-08,-1.1277825036508782e-09
47,3,0,13824,1.7389888762058224e-07,0.0
47,3,1,13824,3.8121441881422815e-08,-5.224125195418037e-10
47,3,2,13824,1.7643811107485965e-08,-1.6123625814235055e-10
47,3,3,13824,1.0366733480466398e-08,-8.386610795425212e-10
47,3,4,13824,6.599493624563878e-09,-1.1238195904347245e-09
47,4,0,13824,1.7515581016027879e-07,0.0
47,4,1,13824,2.4130967045910118e-08,-5.598250053909823e-10
47,4,2,13824,9.062525224636356e-09,1.0435382759958356e-10
47,4,3,13824,5.316907950517818e-09,-1.2202534660169226e-09
47,4,4,13824,2.6314217089535995e-09,-1.14817405886055e-10
47,5,0,13824,1.740349743381131e-07,0.0
47,5,1,13824,1.4772443295454714e-08,7.803713591004523e-11
47,5,2,13824,5.215210695900564e-09,-2.789184608521992e-10
47,5,3,13824,2.131652634777086e-09,-5.529879279785136e-10
47,5,4,13824,8.565426503120206e-10,-7.105765262071512e-11
47,6,0,13824,1.7522652550280898e-07,0.0
47,6,1,13824,9.75647215117872e-09,3.4857320235664915e-10
47,6,2,13824,2.339165941204833e-09,1.9702270254985834e-10
47,6,3,13824,6.603601569496249e-10,-5.8139107878981185e-12
47,6,4,13824,3.705873747061014e-10,5.24084869784793e-12
47,7,0,13824,1.7564934524024585e-07,0.0
47,7,1,13824,5.7309951894895705e-09,3.575896176566957e-10
47,7,2,13824,1.4916264153612627e-09,1.3272266010685834e-10
47,7,3,13824,7.188371245894086e-11,-2.7852767607162e-10
47,7,4,13824,6.355949568750392e-10,7.214432661409947e-10
47,8,0,13824,1.74203645701568e-07,0.0
47,8,1,13824,3.144052587216192e-09,3.208154353096197e-10
47,8,2,13824,1.4194288225350894e-09,-1.044399039468997e-10
47,8,3,13824,-4.832220942827169e-10,5.223425314580711e-11
47,8,4,13824,-2.1420447035607564e-10,5.763494613458097e-10
48,1,0,13824,1.7662134296862982e-07,0.0
48,1,1,13824,1.0157623850539696e-07,-5.950754290817947e-10
48,1,2,13824,7.309490497043048e-08,-1.0396107003598888e-09
48,1,3,13824,5.5982734425456385e-08,-1.885120530608841e-09
48,1,4,13824,4.317582492895849e-08,-2.134638756974912e-09
48,2,0,13824,1.7633410986959771e-07,0.0
48,2,1,13824,6.230287241554033e-08,-3.9041747479844044e-10
48,2,2,13824,3.610871898289259e-08,-5.67853143138422e-10
48,2,3,13824,2.44285627473192e-08,-6.170368152018214e-10
48,2,4,13824,1.7775390308096158e-08,-6.063369058317563e-10
48,3,0,13824,1.7559766563923944e-07,0.0
48,3,1,13824,3.8443989052647084e-08,-7.235997297282034e-10
48,3,2,13824,1.7491882738979738e-08,-5.684539421162963e-10
48,3,3,13824,1.0168447790553476e-08,-3.7772917221099336e-10
48,3,4,13824,5.934849701077454e-09,-4.590323651974333e-10
48,4,0,13824,1.7468205383067188e-07,0.0
48,4,1,13824,2.3826065138209653e-08,-2.056156006047739e-10
48,4,2,13824,8.785997811513194e-09,1.6649897432625454e-10
48,4,3,13824,4.0563850770143e-09,-7.83937837091875e-10
48,4,4,13824,2.8109267381640535e-09,1.0377219456726298e-11
48,5,0,13824,1.7565877229109033e-07,0.0
48,5,1,13824,1.4587953434657762e-08,-3.6135249055632283e-10
48,5,2,13824,5.428578842655611e-09,-1.5734532006978992e-10
48,5,3,13824,2.3483458810491933e-09,4.8869310740768476e-11
48,5,4,13824,1.3409102086109656e-09,-3.77213903567904e-10
48,6,0,13824,1.7569983620676482e-07,0.0
48,6,1,13824,9.023510626133168e-09,1.0162671597552154e-11
48,6,2,13824,3.013020882976819e-09,-1.508547835987692e-10
48,6,3,13824,1.1847797124179495e-09,-4.1806573947177526e-10
48,6,4,13824,6.773713356254536e-10,-1.152933348278123e-10
48,7,0,13824,1.7549708481117493e-07,0.0
48,7,1,13824,5.331608389184443e-09,-4.0556448211184157e-10
48,7,2,13824,1.5111937968673758e-09,-4.122167353311712e-11
48,7,3,13824,9.56577746565839e-10,-3.471700141675261e-10
48,7,4,13824,-1.688811959983266e-10,9.791017361715115e-11
48,8,0,13824,1.7582431224620918e-07,0.0
48,8,1,13824,3.1460039797929662e-09,-1.6268904550258803e-10
48,8,2,13824,3.701769512256711e-10,-1.9171170399447315e-10
48,8,3,13824,6.743007522141701e-10,3.3821484086061806e-11
48,8,4,13824,3.185511387826363e-10,-4.898501004915804e-10
49,1,0,13824,1.771135197619111e-07,0.0
49,1,1,13824,1.030597163273875e-07,-1.7376357047897442e-10
49,1,2,13824,7.618762380356666e-08,-2.341728294372988e-10
49,1,3,13824,5.97456436206479e-08,-5.263010121444683e-10
49,1,4,13824,4.776545403658089e-08,-1.0145736151314793e-09
49,2,0,13824,1.744375566931137e-07,0.0
49,2,1,13824,6.233379945901559e-08,-2.973901496109711e-10
49,2,2,13824,3.610325625684224e-08,1.754653189499275e-10
49,2,3,13824,2.395040332729516e-08,-2.6482388249625396e-11
49,2,4,13824,1.6565009212025938e-08,-1.1978064904571076e-10
49,3,0,13824,1.7360304002887237e-07,0.0
49,3,1,13824,3.8772768865003404e-08,1.881121476726723e-10
49,3,2,13824,1.839586598130997e-08,-1.8046369552156658e-11
49,3,3,13824,1.0512722856179749e-08,9.702366175251287e-11
49,3,4,13824,6.776464854166113e-09,1.7650233666785466e-10
49,4,0,13824,1.7383142567381415e-07,0.0
49,4,1,13824,2.34488456709113e-08,7.168955733822114e-10
49,4,2,13824,9.595704136454143e-09,-1.0567396015787974e-10
49,4,3,13824,4.394681871473148e-09,5.62294392949445e-10
49,4,4,13824,2.3809140191277826e-09,5.204445806831366e-10
49,5,0,13824,1.7360535011650607e-07,0.0
49,5,1,13824,1.4506638617172555e-08,2.5281158653922478e-11
49,5,2,13824,5.186916032939175e-09,-5.906455825092324e-11
49,5,3,13824,1.897436775334701e-09,-2.5230051130613245e-10
49,5,4,13824,1.0739573785334921e-09,9.022919396270947e-11
49,6,0,13824,1.7354194415674974e-07,0.0
49,6,1,13824,8.87888819589239e-09,2.2392828916729457e-10
49,6,2,13824,2.5149426263913943e-09,-4.2637876712454243e-10
49,6,3,13824,5.394292981579976e-10,-1.233642983954001e-10
49,6,4,13824,6.870580260894424e-11,-5.710438294470974e-10
49,7,0,13824,1.7232469006622415e-07,0.0
49,7,1,13824,5.373503855827508e-09,2.0687687441059824e-10
49,7,2,13824,9.74269255177673e-10,-6.869177476011752e-10
49,7,3,13824,1.1400656045783386e-09,-1.2043456746717724e-10
49,7,4,13824,1.148765447712255e-12,2.8286368511214663e-11
49,8,0,13824,1.7529928946547828e-07,0.0
49,8,1,13824,4.142854504167323e-09,-2.5798775298957855e-10
49,8,2,13824,1.1880314208474254e-09,-5.957847577574449e-11
49,8,3,13824,4.587859958006448e-10,1.4905766191027717e-10
49,8,4,13824,1.0446334990730039e-10,7.390583222534657e-10
50,1,0,13824,1.7738382729821484e-07,0.0
50,1,1,13824,1.031536197007871e-07,-9.007439818930153e-11
50,1,2,13824,7.620444695432209e-08,-1.1600112412673545e-10
50,1,3,13824,6.014597843683629e-08,-1.8308511304030505e-10
50,1,4,13824,4.7297644614058544e-08,-7.05590441973395e-11
50,2,0,13824,1.7565359876337586e-07,0.0
50,2,1,13824,6.234698616828522e-08,-2.618270452357668e-10
50,2,2,13824,3.61883775175547e-08,-4.5936191575423404e-10
50,2,3,13824,2.4103906115385576e-08,-3.7036150849395356e-10
50,2,4,13824,1.6650868885659313e-08,-4.392330040593339e-10
50,3,0,13824,1.740062888261072e-07,0.0
50,3,1,13824,3.778916416308398e-08,3.4721396543216063e-10
50,3,2,13824,1.8171272898016104e-08,-1.1019662075765322e-10
50,3,3,13824,1.0882231801758416e-08,-3.278235693570585e-10
50,3,4,13824,6.139405857399563e-09,-2.96515531521455e-10
50,4,0,13824,1.746244113828066e-07,0.0
50,4,1,13824,2.366185053655251e-08,1.0868355354456702e-10
50,4,2,13824,9.555617972469729e-09,-2.5450804200029533e-10
50,4,3,13824,4.933367808971402e-09,-3.836868058689599e-10
50,4,4,13824,2.7133652803420245e-09,-4.1041824535136394e-10
50,5,0,13824,1.7473384937409177e-07,0.0
50,5,1,13824,1.4191116623698457e-08,-1.9731351178675233e-11
50,5,2,13824,4.686264363254917e-09,8.317479176158788e-11
50,5,3,13824,2.1756707132180315e-09,-1.2920285570292576e-10
50,5,4,13824,1.6452179867015983e-09,-1.930393749140451e-10
50,6,0,13824,1.744771723148751e-07,0.0
50,6,1,13824,8.613336584014838e-09,-3.2785842737731207e-10
50,6,2,13824,2.4770102954262603e-09,-8.77914330023076e-11
50,6,3,13824,8.832776050162992e-10,2.7015877414011933e-10
50,6,4,13824,2.578681000198518e-10,3.454273650164943e-10
50,7,0,13824,1.7516188925746963e-07,0.0
50,7,1,13824,5.77017810843562e-09,-3.069938151595648e-10
50,7,2,13824,1.0055019622664138e-09,-9.42221717740823e-11
50,7,3,13824,6.689231685210066e-10,6.868268281769157e-11
50,7,4,13824,2.660692845412985e-10,1.198613926969906e-10
50,8,0,13824,1.7465595040489382e-07,0.0
50,8,1,13824,4.286914806001686e-09,-6.253906400661541e-10
50,8,2,13824,8.295885474180187e-10,-5.308217532076881e-10
50,8,3,13824,4.1712339108380426e-10,1.668793483472507e-10
50,8,4,13824,-2.1553678741527238e-10,-3.848751330972483e-11
51,1,0,13824,1.7605678266780104e-07,0.0
51,1,1,13824,1.0217479079034101e-07,-2.1135010033221143e-10
51,1,2,13824,7.437249304975501e-08,-2.6523053899885953e-10
51,1,3,13824,5.699860576144531e-08,-2.2740418167706717e-10
51,1,4,13824,4.450321335771489e-08,-3.150842049094112e-10
51,2,0,13824,1.7475858825473084e-07,0.0
51,2,1,13824,6.225474703930697e-08,-1.3187375514994216e-10
51,2,2,13824,3.56687672616598e-08,5.747902685604652e-11
51,2,3,13824,2.3160481503425514e-08,2.4931256206525334e-10
51,2,4,13824,1.702526336047208e-08,2.8638143316816565e-10
51,3,0,13824,1.7352422667951224e-07,0.0
51,3,1,13824,3.866019664841236e-08,-2.2184781988725998e-10
51,3,2,13824,1.7583862791205717e-08,2.48761545472823e-10
51,3,3,13824,9.64134766715381e-09,4.5675153278387913e-10
51,3,4,13824,6.286508493596612e-09,3.9286906251682767e-11
51,4,0,13824,1.74373006533959e-07,0.0
51,4,1,13824,2.4451433804135603e-08,1.1245339365174689e-10
51,4,2,13824,8.343855925581827e-09,6.0770492052186e-10
51,4,3,13824,3.825570783719927e-09,-2.027680456296701e-10
51,4,4,13824,2.9125849700362974e-09,-2.0070420735061058e-10
51,5,0,13824,1.725288472374194e-07,0.0
51,5,1,13824,1.428408656656662e-08,-1.359242094184556e-10
51,5,2,13824,4.169362533433129e-09,2.2067558655036413e-10
51,5,3,13824,1.8333505952931296e-09,3.5817187323259647e-10
51,5,4,13824,9.451420790110068e-10,-3.27515672786835e-10
51,6,0,13824,1.7304316088187384e-07,0.0
51,6,1,13824,8.865263148581005e-09,-2.2147168445795916e-10
51,6,2,13824,1.7072580390234321e-09,-1.253042589038746e-10
51,6,3,13824,6.540051378981146e-10,-5.488640414257506e-10
51,6,4,13824,3.1594221657425074e-10,-1.4668401638365686e-10
51,7,0,13824,1.7460257622131085e-07,0.0
51,7,1,13824,6.326334299193395e-09,-5.566356474433055e-11
51,7,2,13824,7.114569862920333e-10,4.0671756928759566e-10
51,7,3,13824,5.782721433646236e-10,3.5099670199102695e-10
51,7,4,13824,1.7080641281939868e-10,-2.3856272052406175e-10
51,8,0,13824,1.7287698662169184e-07,0.0
51,8,1,13824,3.957632223185274e-09,-1.4415656829335628e-10
51,8,2,13824,1.3912133413137413e-10,2.8166507826981886e-10
51,8,3,13824,1.1546828619261393e-11,-1.2721628438726694e-10
51,8,4,13824,4.478562761441169e-10,-4.0570945742778636e-10
52,1,0,13824,1.776202420241568e-07,0.0
52,1,1,13824,1.0222493167581718e-07,2.0624786449365363e-10
52,1,2,13824,7.43837450953386e-08,1.6667765988270466e-10
52,1,3,13824,5.7941279481026876e-08,5.332583607279897e-10
52,1,4,13824,4.492018641277463e-08,4.468645227973539e-10
52,2,0,13824,1.7486386580397065e-07,0.0
52,2,1,13824,6.262183172504216e-08,6.126580151420443e-10
52,2,2,13824,3.622573328717191e-08,8.629429919199152e-10
52,2,3,13824,2.489707243344316e-08,1.3078019352301806e-09
52,2,4,13824,1.726997845706224e-08,1.2666173032867706e-09
52,3,0,13824,1.716110675025268e-07,0.0
52,3,1,13824,3.78327463820079e-08,6.658759442372432e-11
52,3,2,13824,1.7120400708323142e-08,-6.684691818370473e-10
52,3,3,13824,1.0271793075211688e-08,2.9348945001326215e-10
52,3,4,13824,6.614888069061767e-09,7.723966667205928e-10
52,4,0,13824,1.740959580138455e-07,0.0
52,4,1,13824,2.405731598449342e-08,-3.600914746055932e-10
52,4,2,13824,8.938337454108237e-09,2.198692499796307e-10
52,4,3,13824,4.6982757529730694e-09,8.172400561231137e-11
52,4,4,13824,2.4054399386029106e-09,-6.130019021587287e-10
52,5,0,13824,1.7482959521740845e-07,0.0
52,5,1,13824,1.462700136736666e-08,4.599207177184149e-11
52,5,2,13824,3.872725955876366e-09,1.0389963686785486e-09
52,5,3,13824,2.2810365928177222e-09,-1.290579139576858e-11
52,5,4,13824,5.952717989491563e-10,-2.245576002410964e-10
52,6,0,13824,1.7111889830548898e-07,0.0
52,6,1,13824,8.068430033841487e-09,-2.6762069477693265e-10
52,6,2,13824,2.0463313377776867e-09,4.5441452997907895e-10
52,6,3,13824,1.547577874664999e-09,1.7910290544660303e-10
52,6,4,13824,6.513919808988388e-10,1.4598454711765653e-10
52,7,0,13824,1.746511978998418e-07,0.0
52,7,1,13824,5.395548918699136e-09,-1.291362158560146e-10
52,7,2,13824,9.806213130716429e-10,6.360383270098315e-10
52,7,3,13824,1.257018833627684e-09,2.597201860972633e-10
52,7,4,13824,-3.288139962538148e-10,-1.5442375880077833e-10
52,8,0,13824,1.760636551732176e-07,0.0
52,8,1,13824,3.246700694976397e-09,3.0903773213955815e-10
52,8,2,13824,2.4568369282087497e-10,1.2769628692683134e-10
52,8,3,13824,8.880752960814241e-10,-2.349732243839279e-10
52,8,4,13824,-1.116428985106031e-09,5.219002745395409e-11
53,1,0,13824,1.752883340842463e-07,0.0
53,1,1,13824,1.020312319175858e-07,-4.1450137263774773e-10
53,1,2,13824,7.441212962728672e-08,-1.01288509840118e-09
53,1,3,13824,5.703353791919935e-08,-1.3502271362661788e-09
53,1,4,13824,4.3711575896365167e-08,-1.6723241876459252e-09
53,2,0,13824,1.7205784807570592e-07,0.0
53,2,1,13824,6.17712728241073e-08,-9.049942238514456e-11
53,2,2,13824,3.5909222408779674e-08,-1.5036547561096974e-10
53,2,3,13824,2.4399423738273918e-08,-3.102473378994049e-10
53,2,4,13824,1.6861879138860262e-08,2.0082327003987613e-10
53,3,0,13824,1.74591501012125e-07,0.0
53,3,1,13824,3.864027112872362e-08,-4.737317095506782e-10
53,3,2,13824,1.763163822932207e-08,-5.239786841679611e-10
53,3,3,13824,1.0184308710226544e-08,-2.134420376938819e-10
53,3,4,13824,6.497252503892861e-09,4.68711217559572e-10
53,4,0,13824,1.7316509007849572e-07,0.0
53,4,1,13824,2.405561773030917e-08,-1.7633971724376037e-10
53,4,2,13824,8.702852853218138e-09,-6.074047285530521e-10
53,4,3,13824,4.728577964430111e-09,-4.1561663511462703e-10
53,4,4,13824,2.441064437938168e-09,1.0033946012705179e-10
53,5,0,13824,1.7556623583443162e-07,0.0
53,5,1,13824,1.5358671789750518e-08,-3.093872234360187e-11
53,5,2,13824,4.722855302364002e-09,7.985480756194497e-11
53,5,3,13824,1.7997126030480025e-09,-3.1649364992375487e-10
53,5,4,13824,7.14884457405222e-10,-1.5176292078969835e-10
53,6,0,13824,1.735405192655254e-07,0.0
53,6,1,13824,9.438497673990192e-09,1.1908389652158378e-11
53,6,2,13824,2.3986125219265077e-09,2.914429888418851e-10
53,6,3,13824,1.1182213607328123e-09,-2.2959909797256288e-10
53,6,4,13824,1.8712934935938424e-10,-3.452207851344063e-10
53,7,0,13824,1.733945701097676e-07,0.0
53,7,1,13824,5.034530349800315e-09,9.96100533744785e-11
53,7,2,13824,1.6000903293385814e-09,1.5055588605142384e-10
53,7,3,13824,4.1516287973441645e-10,-2.2269400907223426e-10
53,7,4,13824,1.338754342381607e-10,-2.3711054530873205e-10
53,8,0,13824,1.7459675043983107e-07,0.0
53,8,1,13824,3.417894175389303e-09,6.932217051272884e-11
53,8,2,13824,7.868381371050279e-10,6.09474753474833e-10
53,8,3,13824,2.3912840855676637e-10,3.318953522949956e-10
53,8,4,13824,-1.7617893097682015e-11,-9.474176250055053e-11
54,1,0,13824,1.7738496567159241e-07,0.0
54,1,1,13824,1.0230067407964391e-07,-7.883337253430803e-10
54,1,2,13824,7.412027600505096e-08,-8.092737034347828e-10
54,1,3,13824,5.8217253969626496e-08,-1.1346271537400295e-09
54,1,4,13824,4.557257713719265e-08,-1.0003479816565014e-09
54,2,0,13824,1.7506541378387386e-07,0.0
54,2,1,13824,6.070528882771005e-08,-5.791208042684288e-10
54,2,2,13824,3.4947662750938047e-08,-1.1719635315138194e-10
54,2,3,13824,2.3619717108201062e-08,3.9216680017795776e-12
54,2,4,13824,1.685788166060267e-08,-2.597757710851548e-10
54,3,0,13824,1.7431564102208284e-07,0.0
54,3,1,13824,3.7569545682593725e-08,1.5022611964380684e-10
54,3,2,13824,1.7077142517361693e-08,1.5203106765012195e-10
54,3,3,13824,9.631640460666183e-09,1.926427840383207e-10
54,3,4,13824,6.05989939125315e-09,1.8365293459854242e-10
54,4,0,13824,1.743257068893621e-07,0.0
54,4,1,13824,2.4094725556433105e-08,1.1485194952397695e-10
54,4,2,13824,8.985226006848337e-09,-3.723640905406707e-10
54,4,3,13824,4.439937950555176e-09,-4.23395374560261e-11
54,4,4,13824,2.4183450440451087e-09,-4.702554030343147e-10
54,5,0,13824,1.750636813871933e-07,0.0
54,5,1,13824,1.5249040058619483e-08,-2.2388949548961517e-10
54,5,2,13824,5.113214626938282e-09,-3.98107835342996e-10
54,5,3,13824,2.2240410731448097e-09,2.591490127215332e-10
54,5,4,13824,8.405870850639403e-10,1.8019127847461494e-10
54,6,0,13824,1.747614061628627e-07,0.0
54,6,1,13824,8.816697026290179e-09,5.033906688548377e-11
54,6,2,13824,2.656875441345452e-09,-4.4913476705052817e-10
54,6,3,13824,8.473462592423872e-10,2.7245927947371363e-10
54,6,4,13824,8.145066809401611e-10,2.0460523262990798e-10
54,7,0,13824,1.7208536558584914e-07,0.0
54,7,1,13824,5.226469044552152e-09,1.0328390269536771e-10
54,7,2,13824,9.325910245023132e-10,-6.304526115326193e-12
54,7,3,13824,7.52994590565922e-10,-2.1925834335522398e-10
54,7,4,13824,4.5175566350925947e-10,1.9492961390658971e-10
54,8,0,13824,1.73619577576088e-07,0.0
54,8,1,13824,3.72179385652975e-09,2.1905534800530995e-10
54,8,2,13824,2.8392001827422623e-10,8.141324512297884e-12
54,8,3,13824,-4.2845795658715667e-11,-3.036002000044405e-10
54,8,4,13824,3.3534766514857076e-10,-3.48345730620266e-10
55,1,0,13824,1.7706345630212505e-07,0.0
55,1,1,13824,1.0320321169512596e-07,-8.603028967464594e-10
55,1,2,13824,7.565771053648348e-08,-1.451576072983677e-09
55,1,3,13824,5.908745275270394e-08,-1.3377589665876553e-09
55,1,4,13824,4.668200792955809e-08,-1.1191366817328789e-09
55,2,0,13824,1.7425253026939426e-07,0.0
55,2,1,13824,6.254794936086947e-08,-2.2238429791488694e-10
55,2,2,13824,3.663775149297469e-08,-6.891614786047932e-10
55,2,3,13824,2.501973297404223e-08,-4.088649383145697e-10
55,2,4,13824,1.7681856342889442e-08,-4.1193438243982863e-10
55,3,0,13824,1.7380291228995612e-07,0.0
55,3,1,13824,3.786241114508866e-08,-2.2000914261231865e-10
55,3,2,13824,1.726185296376632e-08,-4.4343149195544624e-10
55,3,3,13824,1.0260770875139328e-08,-7.991683310163374e-11
55,3,4,13824,5.886356217869486e-09,-4.708403513751513e-10
55,4,0,13824,1.7440620718664823e-07,0.0
55,4,1,13824,2.3407806275415517e-08,-6.986478395778325e-10
55,4,2,13824,8.725868692394848e-09,-8.41244704461131e-10
55,4,3,13824,3.983085302230454e-09,-1.3232366166424914e-10
55,4,4,13824,2.191867315997994e-09,-3.9828813142457797e-10
55,5,0,13824,1.7556948430521115e-07,0.0
55,5,1,13824,1.4420601113946795e-08,-5.173015729720504e-10
55,5,2,13824,4.552742128919466e-09,-3.281809825010122e-10
55,5,3,13824,1.5911254019059284e-09,1.9880415257444857e-10
55,5,4,13824,7.585555125816107e-11,3.828915288734585e-10
55,6,0,13824,1.7462749512657165e-07,0.0
55,6,1,13824,8.771920569916854e-09,-4.227572064914828e-10
55,6,2,13824,2.8086687546517527e-09,6.848447422797464e-10
55,6,3,13824,5.105103631356645e-10,-1.6426651898845742e-10
55,6,4,13824,1.6006318239626416e-10,9.336823185139208e-11
55,7,0,13824,1.7443747320874482e-07,0.0
55,7,1,13824,5.2204385998643e-09,7.042446852951515e-11
55,7,2,13824,1.296127770076374e-09,6.70997884989344e-10
55,7,3,13824,3.7213853244398844e-10,-6.382077050739427e-10
55,7,4,13824,1.477449778321082e-10,3.4273291984316267e-10
55,8,0,13824,1.74098874363726e-07,0.0
55,8,1,13824,3.278849475979562e-09,-4.1845485371015334e-10
55,8,2,13824,2.5583193345662095e-10,1.5367081435533191e-10
55,8,3,13824,2.3378526691291677e-10,1.986281212941908e-10
55,8,4,13824,3.5386493197567265e-10,-1.0199581668583146e-10
56,1,0,13824,1.7881625262706484e-07,0.0
56,1,1,13824,1.0317300832041547e-07,-2.68931401434312e-10
56,1,2,13824,7.55328894074323e-08,-1.2520122367496974e-10
56,1,3,13824,5.9067977136024875e-08,-1.5677545207893682e-10
56,1,4,13824,4.663286838286119e-08,-3.661269378584751e-10
56,2,0,13824,1.741010410328669e-07,0.0
56,2,1,13824,6.110986057572995e-08,-1.0044431001832785e-09
56,2,2,13824,3.509195828207794e-08,-1.277338798295478e-09
56,2,3,13824,2.331662942616094e-08,-1.3443295064373889e-09
56,2,4,13824,1.6652517460387714e-08,-9.989812741650904e-10
56,3,0,13824,1.7631282765527129e-07,0.0
56,3,1,13824,3.8408388713597683e-08,-6.129884084871124e-10
56,3,2,13824,1.8420144341760088e-08,-2.4420243793796623e-10
56,3,3,13824,1.1001396768704215e-08,-9.579489877741842e-10
56,3,4,13824,6.214930812608077e-09,-6.574414940988921e-10
56,4,0,13824,1.7361991427287356e-07,0.0
56,4,1,13824,2.3020976074439456e-08,-4.82034077524549e-10
56,4,2,13824,8.752110717912887e-09,-8.208420121863369e-10
56,4,3,13824,5.01998813719768e-09,-4.356685239254448e-10
56,4,4,13824,2.4382546843105623e-09,-3.470963121371485e-10
56,5,0,13824,1.754171002122251e-07,0.0
56,5,1,13824,1.4342704650579722e-08,2.199101031837218e-11
56,5,2,13824,4.386346614548571e-09,-2.2499115597995306e-10
56,5,3,13824,2.2428151398033256e-09,3.5393236218263377e-10
56,5,4,13824,1.4716555055589303e-09,-2.443549469483284e-10
56,6,0,13824,1.7315258507609497e-07,0.0
56,6,1,13824,8.721362619528522e-09,-2.417802135314272e-10
56,6,2,13824,1.8208650947089171e-09,-2.809034212543437e-10
56,6,3,13824,1.092161819615504e-09,4.1574608560432437e-10
56,6,4,13824,2.934012441702696e-10,-1.7713710984971345e-10
56,7,0,13824,1.7234998910306902e-07,0.0
56,7,1,13824,5.639605938540275e-09,-2.36909187364012e-10
56,7,2,13824,1.03580591757079e-09,-1.8436042370625595e-10
56,7,3,13824,9.167206460125347e-10,4.429404285197006e-10
56,7,4,13824,-4.2007271049598945e-11,5.00358748580286e-10
56,8,0,13824,1.7408144301958976e-07,0.0
56,8,1,13824,3.3739195404309606e-09,-2.903350630879798e-10
56,8,2,13824,1.0823783603709558e-09,4.502507856502831e-10
56,8,3,13824,6.079686077923964e-10,-4.728000323692129e-10
56,8,4,13824,2.7096243865306534e-10,-1.2490480802556315e-10
57,1,0,13824,1.7713560287221957e-07,0.0
57,1,1,13824,1.021282877465498e-07,6.072095993461444e-10
57,1,2,13824,7.42320579973177e-08,1.1363503781247343e-09
57,1,3,13824,5.74261771529633e-08,1.1677361035014437e-09
57,1,4,13824,4.4998056066999136e-08,1.4756168257595935e-09
57,2,0,13824,1.7315251096802762e-07,0.0
57,2,1,13824,6.125873823360281e-08,-1.6221659373615345e-10
57,2,2,13824,3.476026659005159e-08,3.288056860827518e-11
57,2,3,13824,2.283122394632087e-08,1.2015463275036788e-10
57,2,4,13824,1.6137412227534606e-08,8.904522447463675e-11
57,3,0,13824,1.7357812436014827e-07,0.0
57,3,1,13824,3.7862939633770105e-08,-1.6672674229806308e-10
57,3,2,13824,1.744575200349219e-08,6.306885099457266e-11
57,3,3,13824,9.730155500007034e-09,2.4950821402546456e-10
57,3,4,13824,6.702405028975623e-09,8.215212099845952e-10
57,4,0,13824,1.7510432980921042e-07,0.0
57,4,1,13824,2.3977473556455087e-08,2.662344918852387e-10
57,4,2,13824,8.835669746252837e-09,2.0423750039409525e-10
57,4,3,13824,4.6926843752675815e-09,4.6008095626511577e-10
57,4,4,13824,2.6450246314992684e-09,4.678902582392547e-11
57,5,0,13824,1.7285972501360931e-07,0.0
57,5,1,13824,1.4727493614320227e-08,2.0678049168160527e-10
57,5,2,13824,4.900199421075253e-09,-6.227292937764369e-10
57,5,3,13824,2.1373019721484667e-09,2.8596414849504584e-10
57,5,4,13824,1.3827179898453293e-09,1.7769279701319786e-10
57,6,0,13824,1.750071163484099e-07,0.0
57,6,1,13824,9.183802129890952e-09,-2.458299220604428e-10
57,6,2,13824,2.045063019812988e-09,-5.535397426436612e-10
57,6,3,13824,1.1309223394792126e-09,-6.382692457050212e-10
57,6,4,13824,5.184558041954985e-10,-1.9231095178887374e-10
57,7,0,13824,1.731003845536454e-07,0.0
57,7,1,13824,5.6143377156406255e-09,-2.79360428722482e-10
57,7,2,13824,1.047856857826038e-09,-4.862431511017311e-10
57,7,3,13824,9.677048273483579e-10,-1.997804113208472e-10
57,7,4,13824,-2.9365388960832635e-11,-2.8485250161438733e-10
57,8,0,13824,1.7416372998177876e-07,0.0
57,8,1,13824,4.127202447715671e-09,-1.1445033803641621e-11
57,8,2,13824,-1.1616827829050125e-10,-5.411623373719996e-10
57,8,3,13824,3.904139280144744e-10,-1.5546642275549957e-10
57,8,4,13824,1.167211625603752e-10,-2.3642850397119307e-10
58,1,0,13824,1.770552592944774e-07,0.0
58,1,1,13824,1.0346510066497442e-07,4.765748946459115e-10
58,1,2,13824,7.699312249302517e-08,1.0440849048682696e-09
58,1,3,13824,6.140101199141275e-08,1.3624497264694614e-09
58,1,4,13824,5.013565410844112e-08,1.5685698484451493e-09
58,2,0,13824,1.7301952832188467e-07,0.0
58,2,1,13824,6.110610817393475e-08,8.29987112232056e-12
58,2,2,13824,3.527057192029447e-08,-3.427363393332155e-11
58,2,3,13824,2.4632424364438928e-08,-6.671789264475048e-11
58,2,4,13824,1.764629395519595e-08,-1.4055265137619438e-10
58,3,0,13824,1.731287093570691e-07,0.0
58,3,1,13824,3.815471885622021e-08,-1.0687820107852053e-10
58,3,2,13824,1.7020382720916262e-08,-3.4172989923680304e-10
58,3,3,13824,1.0619752792636434e-08,5.504012351347604e-10
58,3,4,13824,7.027624488633053e-09,3.2356940792601197e-10
58,4,0,13824,1.744008280846666e-07,0.0
58,4,1,13824,2.3178414238348305e-08,-9.246578472448018e-10
58,4,2,13824,8.68965210493373e-09,-2.9464970494077665e-10
58,4,3,13824,5.009500297953394e-09,7.727555658698481e-10
58,4,4,13824,2.9566643549127983e-09,-1.9937341256469334e-11
58,5,0,13824,1.746688063845754e-07,0.0
58,5,1,13824,1.4176543301402394e-08,-2.5463286112536154e-10
58,5,2,13824,3.644704723188206e-09,2.387668570881697e-10
58,5,3,13824,2.151053260018223e-09,3.3809990178563677e-10
58,5,4,13824,1.392922487776337e-09,-2.2754924814655038e-11
58,6,0,13824,1.734769009793349e-07,0.0
58,6,1,13824,8.986813626015285e-09,-1.7322893909719708e-10
58,6,2,13824,1.9547313705887094e-09,-2.0347046204004156e-10
58,6,3,13824,1.1510343497590481e-09,4.0103681956512354e-10
58,6,4,13824,7.01367044165403e-11,-4.1772801231154675e-10
58,7,0,13824,1.7371479964208785e-07,0.0
58,7,1,13824,4.490157051277126e-09,-5.514937516762914e-10
58,7,2,13824,7.140333014640978e-10,2.1553785539693112e-10
58,7,3,13824,4.714448704297971e-10,-3.8012737369360057e-10
58,7,4,13824,-1.1575802998689958e-10,-4.920505709937277e-10
58,8,0,13824,1.7339014732985784e-07,0.0
58,8,1,13824,3.1223700482342025e-09,-3.514089052623148e-10
58,8,2,13824,8.89725528048747e-10,3.8714443923047925e-10
58,8,3,13824,8.563412338036669e-11,6.514289632178536e-10
58,8,4,13824,-3.172842769116787e-10,-3.677524318845369e-10
59,1,0,13824,1.773031725980238e-07,0.0
59,1,1,13824,1.0298184942136212e-07,1.6831266955738733e-10
59,1,2,13824,7.552121864341773e-08,2.3456447491040765e-10
59,1,3,13824,5.9462222275958786e-08,3.264319461608472e-10
59,1,4,13824,4.71434156761843e-08,2.4644164923788793e-10
59,2,0,13824,1.764759556963209e-07,0.0
59,2,1,13824,6.323757564716464e-08,4.1526964067411844e-10
59,2,2,13824,3.709320400784122e-08,6.527249950812715e-10
59,2,3,13824,2.5710104435116957e-08,3.2013567820643134e-10
59,2,4,13824,1.8595963046934653e-08,4.2442053417461725e-11
59,3,0,13824,1.7574501541844753e-07,0.0
59,3,1,13824,3.856065610236405e-08,-1.0324304943537086e-10
59,3,2,13824,1.8491514396127698e-08,-3.982151113396295e-10
59,3,3,13824,1.1205048425888775e-08,-2.4161992051007437e-11
59,3,4,13824,7.60045081777538e-09,-5.861556180655382e-10
59,4,0,13824,1.7475621014024396e-07,0.0
59,4,1,13824,2.4303241293120576e-08,3.002177272357799e-10
59,4,2,13824,9.48071198298649e-09,-3.2787351499476826e-10
59,4,3,13824,4.3789375916842746e-09,-2.1725357648203428e-10
59,4,4,13824,3.3711271277247284e-09,1.3727540269468082e-10
59,5,0,13824,1.7586854951219003e-07,0.0
59,5,1,13824,1.4590394197786688e-08,-4.321759734629768e-10
59,5,2,13824,4.18842015081854e-09,-7.740339113362375e-11
59,5,3,13824,1.6594095295463009e-09,-2.570002293604047e-10
59,5,4,13824,1.1179375666974546e-09,-8.476521917485411e-10
59,6,0,13824,1.7537161900617043e-07,0.0
59,6,1,13824,8.890716709891766e-09,-1.715998054692675e-10
59,6,2,13824,1.1816215203528755e-09,-3.180837363654993e-10
59,6,3,13824,6.804689673853089e-10,-4.4198828780183527e-10
59,6,4,13824,4.291008698403515e-10,-2.3356527462222192e-11
59,7,0,13824,1.738484021751287e-07,0.0
59,7,1,13824,5.677842076344747e-09,-1.5458345029491e-10
59,7,2,13824,3.991863897753468e-10,-1.1392141847856468e-10
59,7,3,13824,4.821519966578815e-10,1.4118471935106063e-11
59,7,4,13824,7.041600964574773e-10,7.435543548094848e-10
59,8,0,13824,1.7295448568180624e-07,0.0
59,8,1,13824,3.966333750511518e-09,-2.6316315159067253e-10
59,8,2,13824,1.5881746932879592e-10,-1.192134596950228e-10
59,8,3,13824,-1.23332372462556e-10,3.488842375750924e-10
59,8,4,13824,8.112228110712455e-11,8.810684673639786e-10
60,1,0,13824,1.770479491387389e-07,0.0
60,1,1,13824,1.0207723724408416e-07,-9.663423480331293e-11
60,1,2,13824,7.424010849955935e-08,-1.969193287940478e-10
60,1,3,13824,5.7638178538772055e-08,-1.615946393221361e-10
60,1,4,13824,4.465890138926193e-08,-7.319695728144726e-11
60,2,0,13824,1.7768993463118007e-07,0.0
60,2,1,13824,6.344402675031543e-08,4.3031744440371885e-10
60,2,2,13824,3.8007464522063383e-08,2.4101256070891156e-11
60,2,3,13824,2.570659472435563e-08,-4.3546824244013004e-10
60,2,4,13824,1.8411896241906928e-08,-7.285505945861901e-10
60,3,0,13824,1.7654723588721233e-07,0.0
60,3,1,13824,3.876400414883765e-08,-3.298643537660667e-11
60,3,2,13824,1.9377998646839522e-08,1.1568833139523149e-10
60,3,3,13824,1.2306527240183356e-08,1.281904740015666e-10
60,3,4,13824,7.799580835588092e-09,-5.1814017216360145e-11
60,4,0,13824,1.7669482816054548e-07,0.0
60,4,1,13824,2.427606401942134e-08,-1.6175426663385893e-11
60,4,2,13824,9.338987443086028e-09,-3.2154248420610014e-10
60,4,3,13824,5.697884603210798e-09,-2.1339778200461782e-11
60,4,4,13824,3.1791404239389994e-09,-5.5404641209825e-10
60,5,0,13824,1.7506569431801464e-07,0.0
60,5,1,13824,1.494876351788253e-08,1.148798284397869e-10
60,5,2,13824,4.804672851340675e-09,-3.9086142957502944e-10
60,5,3,13824,2.260871642590141e-09,1.9696086356239125e-12
60,5,4,13824,1.0098435113015453e-09,-4.861970404287408e-10
60,6,0,13824,1.723033413961893e-07,0.0
60,6,1,13824,9.454213900133328e-09,9.69861529558965e-10
60,6,2,13824,2.326122271226413e-09,4.1709239127466165e-10
60,6,3,13824,8.525265218946949e-10,-2.7600863366276315e-10
60,6,4,13824,8.945935940692063e-10,-2.5801911450972627e-10
60,7,0,13824,1.725384941724211e-07,0.0
60,7,1,13824,6.320972410881069e-09,5.035131980396008e-10
60,7,2,13824,9.779852095070465e-10,-2.962910360506818e-10
60,7,3,13824,5.889329300089458e-10,-7.55193780279405e-10
60,7,4,13824,5.320567698520792e-10,-3.5696780707327186e-10
60,8,0,13824,1.7639796450786443e-07,0.0
60,8,1,13824,4.255362630040704e-09,-3.248347143875924e-10
60,8,2,13824,1.5987876513273253e-10,-2.809354631342124e-10
60,8,3,13824,-2.362261020178432e-10,-6.066669097400255e-10
60,8,4,13824,5.022346575791847e-10,-7.891343406220096e-12
61,1,0,13824,1.7846529972614854e-07,0.0
61,1,1,13824,1.0276380570822456e-07,7.85057907816947e-10
61,1,2,13824,7.502597665961546e-08,1.5616098096653512e-09
61,1,3,13824,5.7373990205616366e-08,1.7444769052016903e-09
61,1,4,13824,4.4802882205700015e-08,1.825867830633146e-09
61,2,0,13824,1.7569093435630807e-07,0.0
61,2,1,13824,6.197648621631161e-08,1.5244495795144428e-11
61,2,2,13824,3.5544399244752554e-08,-8.489758616820905e-11
61,2,3,13824,2.3727586666251658e-08,1.811003047012111e-10
61,2,4,13824,1.6874620669197892e-08,2.258132640608246e-10
61,3,0,13824,1.7568610618880003e-07,0.0
61,3,1,13824,3.832531244226234e-08,9.28650634633666e-11
61,3,2,13824,1.811782577601833e-08,1.7776647983302535e-10
61,3,3,13824,1.1411991320424701e-08,-8.917226055719466e-11
61,3,4,13824,7.707375949444797e-09,-5.5648656018252286e-11
61,4,0,13824,1.7293469898257648e-07,0.0
61,4,1,13824,2.3270526141381262e-08,-4.663401761755879e-10
61,4,2,13824,9.373317532903095e-09,-3.9654200149181736e-10
61,4,3,13824,5.00101094675509e-09,1.8484927962845186e-10
61,4,4,13824,3.5648615354041153e-09,2.0938237602615e-10
61,5,0,13824,1.7346023133406017e-07,0.0
61,5,1,13824,1.4390951486999241e-08,-6.011400899824777e-11
61,5,2,13824,4.6032639660729255e-09,8.914274116400171e-11
61,5,3,13824,1.9175608282210516e-09,-3.580621485038065e-10
61,5,4,13824,1.6817864809332236e-09,1.996269997241541e-10
61,6,0,13824,1.7408651909673473e-07,0.0
61,6,1,13824,9.269871117642757e-09,-2.918587622359577e-11
61,6,2,13824,2.5182215340289647e-09,-5.585165841335921e-11
61,6,3,13824,8.3173842859192e-10,-5.686288940172643e-10
61,6,4,13824,1.210793949541013e-09,-7.207453440987662e-10
61,7,0,13824,1.7490633629378683e-07,0.0
61,7,1,13824,6.5807700017804275e-09,1.048266404746709e-10
61,7,2,13824,1.2641991467143536e-09,5.373421764454035e-10
61,7,3,13824,6.892720309528056e-10,-5.927738630594312e-11
61,7,4,13824,4.955320532507905e-10,-4.0183224717064194e-10
61,8,0,13824,1.733170958084064e-07,0.0
61,8,1,13824,3.5000843988623334e-09,5.19882597768382e-10
61,8,2,13824,2.591144020104462e-10,2.0822041668329972e-10
61,8,3,13824,-1.7373154789410356e-10,-2.6096909910826104e-10
61,8,4,13824,1.3057724313964726e-10,-3.655292930116112e-10
62,1,0,13824,1.788166296400646e-07,0.0
62,1,1,13824,1.0377193971240032e-07,-9.572538332834261e-10
62,1,2,13824,7.577755729118024e-08,-1.63443703548617e-09
62,1,3,13824,5.9080784622074247e-08,-1.8623358991119758e-09
62,1,4,13824,4.6286687183675474e-08,-2.005787897681754e-09
62,2,0,13824,1.752627886529499e-07,0.0
62,2,1,13824,6.244257313155378e-08,-1.8483359819217253e-10
62,2,2,13824,3.6499594287546515e-08,-3.1437567346913743e-10
62,2,3,13824,2.435854274540114e-08,-4.917996641174376e-10
62,2,4,13824,1.7055774449995668e-08,-4.4279651215942243e-10
62,3,0,13824,1.759620162505418e-07,0.0
62,3,1,13824,3.877963513471723e-08,-8.463124684226152e-11
62,3,2,13824,1.817915868807955e-08,4.5789202739095784e-10
62,3,3,13824,1.0603162392060912e-08,1.2567572136523207e-10
62,3,4,13824,7.132427082073992e-09,-2.885889304296849e-10
62,4,0,13824,1.7652656296563403e-07,0.0
62,4,1,13824,2.4326297716625744e-08,-1.2701049358034095e-10
62,4,2,13824,9.45102286866123e-09,3.4308073922433605e-10
62,4,3,13824,4.977654174152802e-09,1.8832004144946678e-10
62,4,4,13824,2.5947002851165535e-09,-1.3222024009256287e-10
62,5,0,13824,1.7538438290949621e-07,0.0
62,5,1,13824,1.5301793728363678e-08,2.0705071294200354e-10
62,5,2,13824,4.831685030460246e-09,-1.2245177430998824e-10
62,5,3,13824,2.342140025978103e-09,-3.17309028039066e-10
62,5,4,13824,1.0118677753541798e-09,5.491268003220031e-11
62,6,0,13824,1.7395133370018429e-07,0.0
62,6,1,13824,9.320963911423268e-09,1.1183677117186862e-09
62,6,2,13824,2.252145257449971e-09,4.950472937217568e-10
62,6,3,13824,8.893829116534876e-10,5.1897894750828335e-11
62,6,4,13824,8.281783923025283e-12,-1.0074045493825126e-10
62,7,0,13824,1.7381507751918851e-07,0.0
62,7,1,13824,6.251263972582612e-09,3.2199790081636494e-10
62,7,2,13824,1.5233009248236316e-09,-6.555761634316495e-10
62,7,3,13824,7.159517243905844e-10,7.162601866037278e-10
62,7,4,13824,2.531297630167824e-10,1.5434039206044956e-10
62,8,0,13824,1.7489951978533418e-07,0.0
62,8,1,13824,4.3333416116029794e-09,3.444802377461871e-10
62,8,2,13824,7.94057245569873e-11,-1.8094959960720748e-10
62,8,3,13824,1.5052161105731436e-10,9.473729532822176e-10
62,8,4,13824,2.701964513511864e-10,6.729394047915861e-11
63,1,0,13824,1.7697642898617825e-07,0.0
63,1,1,13824,1.0244856377742077e-07,-4.950256098240549e-10
63,1,2,13824,7.571114312768047e-08,-6.524155315629768e-10
63,1,3,13824,5.978849801289781e-08,-8.361766865852145e-10
63,1,4,13824,4.767986823096293e-08,-7.150207088514218e-10
63,2,0,13824,1.737688254142899e-07,0.0
63,2,1,13824,6.203791949194779e-08,-1.1425348875349556e-10
63,2,2,13824,3.609367554830025e-08,1.7908903208710412e-10
63,2,3,13824,2.411706102581012e-08,8.638848345393522e-11
63,2,4,13824,1.6917544078180456e-08,1.7399020782112988e-11
63,3,0,13824,1.730497971383486e-07,0.0
63,3,1,13824,3.8088730984879305e-08,-3.3358411151046825e-10
63,3,2,13824,1.7300255848115546e-08,2.5105959626846355e-10
63,3,3,13824,9.961025585785214e-09,2.6557269844024324e-11
63,3,4,13824,5.817041305304042e-09,6.007160901231112e-11
63,4,0,13824,1.7523638524135176e-07,0.0
63,4,1,13824,2.367405701898902e-08,-1.6649234639538376e-10
63,4,2,13824,8.4885240750072e-09,6.785665722839874e-10
63,4,3,13824,4.377208984158477e-09,-1.9884297634891618e-11
63,4,4,13824,2.1329532701457757e-09,-1.5878676155497231e-10
63,5,0,13824,1.7399757469207138e-07,0.0
63,5,1,13824,1.3733978184041834e-08,-3.547574306779869e-10
63,5,2,13824,4.141906433199021e-09,1.825099252955611e-10
63,5,3,13824,1.9591485211222163e-09,-1.2310532833545686e-10
63,5,4,13824,8.976537821125162e-10,-3.106906327122478e-11
63,6,0,13824,1.722124842869629e-07,0.0
63,6,1,13824,8.162040907979223e-09,1.1320199361699676e-10
63,6,2,13824,1.6370953054427384e-09,3.9065816225190647e-10
63,6,3,13824,8.413531114303644e-10,-5.532047795086436e-10
63,6,4,13824,2.4669634758182507e-10,1.906727981619808e-10
63,7,0,13824,1.7080044883646982e-07,0.0
63,7,1,13824,6.066833147982066e-09,-2.4062630885637237e-10
63,7,2,13824,8.943381108748598e-10,1.4268635855611552e-10
63,7,3,13824,8.525988043458961e-10,4.1300085020454324e-10
63,7,4,13824,-2.3783751660114913e-10,-4.1397822905154016e-10
63,8,0,13824,1.7181334128513863e-07,0.0
63,8,1,13824,3.292564657464061e-09,-1.5734442795607996e-10
63,8,2,13824,2.8857842737832667e-10,5.193942772862553e-10
63,8,3,13824,3.6533686297349885e-10,4.1300123030138783e-10
63,8,4,13824,-5.639791008228174e-11,-1.9884942072736084e-10
64,1,0,13824,1.7703615678162767e-07,0.0
64,1,1,13824,1.0262154355900859e-07,7.08803880855791e-10
64,1,2,13824,7.503743652021498e-08,1.0767470946769072e-09
64,1,3,13824,5.8306411035926725e-08,1.1436164516424857e-09
64,1,4,13824,4.514266267448952e-08,1.2172906765565776e-09
64,2,0,13824,1.7598817008813913e-07,0.0
64,2,1,13824,6.169056236335492e-08,3.3420073925114334e-10
64,2,2,13824,3.576552547263331e-08,5.28728145091134e-10
64,2,3,13824,2.4891409119561327e-08,5.512160646098195e-10
64,2,4,13824,1.6937799686275823e-08,8.959793168269194e-10
64,3,0,13824,1.7483794446518984e-07,0.0
64,3,1,13824,3.758544419203507e-08,6.8301264489102e-11
64,3,2,13824,1.7206659066127687e-08,3.4036145578886713e-10
64,3,3,13824,1.0882316628707862e-08,4.5414418127982047e-10
64,3,4,13824,6.329896091934509e-09,5.411381804766008e-10
64,4,0,13824,1.7449115863233507e-07,0.0
64,4,1,13824,2.3386051523421348e-08,-5.817998407309208e-10
64,4,2,13824,8.760387350824182e-09,1.2306922488739676e-10
64,4,3,13824,4.9533712683105815e-09,-5.642886056454094e-11
64,4,4,13824,3.2498732276380976e-09,-8.215495142183127e-10
64,5,0,13824,1.7425770940627512e-07,0.0
64,5,1,13824,1.3462091387749924e-08,3.004489503359643e-11
64,5,2,13824,4.491925192031048e-09,8.399471143900441e-11
64,5,3,13824,2.5413661314159345e-09,-3.21077040749194e-11
64,5,4,13824,1.268975047327542e-09,1.3432720566657447e-11
64,6,0,13824,1.762666569811842e-07,0.0
64,6,1,13824,8.238508160978041e-09,-2.7676484119282757e-10
64,6,2,13824,2.172161129882895e-09,5.0554409643105405e-11
64,6,3,13824,1.1533109227536954e-09,4.2858361055198174e-11
64,6,4,13824,3.6980263635251103e-10,-5.103292920827579e-10
64,7,0,13824,1.7496549052844235e-07,0.0
64,7,1,13824,5.347424447459686e-09,3.462796125986809e-10
64,7,2,13824,6.588596941738658e-10,4.206441946581416e-10
64,7,3,13824,7.194019500009997e-10,2.3325167128322187e-10
64,7,4,13824,4.840708483865267e-10,-2.668299868090295e-10
64,8,0,13824,1.7590972550798112e-07,0.0
64,8,1,13824,3.4232728588577436e-09,1.16230597689384e-09
64,8,2,13824,4.706152689035622e-10,1.5671918932464445e-10
64,8,3,13824,-1.8739722311524332e-10,-1.5335866544827347e-10
64,8,4,13824,-1.9361567336548e-10,2.4518106104840075e-10
65,1,0,13824,1.7653940274473862e-07,0.0
65,1,1,13824,1.0278017983083302e-07,6.577265663154581e-10
65,1,2,13824,7.569996179900957e-08,1.2830620305007829e-09
65,1,3,13824,5.952571464882868e-08,1.6222078274155732e-09
65,1,4,13824,4.689723160699081e-08,1.7443186705969232e-09
65,2,0,13824,1.747132214704224e-07,0.0
65,2,1,13824,6.206575353116386e-08,-1.427931552123884e-10
65,2,2,13824,3.56048207965854e-08,3.275268888968267e-11
65,2,3,13824,2.4093788045680383e-08,-1.3669109787124613e-10
65,2,4,13824,1.6976676247732947e-08,-4.732826268424343e-10
65,3,0,13824,1.742446925231874e-07,0.0
65,3,1,13824,3.7948290250805036e-08,-1.439830027281281e-11
65,3,2,13824,1.7682227570225477e-08,2.6536543235464726e-10
65,3,3,13824,1.0325461570691925e-08,9.049767858101985e-10
65,3,4,13824,7.215912303954265e-09,2.5523684107543807e-10
65,4,0,13824,1.741535177193839e-07,0.0
65,4,1,13824,2.3525027798310126e-08,-2.3344924546708146e-11
65,4,2,13824,9.04736883402924e-09,3.9926876675017215e-10
65,4,3,13824,4.910580581064088e-09,3.6854826927660737e-10
65,4,4,13824,3.1425885833095772e-09,-6.082080426131574e-11
65,5,0,13824,1.742005035086741e-07,0.0
65,5,1,13824,1.4825041266471366e-08,-3.3651461979956443e-10
65,5,2,13824,4.80514303365269e-09,2.35329820736664e-10
65,5,3,13824,2.8414703243135764e-09,1.6057409525536607e-10
65,5,4,13824,1.5136268565059801e-09,-1.5089498592559648e-10
65,6,0,13824,1.738451028009988e-07,0.0
65,6,1,13824,9.134985008879318e-09,2.1820829807623441e-10
65,6,2,13824,2.007297758324352e-09,7.752933933031015e-10
65,6,3,13824,1.3000555257334827e-09,-1.041546099152937e-10
65,6,4,13824,8.822485285724075e-10,2.976875000023704e-11
65,7,0,13824,1.7456580315453216e-07,0.0
65,7,1,13824,6.032243655227325e-09,3.0664161576735823e-10
65,7,2,13824,5.209473811793909e-10,2.521192633462132e-10
65,7,3,13824,7.874690942788043e-10,-9.396436210295492e-11
65,7,4,13824,2.4124057108522292e-11,-1.7567206521307192e-10
65,8,0,13824,1.748733946212544e-07,0.0
65,8,1,13824,3.856857091941508e-09,-3.757445713883039e-11
65,8,2,13824,3.6980756471143323e-10,3.9378937056973934e-10
65,8,3,13824,-2.799834872785431e-10,-2.2658488483999497e-10
65,8,4,13824,2.909676828611139e-10,-4.015710389024265e-10
66,1,0,13824,1.7634966925535174e-07,0.0
66,1,1,13824,1.0221896799243617e-07,-1.0569699348721978e-09
66,1,2,13824,7.441705453620236e-08,-1.7280664428296195e-09
66,1,3,13824,5.710816729397763e-08,-2.1589677902297282e-09
66,1,4,13824,4.4721978268719735e-08,-2.326375520961158e-09
66,2,0,13824,1.7235254661455361e-07,0.0
66,2,1,13824,6.128458210806142e-08,-2.6431406606291417e-10
66,2,2,13824,3.5277039509668335e-08,-4.980691061385133e-10
66,2,3,13824,2.3133719702429336e-08,-5.721025972612723e-10
66,2,4,13824,1.6148128687113595e-08,-1.8342052706718694e-10
66,3,0,13824,1.7342295980363645e-07,0.0
66,3,1,13824,3.781761511877979e-08,-2.0109494981167157e-11
66,3,2,13824,1.7495915055874964e-08,-7.332646846211089e-10
66,3,3,13824,1.0074814875153455e-08,-5.339086120239073e-10
66,3,4,13824,6.637741518893152e-09,-3.819337997013201e-10
66,4,0,13824,1.7437126999605623e-07,0.0
66,4,1,13824,2.356969834941706e-08,7.955135776365465e-10
66,4,2,13824,8.805097343658445e-09,-1.953146321819418e-10
66,4,3,13824,4.230590985589512e-09,5.970222913342452e-11
66,4,4,13824,2.211567583084008e-09,-3.605981336279393e-11
66,5,0,13824,1.7456556875591502e-07,0.0
66,5,1,13824,1.432876735698943e-08,9.518270045727132e-10
66,5,2,13824,4.657953620111938e-09,-8.534446208229007e-10
66,5,3,13824,1.548423506759505e-09,3.872679909083139e-10
66,5,4,13824,1.1161599712433077e-09,4.0321014145588053e-10
66,6,0,13824,1.7457129518180844e-07,0.0
66,6,1,13824,8.841447415594455e-09,9.71219287119749e-10
66,6,2,13824,2.358992482138235e-09,-8.843768017577937e-10
66,6,3,13824,1.4172688132914611e-09,1.6486741797371943e-10
66,6,4,13824,3.7171400483642685e-10,1.9905270961500099e-10
66,7,0,13824,1.7432859617840826e-07,0.0
66,7,1,13824,5.7116015308071885e-09,1.1222270323401251e-09
66,7,2,13824,1.2132030442380042e-09,-3.765273656455595e-10
66,7,3,13824,-8.441847974796116e-11,3.067128535376214e-10
66,7,4,13824,-1.0109420663442127e-11,4.4326822893928814e-10
66,8,0,13824,1.7438880896400352e-07,0.0
66,8,1,13824,3.823113746927809e-09,-3.8181660455970205e-10
66,8,2,13824,6.092729533961244e-10,2.1484671249178814e-10
66,8,3,13824,4.30291825040429e-10,-1.7130815964216161e-10
66,8,4,13824,-3.957879631343639e-10,2.0507581743836084e-10
67,1,0,13824,1.758582800941036e-07,0.0
67,1,1,13824,1.012993036125774e-07,4.603662451824411e-10
67,1,2,13824,7.343932449803774e-08,3.589721193360942e-10
67,1,3,13824,5.719415562471483e-08,4.110891399446123e-10
67,1,4,13824,4.422497971540101e-08,3.5546954748717075e-10
67,2,0,13824,1.7589418372354785e-07,0.0
67,2,1,13824,6.174119696658497e-08,6.883260328125575e-11
67,2,2,13824,3.514483682470814e-08,3.3597624542071666e-10
67,2,3,13824,2.4259555039026948e-08,6.338223727541666e-10
67,2,4,13824,1.7362099690093067e-08,3.4663766528497964e-10
67,3,0,13824,1.7541316217201835e-07,0.0
67,3,1,13824,3.8180200183026594e-08,-6.969523056368342e-10
67,3,2,13824,1.7547862534138512e-08,-6.862394304849773e-10
67,3,3,13824,1.1248442010964894e-08,-1.340538713420999e-09
67,3,4,13824,6.937516158105114e-09,-8.681471958697235e-10
67,4,0,13824,1.7551437720752798e-07,0.0
67,4,1,13824,2.3760584596347038e-08,-1.6748388326606197e-10
67,4,2,13824,9.538606307477564e-09,-8.577227833549522e-10
67,4,3,13824,4.845040184281703e-09,-8.232739678235262e-10
67,4,4,13824,2.4991279495543734e-09,-8.606067218110247e-10
67,5,0,13824,1.7526480784265587e-07,0.0
67,5,1,13824,1.4645835399178229e-08,-3.043590485584671e-10
67,5,2,13824,4.51271125824551e-09,-4.183376045453886e-10
67,5,3,13824,1.594564837559027e-09,-7.524203566389198e-11
67,5,4,13824,2.437556933950221e-10,-4.92790706550773e-10
67,6,0,13824,1.7485464334695016e-07,0.0
67,6,1,13824,9.214865132545913e-09,2.2624808816858925e-11
67,6,2,13824,2.29518528335625e-09,-2.7410381055584886e-10
67,6,3,13824,8.617448720952804e-10,-7.603531810586911e-10
67,6,4,13824,3.9054225267633224e-10,-4.527457543663291e-10
67,7,0,13824,1.7445231897065404e-07,0.0
67,7,1,13824,6.2283069024467405e-09,1.0619985063232194e-11
67,7,2,13824,1.115664239723702e-09,-9.685357922304461e-11
67,7,3,13824,-3.620976708218278e-12,4.875933186565619e-10
67,7,4,13824,1.6820908081074261e-10,-2.66170455771088e-10
67,8,0,13824,1.72901101575735e-07,0.0
67,8,1,13824,4.110160320983083e-09,3.518814195191291e-10
67,8,2,13824,7.534779040970622e-10,2.0867747085326128e-10
67,8,3,13824,3.6874750418001945e-11,1.1932684923823492e-10
67,8,4,13824,-1.512058634726997e-10,4.0044790398594463e-10
68,1,0,13824,1.7732623104231777e-07,0.0
68,1,1,13824,1.0203092454121177e-07,-3.3497382768292983e-10
68,1,2,13824,7.41754590410682e-08,-1.2894623567846391e-09
68,1,3,13824,5.7939807370686595e-08,-1.7059695994899525e-09
68,1,4,13824,4.4677748863462234e-08,-2.2569831926249213e-09
68,2,0,13824,1.747985029917463e-07,0.0
68,2,1,13824,6.166023070506781e-08,-2.6893192384972555e-10
68,2,2,13824,3.503944272341527e-08,-3.493854462925675e-10
68,2,3,13824,2.3536590074147725e-08,-5.943232288676839e-10
68,2,4,13824,1.6722495878584608e-08,-4.443139081151592e-10
68,3,0,13824,1.7270418275044446e-07,0.0
68,3,1,13824,3.7929534744239537e-08,2.334648129809536e-10
68,3,2,13824,1.7428417445679855e-08,-1.960266942935499e-11
68,3,3,13824,1.0350585669736045e-08,-3.1868046397440356e-10
68,3,4,13824,7.288615054855834e-09,-1.064755027480521e-10
68,4,0,13824,1.7426023159053267e-07,0.0
68,4,1,13824,2.3793360854541625e-08,2.8461027836141494e-10
68,4,2,13824,8.676555303082233e-09,-1.50813152344763e-13
68,4,3,13824,4.541590449232866e-09,-9.105970033229992e-12
68,4,4,13824,3.001495831187577e-09,7.933394459121737e-11
68,5,0,13824,1.7366259053154929e-07,0.0
68,5,1,13824,1.524895205753182e-08,-1.1034357618623368e-10
68,5,2,13824,4.470562121502024e-09,-6.68273905884039e-10
68,5,3,13824,2.228736966653227e-09,5.876296976523927e-11
68,5,4,13824,3.8209919775296444e-10,-4.4189124331442095e-10
68,6,0,13824,1.753299379632153e-07,0.0
68,6,1,13824,9.810621745512324e-09,-1.598096017457946e-10
68,6,2,13824,2.031615304172744e-09,-8.541402483972194e-10
68,6,3,13824,7.898032615010208e-10,-4.222087421811766e-10
68,6,4,13824,4.5398651819346035e-10,2.7629000671974086e-10
68,7,0,13824,1.7449279275989302e-07,0.0
68,7,1,13824,5.942351946970251e-09,-1.409638761130227e-10
68,7,2,13824,1.059132522304003e-09,-4.984080253211308e-11
68,7,3,13824,4.0063546512705844e-10,-4.133120187673074e-11
68,7,4,13824,3.057101407852987e-10,-3.8857375474346314e-11
68,8,0,13824,1.7508862441604837e-07,0.0
68,8,1,13824,4.162362278126364e-09,-1.9075264407625412e-10
68,8,2,13824,1.1650896261289124e-09,1.869015668343768e-10
68,8,3,13824,3.5894094252116757e-11,2.383266465680937e-11
68,8,4,13824,1.6602957840432443e-10,-3.863700698561524e-10
69,1,0,13824,1.7742795762819767e-07,0.0
69,1,1,13824,1.0183134602378231e-07,-9.611189365487487e-10
69,1,2,13824,7.366807440133657e-08,-1.4622947440975878e-09
69,1,3,13824,5.672631485195284e-08,-1.3076725279589835e-09
69,1,4,13824,4.3733206400219386e-08,-1.2665287812400723e-09
69,2,0,13824,1.759006556691235e-07,0.0
69,2,1,13824,6.168023419419324e-08,-2.0848053312085326e-10
69,2,2,13824,3.5516313849860365e-08,-2.642223456730653e-10
69,2,3,13824,2.3883833199946462e-08,6.757609142532284e-11
69,2,4,13824,1.6836963090968078e-08,1.3608544314342108e-10
69,3,0,13824,1.7398234016530326e-07,0.0
69,3,1,13824,3.762632465944705e-08,1.867295836473292e-11
69,3,2,13824,1.755222290462154e-08,-7.927239358984144e-10
69,3,3,13824,1.0265510342633486e-08,-8.050169741194383e-10
69,3,4,13824,6.838991530826799e-09,-6.925883492338218e-10
69,4,0,13824,1.729517249554876e-07,0.0
69,4,1,13824,2.309508246092991e-08,-5.7202766750528507e-11
69,4,2,13824,8.842387030947585e-09,-3.094424599081298e-10
69,4,3,13824,4.403504315494218e-09,-1.9671796494239778e-10
69,4,4,13824,2.8010736610504965e-09,-5.048630350264992e-10
69,5,0,13824,1.747725267391326e-07,0.0
69,5,1,13824,1.4941793509290354e-08,-1.0707456451351566e-10
69,5,2,13824,4.93459334873253e-09,-2.97873942769743e-10
69,5,3,13824,2.396412458793553e-09,-3.786873600508019e-11
69,5,4,13824,8.854546753281584e-10,8.398170425983819e-11
69,6,0,13824,1.724385298055998e-07,0.0
69,6,1,13824,9.567754710112413e-09,2.561616423355725e-10
69,6,2,13824,2.346013757236066e-09,-4.870463763410657e-11
69,6,3,13824,3.1515324539050486e-10,8.835592333630551e-11
69,6,4,13824,7.805085613880783e-10,2.848547363077926e-10
69,7,0,13824,1.7524526150396345e-07,0.0
69,7,1,13824,6.179617532300114e-09,-2.7883544740774075e-10
69,7,2,13824,1.2031183024820257e-09,-2.10512939876088e-10
69,7,3,13824,4.5545313377723e-11,6.050064731806592e-10
69,7,4,13824,4.331745153942978e-10,2.1711577938089684e-10
69,8,0,13824,1.7552495514027334e-07,0.0
69,8,1,13824,3.76227672958015e-09,1.4824611951489826e-10
69,8,2,13824,7.016434853825853e-10,2.1521432747831682e-10
69,8,3,13824,-4.234678944262597e-10,6.931939689999785e-11
69,8,4,13824,1.4345724859033701e-11,2.693340206985496e-11
70,1,0,13824,1.7506248113882728e-07,0.0
70,1,1,13824,1.0138213027173038e-07,-4.111482375541223e-11
70,1,2,13824,7.443400522709767e-08,3.923107735491675e-10
70,1,3,13824,5.838707611422897e-08,2.048665716568351e-10
70,1,4,13824,4.568181248418944e-08,2.2225774628189842e-10
70,2,0,13824,1.7806390615392677e-07,0.0
70,2,1,13824,6.322384167537998e-08,-9.105574505090151e-11
70,2,2,13824,3.7102211721482575e-08,4.1644927076386997e-10
70,2,3,13824,2.4866023136992955e-08,-3.503571666685485e-10
70,2,4,13824,1.7064453158581854e-08,-7.024906819193437e-10
70,3,0,13824,1.7742944374451034e-07,0.0
70,3,1,13824,3.879826347329393e-08,-4.5238978708290024e-10
70,3,2,13824,1.832985234745355e-08,-3.1077371971923523e-10
70,3,3,13824,1.0363505422444466e-08,-7.950491563928898e-10
70,3,4,13824,7.209034594948111e-09,-9.121938728735856e-10
70,4,0,13824,1.7300401946292124e-07,0.0
70,4,1,13824,2.3311452717874903e-08,-1.1491339518802091e-11
70,4,2,13824,9.193717362060207e-09,4.4393219492069255e-10
70,4,3,13824,4.148881565138242e-09,1.6890200560990633e-11
70,4,4,13824,2.95691940412422e-09,-1.540179145472722e-10
70,5,0,13824,1.737572428039968e-07,0.0
70,5,1,13824,1.4607458856028072e-08,-8.991068447851194e-11
70,5,2,13824,4.4503416220793074e-09,-4.821154751246937e-10
70,5,3,13824,1.51634708491169e-09,8.59646486585027e-11
70,5,4,13824,1.1504128215361616e-09,-2.1864494647317107e-10
70,6,0,13824,1.741069230758736e-07,0.0
70,6,1,13824,9.327072293814447e-09,1.0305375988752999e-10
70,6,2,13824,2.5582070326448213e-09,-1.3449163768420763e-11
70,6,3,13824,4.380392191540378e-10,1.2520517219715455e-10
70,6,4,13824,4.4136594588570005e-10,3.340820335513944e-10
70,7,0,13824,1.7484462175848556e-07,0.0
70,7,1,13824,5.793361906335187e-09,4.583654240354342e-10
70,7,2,13824,1.3856918842278612e-09,-5.5591888055708065e-11
70,7,3,13824,1.991101537548427e-10,-3.521502134203904e-10
70,7,4,13824,-1.354649228482831e-10,-1.9280638065482247e-10
70,8,0,13824,1.7667189267715915e-07,0.0
70,8,1,13824,4.355393628557627e-09,-1.1337054506041058e-12
70,8,2,13824,1.1432341806290003e-09,6.922084654515235e-10
70,8,3,13824,-1.1712897658337726e-10,-2.038862253176128e-10
70,8,4,13824,1.291394571738544e-11,1.8621722346558262e-10
71,1,0,13824,1.7634040212452396e-07,0.0
71,1,1,13824,1.0187676069196084e-07,-2.7551518899135576e-11
71,1,2,13824,7.419928301667814e-08,3.045639773129733e-11
71,1,3,13824,5.7572453634524944e-08,5.620672188737287e-10
71,1,4,13824,4.5085085230674574e-08,6.324194627844429e-10
71,2,0,13824,1.7517611169839496e-07,0.0
71,2,1,13824,6.198949035564615e-08,8.655902654962908e-13
71,2,2,13824,3.561875312644679e-08,-1.6508883286995326e-10
71,2,3,13824,2.298667580264678e-08,1.4853709868331574e-10
71,2,4,13824,1.5498314008519274e-08,2.3403566456811933e-11
71,3,0,13824,1.743658424201384e-07,0.0
71,3,1,13824,3.8141584374918995e-08,-6.00365407390245e-10
71,3,2,13824,1.7230454494561807e-08,-5.238728431042419e-11
71,3,3,13824,9.8737413956916e-09,-3.349998201974476e-10
71,3,4,13824,5.919426642206065e-09,8.489571584754893e-12
71,4,0,13824,1.7361277462664192e-07,0.0
71,4,1,13824,2.2586385813234336e-08,-1.5178792386426697e-10
71,4,2,13824,8.073262639967958e-09,4.169662896256327e-10
71,4,3,13824,3.9804193096320786e-09,7.531141299474276e-10
71,4,4,13824,2.152341759863737e-09,5.492074421206966e-11
71,5,0,13824,1.7490167675195985e-07,0.0
71,5,1,13824,1.500899885093114e-08,3.211870474476468e-10
71,5,2,13824,3.954048939783952e-09,4.670956878465037e-10
71,5,3,13824,1.8430021421123827e-09,5.3676269336094095e-11
71,5,4,13824,1.187959922544635e-09,3.166608501889629e-11
71,6,0,13824,1.7448988134260954e-07,0.0
71,6,1,13824,8.865039417867273e-09,9.14851288571556e-10
71,6,2,13824,2.461605665831186e-09,4.808344397740981e-10
71,6,3,13824,1.0847392365274228e-09,-1.5101039354811972e-10
71,6,4,13824,2.2744846445931643e-11,-8.669595817843149e-11
71,7,0,13824,1.7152245069289318e-07,0.0
71,7,1,13824,5.125622098708416e-09,3.718108870819427e-10
71,7,2,13824,1.0028759961714373e-09,2.4177168407391634e-10
71,7,3,13824,2.6710988393728366e-10,-8.416745119484836e-10
71,7,4,13824,6.7677595945704e-11,-4.5174978181573426e-10
71,8,0,13824,1.725076676664803e-07,0.0
71,8,1,13824,2.741941101457495e-09,-2.0508611350792742e-10
71,8,2,13824,5.167470800358753e-10,8.674513397642964e-11
71,8,3,13824,-2.8939555230591804e-10,-2.604209263161331e-10
71,8,4,13824,-4.2739078159049815e-10,-3.7229424555386256e-10
72,1,0,13824,1.7792708788688585e-07,0.0
72,1,1,13824,1.0230866524802023e-07,8.855321165379328e-10
72,1,2,13824,7.450971688858761e-08,1.0537551334616914e-09
72,1,3,13824,5.793744614704869e-08,1.48011221609898e-09
72,1,4,13824,4.492282880619279e-08,1.671232606214718e-09
72,2,0,13824,1.7685542577918043e-07,0.0
72,2,1,13824,6.248542082991474e-08,5.835611568795231e-10
72,2,2,13824,3.630202784839017e-08,6.319117350241563e-10
72,2,3,13824,2.5638469883480644e-08,3.3304308434137053e-10
72,2,4,13824,1.7881225945149497e-08,3.678255725464558e-10
72,3,0,13824,1.7675541864592393e-07,0.0
72,3,1,13824,3.8723563087846534e-08,2.987310776227098e-10
72,3,2,13824,1.788155337600425e-08,-2.5614439603746486e-10
72,3,3,13824,1.0747059233570119e-08,-2.2779763640799664e-10
72,3,4,13824,7.178192270456526e-09,9.511593667606207e-11
72,4,0,13824,1.75056490310343e-07,0.0
72,4,1,13824,2.4261359208002767e-08,1.5606595298471243e-10
72,4,2,13824,8.599107391761093e-09,-2.1208686518362966e-10
72,4,3,13824,4.443149596477777e-09,3.826178625613414e-11
72,4,4,13824,2.652087414297112e-09,4.9650797769998223e-11
72,5,0,13824,1.742883161534209e-07,0.0
72,5,1,13824,1.4858607105797116e-08,-6.819033339523882e-11
72,5,2,13824,4.250665945375562e-09,-3.7990414941774703e-10
72,5,3,13824,1.8844732913064947e-09,-1.8453881520193522e-10
72,5,4,13824,9.75999569553935e-10,-7.897278899879485e-11
72,6,0,13824,1.7576693557704786e-07,0.0
72,6,1,13824,9.530217528156298e-09,-3.5529798318840934e-10
72,6,2,13824,1.781247729901293e-09,-1.2161257887134472e-10
72,6,3,13824,1.4410764908117372e-09,-1.0586893120135435e-10
72,6,4,13824,5.169706513346121e-10,-4.0801573646199074e-10
72,7,0,13824,1.7558022857453868e-07,0.0
72,7,1,13824,6.428043404087427e-09,2.768308976561769e-10
72,7,2,13824,8.101523272626313e-10,-6.798768647361365e-10
72,7,3,13824,9.521661813465474e-10,7.596688929814626e-13
72,7,4,13824,5.845966348927545e-10,-2.1389342050293032e-10
72,8,0,13824,1.749809399227351e-07,0.0
72,8,1,13824,3.7689922064456615e-09,3.589577891606388e-10
72,8,2,13824,7.28070605743365e-10,1.3188929844636808e-10
72,8,3,13824,2.0441102445987428e-10,-4.4924577851688465e-10
72,8,4,13824,2.5909893624336705e-10,-8.360363757509015e-12
73,1,0,13824,1.768503735835567e-07,0.0
73,1,1,13824,1.0241463310130403e-07,1.0869261746577542e-10
73,1,2,13824,7.467480183371409e-08,4.987577569284194e-10
73,1,3,13824,5.833321829039663e-08,3.7216544982637403e-10
73,1,4,13824,4.572918744844003e-08,1.5761070664327527e-10
73,2,0,13824,1.7617651059834243e-07,0.0
73,2,1,13824,6.366714367428387e-08,-6.132752430450351e-10
73,2,2,13824,3.7812578347156374e-08,-9.481401114950925e-11
73,2,3,13824,2.6386046215351784e-08,-9.259810870010448e-11
73,2,4,13824,1.86807701400201e-08,-3.7593969494189137e-10
73,3,0,13824,1.7379176303262632e-07,0.0
73,3,1,13824,3.8795780107040104e-08,-3.3872470083118923e-10
73,3,2,13824,1.7918462245544505e-08,-9.78497745962723e-12
73,3,3,13824,1.0922129479637818e-08,1.731303124605141e-10
73,3,4,13824,6.921277578153043e-09,1.84609049501196e-10
73,4,0,13824,1.7339650061895385e-07,0.0
73,4,1,13824,2.350092668569795e-08,1.9115362405042674e-10
73,4,2,13824,7.76041707197715e-09,-2.3515060335192893e-10
73,4,3,13824,3.8922497512184466e-09,4.6079255810891405e-10
73,4,4,13824,2.3139797894778873e-09,6.360986758643973e-11
73,5,0,13824,1.7386274563817175e-07,0.0
73,5,1,13824,1.4417328198735985e-08,3.7252844033934664e-10
73,5,2,13824,3.9767439208248725e-09,-6.659888371790894e-10
73,5,3,13824,1.6295374039470806e-09,-4.0968046590572677e-10
73,5,4,13824,6.808298647015248e-10,-4.717011691384394e-10
73,6,0,13824,1.7283556351895245e-07,0.0
73,6,1,13824,9.354174967725282e-09,5.804682705789524e-10
73,6,2,13824,1.5591231837157935e-09,7.760141413540347e-11
73,6,3,13824,9.068005670656565e-10,-2.1697252752535977e-10
73,6,4,13824,4.294299719688557e-10,2.2301930698101764e-10
73,7,0,13824,1.735568512123655e-07,0.0
73,7,1,13824,5.674187029721939e-09,-9.138195586089157e-11
73,7,2,13824,9.014545043957611e-10,-4.4246174944231104e-10
73,7,3,13824,3.8833437770432525e-10,-5.908638960670054e-10
73,7,4,13824,4.3916819743911126e-10,-1.3190875877154228e-10
73,8,0,13824,1.7456954611403676e-07,0.0
73,8,1,13824,2.73011446821186e-09,-1.2664866608591312e-11
73,8,2,13824,-1.0233528055219314e-10,-2.9377339443471546e-10
73,8,3,13824,5.150610944061999e-10,-2.504479617328209e-10
73,8,4,13824,3.0626892272142087e-10,-1.301972616708276e-10
74,1,0,13824,1.762104063499193e-07,0.0
74,1,1,13824,1.018237481014499e-07,-5.683032903529591e-10
74,1,2,13824,7.497090167759367e-08,-7.199110091688366e-10
74,1,3,13824,5.953886393090254e-08,-1.0753415486584795e-09
74,1,4,13824,4.7519394666582124e-08,-1.3939510864129561e-09
74,2,0,13824,1.7573664133799931e-07,0.0
74,2,1,13824,6.319105158186779e-08,3.133144596167909e-10
74,2,2,13824,3.6435952364014905e-08,3.7150468383262057e-10
74,2,3,13824,2.452031092842775e-08,2.370255720674718e-10
74,2,4,13824,1.712214971198824e-08,6.001753492430245e-10
74,3,0,13824,1.7281018333450122e-07,0.0
74,3,1,13824,3.846681655295661e-08,4.535826312720189e-10
74,3,2,13824,1.7373023057708256e-08,-9.859596639203042e-11
74,3,3,13824,9.731841685792734e-09,-2.2303948442107138e-10
74,3,4,13824,5.808245249274051e-09,3.1604381354121293e-10
74,4,0,13824,1.7571571752604898e-07,0.0
74,4,1,13824,2.4497950779326916e-08,-6.284524813800931e-10
74,4,2,13824,8.954720081097386e-09,-7.87382862165687e-10
74,4,3,13824,5.135988356194554e-09,-2.5389080936632917e-10
74,4,4,13824,2.9713854576996827e-09,2.6930550520810945e-10
74,5,0,13824,1.7590007606015225e-07,0.0
74,5,1,13824,1.5007328954018494e-08,-3.77867429455681e-10
74,5,2,13824,4.048802817585936e-09,-5.270672916206886e-10
74,5,3,13824,2.1500606482724744e-09,-3.664602649616641e-10
74,5,4,13824,6.075838873134606e-10,6.106668356317447e-10
74,6,0,13824,1.7360778852618785e-07,0.0
74,6,1,13824,9.181050895881732e-09,-9.297416461254719e-11
74,6,2,13824,2.2851452061675325e-09,-5.533615458832836e-10
74,6,3,13824,8.348517869555982e-10,2.1696190441373882e-10
74,6,4,13824,5.213513515369276e-10,1.954335633303847e-10
74,7,0,13824,1.729467821358323e-07,0.0
74,7,1,13824,5.303182165751885e-09,-6.979028766783731e-10
74,7,2,13824,1.0700114827352206e-09,-1.1182163069792852e-10
74,7,3,13824,3.198522190729908e-10,1.0066243746268624e-10
74,7,4,13824,3.9741757192612414e-11,-2.587582291456788e-10
74,8,0,13824,1.7251917250061664e-07,0.0
74,8,1,13824,3.2466902808377785e-09,-4.068299907428435e-10
74,8,2,13824,2.6923226708756204e-10,2.612816114908767e-10
74,8,3,13824,6.14488971227867e-11,-9.173236661063527e-11
74,8,4,13824,2.896900601119294e-10,-3.4649206640679476e-10
75,1,0,13824,1.7768455031609713e-07,0.0
75,1,1,13824,1.0382668662634076e-07,1.1259573747118909e-11
75,1,2,13824,7.611553771883477e-08,-1.175675095163287e-10
75,1,3,13824,6.042533739065398e-08,-2.500786627602502e-10
75,1,4,13824,4.825569248215866e-08,-2.0066556860978177e-10
75,2,0,13824,1.7579209523472248e-07,0.0
75,2,1,13824,6.280859159660905e-08,-2.195029499219541e-10
75,2,2,13824,3.6717334131363565e-08,-2.2007554002727216e-10
75,2,3,13824,2.4874502064841947e-08,-3.2734178721315184e-10
75,2,4,13824,1.7770248418577047e-08,-1.5720063226786296e-10
75,3,0,13824,1.740268310243796e-07,0.0
75,3,1,13824,3.864398337352984e-08,8.979320798716457e-11
75,3,2,13824,1.7608170873215314e-08,-3.4115074889458167e-10
75,3,3,13824,9.828195334255734e-09,4.983026542590835e-10
75,3,4,13824,6.013304392754775e-09,3.0540263591085186e-11
75,4,0,13824,1.7567604933670805e-07,0.0
75,4,1,13824,2.3992373199990375e-08,-4.094662695667503e-10
75,4,2,13824,9.7225213870534e-09,-7.336615930200127e-10
75,4,3,13824,4.494475508430641e-09,-1.2051540268349483e-10
75,4,4,13824,3.0319928858508234e-09,-4.868085950059653e-10
75,5,0,13824,1.761844453619011e-07,0.0
75,5,1,13824,1.4470251230725983e-08,1.7769142849617742e-10
75,5,2,13824,4.819879753113118e-09,9.97594900155325e-12
75,5,3,13824,2.521472324420828e-09,-1.9026244283694478e-10
75,5,4,13824,8.236411627229515e-10,-4.982263142451292e-10
75,6,0,13824,1.7570026382920578e-07,0.0
75,6,1,13824,9.588501934524268e-09,3.0378911457138657e-10
75,6,2,13824,2.400310392644851e-09,3.810300531895635e-10
75,6,3,13824,3.8220802006573954e-10,1.0546172069035871e-10
75,6,4,13824,-1.124666719665711e-10,8.043226160748337e-11
75,7,0,13824,1.7330256759744512e-07,0.0
75,7,1,13824,5.808071999619979e-09,-1.5984663299273512e-10
75,7,2,13824,9.214023416083988e-10,5.246111413917849e-10
75,7,3,13824,4.138489679745286e-10,8.073719453819502e-11
75,7,4,13824,9.781177184694531e-11,-2.6846542663221196e-10
75,8,0,13824,1.731823260272124e-07,0.0
75,8,1,13824,3.398621041102783e-09,-4.042718987156314e-10
75,8,2,13824,1.1336484981609319e-09,2.3359287069658385e-11
75,8,3,13824,3.1760335093926633e-10,4.8871439370323137e-11
75,8,4,13824,1.239465366467914e-10,-1.3199255767336415e-10
76,1,0,13824,1.7512541444540936e-07,0.0
76,1,1,13824,1.0164694021747803e-07,2.765354116153505e-10
76,1,2,13824,7.471901658808898e-08,2.0503532989445992e-10
76,1,3,13824,5.820305697855172e-08,3.7685486112690065e-10
76,1,4,13824,4.575693544272821e-08,4.2511473191822933e-10
76,2,0,13824,1.752955492204474e-07,0.0
76,2,1,13824,6.233699431170109e-08,-6.218348799100645e-11
76,2,2,13824,3.6991359943023706e-08,3.514167126218817e-10
76,2,3,13824,2.5237760516563123e-08,-1.811568550606435e-12
76,2,4,13824,1.7180474990662175e-08,1.8442527604598627e-10
76,3,0,13824,1.762762010659781e-07,0.0
76,3,1,13824,3.870163181032348e-08,-5.39402212319322e-10
76,3,2,13824,1.8015924026996677e-08,3.5923905643817677e-10
76,3,3,13824,1.0549216667731001e-08,2.2428083644397978e-10
76,3,4,13824,6.867226726405117e-09,7.08060609537879e-10
76,4,0,13824,1.7621672550967376e-07,0.0
76,4,1,13824,2.386041151751305e-08,-4.680057089332807e-10
76,4,2,13824,9.023797905515581e-09,-8.731225989495127e-11
76,4,3,13824,4.350770082589846e-09,-3.317697898876379e-10
76,4,4,13824,2.487170074657122e-09,9.798348383998398e-11
76,5,0,13824,1.744992018683646e-07,0.0
76,5,1,13824,1.447884531071962e-08,-3.16934132438043e-10
76,5,2,13824,4.1043952492437585e-09,-4.3360394200925403e-10
76,5,3,13824,2.0120938473025597e-09,-4.859418329410583e-10
76,5,4,13824,1.1204639196178975e-09,-4.908022243872159e-11
76,6,0,13824,1.7833299660462763e-07,0.0
76,6,1,13824,8.880062434599555e-09,-1.1482644882171089e-10
76,6,2,13824,2.5269337317409608e-09,-6.150107038506712e-11
76,6,3,13824,1.1651125001919544e-09,-2.658980891326598e-10
76,6,4,13824,4.96848430072698e-10,-3.424506029622676e-10
76,7,0,13824,1.7629478334432642e-07,0.0
76,7,1,13824,4.874826353775847e-09,-2.3314582347736846e-10
76,7,2,13824,1.5381606052240575e-09,-1.6678362251818774e-10
76,7,3,13824,2.0997429196924304e-10,-2.3106445248465322e-10
76,7,4,13824,9.882999715982118e-11,4.316602687763895e-11
76,8,0,13824,1.7553348986074801e-07,0.0
76,8,1,13824,3.6034005339527333e-09,-2.9973863003131193e-10
76,8,2,13824,9.803512849848283e-10,-6.483026710290568e-11
76,8,3,13824,-2.174536328210481e-10,-5.048024208886235e-10
76,8,4,13824,-1.8821188537700464e-10,5.585891023449086e-11
77,1,0,13824,1.7688340899941304e-07,0.0
77,1,1,13824,1.0306330582943771e-07,-2.5471988736236334e-10
77,1,2,13824,7.648084674728503e-08,-9.232560007458504e-10
77,1,3,13824,6.137775157958317e-08,-1.4264969599322393e-09
77,1,4,13824,4.876732725518565e-08,-1.5476076748556891e-09
77,2,0,13824,1.7489051126493073e-07,0.0
77,2,1,13824,6.230371035597573e-08,1.579312247050484e-11
77,2,2,13824,3.687723616427051e-08,3.0395161637214693e-10
77,2,3,13824,2.609114464738121e-08,3.788853086880187e-10
77,2,4,13824,1.8526284620431568e-08,5.414754572208268e-10
77,3,0,13824,1.7631641291388673e-07,0.0
77,3,1,13824,3.891938525493761e-08,4.764741692699337e-11
77,3,2,13824,1.951968672676116e-08,-7.268305387764203e-11
77,3,3,13824,1.2018479801050635e-08,-3.203986999940188e-10
77,3,4,13824,7.911354317753355e-09,-4.2411673613032123e-10
77,4,0,13824,1.7481283824445107e-07,0.0
77,4,1,13824,2.3903716802861677e-08,9.16180208142396e-11
77,4,2,13824,9.30952899098902e-09,-8.529035783070282e-11
77,4,3,13824,4.942773612290587e-09,3.857420381960291e-10
77,4,4,13824,3.3358606497963894e-09,1.496907125039416e-10
77,5,0,13824,1.734523285910647e-07,0.0
77,5,1,13824,1.4281717726510516e-08,6.549715935724438e-10
77,5,2,13824,4.700735119366257e-09,2.9197231596029196e-10
77,5,3,13824,2.070409430613435e-09,3.4584754633365676e-10
77,5,4,13824,1.3352735094045222e-09,5.568222100143155e-10
77,6,0,13824,1.7456025513416374e-07,0.0
77,6,1,13824,8.513471684506144e-09,-1.905053113867622e-10
77,6,2,13824,2.5526587446225664e-09,-5.073513360854351e-10
77,6,3,13824,1.4169084514507794e-10,-1.2109212100234454e-10
77,6,4,13824,8.88641059711959e-10,5.228884507136643e-10
77,7,0,13824,1.7337068530071178e-07,0.0
77,7,1,13824,4.7275711615455355e-09,3.0818545585522826e-10
77,7,2,13824,1.0163319676269458e-09,-1.8391431180006737e-11
77,7,3,13824,3.92912813286192e-10,-3.864278287173128e-10
77,7,4,13824,-5.7054016410226865e-11,6.456495485851003e-10
77,8,0,13824,1.7400328053223512e-07,0.0
77,8,1,13824,3.2722647841433537e-09,-1.610274059345394e-10
77,8,2,13824,1.1234088787316907e-09,-2.0575210631201822e-10
77,8,3,13824,-1.111613921496068e-11,1.722876343719202e-10
77,8,4,13824,2.777225884324606e-10,6.43086836519631e-11
78,1,0,13824,1.785977479736652e-07,0.0
78,1,1,13824,1.0387207413746651e-07,-5.97953890638172e-11
78,1,2,13824,7.701262777045343e-08,-1.9417794557242552e-10
78,1,3,13824,6.13108082277331e-08,4.808537970592507e-12
78,1,4,13824,4.901473266606749e-08,1.3355843199399095e-10
78,2,0,13824,1.7619032580007818e-07,0.0
78,2,1,13824,6.363610463621561e-08,4.97378950289152e-10
78,2,2,13824,3.713902979555119e-08,1.1814898122235028e-10
78,2,3,13824,2.6057063892742984e-08,5.901789435056983e-11
78,2,4,13824,1.875677796890837e-08,8.850631928250946e-11
78,3,0,13824,1.7370688001900096e-07,0.0
78,3,1,13824,3.888057401825849e-08,4.776214624186956e-10
78,3,2,13824,1.804752622840303e-08,-6.047635097329807e-11
78,3,3,13824,1.0490806141636029e-08,-1.215944092613145e-10
78,3,4,13824,6.85546773818805e-09,2.717794083012144e-11
78,4,0,13824,1.7360676195634703e-07,0.0
78,4,1,13824,2.3790769246017983e-08,-2.7133477706610677e-10
78,4,2,13824,8.95125702860606e-09,-4.306935233058082e-10
78,4,3,13824,4.7650542916469944e-09,-2.661301238532237e-10
78,4,4,13824,3.129308947667706e-09,1.4437522178508921e-10
78,5,0,13824,1.7467246599515443e-07,0.0
78,5,1,13824,1.4284773970129889e-08,3.2639755639123946e-10
78,5,2,13824,4.091053892168128e-09,-5.407355904060959e-10
78,5,3,13824,2.0806025307445353e-09,-6.036317684080694e-10
78,5,4,13824,1.6171491924883246e-09,-3.4362572120922033e-10
78,6,0,13824,1.7444516056162985e-07,0.0
78,6,1,13824,9.070804240964867e-09,5.77008136342054e-10
78,6,2,13824,2.0782090706997896e-09,-6.719216659004501e-10
78,6,3,13824,1.6378794521883723e-10,-2.7057974679838367e-10
78,6,4,13824,6.886788109198248e-10,2.463765227603807e-10
78,7,0,13824,1.7355504451686527e-07,0.0
78,7,1,13824,5.60610724680654e-09,4.362464640440797e-11
78,7,2,13824,1.073231906705819e-09,-1.939523950051197e-10
78,7,3,13824,4.5082776216514384e-10,-2.6536837412196927e-10
78,7,4,13824,-3.3751134914006144e-11,-8.974412059533789e-11
78,8,0,13824,1.7331205456298767e-07,0.0
78,8,1,13824,3.823412790397729e-09,-2.3004220927813135e-10
78,8,2,13824,7.63330173546662e-10,-2.211769302084984e-10
78,8,3,13824,1.3509943126591623e-10,-5.220551988757238e-10
78,8,4,13824,8.953569207490934e-11,-4.0196018011187773e-10
79,1,0,13824,1.758177748478689e-07,0.0
79,1,1,13824,1.0217381923387193e-07,4.3798361970390524e-10
79,1,2,13824,7.543600984032613e-08,4.321139848740579e-10
79,1,3,13824,5.9522883578558233e-08,4.195132477473067e-10
79,1,4,13824,4.704994609902904e-08,1.6856638275266501e-10
79,2,0,13824,1.752405115057964e-07,0.0
79,2,1,13824,6.269491253829774e-08,-2.640883951994692e-10
79,2,2,13824,3.668854448857729e-08,-7.722212192169007e-10
79,2,3,13824,2.5686031422721364e-08,-1.2400384290604897e-09
79,2,4,13824,1.7813738008205925e-08,-1.3264860380021927e-09
79,3,0,13824,1.7583230855435394e-07,0.0
79,3,1,13824,3.834525330402915e-08,3.290704072715979e-11
79,3,2,13824,1.790349955964462e-08,-2.0167498935065946e-10
79,3,3,13824,1.1055665297411736e-08,-2.492702212489419e-10
79,3,4,13824,7.240398810990608e-09,-6.110634932031381e-10
79,4,0,13824,1.729790604840244e-07,0.0
79,4,1,13824,2.2974386773341397e-08,8.137055040758876e-10
79,4,2,13824,9.159408130343874e-09,4.695163272413497e-10
79,4,3,13824,4.9596264634488106e-09,4.5152682244925935e-11
79,4,4,13824,2.5107851210325224e-09,-4.575676737317735e-10
79,5,0,13824,1.7423155347632597e-07,0.0
79,5,1,13824,1.4205077795551698e-08,4.2037196249372824e-10
79,5,2,13824,4.59744299900377e-09,3.845429235971115e-10
79,5,3,13824,2.290978068383139e-09,1.6630718762420817e-10
79,5,4,13824,1.4433045156635566e-09,2.893968123511128e-10
79,6,0,13824,1.7647152036311418e-07,0.0
79,6,1,13824,8.545797352923364e-09,-1.6693443236477842e-10
79,6,2,13824,2.2776720246404038e-09,5.994529722213486e-10
79,6,3,13824,1.58861033173661e-09,1.2100824942944508e-10
79,6,4,13824,7.299044893673873e-10,6.508629747674597e-10
79,7,0,13824,1.7444752399710222e-07,0.0
79,7,1,13824,4.822678741972352e-09,5.695079839137306e-11
79,7,2,13824,1.094135290207599e-09,-8.0374028795273e-11
79,7,3,13824,6.614736458348484e-10,1.7126553989233513e-10
79,7,4,13824,2.0225977080117924e-10,-9.772026417853746e-11
79,8,0,13824,1.7444404555405876e-07,0.0
79,8,1,13824,3.0178010658591525e-09,5.443023428219525e-10
79,8,2,13824,8.869329075405499e-10,-3.5125132147804244e-10
79,8,3,13824,-2.4022823243770153e-12,-3.8368509205405024e-10
79,8,4,13824,1.0233418006123643e-10,2.1894121978068164e-10
80,1,0,13824,1.7714437754421293e-07,0.0
80,1,1,13824,1.0256278474413212e-07,2.7872937053468367e-10
80,1,2,13824,7.454333548851773e-08,5.663767297912314e-11
80,1,3,13824,5.778554564510526e-08,1.3780562367919177e-10
80,1,4,13824,4.4381047401672596e-08,1.0172765055521926e-10
80,2,0,13824,1.7573601913422965e-07,0.0
80,2,1,13824,6.188970301280085e-08,-4.46765468964317e-11
80,2,2,13824,3.641824075100569e-08,1.247709318953468e-10
80,2,3,13824,2.454679184105975e-08,-1.8299378368658855e-10
80,2,4,13824,1.7069493598262246e-08,-2.5153099257967745e-11
80,3,0,13824,1.735466447850791e-07,0.0
80,3,1,13824,3.746234258699742e-08,2.4890677761791877e-10
80,3,2,13824,1.7322916512375582e-08,5.256070061939799e-10
80,3,3,13824,9.494552823786702e-09,2.5118285675899637e-10
80,3,4,13824,5.867675582177126e-09,4.155441715872175e-11
80,4,0,13824,1.7476470992994013e-07,0.0
80,4,1,13824,2.340086830775453e-08,3.2229097744699245e-10
80,4,2,13824,8.742573475022716e-09,5.747177580047445e-11
80,4,3,13824,4.6687473569635985e-09,4.5085397001029344e-10
80,4,4,13824,2.1926201230202642e-09,1.5483668732044293e-10
80,5,0,13824,1.7392101295737646e-07,0.0
80,5,1,13824,1.406503456470444e-08,4.697956981086156e-10
80,5,2,13824,4.0695638721184135e-09,1.7969330920461085e-10
80,5,3,13824,1.7287698976236497e-09,-2.4286954779988372e-11
80,5,4,13824,5.562904939566476e-10,2.881291981150449e-10
80,6,0,13824,1.7419704700179562e-07,0.0
80,6,1,13824,8.529356465945592e-09,3.487898793642838e-10
80,6,2,13824,2.363305407660121e-09,7.781565697474805e-12
80,6,3,13824,1.3606188002037978e-10,3.512111446741341e-10
80,6,4,13824,3.094695036042655e-10,-1.0444378198911695e-12
80,7,0,13824,1.749591133642369e-07,0.0
80,7,1,13824,4.891228798398533e-09,4.21817948760411e-10
80,7,2,13824,1.158729361784601e-09,4.811865268042886e-10
80,7,3,13824,3.962291243561818e-11,6.560920962519283e-10
80,7,4,13824,-2.1850981542369086e-12,-5.34404116315095e-10
80,8,0,13824,1.747807593562906e-07,0.0
80,8,1,13824,2.846394985585525e-09,3.33795030382254e-10
80,8,2,13824,1.5211979739527815e-10,3.7928980173156445e-10
80,8,3,13824,-4.896354913525217e-10,1.0162537921878501e-09
80,8,4,13824,3.764262293718241e-10,-6.349512262190872e-10
81,1,0,13824,1.7722048981532876e-07,0.0
81,1,1,13824,1.0333365959636502e-07,3.1479891168355175e-10
81,1,2,13824,7.580792996591855e-08,3.3840079179510005e-10
81,1,3,13824,5.950964757150354e-08,7.658391531045661e-10
81,1,4,13824,4.7237071912515815e-08,8.452447817606039e-10
81,2,0,13824,1.752158380975729e-07,0.0
81,2,1,13824,6.306048889128364e-08,4.700773402727968e-10
81,2,2,13824,3.6809599708849294e-08,4.029662029993961e-11
81,2,3,13824,2.474719447854283e-08,1.2817218846009229e-10
81,2,4,13824,1.7116528839215163e-08,3.153126005134389e-10
81,3,0,13824,1.7551754659924843e-07,0.0
81,3,1,13824,3.843286880813913e-08,-1.679951162224315e-10
81,3,2,13824,1.8283302409167e-08,2.1865356748827578e-10
81,3,3,13824,1.0742629324093778e-08,6.978092663128548e-10
81,3,4,13824,6.723903685599083e-09,7.488189792037314e-10
81,4,0,13824,1.7526622966874224e-07,0.0
81,4,1,13824,2.4327277893740897e-08,3.2628575885754265e-10
81,4,2,13824,8.987050751284284e-09,7.414121938513911e-10
81,4,3,13824,4.10159231759061e-09,-1.1278349324795371e-10
81,4,4,13824,3.0103032399354206e-09,7.406881064457131e-11
81,5,0,13824,1.7390810524164247e-07,0.0
81,5,1,13824,1.4241137154789318e-08,-1.2845208511544886e-10
81,5,2,13824,4.545835161761702e-09,-3.356793845169152e-10
81,5,3,13824,1.7540668359072595e-09,-9.140266824078406e-12
81,5,4,13824,1.2224375563634016e-09,2.0963859834055377e-10
81,6,0,13824,1.749057412070133e-07,0.0
81,6,1,13824,8.719333512539266e-09,-3.010445140229165e-10
81,6,2,13824,2.3875260861140135e-09,-6.233046424846666e-10
81,6,3,13824,1.3993741141064215e-09,-1.3963835928856944e-10
81,6,4,13824,8.675198244839517e-10,5.054292258506752e-10
81,7,0,13824,1.7392717379830318e-07,0.0
81,7,1,13824,5.309501003484787e-09,8.743146585316766e-11
81,7,2,13824,1.02247554531512e-09,-2.9255437659435717e-10
81,7,3,13824,3.188563280657676e-10,3.1521599289751023e-10
81,7,4,13824,5.733719264197681e-10,8.338896260566871e-10
81,8,0,13824,1.7367431002240453e-07,0.0
81,8,1,13824,3.0582376200758373e-09,-6.581475791016354e-11
81,8,2,13824,1.0004617833571482e-09,1.0945611710969603e-10
81,8,3,13824,7.887605383708399e-11,4.957244411665889e-10
81,8,4,13824,2.5246022479651775e-11,1.8705988525461517e-10
82,1,0,13824,1.7523677364604039e-07,0.0
82,1,1,13824,1.0098753397524808e-07,-2.2008786977499293e-11
82,1,2,13824,7.382850449681671e-08,4.0525127997476627e-10
82,1,3,13824,5.7162576496576167e-08,8.728910844558369e-10
82,1,4,13824,4.4863046373458015e-08,1.5811631984926808e-09
82,2,0,13824,1.7641443941883896e-07,0.0
82,2,1,13824,6.2207181508206e-08,-9.250328752076585e-12
82,2,2,13824,3.627748067883788e-08,-1.2233860042487236e-10
82,2,3,13824,2.44465875942457e-08,6.36325964166275e-12
82,2,4,13824,1.7664576279915044e-08,-1.0070204110521694e-10
82,3,0,13824,1.7474844396474087e-07,0.0
82,3,1,13824,3.791228916646306e-08,2.1002405764245197e-10
82,3,2,13824,1.70623025259991e-08,-3.660645958698569e-10
82,3,3,13824,9.95270597196096e-09,-3.8005355612119417e-10
82,3,4,13824,7.0671803568904245e-09,2.1669062040745e-11
82,4,0,13824,1.7437824555903906e-07,0.0
82,4,1,13824,2.3437513464933514e-08,2.496555228026625e-10
82,4,2,13824,8.777174093354794e-09,-6.222826368120084e-10
82,4,3,13824,4.862239790513829e-09,-2.1583848298179392e-10
82,4,4,13824,3.007637585704631e-09,-1.8751857208726745e-11
82,5,0,13824,1.7561564405051861e-07,0.0
82,5,1,13824,1.4857096319895634e-08,-1.8092726282433436e-10
82,5,2,13824,4.449281179621205e-09,3.5683883177715106e-10
82,5,3,13824,2.3060438310725376e-09,1.733378141333659e-10
82,5,4,13824,1.4015291097435415e-09,3.4912659061146377e-10
82,6,0,13824,1.753501640315241e-07,0.0
82,6,1,13824,9.144997990860833e-09,-2.93649112602649e-11
82,6,2,13824,2.0338141248000155e-09,-2.711898848522385e-10
82,6,3,13824,8.351217957468608e-10,-2.565562200756896e-10
82,6,4,13824,2.454412956522327e-10,2.0043897052255573e-10
82,7,0,13824,1.741577150422541e-07,0.0
82,7,1,13824,5.924770349184506e-09,1.9239491915817805e-10
82,7,2,13824,1.3781661651942117e-09,5.359143736715042e-11
82,7,3,13824,7.439065138960041e-10,2.1652021310117304e-10
82,7,4,13824,5.3131284349039263e-11,2.7139179837518265e-10
82,8,0,13824,1.7486553815004812e-07,0.0
82,8,1,13824,3.6272214901291217e-09,-1.2696922811819682e-12
82,8,2,13824,8.231233916481409e-10,-1.8165262277007376e-10
82,8,3,13824,5.645525957702491e-10,6.105242815203373e-10
82,8,4,13824,-5.014037759430112e-11,1.3797736185436228e-10
83,1,0,13824,1.7630702263202943e-07,0.0
83,1,1,13824,1.0213328165011775e-07,1.3659853052897018e-10
83,1,2,13824,7.600453284451148e-08,3.097422952896806e-10
83,1,3,13824,6.041505258751366e-08,4.857196457531989e-10
83,1,4,13824,4.82021296696657e-08,2.947897357235177e-10
83,2,0,13824,1.75752527787508e-07,0.0
83,2,1,13824,6.272380646008812e-08,-5.237848409899383e-10
83,2,2,13824,3.6847816934591624e-08,-7.939589572080077e-10
83,2,3,13824,2.580008681305783e-08,-7.401565645829223e-10
83,2,4,13824,1.855180809515309e-08,-1.0786798052877959e-09
83,3,0,13824,1.7441042961999872e-07,0.0
83,3,1,13824,3.809493167820593e-08,-3.193649233090118e-11
83,3,2,13824,1.802163526271277e-08,-3.633073242781054e-10
83,3,3,13824,1.155899594267481e-08,2.0968571840087256e-10
83,3,4,13824,6.748228969932884e-09,-1.6111295569925556e-11
83,4,0,13824,1.747978090924181e-07,0.0
83,4,1,13824,2.4478536789325888e-08,3.8570509218510476e-10
83,4,2,13824,9.869683268354273e-09,3.4249169351148164e-10
83,4,3,13824,5.697492066667149e-09,1.978804977674306e-10
83,4,4,13824,2.6181094777867223e-09,-5.9761561985526e-11
83,5,0,13824,1.7505744923575216e-07,0.0
83,5,1,13824,1.565170711145572e-08,-1.30647417344092e-10
83,5,2,13824,4.54524672100654e-09,3.890350173212533e-10
83,5,3,13824,1.213645165083045e-09,-2.7862953249252935e-10
83,5,4,13824,7.212303428536616e-10,-2.6923597251847802e-11
83,6,0,13824,1.7376941239726257e-07,0.0
83,6,1,13824,9.573928125690263e-09,-3.712286074860456e-10
83,6,2,13824,2.268806150627938e-09,-4.914307670517731e-11
83,6,3,13824,6.642141555943123e-10,-1.161572166670186e-10
83,6,4,13824,3.8377963910185685e-10,-1.8109333185580818e-10
83,7,0,13824,1.7354517644781521e-07,0.0
83,7,1,13824,5.8039709723529985e-09,-3.0530139675414007e-10
83,7,2,13824,8.186162913454581e-10,3.0821810218662006e-10
83,7,3,13824,4.925035170100252e-10,-2.8947654203751347e-10
83,7,4,13824,5.87633495822637e-10,1.879757644506156e-10
83,8,0,13824,1.761162092159066e-07,0.0
83,8,1,13824,3.2855375118933297e-09,-4.789265104410432e-10
83,8,2,13824,1.8652684620613574e-10,-2.699066664133771e-10
83,8,3,13824,4.826360257823078e-10,-4.954832389525736e-10
83,8,4,13824,5.080902016892154e-10,-4.3839349068864664e-10
84,1,0,13824,1.7699170617698366e-07,0.0
84,1,1,13824,1.0270686696342751e-07,6.473398806162057e-11
84,1,2,13824,7.514091758282388e-08,1.6026309627236375e-10
84,1,3,13824,5.971475041558112e-08,2.328513338243953e-10
84,1,4,13824,4.760379658866848e-08,-1.7795223477282603e-12
84,2,0,13824,1.7894378285658896e-07,0.0
84,2,1,13824,6.420348152368285e-08,5.344624536089796e-10
84,2,2,13824,3.764125804688396e-08,6.109666319522842e-10
84,2,3,13824,2.6283294137517466e-08,-8.380535406382383e-11
84,2,4,13824,1.9817534224152853e-08,-3.283042534497027e-10
84,3,0,13824,1.7648817420075063e-07,0.0
84,3,1,13824,3.978704947447805e-08,2.575425136688771e-10
84,3,2,13824,1.8622387182352876e-08,-2.5289490321316634e-10
84,3,3,13824,1.195443380776884e-08,-1.546644288955727e-10
84,3,4,13824,8.169054507901834e-09,-3.8625724730947736e-10
84,4,0,13824,1.7433036106571693e-07,0.0
84,4,1,13824,2.3966407511100142e-08,2.1030675286253962e-10
84,4,2,13824,8.713983616859336e-09,-9.802564891407811e-11
84,4,3,13824,5.176953782868726e-09,-2.0431224341787572e-10
84,4,4,13824,3.747794745401569e-09,-3.620982987760058e-10
84,5,0,13824,1.7340573116163547e-07,0.0
84,5,1,13824,1.4843579152111816e-08,1.4701627709970658e-10
84,5,2,13824,4.275523929275147e-09,5.143160148487877e-10
84,5,3,13824,1.904393575552954e-09,-2.3659202312317505e-11
84,5,4,13824,1.647439844373758e-09,-4.389424000456943e-10
84,6,0,13824,1.7190260818047242e-07,0.0
84,6,1,13824,9.035304744863402e-09,7.077699531805308e-10
84,6,2,13824,1.908500763539504e-09,-2.4096399918992755e-10
84,6,3,13824,9.754344512525599e-10,-2.007548519126673e-10
84,6,4,13824,9.157834626110631e-10,-3.013261581107953e-10
84,7,0,13824,1.7564973980212042e-07,0.0
84,7,1,13824,5.055095257611823e-09,7.113329919196836e-10
84,7,2,13824,7.122819168827544e-10,8.291712534262101e-10
84,7,3,13824,3.497668977225137e-10,4.914849932331483e-10
84,7,4,13824,5.021755075616258e-10,4.492267448175788e-10
84,8,0,13824,1.7627623420136005e-07,0.0
84,8,1,13824,3.304887975898825e-09,6.295185319727845e-10
84,8,2,13824,-1.0516900679652657e-10,7.905894690419884e-11
84,8,3,13824,-7.111864919244565e-11,2.7480863455532344e-10
84,8,4,13824,4.5325130046065085e-10,2.3224233112491645e-10
85,1,0,13824,1.769943523970209e-07,0.0
85,1,1,13824,1.031092351995523e-07,1.0172706597752299e-10
85,1,2,13824,7.58597749701703e-08,6.304977636272222e-11
85,1,3,13824,5.911234130523271e-08,4.984214474448141e-10
85,1,4,13824,4.702017698229896e-08,4.0908834696594295e-10
85,2,0,13824,1.758898037555195e-07,0.0
85,2,1,13824,6.33340432931479e-08,8.299964995424511e-11
85,2,2,13824,3.723122792374568e-08,1.9728527064284853e-10
85,2,3,13824,2.5432974633812065e-08,2.3177739224517568e-10
85,2,4,13824,1.816904093347179e-08,-1.2757970479861638e-10
85,3,0,13824,1.7645510946958172e-07,0.0
85,3,1,13824,3.8466969177555506e-08,-6.940233400405067e-11
85,3,2,13824,1.7955255736467926e-08,-7.4947192604336e-11
85,3,3,13824,1.0583502306159954e-08,1.5142765749209706e-10
85,3,4,13824,6.961733675432675e-09,2.4251771976901796e-10
85,4,0,13824,1.744587279769038e-07,0.0
85,4,1,13824,2.331873037048483e-08,2.120020251312203e-10
85,4,2,13824,8.376910643364068e-09,-6.501652868613157e-11
85,4,3,13824,4.1325477428722255e-09,-1.3553986420750569e-11
85,4,4,13824,2.9128307188861513e-09,7.029598891575805e-11
85,5,0,13824,1.73982293674889e-07,0.0
85,5,1,13824,1.4781950779247728e-08,1.6279010384207043e-10
85,5,2,13824,4.2710204547639215e-09,6.227743304866621e-10
85,5,3,13824,1.744531888482388e-09,3.682965209123411e-10
85,5,4,13824,1.0986322042148424e-09,1.9470870917776687e-10
85,6,0,13824,1.741309380370045e-07,0.0
85,6,1,13824,9.356607712811247e-09,2.4282225336119443e-10
85,6,2,13824,1.991522763088765e-09,9.461113147320296e-10
85,6,3,13824,9.233012620381465e-10,-8.713075091313531e-11
85,6,4,13824,9.521066353332549e-10,1.3429906765218458e-10
85,7,0,13824,1.767649831009426e-07,0.0
85,7,1,13824,6.297706255633858e-09,5.449961796566203e-10
85,7,2,13824,1.0710595253636783e-09,5.170566522703251e-10
85,7,3,13824,5.066053952002613e-10,6.256032071489907e-11
85,7,4,13824,5.637947620877519e-10,-1.3310704499669685e-10
85,8,0,13824,1.7662898680893932e-07,0.0
85,8,1,13824,3.984506031052999e-09,3.715747461889815e-10
85,8,2,13824,9.619955396162878e-10,1.5681526461242086e-10
85,8,3,13824,2.635822324834317e-10,-5.666140949468167e-10
85,8,4,13824,-4.2766047634506195e-10,-2.0089910938399523e-10
86,1,0,13824,1.7710023780257314e-07,0.0
86,1,1,13824,1.0287495838128587e-07,-3.480406201452768e-10
86,1,2,13824,7.509345392090511e-08,-7.087903462048138e-10
86,1,3,13824,5.810824125470007e-08,-1.3556601209857414e-09
86,1,4,13824,4.515647938580217e-08,-1.7350217349977958e-09
86,2,0,13824,1.758252253631983e-07,0.0
86,2,1,13824,6.272426282705246e-08,-1.171304044331552e-09
86,2,2,13824,3.622915709955031e-08,-9.793549730002514e-10
86,2,3,13824,2.4281396319127476e-08,-2.35275604449586e-09
86,2,4,13824,1.6558614960701634e-08,-2.0593344969833095e-09
86,3,0,13824,1.7491890058469365e-07,0.0
86,3,1,13824,3.736784020371765e-08,4.498549248734185e-10
86,3,2,13824,1.771893896765931e-08,4.421487511245893e-10
86,3,3,13824,9.791360615143845e-09,-8.230741201261258e-10
86,3,4,13824,5.6906951358371805e-09,-9.209361902966438e-10
86,4,0,13824,1.7387755201124572e-07,0.0
86,4,1,13824,2.370442958877234e-08,4.048642229704546e-10
86,4,2,13824,9.163850528903799e-09,-1.382006367519065e-10
86,4,3,13824,4.3624552533690686e-09,-1.1713739925980947e-10
86,4,4,13824,2.536130369524855e-09,-7.243773733801936e-11
86,5,0,13824,1.735742877319909e-07,0.0
86,5,1,13824,1.465768447182328e-08,-1.4807294216947816e-10
86,5,2,13824,4.888475862354054e-09,-4.0195086074199724e-10
86,5,3,13824,1.882533507339041e-09,-3.0442146414012624e-10
86,5,4,13824,8.299080560288178e-10,3.792750623597616e-10
86,6,0,13824,1.7596975015318435e-07,0.0
86,6,1,13824,8.595025514488786e-09,3.1417489712039153e-10
86,6,2,13824,2.2516714169063123e-09,2.3050758922230498e-11
86,6,3,13824,1.082129790004363e-09,-2.6244667087598773e-11
86,6,4,13824,5.088928240424872e-11,-3.199658281006091e-11
86,7,0,13824,1.7556138531159736e-07,0.0
86,7,1,13824,5.5267771668978694e-09,6.009287279925153e-10
86,7,2,13824,6.574559826714276e-10,8.48753894316288e-11
86,7,3,13824,3.769854882857435e-10,4.0508416968691067e-10
86,7,4,13824,5.286086297879856e-11,3.790889994866073e-10
86,8,0,13824,1.7311487914435714e-07,0.0
86,8,1,13824,3.03088409686147e-09,1.9309950359963283e-10
86,8,2,13824,2.03075478292003e-10,-8.069632292117603e-11
86,8,3,13824,1.3977650772766806e-10,-2.6315425275134424e-10
86,8,4,13824,-3.89551158742156e-10,3.453461853240026e-10
87,1,0,13824,1.764903094725969e-07,0.0
87,1,1,13824,1.0209479267658013e-07,-1.6621136333101295e-10
87,1,2,13824,7.478774931387455e-08,-6.242570851311899e-10
87,1,3,13824,5.791733706572274e-08,-7.031657027521544e-10
87,1,4,13824,4.460973206333202e-08,-4.862142130286469e-10
87,2,0,13824,1.7421667105456724e-07,0.0
87,2,1,13824,6.221374106328933e-08,-9.649335753157495e-11
87,2,2,13824,3.589955591624038e-08,-2.07461675794453e-10
87,2,3,13824,2.3429493068376297e-08,-8.99564091499874e-11
87,2,4,13824,1.6688903114500687e-08,2.0141643821501202e-10
87,3,0,13824,1.743816084112006e-07,0.0
87,3,1,13824,3.901246980099816e-08,-8.430107670228094e-11
87,3,2,13824,1.799407612080092e-08,3.415457938060503e-10
87,3,3,13824,9.955356827106613e-09,-1.1234240112885385e-10
87,3,4,13824,6.338640060032245e-09,-1.0271106185837783e-10
87,4,0,13824,1.72747263373091e-07,0.0
87,4,1,13824,2.298091854377591e-08,-3.831448408086617e-11
87,4,2,13824,8.392308780013924e-09,1.9346390036868296e-11
87,4,3,13824,4.9193485841552035e-09,-8.228194910232309e-10
87,4,4,13824,2.794115057136345e-09,-3.945456149116527e-10
87,5,0,13824,1.7566924341634678e-07,0.0
87,5,1,13824,1.4223255543129875e-08,7.576974988995524e-10
87,5,2,13824,3.6921412130558453e-09,3.14697374445106e-10
87,5,3,13824,2.064523193717007e-09,-1.9571876186637874e-10
87,5,4,13824,1.5086784557085607e-09,-2.469471541377363e-10
87,6,0,13824,1.7480218874627316e-07,0.0
87,6,1,13824,8.634709804582752e-09,1.5634082253042654e-10
87,6,2,13824,1.9212812539386927e-09,-2.0236983919611564e-10
87,6,3,13824,2.733908318921273e-10,3.108917730826503e-10
87,6,4,13824,4.646843455456108e-10,-1.5223272323751863e-10
87,7,0,13824,1.7501865234562777e-07,0.0
87,7,1,13824,5.505463027885366e-09,-1.2829364630073565e-10
87,7,2,13824,5.94581861931198e-10,2.1502623255638557e-10
87,7,3,13824,-5.971975188776966e-10,2.9592669661657287e-10
87,7,4,13824,-4.563193114973902e-10,1.61290747981313e-11
87,8,0,13824,1.7225261084018552e-07,0.0
87,8,1,13824,4.15988657582536e-09,1.8915519675096007e-10
87,8,2,13824,2.6951017445272463e-10,1.7282416407289214e-10
87,8,3,13824,-1.0083974467475694e-10,5.785979443464389e-10
87,8,4,13824,-3.4681109808934493e-10,-4.0247757541269027e-10
88,1,0,13824,1.767240332522377e-07,0.0
88,1,1,13824,1.0262776896443002e-07,-9.094157630702862e-12
88,1,2,13824,7.568418479393822e-08,1.480195627848109e-10
88,1,3,13824,5.95572452453333e-08,2.498846337703605e-10
88,1,4,13824,4.744629923949041e-08,3.901276759454775e-10
88,2,0,13824,1.753401386013408e-07,0.0
88,2,1,13824,6.226259640113343e-08,-4.2702342637506865e-10
88,2,2,13824,3.578701587430625e-08,-3.732375897160523e-10
88,2,3,13824,2.4565065233005568e-08,-2.9926305715473397e-10
88,2,4,13824,1.728266289820363e-08,-4.048146803241952e-10
88,3,0,13824,1.7368945991712126e-07,0.0
88,3,1,13824,3.767438904447818e-08,-4.555087568937231e-11
88,3,2,13824,1.76772264309616e-08,-1.3927128681154238e-10
88,3,3,13824,1.0658324668770303e-08,5.951319130737557e-11
88,3,4,13824,6.791926155481893e-09,1.1833556062668837e-10
88,4,0,13824,1.7459918739749282e-07,0.0
88,4,1,13824,2.2972640793693153e-08,1.2782731210572096e-10
88,4,2,13824,8.483916832340811e-09,-1.4464113193782632e-10
88,4,3,13824,4.535600312591365e-09,-1.538822054679874e-10
88,4,4,13824,2.6090985152008243e-09,1.1518982498078418e-10
88,5,0,13824,1.7406601976021835e-07,0.0
88,5,1,13824,1.438485180380624e-08,-4.316447221668773e-10
88,5,2,13824,4.2895801068107736e-09,-4.823656148148438e-10
88,5,3,13824,1.9784528809497824e-09,1.4161863952657126e-10
88,5,4,13824,9.051333141100445e-10,-1.1291309717815658e-10
88,6,0,13824,1.7346700465003647e-07,0.0
88,6,1,13824,9.221828394949645e-09,-1.6255138383529239e-10
88,6,2,13824,2.4913259483761186e-09,1.1280358342097373e-10
88,6,3,13824,6.45413877506862e-10,1.0541450532777895e-10
88,6,4,13824,5.748328116785326e-10,-3.9017787640055795e-10
88,7,0,13824,1.7377524346217062e-07,0.0
88,7,1,13824,5.863440244816443e-09,2.724512060957195e-10
88,7,2,13824,9.14453356523331e-10,-1.1161387697379476e-10
88,7,3,13824,-7.164600436217198e-11,-2.254503032371e-11
88,7,4,13824,7.367048264143867e-10,1.3243554564912488e-10
88,8,0,13824,1.7186731506034444e-07,0.0
88,8,1,13824,2.977038875543795e-09,6.823749553572202e-10
88,8,2,13824,6.822307170540238e-10,-4.082986652269785e-10
88,8,3,13824,-1.7854273127960255e-10,-3.678301651483181e-10
88,8,4,13824,1.1383580419402548e-09,4.183699842243563e-10
89,1,0,13824,1.7663786746871433e-07,0.0
89,1,1,13824,1.0268155465282337e-07,6.040438931604106e-10
89,1,2,13824,7.548769684344533e-08,8.197048817588778e-10
89,1,3,13824,5.964299235757997e-08,5.344137913625529e-10
89,1,4,13824,4.699367954420962e-08,3.420504519313858e-10
89,2,0,13824,1.7568942758178246e-07,0.0
89,2,1,13824,6.268723021565649e-08,-1.449064118747829e-10
89,2,2,13824,3.7029012683150274e-08,-2.0771983413977194e-10
89,2,3,13824,2.5292303135020142e-08,-2.3485099498911436e-10
89,2,4,13824,1.7437915056337567e-08,-2.447396982141528e-10
89,3,0,13824,1.7571081681244904e-07,0.0
89,3,1,13824,3.8521247830825264e-08,-2.4115395681880713e-11
89,3,2,13824,1.7819872581627458e-08,1.3669869253581534e-10
89,3,3,13824,9.603117013530017e-09,4.755543617841681e-10
89,3,4,13824,6.218419776106464e-09,6.631567918225827e-10
89,4,0,13824,1.7467821607560467e-07,0.0
89,4,1,13824,2.411105671040985e-08,8.011995076703623e-11
89,4,2,13824,9.939159447875472e-09,2.6900648711020453e-10
89,4,3,13824,4.948981937213447e-09,9.846570376906112e-11
89,4,4,13824,3.186885639997096e-09,9.448882687434607e-11
89,5,0,13824,1.733756661576153e-07,0.0
89,5,1,13824,1.4762373022948424e-08,-2.0879344076788795e-10
89,5,2,13824,4.337464466106658e-09,-6.002947011911116e-10
89,5,3,13824,2.2237454194185472e-09,-5.423276000530117e-10
89,5,4,13824,1.489704093037309e-09,-1.3357608489140305e-10
89,6,0,13824,1.734799284844157e-07,0.0
89,6,1,13824,8.582564989884905e-09,-2.6346941279836274e-10
89,6,2,13824,2.1268438257542055e-09,7.357398715998035e-12
89,6,3,13824,1.0676240039466323e-09,-4.470129647549751e-12
89,6,4,13824,3.3638363027468235e-10,3.90543106832705e-10
89,7,0,13824,1.7493952527874187e-07,0.0
89,7,1,13824,5.2849312718692776e-09,3.506965262036929e-10
89,7,2,13824,8.126998824092492e-10,-2.0402037694279443e-10
89,7,3,13824,6.290281878975786e-10,2.46496343378394e-11
89,7,4,13824,1.6404632875229455e-10,2.0162555854174963e-10
89,8,0,13824,1.7406082264281778e-07,0.0
89,8,1,13824,3.343822760411072e-09,-7.004565232385242e-11
89,8,2,13824,6.234069497957916e-10,-3.5831225705991293e-10
89,8,3,13824,2.818611922461726e-10,-2.2116361131511516e-10
89,8,4,13824,-5.4984789439901344e-11,2.496323324588333e-10
90,1,0,13824,1.7623487446919202e-07,0.0
90,1,1,13824,1.0261061402243334e-07,5.242971582908251e-10
90,1,2,13824,7.467893793740606e-08,1.1318373456462083e-09
90,1,3,13824,5.782298930678897e-08,1.7320085284860812e-09
90,1,4,13824,4.4826237953793675e-08,2.111358373656801e-09
90,2,0,13824,1.7505753473181964e-07,0.0
90,2,1,13824,6.292006220962157e-08,7.111192380824827e-10
90,2,2,13824,3.642231558969361e-08,3.228390772908296e-10
90,2,3,13824,2.5073314661381424e-08,6.074091339589345e-10
90,2,4,13824,1.8037586054791815e-08,8.749233143767348e-11
90,3,0,13824,1.7605947934748517e-07,0.0
90,3,1,13824,3.936726849403444e-08,4.689944664650986e-10
90,3,2,13824,1.848128032075519e-08,5.433033556276929e-10
90,3,3,13824,1.043353271772864e-08,2.5316243914074173e-10
90,3,4,13824,6.998440364449013e-09,5.62857615278038e-10
90,4,0,13824,1.7474060472154315e-07,0.0
90,4,1,13824,2.320120339104104e-08,2.2687755720656347e-10
90,4,2,13824,8.434419847680351e-09,7.6008525434017e-10
90,4,3,13824,3.4653263979304096e-09,3.124872916595276e-10
90,4,4,13824,2.8060909020518427e-09,5.376020612809692e-10
90,5,0,13824,1.7051348047227506e-07,0.0
90,5,1,13824,1.3973561105811699e-08,2.961681734109818e-11
90,5,2,13824,4.965708472660675e-09,2.792139069306861e-10
90,5,3,13824,2.024575852234343e-09,-2.3724219131084184e-10
90,5,4,13824,1.739808252281174e-09,-3.3421085000893757e-10
90,6,0,13824,1.749524794784265e-07,0.0
90,6,1,13824,8.629438603832624e-09,-2.292695470899363e-10
90,6,2,13824,2.260084068758493e-09,1.3629919713086696e-10
90,6,3,13824,6.171113805347814e-10,-6.769865808749639e-10
90,6,4,13824,4.0360349826622505e-10,2.3195400835331045e-10
90,7,0,13824,1.7388087304245979e-07,0.0
90,7,1,13824,5.094564542014972e-09,-1.6269122242747374e-10
90,7,2,13824,9.333084068565322e-10,-3.258927401942448e-10
90,7,3,13824,-4.588108884718215e-12,-3.8938378525535796e-10
90,7,4,13824,3.938556756086028e-10,-3.798762075272659e-10
90,8,0,13824,1.7365003688326613e-07,0.0
90,8,1,13824,3.3701000816171337e-09,-1.0959592932263575e-10
90,8,2,13824,4.56369945956194e-11,-1.0689256819426737e-09
90,8,3,13824,-2.4709986374452793e-10,4.709739865220096e-10
90,8,4,13824,1.0862191260529429e-10,5.54580404001761e-10
91,1,0,13824,1.762997407981686e-07,0.0
91,1,1,13824,1.0230649338053936e-07,2.174835683692391e-10
91,1,2,13824,7.575870916729651e-08,6.640862989311164e-10
91,1,3,13824,5.998781619317783e-08,9.641786245594358e-10
91,1,4,13824,4.745193422793107e-08,1.0537030404704657e-09
91,2,0,13824,1.7490994765560473e-07,0.0
91,2,1,13824,6.177040777239406e-08,3.8577663178142585e-10
91,2,2,13824,3.602519688225796e-08,6.868904334131302e-10
91,2,3,13824,2.4300285329705756e-08,9.276389338291852e-10
91,2,4,13824,1.692336017412107e-08,1.0056048239568572e-09
91,3,0,13824,1.736211519894983e-07,0.0
91,3,1,13824,3.8348399735399284e-08,-6.204799900327383e-10
91,3,2,13824,1.7627309604884534e-08,-5.165760218106058e-10
91,3,3,13824,1.0564306914180149e-08,-8.305961086932539e-11
91,3,4,13824,7.155318138659943e-09,2.341779531283383e-10
91,4,0,13824,1.7473028990553647e-07,0.0
91,4,1,13824,2.3802094950228494e-08,-3.738234243468042e-10
91,4,2,13824,9.398501173019958e-09,-2.2014435145782184e-10
91,4,3,13824,4.813664806103681e-09,-2.548493465583279e-10
91,4,4,13824,2.7908281632017957e-09,5.398646783392587e-10
91,5,0,13824,1.7223484021578197e-07,0.0
91,5,1,13824,1.4292067683145067e-08,-1.678994743099531e-10
91,5,2,13824,4.488055004422721e-09,-4.755724881514406e-10
91,5,3,13824,1.7640463546436795e-09,3.103464857748153e-11
91,5,4,13824,1.1188600703246087e-09,-7.356907170435802e-11
91,6,0,13824,1.7094989819250534e-07,0.0
91,6,1,13824,8.776774932833294e-09,-3.290050485378837e-10
91,6,2,13824,3.012521644268941e-09,-2.2321954523555208e-10
91,6,3,13824,8.827172289901851e-10,-7.23207352829099e-10
91,6,4,13824,6.578493334145469e-11,-2.2267310933864495e-10
91,7,0,13824,1.735178463511286e-07,0.0
91,7,1,13824,5.356341147757813e-09,-2.410134469315601e-10
91,7,2,13824,6.459653704202687e-10,-1.6534518034308033e-10
91,7,3,13824,1.9908892068839404e-11,-1.6940371524663014e-10
91,7,4,13824,7.58531898411798e-11,-3.186305234132991e-10
91,8,0,13824,1.7338425263790229e-07,0.0
91,8,1,13824,3.1951187789876575e-09,5.245476442126643e-10
91,8,2,13824,5.677940930064327e-10,2.394139719163034e-11
91,8,3,13824,6.584719152250364e-10,-2.0955133925047057e-10
91,8,4,13824,-3.290622619160764e-11,-2.9429623380540697e-11
92,1,0,13824,1.765324630497113e-07,0.0
92,1,1,13824,1.035086998740876e-07,-1.996737265848293e-10
92,1,2,13824,7.695571501911264e-08,9.676907029812714e-11
92,1,3,13824,6.121122468661062e-08,7.879499698334706e-11
92,1,4,13824,4.9099418963450554e-08,3.916957988950421e-11
92,2,0,13824,1.7474061579790675e-07,0.0
92,2,1,13824,6.202454434034235e-08,-1.7668390448216126e-10
92,2,2,13824,3.689310124703444e-08,3.726058103446575e-10
92,2,3,13824,2.4558207292905413e-08,2.153167815906478e-10
92,2,4,13824,1.7390775152501358e-08,-1.1045249667101423e-10
92,3,0,13824,1.748772637438346e-07,0.0
92,3,1,13824,3.8887256191652624e-08,-3.078645799200655e-10
92,3,2,13824,1.897453294989995e-08,2.472967027542997e-10
92,3,3,13824,1.1689433920814371e-08,4.636524122619772e-11
92,3,4,13824,7.341859901308277e-09,-3.7162299349543923e-10
92,4,0,13824,1.7397961322353562e-07,0.0
92,4,1,13824,2.385613896126762e-08,-2.812327383191326e-10
92,4,2,13824,9.047167554814748e-09,-7.997787226602845e-11
92,4,3,13824,4.470598022187723e-09,-6.655256548773417e-11
92,4,4,13824,2.2794277802405064e-09,-2.499841453671089e-10
92,5,0,13824,1.7339643822349192e-07,0.0
92,5,1,13824,1.4580591956368341e-08,2.4287011217624946e-10
92,5,2,13824,4.436665452453586e-09,2.6302042234458047e-10
92,5,3,13824,1.8146730085504105e-09,-1.2456257740796609e-11
92,5,4,13824,1.2861287896067132e-09,-3.9682895266753933e-10
92,6,0,13824,1.7317314213073035e-07,0.0
92,6,1,13824,8.862168492727085e-09,1.2909510266600372e-10
92,6,2,13824,2.021175581769753e-09,3.3707799773205726e-10
92,6,3,13824,9.396329069754818e-10,3.538028746106731e-10
92,6,4,13824,5.19335709331347e-10,2.2553309982164552e-10
92,7,0,13824,1.7535146240486145e-07,0.0
92,7,1,13824,5.4029221457488314e-09,4.757128454189906e-10
92,7,2,13824,6.378608265493592e-10,4.20157736942246e-10
92,7,3,13824,2.718829105145328e-10,-6.283492632729308e-10
92,7,4,13824,4.803315819740344e-10,3.486244354852165e-10
92,8,0,13824,1.7516003657525442e-07,0.0
92,8,1,13824,3.25556036269189e-09,1.6322657648420879e-10
92,8,2,13824,3.776905889871378e-10,7.593419192539181e-10
92,8,3,13824,1.255412169049196e-10,-6.377349613426609e-10
92,8,4,13824,5.4947365536088405e-12,2.445550720969507e-10
93,1,0,13824,1.7538085676193717e-07,0.0
93,1,1,13824,1.0231204442775186e-07,-1.4767849838976624e-10
93,1,2,13824,7.574856895563854e-08,-3.2045585336754447e-10
93,1,3,13824,5.942739817528081e-08,-9.917598622322669e-11
93,1,4,13824,4.6983283761238766e-08,9.64515284421886e-11
93,2,0,13824,1.7656476113225856e-07,0.0
93,2,1,13824,6.326493243152469e-08,-3.79602158673317e-10
93,2,2,13824,3.711878125883991e-08,-6.431935119978041e-10
93,2,3,13824,2.5091301493825647e-08,-6.230212423514778e-10
93,2,4,13824,1.8086277145059272e-08,-6.271640723038392e-10
93,3,0,13824,1.7606494478241298e-07,0.0
93,3,1,13824,3.844216753403075e-08,-5.425244941911771e-10
93,3,2,13824,1.8176721654435468e-08,-5.318696240846669e-10
93,3,3,13824,1.0803382370483018e-08,-2.6373053623987905e-10
93,3,4,13824,7.486388865651578e-09,4.894193783548349e-12
93,4,0,13824,1.734192936791622e-07,0.0
93,4,1,13824,2.3456910173435102e-08,-1.9773325571071843e-11
93,4,2,13824,8.216187186298374e-09,-5.631897298476476e-10
93,4,3,13824,4.3937471375766645e-09,-4.691795675749872e-11
93,4,4,13824,2.3768986403466744e-09,5.385101353886822e-10
93,5,0,13824,1.7320101067614024e-07,0.0
93,5,1,13824,1.4699709882582707e-08,-1.7375775552370444e-10
93,5,2,13824,3.744899324433949e-09,-2.0599003315373396e-11
93,5,3,13824,1.889305894219583e-09,-2.946215468317769e-10
93,5,4,13824,1.3529052630123343e-09,6.345665849432651e-10
93,6,0,13824,1.741105192247744e-07,0.0
93,6,1,13824,8.928529707074488e-09,-2.351393189383717e-11
93,6,2,13824,1.8354690858348151e-09,2.8318867324978387e-10
93,6,3,13824,1.1917313799584434e-09,-1.9128871516121404e-10
93,6,4,13824,5.36961604432344e-10,2.648899383230679e-10
93,7,0,13824,1.7334045160148539e-07,0.0
93,7,1,13824,5.58301695732299e-09,-3.9269850201809786e-10
93,7,2,13824,4.808550496386934e-10,1.599326043306476e-10
93,7,3,13824,5.615373981487324e-10,1.9514564169875873e-11
93,7,4,13824,4.8297257837017e-10,-3.487289504957229e-10
93,8,0,13824,1.720560814371606e-07,0.0
93,8,1,13824,3.6418988278896645e-09,-4.76417761847545e-10
93,8,2,13824,5.62386124157984e-10,-2.781832524287218e-11
93,8,3,13824,-2.5203413942406086e-10,-8.19911840673063e-10
93,8,4,13824,5.632964476103609e-10,-2.937992511053949e-10
94,1,0,13824,1.7678225575423334e-07,0.0
94,1,1,13824,1.0142825184047319e-07,1.4869983089155678e-11
94,1,2,13824,7.434411083020662e-08,5.586243734557694e-10
94,1,3,13824,5.8181059004134896e-08,8.111457139616014e-10
94,1,4,13824,4.5363297486035485e-08,7.805103751454982e-10
94,2,0,13824,1.743093063571977e-07,0.0
94,2,1,13824,6.127871687385933e-08,5.578496558600084e-10
94,2,2,13824,3.6083290261523076e-08,3.0677595395790563e-10
94,2,3,13824,2.4036447766670866e-08,2.1627242426080808e-10
94,2,4,13824,1.737178238553692e-08,3.7368095111505155e-10
94,3,0,13824,1.7404442036233998e-07,0.0
94,3,1,13824,3.8365710679540786e-08,6.607294310636932e-10
94,3,2,13824,1.772780856597103e-08,8.699933198516473e-10
94,3,3,13824,1.0562863515898978e-08,3.9956318148105124e-10
94,3,4,13824,7.0610966854392486e-09,1.1596806800937873e-10
94,4,0,13824,1.7609193907819327e-07,0.0
94,4,1,13824,2.3282473448347468e-08,2.5403567598606247e-10
94,4,2,13824,8.66304461253853e-09,6.010725754897842e-10
94,4,3,13824,4.507579036496484e-09,-4.978898216466754e-10
94,4,4,13824,2.279268407181563e-09,-3.7320329593911563e-10
94,5,0,13824,1.7538859405012346e-07,0.0
94,5,1,13824,1.4495288185619115e-08,3.197609874392496e-11
94,5,2,13824,4.657304864922752e-09,3.120586181327558e-10
94,5,3,13824,2.0383837979175427e-09,-3.666749196781998e-10
94,5,4,13824,9.922409951969938e-10,4.765691582299183e-12
94,6,0,13824,1.7571280005236765e-07,0.0
94,6,1,13824,8.9103879110324e-09,-7.757205361516981e-12
94,6,2,13824,2.3893114028887e-09,1.480925350351921e-10
94,6,3,13824,1.1331634243885203e-09,-2.4932373645810923e-10
94,6,4,13824,4.206281548689369e-10,-9.029991810857289e-11
94,7,0,13824,1.7477561999513377e-07,0.0
94,7,1,13824,5.206180375265246e-09,5.879344224595382e-10
94,7,2,13824,1.0388219779460173e-09,2.2221887502136006e-10
94,7,3,13824,7.949980971727039e-10,-4.841566918464264e-11
94,7,4,13824,3.510549407005886e-10,1.6324973593984012e-10
94,8,0,13824,1.7392074295648578e-07,0.0
94,8,1,13824,3.7650821243371225e-09,3.7486147058466177e-10
94,8,2,13824,7.12800368232323e-10,-2.086717090981381e-10
94,8,3,13824,-2.379965514374015e-10,-1.1861407275527775e-10
94,8,4,13824,-7.376523000185692e-11,1.245505828332641e-10
95,1,0,13824,1.7671051985406308e-07,0.0
95,1,1,13824,1.0277848446646346e-07,-8.824394705178178e-10
95,1,2,13824,7.506867509579037e-08,-1.0846212601475506e-09
95,1,3,13824,5.83582808338261e-08,-9.933976114718242e-10
95,1,4,13824,4.5252104411780965e-08,-1.2290499912384488e-09
95,2,0,13824,1.754539959833793e-07,0.0
95,2,1,13824,6.21438749504423e-08,-5.116748635752952e-10
95,2,2,13824,3.5883505185802775e-08,-5.245668961594168e-10
95,2,3,13824,2.4545217504238236e-08,-4.347747707657313e-10
95,2,4,13824,1.7814147450087683e-08,-5.651142691366212e-10
95,3,0,13824,1.7471919307720854e-07,0.0
95,3,1,13824,3.856529821816974e-08,-5.123971080384e-10
95,3,2,13824,1.8273606348743342e-08,1.5910838223298208e-10
95,3,3,13824,1.038222007744046e-08,1.1756701980976198e-10
95,3,4,13824,6.967386334355133e-09,4.769689279055999e-10
95,4,0,13824,1.7463358047655827e-07,0.0
95,4,1,13824,2.3674457325837052e-08,-2.9056597647552113e-10
95,4,2,13824,8.74898118424709e-09,-7.266303748575128e-11
95,4,3,13824,4.609836113214995e-09,-1.613352333132004e-10
95,4,4,13824,2.5858947667769147e-09,2.2257447271895797e-10
95,5,0,13824,1.7479953797879614e-07,0.0
95,5,1,13824,1.522108922009617e-08,-1.5732053855811067e-10
95,5,2,13824,4.407157517411531e-09,1.2080080150534312e-10
95,5,3,13824,1.4412727709423937e-09,-5.070020540249476e-10
95,5,4,13824,1.4629969745951365e-09,1.4308098845760201e-10
95,6,0,13824,1.7538051447622147e-07,0.0
95,6,1,13824,9.506679844445287e-09,-5.287953648027616e-10
95,6,2,13824,1.944608539626307e-09,4.0547976150719535e-10
95,6,3,13824,4.724564298252105e-10,7.57810565567401e-11
95,6,4,13824,6.56882548108842e-10,1.4870739328063857e-11
95,7,0,13824,1.7636879023458042e-07,0.0
95,7,1,13824,6.589779886020343e-09,-5.257968489751808e-10
95,7,2,13824,7.294132156260434e-10,5.243904163707723e-10
95,7,3,13824,-2.7095741335459107e-10,3.703376192531087e-10
95,7,4,13824,7.241074324648763e-10,-3.346245807460913e-11
95,8,0,13824,1.7484522205333363e-07,0.0
95,8,1,13824,3.5041647452781485e-09,9.338655843482975e-11
95,8,2,13824,8.223819340403221e-10,3.465132002908692e-10
95,8,3,13824,-8.751098397099588e-10,5.759797468961736e-10
95,8,4,13824,-9.794061488125216e-11,-5.406501801004882e-11
96,1,0,13824,1.7283172828149514e-07,0.0
96,1,1,13824,1.0004792964621702e-07,5.6842807222856215e-12
96,1,2,13824,7.252626376507316e-08,1.496872529546957e-10
96,1,3,13824,5.6938588026921194e-08,-3.336365994276257e-10
96,1,4,13824,4.464451141225408e-08,-7.693066969215177e-10
96,2,0,13824,1.751281587270522e-07,0.0
96,2,1,13824,6.185152299709279e-08,-2.521433940327303e-10
96,2,2,13824,3.580268556315869e-08,-3.6472014129671264e-10
96,2,3,13824,2.43073409354774e-08,-1.1113667770810002e-09
96,2,4,13824,1.7502361892304942e-08,-8.313606592040956e-10
96,3,0,13824,1.7300680207199148e-07,0.0
96,3,1,13824,3.7583937958904424e-08,6.865476910019558e-11
96,3,2,13824,1.6630889781214877e-08,-1.0298360299803562e-10
96,3,3,13824,9.759918778988928e-09,-9.725239203617856e-10
96,3,4,13824,6.018125684920321e-09,-4.783416500653082e-10
96,4,0,13824,1.7426850252702163e-07,0.0
96,4,1,13824,2.3584556496265304e-08,-1.099981000254766e-09
96,4,2,13824,8.187930293265866e-09,-8.266204132716621e-11
96,4,3,13824,4.7005781948689116e-09,-8.498444848280625e-10
96,4,4,13824,2.149538845303917e-09,-1.1625555382913835e-09
96,5,0,13824,1.7526510739199133e-07,0.0
96,5,1,13824,1.3919368152549491e-08,-8.546458417424256e-10
96,5,2,13824,4.1517544676767935e-09,-8.082304054589883e-10
96,5,3,13824,2.2931364616204217e-09,-2.2709948206512984e-10
96,5,4,13824,8.554169514592153e-10,-4.296072045792267e-10
96,6,0,13824,1.756206994049689e-07,0.0
96,6,1,13824,8.970506578609784e-09,-2.585982668796589e-10
96,6,2,13824,2.041797229045378e-09,-7.316640445729313e-10
96,6,3,13824,1.1551867240165873e-09,2.0896348444846418e-10
96,6,4,13824,3.6006643286859846e-10,-1.1270777451486344e-10
96,7,0,13824,1.7485476061571062e-07,0.0
96,7,1,13824,4.983330704043927e-09,1.5623895664120103e-10
96,7,2,13824,6.616280832749092e-10,-2.626336930622483e-10
96,7,3,13824,1.1800554570962445e-09,-2.013534389725715e-10
96,7,4,13824,2.549444962993667e-12,3.853912260271301e-10
96,8,0,13824,1.730351652615437e-07,0.0
96,8,1,13824,3.0150854547602313e-09,-1.4840570290297214e-10
96,8,2,13824,-1.995481243637647e-10,-6.062380959298906e-11
96,8,3,13824,8.759784163576149e-10,-4.062820141899401e-10
96,8,4,13824,-3.4388099119349767e-10,-2.2490440126390147e-10
97,1,0,13824,1.7796820760402505e-07,0.0
97,1,1,13824,1.0342666567484267e-07,-3.663773955177933e-10
97,1,2,13824,7.687147298270111e-08,-6.621767186849803e-10
97,1,3,13824,6.063406265711343e-08,-5.553135561016478e-10
97,1,4,13824,4.828753595687743e-08,-3.720080382526448e-10
97,2,0,13824,1.7562518478667684e-07,0.0
97,2,1,13824,6.290029495037178e-08,4.8660236354576886e-11
97,2,2,13824,3.6734468163794586e-08,-1.1051128043022561e-10
97,2,3,13824,2.4996241755659988e-08,-3.0208787815803215e-10
97,2,4,13824,1.746945664877177e-08,-3.2017374838047554e-10
97,3,0,13824,1.732834091615942e-07,0.0
97,3,1,13824,3.806892158718324e-08,-2.7574170203565147e-10
97,3,2,13824,1.745059642173063e-08,-7.478942045856041e-10
97,3,3,13824,1.064693039372029e-08,-2.476542398991331e-10
97,3,4,13824,6.128728180470972e-09,-1.0181077970908074e-10
97,4,0,13824,1.7415043755173093e-07,0.0
97,4,1,13824,2.3926152371815403e-08,-4.552844920590473e-10
97,4,2,13824,9.49802140818412e-09,6.485948777925218e-11
97,4,3,13824,5.9344615237204755e-09,3.1381336367995423e-10
97,4,4,13824,2.6611275008575765e-09,-2.3215649057783328e-10
97,5,0,13824,1.7611428028031242e-07,0.0
97,5,1,13824,1.6038230510245552e-08,-2.2531719148042285e-10
97,5,2,13824,5.159622374533359e-09,1.3974426512307775e-10
97,5,3,13824,2.3619876920813658e-09,3.6526240103438163e-10
97,5,4,13824,1.6791609240059042e-09,1.499061794401497e-10
97,6,0,13824,1.7598621466235206e-07,0.0
97,6,1,13824,1.0360195367071928e-08,-3.624083710334899e-10
97,6,2,13824,2.089577942363563e-09,1.8339456979356616e-10
97,6,3,13824,7.267077841260397e-10,5.535122327753397e-10
97,6,4,13824,7.334522706469694e-10,1.0375479238816028e-10
97,7,0,13824,1.7328945258099396e-07,0.0
97,7,1,13824,6.395234434054074e-09,-6.864912340187029e-10
97,7,2,13824,4.114962471218392e-10,-1.6237934579904507e-11
97,7,3,13824,3.88042394553008e-10,6.90918166672121e-10
97,7,4,13824,-3.22418746168816e-10,-1.7966823753515245e-10
97,8,0,13824,1.759580028792539e-07,0.0
97,8,1,13824,3.586560572054183e-09,2.5143632240570386e-10
97,8,2,13824,4.157774987621946e-10,-2.171287468356489e-10
97,8,3,13824,1.8935528273394175e-10,1.6247664281604814e-10
97,8,4,13824,-8.926158622742788e-11,2.1678750977044105e-10
98,1,0,13824,1.7743114397878115e-07,0.0
98,1,1,13824,1.0374155321632316e-07,2.286049839141794e-10
98,1,2,13824,7.652293694042627e-08,6.850091473675176e-10
98,1,3,13824,6.078205487965733e-08,7.928926011014017e-10
98,1,4,13824,4.780832955227174e-08,1.1336854319440671e-09
98,2,0,13824,1.726138070510362e-07,0.0
98,2,1,13824,6.182089284539104e-08,2.9556108727673294e-10
98,2,2,13824,3.6031629623953406e-08,4.039622654129264e-11
98,2,3,13824,2.4487715278242027e-08,5.8641768508332e-10
98,2,4,13824,1.7229841069432864e-08,9.435236973746996e-10
98,3,0,13824,1.73512682318087e-07,0.0
98,3,1,13824,3.8585399559290014e-08,6.024609987471679e-10
98,3,2,13824,1.841431537306228e-08,5.723575314085255e-10
98,3,3,13824,1.0861302509245423e-08,3.431059939399802e-10
98,3,4,13824,6.867325194089915e-09,2.3606524021273243e-10
98,4,0,13824,1.7326713737440588e-07,0.0
98,4,1,13824,2.3172606660372818e-08,4.072324931576734e-10
98,4,2,13824,8.132988070165199e-09,2.540988858676492e-10
98,4,3,13824,4.141550219441059e-09,2.8916452993658976e-10
98,4,4,13824,2.7777908956906356e-09,-1.9218323502065022e-10
98,5,0,13824,1.7462390777562272e-07,0.0
98,5,1,13824,1.4355399138857018e-08,-1.6406773775243705e-10
98,5,2,13824,3.8141004180378446e-09,-1.5457843275273503e-10
98,5,3,13824,2.0821783951618118e-09,5.110982420415805e-10
98,5,4,13824,1.066432492916465e-09,4.011522007687756e-10
98,6,0,13824,1.7366771376197647e-07,0.0
98,6,1,13824,9.006643931175226e-09,2.0060285276175045e-10
98,6,2,13824,2.6276354316158865e-09,2.2009777964972175e-11
98,6,3,13824,6.343644451548742e-10,-3.0891914931441073e-10
98,6,4,13824,3.2465713739048564e-10,2.637360965893732e-10
98,7,0,13824,1.747598226578111e-07,0.0
98,7,1,13824,6.2623915567361346e-09,1.0712805482370328e-10
98,7,2,13824,1.3793650161253383e-09,4.676013480428106e-11
98,7,3,13824,3.5869431901466937e-10,-2.498349396024136e-10
98,7,4,13824,-6.568529033833569e-11,1.24869542461119e-10
98,8,0,13824,1.7475043095186047e-07,0.0
98,8,1,13824,3.2359346900275327e-09,-7.774401003102638e-11
98,8,2,13824,3.820606523614333e-10,1.0996003516906305e-10
98,8,3,13824,4.676052571736697e-10,-5.650842780875067e-10
98,8,4,13824,1.9373824210792132e-10,2.4599444971403603e-10
99,1,0,13824,1.7838673066856329e-07,0.0
99,1,1,13824,1.0356625417042888e-07,1.3586127866765713e-09
99,1,2,13824,7.679977895317017e-08,2.176209777550025e-09
99,1,3,13824,6.062744739630549e-08,2.817317347911121e-09
99,1,4,13824,4.817250972067129e-08,3.4741774179968554e-09
99,2,0,13824,1.7663034606532956e-07,0.0
99,2,1,13824,6.300137504929812e-08,4.1349223991697215e-10
99,2,2,13824,3.698038319026544e-08,7.436490472354569e-10
99,2,3,13824,2.4864941016469473e-08,4.1652420048789394e-10
99,2,4,13824,1.7843970776029776e-08,7.877799607687776e-10
99,3,0,13824,1.7590613667371858e-07,0.0
99,3,1,13824,3.8913756029989686e-08,9.114561501787223e-11
99,3,2,13824,1.837055895115841e-08,-2.6596732443814107e-10
99,3,3,13824,1.0404585208987408e-08,3.871109051730054e-10
99,3,4,13824,6.1508077548871285e-09,5.546812129015398e-10
99,4,0,13824,1.7437287469457233e-07,0.0
99,4,1,13824,2.4016747042991648e-08,2.68822867484716e-10
99,4,2,13824,9.13724109316764e-09,-3.058341206555268e-10
99,4,3,13824,4.5248976134121435e-09,4.887325448685752e-10
99,4,4,13824,2.8484062983530654e-09,-1.2608025803411448e-10
99,5,0,13824,1.7497153993197837e-07,0.0
99,5,1,13824,1.4532679726780466e-08,5.025788174127459e-10
99,5,2,13824,4.060985315375262e-09,-5.87096342925409e-10
99,5,3,13824,1.695057809442287e-09,2.189080033756559e-10
99,5,4,13824,9.738036538485891e-10,-1.680816680061858e-10
99,6,0,13824,1.736461426386021e-07,0.0
99,6,1,13824,8.799863617450196e-09,2.364332162953377e-10
99,6,2,13824,2.1730929416727638e-09,-4.083263615777578e-10
99,6,3,13824,3.1955072072847573e-10,3.731489266393479e-10
99,6,4,13824,4.3797134569143995e-10,1.4589607143506856e-10
99,7,0,13824,1.7355406982344097e-07,0.0
99,7,1,13824,5.222720068767216e-09,8.56778473217261e-11
99,7,2,13824,8.092720621352006e-10,1.8260039474297886e-11
99,7,3,13824,2.3783968584250786e-11,5.425650290613776e-10
99,7,4,13824,7.822520391475078e-10,-2.192553624233942e-10
99,8,0,13824,1.7319449752509487e-07,0.0
99,8,1,13824,3.2659828670112414e-09,2.45993419233117e-10
99,8,2,13824,4.0312629278570985e-10,1.3647353766739557e-10
99,8,3,13824,-2.2010136018335516e-11,5.076159227049217e-10
99,8,4,13824,2.627561055049224e-11,-1.19999492836544e-11
100,1,0,13824,1.74512890330578e-07,0.0
100,1,1,13824,1.015351217662363e-07,1.278896876077016e-10
100,1,2,13824,7.341829797286616e-08,1.554527006686911e-10
100,1,3,13824,5.692028436240235e-08,3.9042266075918693e-10
100,1,4,13824,4.4462412055432566e-08,7.795944920875049e-11
100,2,0,13824,1.7588084797282164e-07,0.0
100,2,1,13824,6.34283290521502e-08,1.2918457806528679e-10
100,2,2,13824,3.676874171262026e-08,-1.4419068619456724e-10
100,2,3,13824,2.5257042750953195e-08,-3.9224420237665066e-10
100,2,4,13824,1.8191337278230976e-08,-3.9707094039999736e-10
100,3,0,13824,1.7478074048001655e-07,0.0
100,3,1,13824,3.87644190691242e-08,-8.424330140168424e-10
100,3,2,13824,1.7526443709356933e-08,-1.632973133086026e-10
100,3,3,13824,1.0565149014504467e-08,-2.244630121309866e-10
100,3,4,13824,6.900315912197367e-09,4.400110537510721e-10
100,4,0,13824,1.7642347632903307e-07,0.0
100,4,1,13824,2.4324452547475194e-08,-3.633395634389623e-10
100,4,2,13824,9.068291565068228e-09,-4.01570380241869e-10
100,4,3,13824,4.539015223376181e-09,-1.8512604226850656e-10
100,4,4,13824,2.201004017496847e-09,5.282068881986193e-11
100,5,0,13824,1.7283700626060586e-07,0.0
100,5,1,13824,1.4447240007729423e-08,1.4160511581298314e-10
100,5,2,13824,4.7275754935489e-09,-2.750022107675118e-10
100,5,3,13824,2.2675390455316166e-09,3.528824920022738e-10
100,5,4,13824,1.1046949318159773e-09,2.7305857330185564e-10
100,6,0,13824,1.7581243198277163e-07,0.0
100,6,1,13824,8.763580155338269e-09,1.841762053691158e-10
100,6,2,13824,2.298280729904228e-09,3.0129007135436867e-10
100,6,3,13824,1.1758591075981331e-09,3.7441302846130867e-10
100,6,4,13824,2.705289934860054e-10,1.4940193127794668e-10
100,7,0,13824,1.7486264733071998e-07,0.0
100,7,1,13824,5.567837887373834e-09,4.977411569535752e-11
100,7,2,13824,1.142722352760833e-09,-1.7718231164503174e-10
100,7,3,13824,5.761067129957341e-10,-4.88265973640352e-10
100,7,4,13824,-1.9895267356135853e-10,5.831980080250312e-10
100,8,0,13824,1.7368250671225414e-07,0.0
100,8,1,13824,3.818543879292801e-09,-8.813818568697819e-10
100,8,2,13824,9.416085631691564e-10,3.0730623857141436e-10
100,8,3,13824,-3.0983113615798513e-10,-6.133774207806518e-11
100,8,4,13824,4.821862525731927e-11,3.3293123280819883e-10
