cfg,T,R,Nsrc,Re,Im
1,1,0,82944,1.7733856386768438e-07,0.0
1,1,1,82944,1.0213503443225951e-07,1.6557209083842555e-10
1,1,2,82944,7.42655074751914e-08,3.2353354609349776e-10
1,1,3,82944,5.7495713355440355e-08,4.245197656088901e-10
1,1,4,82944,4.4711177439613874e-08,5.885693754470927e-10
1,1,5,82944,3.42997758907032e-08,5.208625548790572e-10
1,1,6,82944,2.5835931634047173e-08,4.840597749469667e-10
1,2,0,82944,1.7496065774595095e-07,0.0
1,2,1,82944,6.200803244155784e-08,-3.547825086409415e-11
1,2,2,82944,3.5982335637131964e-08,3.075976596001126e-11
1,2,3,82944,2.4133657273276694e-08,8.827534085400908e-11
1,2,4,82944,1.7011344844128454e-08,-6.267467144546813e-11
1,2,5,82944,1.196083487920624e-08,-1.9913467886209093e-10
1,2,6,82944,8.133245862445022e-09,-3.1166665231153026e-10
1,3,0,82944,1.7493946904894089e-07,0.0
1,3,1,82944,3.8212965965778355e-08,7.888210185823582e-11
1,3,2,82944,1.773966700894341e-08,3.777952068922185e-10
1,3,3,82944,1.0402720097582587e-08,3.650461253685659e-10
1,3,4,82944,6.439780595243654e-09,1.3380355049398586e-10
1,3,5,82944,3.95631931522562e-09,-1.1564359745034299e-10
1,3,6,82944,2.541891573856818e-09,9.457619803951246e-12
1,4,0,82944,1.74653567437555e-07,0.0
1,4,1,82944,2.3796914452859704e-08,3.8049800200177425e-11
1,4,2,82944,8.793932647004394e-09,5.906538120591441e-11
1,4,3,82944,4.27144783699721e-09,1.1692618443759162e-10
1,4,4,82944,2.5208770104705568e-09,-7.94801480852777e-11
1,4,5,82944,1.3627250751247399e-09,-1.6677357464108583e-10
1,4,6,82944,6.588476763465547e-10,3.222440192399501e-11
1,5,0,82944,1.7407550577847707e-07,0.0
1,5,1,82944,1.4622657110524202e-08,1.0944446079413821e-10
1,5,2,82944,4.2490877110787115e-09,2.908939173960154e-10
1,5,3,82944,1.900711950403035e-09,-1.4238091821492753e-10
1,5,4,82944,7.451654827192534e-10,-1.0292847018218813e-10
1,5,5,82944,6.385357800273739e-10,-9.921413392419749e-11
1,5,6,82944,2.7599627850088455e-10,-1.230293372555232e-10
1,6,0,82944,1.7437452876717066e-07,0.0
1,6,1,82944,9.042522548575935e-09,1.2487872752589047e-10
1,6,2,82944,2.139739166528285e-09,-1.5367508711696157e-10
1,6,3,82944,8.32189249303165e-10,-2.5099390023456374e-10
1,6,4,82944,4.658413413368639e-10,1.0193689144465613e-10
1,6,5,82944,9.769164182323212e-11,2.1084122037026478e-10
1,6,6,82944,7.92288143243894e-11,2.8515118396457643e-11
1,7,0,82944,1.744798868504784e-07,0.0
1,7,1,82944,5.6167778904329244e-09,-2.5545427489506113e-10
1,7,2,82944,1.2379880175987681e-09,-2.6195519520742106e-10
1,7,3,82944,9.237541590729331e-12,-3.1569985776079583e-11
1,7,4,82944,1.6703732921385364e-10,9.740988085577401e-11
1,7,5,82944,8.389956140689887e-11,-4.91935114471403e-11
1,7,6,82944,1.4093494429782675e-10,8.533102371355294e-11
1,8,0,82944,1.7462535928886282e-07,0.0
1,8,1,82944,3.4620249579062973e-09,2.594251580033833e-10
1,8,2,82944,4.723397815441081e-10,-2.5504660396594026e-10
1,8,3,82944,5.988979779871445e-11,-8.873557602187138e-11
1,8,4,82944,-3.141742671196982e-11,5.6549339814553184e-11
1,8,5,82944,-4.260720567945461e-11,6.36125149260627e-11
1,8,6,82944,-7.519807774029331e-11,1.0629038506188804e-11
2,1,0,82944,1.7691166226631974e-07,0.0
2,1,1,82944,1.0284916756006587e-07,-4.020742354949684e-10
2,1,2,82944,7.556560153193141e-08,-5.935760685404999e-10
2,1,3,82944,5.91292660086894e-08,-7.129255305486703e-10
2,1,4,82944,4.637362799101393e-08,-7.012893286711931e-10
2,1,5,82944,3.592942890892094e-08,-5.377579427946309e-10
2,1,6,82944,2.7586604621054057e-08,-4.120414840653769e-10
2,2,0,82944,1.758577271185827e-07,0.0
2,2,1,82944,6.26154740960902e-08,-1.692392159047287e-10
2,2,2,82944,3.659257609345439e-08,-2.183348492950644e-11
2,2,3,82944,2.4740393437189734e-08,-3.2956488414202227e-12
2,2,4,82944,1.7241136366633697e-08,2.138477252342807e-11
2,2,5,82944,1.1857817669669344e-08,5.465440311493794e-12
2,2,6,82944,8.291765606592198e-09,-1.0405276422413786e-10
2,3,0,82944,1.7410732711992158e-07,0.0
2,3,1,82944,3.83006571279453e-08,-1.5133674409318763e-10
2,3,2,82944,1.7879865616900152e-08,1.513694145235222e-10
2,3,3,82944,1.0466504833876477e-08,1.8418965411794342e-10
2,3,4,82944,6.593773642543787e-09,1.6186608715048104e-10
2,3,5,82944,4.1379735962184365e-09,1.0530327919985058e-10
2,3,6,82944,2.5493371478372636e-09,2.5839305902031945e-10
2,4,0,82944,1.7486803928957268e-07,0.0
2,4,1,82944,2.372063164535444e-08,-1.396160102606893e-10
2,4,2,82944,8.760685961159945e-09,9.419196626060852e-11
2,4,3,82944,4.632097337580348e-09,6.54388618868253e-11
2,4,4,82944,2.5981243379439152e-09,-2.2030598370300886e-10
2,4,5,82944,1.357428561258228e-09,8.169636217475435e-12
2,4,6,82944,9.228650976516096e-10,-6.559440220775456e-11
2,5,0,82944,1.7318446771303741e-07,0.0
2,5,1,82944,1.453750745599506e-08,2.149558943813832e-10
2,5,2,82944,4.274157449915265e-09,1.2819942018339577e-10
2,5,3,82944,1.9078984773636644e-09,2.5079171342746013e-10
2,5,4,82944,9.774331351428694e-10,7.76562245935349e-11
2,5,5,82944,5.370461910037511e-10,-4.8967979190063263e-11
2,5,6,82944,2.6635584600613803e-10,-2.2834400099460612e-10
2,6,0,82944,1.739776008197824e-07,0.0
2,6,1,82944,8.998536264980906e-09,-1.3420656509744364e-11
2,6,2,82944,1.8783562603173834e-09,1.175108130675336e-10
2,6,3,82944,7.347436195037186e-10,2.6433030071997775e-10
2,6,4,82944,4.3533479804371807e-10,6.278559411536608e-11
2,6,5,82944,2.5258413573542957e-10,-2.062895122722206e-11
2,6,6,82944,-4.933259138584128e-11,-1.6377057006062606e-10
2,7,0,82944,1.7404254955413493e-07,0.0
2,7,1,82944,5.6540211025023006e-09,1.4843581619372422e-10
2,7,2,82944,9.083981691296106e-10,8.919244887549662e-11
2,7,3,82944,2.0344657854447412e-10,1.1027077795654531e-10
2,7,4,82944,1.7131107490430294e-10,-5.4712137211418347e-11
2,7,5,82944,4.01952234107118e-10,-2.4671458393552123e-11
2,7,6,82944,5.773571027020259e-11,-1.3565825995514337e-10
2,8,0,82944,1.7383887993039635e-07,0.0
2,8,1,82944,3.668437747464414e-09,3.880001035075307e-10
2,8,2,82944,4.1902416642734084e-10,6.073541516157991e-12
2,8,3,82944,1.0802634702493814e-10,1.709259137144353e-10
2,8,4,82944,2.663964439659416e-10,-1.4206602639956574e-10
2,8,5,82944,3.0545449490381785e-10,6.772056933541177e-11
2,8,6,82944,-3.1697538732125454e-11,-8.775725706760933e-11
3,1,0,82944,1.7719086864601388e-07,0.0
3,1,1,82944,1.023853030306237e-07,-1.5243704486175396e-10
3,1,2,82944,7.490829476304882e-08,-1.4885927283181596e-10
3,1,3,82944,5.851520327228486e-08,-1.3025459564030496e-10
3,1,4,82944,4.5886236699987525e-08,-2.014964346537689e-10
3,1,5,82944,3.541325278767481e-08,-3.035418629041044e-10
3,1,6,82944,2.6840353183173033e-08,-2.8269549571343264e-10
3,2,0,82944,1.7552113712582452e-07,0.0
3,2,1,82944,6.19936498041965e-08,-3.2186773036365457e-10
3,2,2,82944,3.608559312007104e-08,-2.7798778628271626e-10
3,2,3,82944,2.4481970285145146e-08,-4.0660334854114597e-10
3,2,4,82944,1.6999885453959076e-08,-4.849073508915679e-10
3,2,5,82944,1.2021012070175055e-08,-3.2621483312036253e-10
3,2,6,82944,8.294999898078521e-09,-5.455062795895751e-10
3,3,0,82944,1.7409538433985126e-07,0.0
3,3,1,82944,3.806239969244141e-08,1.987437818226447e-12
3,3,2,82944,1.7804821202476267e-08,-1.3166120858452125e-10
3,3,3,82944,1.0491875686748817e-08,-1.8432491482923176e-10
3,3,4,82944,6.582380172320183e-09,-2.0483923682419561e-10
3,3,5,82944,4.393495791489256e-09,-6.939702839554449e-11
3,3,6,82944,2.9139931176548983e-09,-3.250161392470632e-11
3,4,0,82944,1.7440941270344892e-07,0.0
3,4,1,82944,2.367785859734043e-08,4.878152109164512e-11
3,4,2,82944,8.938587387808723e-09,-4.1411059309161713e-11
3,4,3,82944,4.598728380492325e-09,-1.041535850726819e-10
3,4,4,82944,2.6142144435319154e-09,-1.1797075332940676e-10
3,4,5,82944,1.6245819088600823e-09,1.9602319162782656e-11
3,4,6,82944,1.0207529504555285e-09,1.8554775711004096e-10
3,5,0,82944,1.7455631346134763e-07,0.0
3,5,1,82944,1.4634131325745068e-08,1.0236533589376888e-11
3,5,2,82944,4.28517758023063e-09,-1.1233309120492538e-10
3,5,3,82944,2.0940376776562664e-09,3.074077489362443e-11
3,5,4,82944,1.0368425739517302e-09,5.245746557542445e-11
3,5,5,82944,4.845849965293877e-10,1.2101172730623157e-10
3,5,6,82944,4.2459693098120504e-10,5.0091500065494576e-11
3,6,0,82944,1.7327628834271044e-07,0.0
3,6,1,82944,8.998281084866766e-09,1.7428510356687762e-10
3,6,2,82944,2.030581688815285e-09,1.913851126558533e-11
3,6,3,82944,5.852947117053109e-10,1.0694810917164365e-10
3,6,4,82944,4.4448811271607886e-10,2.454053012598623e-11
3,6,5,82944,1.5401486353726393e-10,8.219870495347337e-13
3,6,6,82944,-1.0372958745842221e-11,1.9922054776035817e-10
3,7,0,82944,1.7390995397199327e-07,0.0
3,7,1,82944,5.7192158547306715e-09,-5.4439278585395337e-11
3,7,2,82944,8.874420553970568e-10,7.672707227285162e-11
3,7,3,82944,1.5791297955843508e-10,-2.1572985217038626e-11
3,7,4,82944,1.6806293162027917e-10,-1.2218275723345714e-10
3,7,5,82944,2.1314973662305008e-10,-6.310953124644976e-11
3,7,6,82944,-1.3142152616153585e-10,2.0222252574121587e-10
3,8,0,82944,1.740701574820457e-07,0.0
3,8,1,82944,3.5197814911814363e-09,-3.1679246514625925e-11
3,8,2,82944,6.353888919591544e-10,-1.740223916571149e-11
3,8,3,82944,7.118312721054126e-11,-1.229697129045206e-10
3,8,4,82944,2.970470927214611e-10,-1.803472490243571e-11
3,8,5,82944,1.3326499847235626e-10,2.971348733813127e-12
3,8,6,82944,9.047683006660723e-11,6.2614899529021e-11
4,1,0,82944,1.7644005558723523e-07,0.0
4,1,1,82944,1.0240803596375747e-07,1.7609318869057214e-10
4,1,2,82944,7.513429991772826e-08,5.411692145380298e-10
4,1,3,82944,5.8718803796359034e-08,7.750369398639833e-10
4,1,4,82944,4.615240738868258e-08,7.523069718890025e-10
4,1,5,82944,3.587843615017722e-08,7.410110779253572e-10
4,1,6,82944,2.737429527898491e-08,6.281210550743712e-10
4,2,0,82944,1.7465215315895327e-07,0.0
4,2,1,82944,6.270670245252683e-08,2.5020813880077205e-10
4,2,2,82944,3.655950987252403e-08,3.117869719378194e-10
4,2,3,82944,2.4699641529724937e-08,1.86769682357933e-10
4,2,4,82944,1.7352829708386933e-08,1.4765257889407668e-10
4,2,5,82944,1.2212185513151328e-08,2.912131589064117e-10
4,2,6,82944,8.326265633145746e-09,2.4591860048067443e-10
4,3,0,82944,1.7462524802262797e-07,0.0
4,3,1,82944,3.862040999370632e-08,3.233131473357982e-11
4,3,2,82944,1.8149953305833563e-08,1.370385006622883e-10
4,3,3,82944,1.071696088608918e-08,3.622256205733981e-10
4,3,4,82944,6.948485230264159e-09,1.3642135868986845e-10
4,3,5,82944,4.32110121238293e-09,7.100632632252343e-11
4,3,6,82944,2.577513145471279e-09,6.860913891611659e-11
4,4,0,82944,1.7438000194219282e-07,0.0
4,4,1,82944,2.3981439891486192e-08,6.512842768311403e-11
4,4,2,82944,8.969682580844959e-09,7.83526576617313e-11
4,4,3,82944,4.419216793538888e-09,8.444351948023442e-11
4,4,4,82944,2.792349173929666e-09,1.0936534511086816e-10
4,4,5,82944,1.5957229376171028e-09,4.045184468844115e-11
4,4,6,82944,7.618452663179545e-10,1.350440397163202e-10
4,5,0,82944,1.7485105897851224e-07,0.0
4,5,1,82944,1.4760529163427708e-08,-2.0364079731736712e-10
4,5,2,82944,4.423620207695975e-09,-1.9933840460765498e-10
4,5,3,82944,1.8047107855909926e-09,-5.627539667408696e-11
4,5,4,82944,1.005021785886102e-09,2.947079508924262e-10
4,5,5,82944,5.686549923126052e-10,6.294804256597324e-11
4,5,6,82944,3.3126130837699093e-10,8.359433075733539e-11
4,6,0,82944,1.7414709236307394e-07,0.0
4,6,1,82944,9.177288197941886e-09,-1.1605406070021811e-10
4,6,2,82944,2.05796360105845e-09,3.2629629110042054e-11
4,6,3,82944,5.52696030114893e-10,-1.9966751733385458e-11
4,6,4,82944,5.415169940439572e-10,1.7243680496360148e-12
4,6,5,82944,3.664713952091261e-10,1.9967815901489469e-10
4,6,6,82944,3.224321212751937e-10,1.2432753180467236e-10
4,7,0,82944,1.7490621443998976e-07,0.0
4,7,1,82944,5.5689395689738745e-09,-2.1499897242101403e-10
4,7,2,82944,1.0808458516282297e-09,-2.805956801593934e-11
4,7,3,82944,1.0320680137276912e-10,-1.1209124058181451e-10
4,7,4,82944,1.8691640836568748e-10,1.3540144616902226e-11
4,7,5,82944,6.256962657792205e-11,1.5453389592781782e-10
4,7,6,82944,4.693949215540567e-12,8.951882927822492e-11
4,8,0,82944,1.7394872622541988e-07,0.0
4,8,1,82944,3.3834709351399637e-09,-3.083076344532679e-10
4,8,2,82944,6.34976126779544e-10,-4.1236764322668026e-11
4,8,3,82944,2.329274998771403e-10,-1.9602431444248482e-10
4,8,4,82944,8.791521887196307e-11,3.0397334038914045e-11
4,8,5,82944,1.9658349589408413e-10,2.428471672345199e-10
4,8,6,82944,9.936599253904269e-11,-1.4000665038755426e-11
5,1,0,82944,1.7725362420748235e-07,0.0
5,1,1,82944,1.0245658096474072e-07,-1.0806671421722022e-10
5,1,2,82944,7.496340207042074e-08,-1.3842703983670992e-10
5,1,3,82944,5.857550770313825e-08,-1.6903051175387305e-10
5,1,4,82944,4.600210974811767e-08,-7.572442319624252e-11
5,1,5,82944,3.565661722076722e-08,-8.522509215561354e-12
5,1,6,82944,2.7250738910525693e-08,3.378838979731578e-11
5,2,0,82944,1.762796477230496e-07,0.0
5,2,1,82944,6.276941014540532e-08,-5.747105376940725e-11
5,2,2,82944,3.674009377637922e-08,1.2617508930925486e-11
5,2,3,82944,2.5014218946315378e-08,5.31882608894385e-11
5,2,4,82944,1.7669263802298522e-08,8.528024997898574e-11
5,2,5,82944,1.2213092672450104e-08,1.5327335987923432e-10
5,2,6,82944,8.414927620574084e-09,2.3778042749940083e-10
5,3,0,82944,1.7580608791368375e-07,0.0
5,3,1,82944,3.8402968549093356e-08,1.0687070800866362e-10
5,3,2,82944,1.8159557396745742e-08,1.1473804513980783e-10
5,3,3,82944,1.0961249319212995e-08,7.77979266477412e-11
5,3,4,82944,6.907955495581714e-09,2.7093912141561974e-10
5,3,5,82944,4.481287423836677e-09,1.0000442599085358e-10
5,3,6,82944,2.7341594617677975e-09,-8.339927309221332e-11
5,4,0,82944,1.7366448169125185e-07,0.0
5,4,1,82944,2.3563562373297797e-08,-3.007407879752231e-11
5,4,2,82944,8.921449389007617e-09,8.38081601685802e-11
5,4,3,82944,4.6935600767218746e-09,6.612105255447659e-11
5,4,4,82944,2.7169070471204157e-09,9.385691912467526e-11
5,4,5,82944,1.66962736904733e-09,3.78018364587836e-11
5,4,6,82944,7.617875580677972e-10,-1.0891370873191066e-10
5,5,0,82944,1.749016836502555e-07,0.0
5,5,1,82944,1.4764694340230027e-08,6.027616892725459e-11
5,5,2,82944,4.7383251413951265e-09,-5.889052254707683e-11
5,5,3,82944,2.1464484365319678e-09,-1.2950130696248783e-10
5,5,4,82944,9.397014405934243e-10,-8.481435721667947e-12
5,5,5,82944,7.578878217775406e-10,-4.686693194689268e-11
5,5,6,82944,1.4791827867667256e-10,-1.107124371857376e-10
5,6,0,82944,1.7529860687724676e-07,0.0
5,6,1,82944,9.072333623231798e-09,6.449957416268834e-11
5,6,2,82944,2.553912281714532e-09,-1.331499868024514e-10
5,6,3,82944,7.856563740392459e-10,-3.561039012814176e-10
5,6,4,82944,1.666798521825234e-10,-7.139095576604574e-11
5,6,5,82944,3.6226468435315477e-10,-1.4596781025535027e-10
5,6,6,82944,-2.913855342771067e-11,-2.2817242343478553e-10
5,7,0,82944,1.7523755336327477e-07,0.0
5,7,1,82944,5.713661807422755e-09,-7.971250467430749e-11
5,7,2,82944,1.2746965040114718e-09,-6.822722032675576e-11
5,7,3,82944,3.696655512024647e-10,1.1517292610275595e-11
5,7,4,82944,-2.38241106288916e-11,6.365223200279704e-11
5,7,5,82944,2.876231646933373e-10,-1.2446327915699018e-10
5,7,6,82944,-2.1628902443245627e-10,5.665814658765943e-11
5,8,0,82944,1.7370286118686905e-07,0.0
5,8,1,82944,3.4120814165403686e-09,4.962354143830854e-12
5,8,2,82944,6.226805761677742e-10,-9.568809709649227e-12
5,8,3,82944,-1.21114297428197e-11,-2.1257922508233142e-10
5,8,4,82944,-5.0708944293143493e-11,2.0616521412635514e-11
5,8,5,82944,4.908699333887883e-11,-9.248494876891198e-11
5,8,6,82944,-9.683934323455473e-11,-2.794221439306522e-10
6,1,0,82944,1.7649903627688368e-07,0.0
6,1,1,82944,1.0287350505158771e-07,2.01441422890365e-12
6,1,2,82944,7.546441046031591e-08,-8.475288319689307e-11
6,1,3,82944,5.902314102410211e-08,2.756200011687033e-11
6,1,4,82944,4.649746374288399e-08,1.849760423531682e-10
6,1,5,82944,3.607478684154171e-08,1.690814193329324e-10
6,1,6,82944,2.738133643555368e-08,1.500610560783416e-10
6,2,0,82944,1.7448525950383262e-07,0.0
6,2,1,82944,6.255059387652094e-08,-1.4494182671370144e-10
6,2,2,82944,3.6899372316516384e-08,-1.5261306414464924e-10
6,2,3,82944,2.5213328309285545e-08,-9.354711984293593e-11
6,2,4,82944,1.7839998421827446e-08,-8.405597298263266e-11
6,2,5,82944,1.2515649705001551e-08,-3.7679726661262526e-10
6,2,6,82944,8.597497439073046e-09,-5.740651515704428e-10
6,3,0,82944,1.7386446792653872e-07,0.0
6,3,1,82944,3.8474613961242977e-08,-3.2031435154299234e-11
6,3,2,82944,1.8106539603164717e-08,-2.3027132479584807e-11
6,3,3,82944,1.0711287636242056e-08,-8.543577217364202e-11
6,3,4,82944,6.616063960184802e-09,7.945308083387491e-11
6,3,5,82944,4.2263480418166445e-09,-7.569025096980671e-11
6,3,6,82944,2.6955063730190406e-09,-8.011568883764629e-11
6,4,0,82944,1.7486626589551998e-07,0.0
6,4,1,82944,2.390531964077407e-08,5.829611278564573e-11
6,4,2,82944,9.16013716320228e-09,2.9294423026436056e-11
6,4,3,82944,4.971601570248017e-09,-2.556171953731478e-10
6,4,4,82944,2.6979394170539592e-09,-2.18340663716507e-10
6,4,5,82944,1.1603358002803258e-09,-1.3401553571103446e-10
6,4,6,82944,8.357221604603666e-10,-1.0180543499622475e-10
6,5,0,82944,1.7487712911341554e-07,0.0
6,5,1,82944,1.4837537754710416e-08,1.3635676394951448e-10
6,5,2,82944,4.519261933361133e-09,1.4466357613490426e-10
6,5,3,82944,2.1614146467128915e-09,-1.896818811167022e-10
6,5,4,82944,1.1457954222768638e-09,-2.1430206390386536e-10
6,5,5,82944,5.540329835599916e-10,2.7643793639260596e-11
6,5,6,82944,3.0513406550303446e-10,8.762849036440626e-11
6,6,0,82944,1.745299755591105e-07,0.0
6,6,1,82944,9.099374226496161e-09,-1.9344972555519906e-10
6,6,2,82944,2.235455333338867e-09,2.5093520539277054e-10
6,6,3,82944,8.272524639506578e-10,-3.5305829385146564e-10
6,6,4,82944,4.165222141448977e-10,-2.6542342543562687e-10
6,6,5,82944,1.3759526955414501e-10,-1.0203518848327964e-11
6,6,6,82944,-5.648519701459459e-11,-2.847913603860099e-11
6,7,0,82944,1.7440043544438672e-07,0.0
6,7,1,82944,5.6674531925863335e-09,-2.0468666162989956e-10
6,7,2,82944,1.0902593121696928e-09,2.430630815334317e-10
6,7,3,82944,4.060418754238655e-10,-2.213846495952109e-10
6,7,4,82944,1.0066562214475924e-10,-1.4117458179496254e-10
6,7,5,82944,9.476637143331964e-11,3.231129594699415e-11
6,7,6,82944,6.626491631157723e-11,-1.1699312985964068e-11
6,8,0,82944,1.7436937053639514e-07,0.0
6,8,1,82944,3.428235029111385e-09,-2.547471304304898e-10
6,8,2,82944,8.779357096315586e-10,2.3073621811635205e-10
6,8,3,82944,1.7767932652309306e-10,4.439022140472538e-11
6,8,4,82944,1.789022686729801e-10,1.7934269190243743e-10
6,8,5,82944,-3.346908020145682e-11,1.700039117855486e-10
6,8,6,82944,1.0079825499237178e-10,1.0533790106046686e-11
7,1,0,82944,1.7661910188133164e-07,0.0
7,1,1,82944,1.0257588965660299e-07,-1.511812363495519e-10
7,1,2,82944,7.545220601831899e-08,-2.378043389907538e-10
7,1,3,82944,5.9222013082742784e-08,-4.171253248226685e-10
7,1,4,82944,4.6638914721648735e-08,-4.506334541412107e-10
7,1,5,82944,3.62554532744958e-08,-4.880420495928829e-10
7,1,6,82944,2.768068632839639e-08,-4.842823946590813e-10
7,2,0,82944,1.752601447136337e-07,0.0
7,2,1,82944,6.277398799347464e-08,6.547609181591024e-11
7,2,2,82944,3.7081314566143277e-08,-1.3284518616592133e-10
7,2,3,82944,2.530311653387179e-08,-1.1095960262903757e-10
7,2,4,82944,1.7924869296889943e-08,-3.3044253248837006e-10
7,2,5,82944,1.2853575097435149e-08,-2.882042499991206e-10
7,2,6,82944,8.855895248090474e-09,-2.809506157627633e-10
7,3,0,82944,1.7415002053803504e-07,0.0
7,3,1,82944,3.843599928357864e-08,-3.1728320678596937e-12
7,3,2,82944,1.8164502855090187e-08,-9.71439656407923e-11
7,3,3,82944,1.1030470474052181e-08,-1.3799975425088862e-10
7,3,4,82944,6.904755147703848e-09,-2.4069981480759154e-10
7,3,5,82944,4.424422776593671e-09,-3.5467220600156453e-10
7,3,6,82944,2.9247241572636627e-09,-2.9600320196174614e-10
7,4,0,82944,1.7444144975434743e-07,0.0
7,4,1,82944,2.4150025416357943e-08,2.4556973810015544e-10
7,4,2,82944,9.196422062012866e-09,1.1361250130608845e-10
7,4,3,82944,4.797857511686223e-09,4.14425318996605e-11
7,4,4,82944,2.870105324747972e-09,-2.3445012744355433e-10
7,4,5,82944,1.6190737667343961e-09,-2.579923081210147e-10
7,4,6,82944,9.587144873853996e-10,1.8931801441206263e-11
7,5,0,82944,1.7389027235500579e-07,0.0
7,5,1,82944,1.4995626653762264e-08,6.913655329827267e-11
7,5,2,82944,4.403281136894692e-09,-1.0498530005190538e-10
7,5,3,82944,2.1108064791359934e-09,-1.3152859749348204e-10
7,5,4,82944,1.0222180727090286e-09,6.418711703976333e-11
7,5,5,82944,4.4452133270898695e-10,-6.321534936145836e-11
7,5,6,82944,3.3299177346179246e-10,3.877212210250584e-11
7,6,0,82944,1.7413087703361648e-07,0.0
7,6,1,82944,9.140794226525715e-09,2.659495292320556e-10
7,6,2,82944,2.125215569191232e-09,-1.5374857314606594e-10
7,6,3,82944,1.069350433297856e-09,-2.4144434938038654e-11
7,6,4,82944,3.3144117582827834e-10,-6.869958423347214e-11
7,6,5,82944,2.908924120715079e-10,1.6840240561047066e-10
7,6,6,82944,1.303437488563312e-10,1.4141983977205547e-10
7,7,0,82944,1.7489951695422799e-07,0.0
7,7,1,82944,5.740677448940243e-09,2.4304571492296544e-10
7,7,2,82944,9.893084817968956e-10,9.00238471316345e-12
7,7,3,82944,1.2902884021350997e-10,3.5006820648645507e-10
7,7,4,82944,7.229192124140807e-11,1.242734652334381e-10
7,7,5,82944,6.070799125021746e-11,-5.7460869405608064e-11
7,7,6,82944,-5.060050816036478e-12,-9.469716106489267e-11
7,8,0,82944,1.7456901445903651e-07,0.0
7,8,1,82944,3.54870265663746e-09,1.308926524053575e-10
7,8,2,82944,4.6334293882091555e-10,2.1565009560804008e-10
7,8,3,82944,-1.0910692207497037e-10,2.799756256450617e-10
7,8,4,82944,3.263959252301772e-11,2.1839979217359866e-10
7,8,5,82944,1.0293312103690199e-10,-1.5047448931692197e-10
7,8,6,82944,1.1581691053967554e-10,-9.896669782903194e-11
8,1,0,82944,1.773440398020645e-07,0.0
8,1,1,82944,1.0321457408257526e-07,-1.5040309955669442e-10
8,1,2,82944,7.612712306467626e-08,-2.568078167488693e-10
8,1,3,82944,5.984368814626344e-08,-3.0213455013021754e-10
8,1,4,82944,4.73139412617428e-08,-3.310550678616314e-10
8,1,5,82944,3.726056669149943e-08,-2.9583695464685123e-10
8,1,6,82944,2.8831026206703492e-08,-2.798012694386678e-10
8,2,0,82944,1.7582123098125695e-07,0.0
8,2,1,82944,6.29879433701946e-08,-1.5634453958421845e-10
8,2,2,82944,3.683694836422869e-08,-9.215020841093671e-11
8,2,3,82944,2.5144978732534446e-08,1.4036638309554996e-11
8,2,4,82944,1.760263455052116e-08,-8.101614071500919e-11
8,2,5,82944,1.2668889229609104e-08,-1.085303031726478e-10
8,2,6,82944,8.928015116753324e-09,-1.1481319865723199e-11
8,3,0,82944,1.748268950644996e-07,0.0
8,3,1,82944,3.8708887835767356e-08,-1.1102436601395467e-10
8,3,2,82944,1.8342515430655137e-08,3.5475183364821684e-11
8,3,3,82944,1.0775440590729549e-08,4.1515966728602184e-11
8,3,4,82944,6.698975767905028e-09,-1.0116324429198176e-11
8,3,5,82944,4.373002291771896e-09,-1.5428808011747833e-10
8,3,6,82944,3.1030571472425328e-09,-1.2816304562963545e-10
8,4,0,82944,1.7516330846462642e-07,0.0
8,4,1,82944,2.3891511876240436e-08,-9.460024188759685e-12
8,4,2,82944,9.047411479703925e-09,1.7460382773248318e-10
8,4,3,82944,4.297584189340492e-09,-3.341288591199722e-11
8,4,4,82944,2.5448415689810544e-09,2.411943007548219e-10
8,4,5,82944,1.6363089865632004e-09,-1.1068150274264655e-10
8,4,6,82944,1.058161461011628e-09,-3.034813255858528e-11
8,5,0,82944,1.7506680208053294e-07,0.0
8,5,1,82944,1.480103256926134e-08,1.48712165836654e-11
8,5,2,82944,4.39198549568353e-09,1.5145602828414915e-10
8,5,3,82944,1.8724374397410916e-09,1.9427245233748585e-11
8,5,4,82944,9.331272648464188e-10,1.5318445883683082e-10
8,5,5,82944,5.231133918632396e-10,-3.5699462444432785e-11
8,5,6,82944,3.601410654880788e-10,2.7460697567799565e-11
8,6,0,82944,1.7495621732826882e-07,0.0
8,6,1,82944,9.352998001123069e-09,-1.5629781617896613e-11
8,6,2,82944,1.971530530889277e-09,3.3410957339718492e-12
8,6,3,82944,8.078929722187395e-10,-3.211473819912845e-10
8,6,4,82944,4.86185260508292e-10,-2.478706129721876e-10
8,6,5,82944,1.6207284641088596e-10,1.3055134558743562e-10
8,6,6,82944,1.4595548641798103e-10,1.5832351599268e-10
8,7,0,82944,1.742840500707243e-07,0.0
8,7,1,82944,5.803263255253644e-09,8.589336191032418e-11
8,7,2,82944,7.346706759469455e-10,6.898571760802132e-11
8,7,3,82944,1.3093560441100618e-10,-1.3707754283124695e-10
8,7,4,82944,2.5903611905041367e-10,-1.1479924972890758e-10
8,7,5,82944,2.0190705749284432e-10,1.6736937448598614e-10
8,7,6,82944,-3.5086982124901236e-11,9.803082856416399e-11
8,8,0,82944,1.7437001251864773e-07,0.0
8,8,1,82944,3.3682104708366697e-09,1.7586420410250892e-10
8,8,2,82944,3.7770006012942844e-10,4.419044508664828e-12
8,8,3,82944,6.408966131640639e-12,1.5373743404506176e-10
8,8,4,82944,3.6201019172874114e-10,4.369787180067669e-11
8,8,5,82944,8.99883902152034e-11,6.911226567620134e-11
8,8,6,82944,5.077360220347356e-12,1.9688468460535707e-10
9,1,0,82944,1.7658794011178634e-07,0.0
9,1,1,82944,1.0236576529963127e-07,2.8159129890508626e-10
9,1,2,82944,7.490246524919303e-08,4.997169761829216e-10
9,1,3,82944,5.8740314615314984e-08,7.138698341519002e-10
9,1,4,82944,4.628265497616464e-08,7.92182385708044e-10
9,1,5,82944,3.592531975472473e-08,8.270735303681984e-10
9,1,6,82944,2.7558998614471083e-08,7.912934359053753e-10
9,2,0,82944,1.7518160671929838e-07,0.0
9,2,1,82944,6.238534601608657e-08,1.627942571895944e-11
9,2,2,82944,3.6147994624303025e-08,1.0442176587092218e-11
9,2,3,82944,2.4710602280690523e-08,1.02746948813736e-11
9,2,4,82944,1.7647979230050082e-08,1.0187578309798845e-10
9,2,5,82944,1.2491962166839884e-08,1.2498714074174694e-11
9,2,6,82944,8.655840015452874e-09,-8.479759183116348e-12
9,3,0,82944,1.7454753362254638e-07,0.0
9,3,1,82944,3.8573389303661714e-08,2.1273728415211216e-11
9,3,2,82944,1.787589445086765e-08,4.012944580800036e-11
9,3,3,82944,1.0673034214286767e-08,1.3961475430813754e-10
9,3,4,82944,6.977761550230767e-09,2.2479973333282587e-10
9,3,5,82944,4.427700075636503e-09,2.0264185082033583e-10
9,3,6,82944,2.8167551243756004e-09,1.0712396517377711e-10
9,4,0,82944,1.74252297155813e-07,0.0
9,4,1,82944,2.3884961313695634e-08,1.3849927758787695e-10
9,4,2,82944,8.686918597428387e-09,1.2219906113741618e-10
9,4,3,82944,4.550228888514866e-09,1.4496545127966587e-10
9,4,4,82944,2.7537162642308946e-09,3.6251905397303354e-10
9,4,5,82944,1.4576462953532907e-09,2.6382744156079007e-10
9,4,6,82944,1.059486049439406e-09,7.761085257111264e-11
9,5,0,82944,1.741537489725258e-07,0.0
9,5,1,82944,1.4928780557500542e-08,-1.8986399483732874e-10
9,5,2,82944,4.156590636975699e-09,1.2242276085722952e-10
9,5,3,82944,1.9371174544300034e-09,-1.0040638304993393e-10
9,5,4,82944,1.1309262641801695e-09,1.3427901910246866e-10
9,5,5,82944,6.91424374878076e-10,6.664979980696967e-11
9,5,6,82944,2.3382721789427183e-10,-5.957693890554841e-11
9,6,0,82944,1.7297211558781007e-07,0.0
9,6,1,82944,9.404212320430244e-09,-3.27364619737831e-11
9,6,2,82944,1.7411531506309613e-09,4.446531662332788e-11
9,6,3,82944,1.190967996922207e-09,1.2790889534939937e-10
9,6,4,82944,6.207313227604949e-10,2.4312005260230943e-10
9,6,5,82944,2.2741741212432518e-10,1.5589639546348622e-10
9,6,6,82944,1.6517713236369246e-10,1.627137388015506e-10
9,7,0,82944,1.735170903287949e-07,0.0
9,7,1,82944,5.583640720678223e-09,-1.6990695204618396e-10
9,7,2,82944,1.3157061409229354e-09,3.3333209291400223e-10
9,7,3,82944,5.208813249024336e-10,2.990054284068289e-11
9,7,4,82944,3.00301787712524e-10,2.1986426697252157e-10
9,7,5,82944,-4.918679295940858e-11,4.100074153251932e-11
9,7,6,82944,-1.6698679949368417e-10,-5.473939104449372e-12
9,8,0,82944,1.7393466304193808e-07,0.0
9,8,1,82944,3.5198946533593436e-09,2.4210683039282765e-11
9,8,2,82944,6.088999346307064e-10,2.7796928450178316e-10
9,8,3,82944,2.802796398846333e-10,8.619525291590152e-12
9,8,4,82944,1.5185885638169023e-10,6.901561031647479e-11
9,8,5,82944,2.5715880673741765e-11,-1.3358261973297e-10
9,8,6,82944,-3.8230612055195104e-11,-9.460345694390287e-11
10,1,0,82944,1.7724519480799017e-07,0.0
10,1,1,82944,1.0319640241160364e-07,4.334243321067859e-12
10,1,2,82944,7.637927100290592e-08,-5.2081039196268396e-11
10,1,3,82944,6.036463424907799e-08,-8.956059198651047e-11
10,1,4,82944,4.7964405055791643e-08,-3.147768015782625e-11
10,1,5,82944,3.7790360187719884e-08,3.5280820786862506e-11
10,1,6,82944,2.9141795536855674e-08,1.2598884495094213e-11
10,2,0,82944,1.755202300476566e-07,0.0
10,2,1,82944,6.294272538817104e-08,-5.5764853325609864e-11
10,2,2,82944,3.687085372189995e-08,-1.6002001164762133e-10
10,2,3,82944,2.5067836296722594e-08,-2.019048332425635e-10
10,2,4,82944,1.7994372838213582e-08,-4.066226889561269e-10
10,2,5,82944,1.2877847904779412e-08,-1.9591346097312335e-10
10,2,6,82944,9.110512371688749e-09,-1.6354474671707196e-10
10,3,0,82944,1.7465042123264375e-07,0.0
10,3,1,82944,3.833278374030182e-08,-1.8618670907442212e-10
10,3,2,82944,1.7953296487212256e-08,-1.0747516291581952e-10
10,3,3,82944,1.07063859529061e-08,-2.574898931363997e-10
10,3,4,82944,6.784024448684698e-09,-2.7146188030969235e-10
10,3,5,82944,4.424546667643574e-09,-1.3896070262985935e-10
10,3,6,82944,2.7855268087523987e-09,-1.3589477007294366e-10
10,4,0,82944,1.7515692306265526e-07,0.0
10,4,1,82944,2.410904944722174e-08,-2.68725066625171e-10
10,4,2,82944,9.094212981745099e-09,-5.2417905126680227e-11
10,4,3,82944,4.548179026713149e-09,-7.767788842763524e-11
10,4,4,82944,2.7496878674263136e-09,-2.9961616863770924e-12
10,4,5,82944,1.5195065563077309e-09,2.020867488476009e-10
10,4,6,82944,8.058318516695964e-10,9.457249341217221e-11
10,5,0,82944,1.7423569498784212e-07,0.0
10,5,1,82944,1.4894758459016247e-08,1.366738904127468e-10
10,5,2,82944,4.662557167855955e-09,-4.180157882278246e-11
10,5,3,82944,1.8041109169721439e-09,1.3106497223438285e-10
10,5,4,82944,1.0079575386464669e-09,9.998003421961819e-11
10,5,5,82944,5.611161925632634e-10,-1.1451996802785501e-10
10,5,6,82944,2.9536867362881985e-10,4.950692692263024e-12
10,6,0,82944,1.7363298024501435e-07,0.0
10,6,1,82944,9.258095446984926e-09,9.491736279367981e-11
10,6,2,82944,2.1007226653061184e-09,-2.1331309191477205e-10
10,6,3,82944,7.737659523238431e-10,-1.7211467744930879e-10
10,6,4,82944,2.1031543621271746e-10,-2.6735591914567947e-11
10,6,5,82944,3.1033077495161597e-10,-1.2114605570612606e-10
10,6,6,82944,1.8774269227107416e-10,-8.079166601421403e-12
10,7,0,82944,1.7484420037856717e-07,0.0
10,7,1,82944,5.6206018831515345e-09,-7.450333198100704e-11
10,7,2,82944,8.229264794110309e-10,-2.387153872533424e-10
10,7,3,82944,2.1781444006826696e-10,-2.932227630033242e-10
10,7,4,82944,1.6549072349368054e-10,1.443931457470272e-10
10,7,5,82944,2.1185477230905813e-11,-4.5436733504369367e-11
10,7,6,82944,-6.723288501487737e-11,8.200149063589571e-11
10,8,0,82944,1.7398675176502838e-07,0.0
10,8,1,82944,3.5163125463890094e-09,7.135576623925717e-11
10,8,2,82944,5.04764272964132e-10,2.8192468642951016e-11
10,8,3,82944,-1.1696937799855853e-11,-7.939383623513431e-12
10,8,4,82944,2.3738347725676324e-10,1.0261047149032193e-10
10,8,5,82944,2.1945325245052774e-10,-1.6989640199948454e-10
10,8,6,82944,8.441051160929226e-11,1.0873730164151118e-10
11,1,0,82944,1.7711786093447547e-07,0.0
11,1,1,82944,1.0308992411934612e-07,2.0765774577405821e-10
11,1,2,82944,7.60143524184971e-08,1.7918907052640693e-10
11,1,3,82944,5.952371102525982e-08,2.0439208119982185e-10
11,1,4,82944,4.707042049340342e-08,2.3017606352257614e-10
11,1,5,82944,3.673534893913478e-08,1.174461016734467e-10
11,1,6,82944,2.8264456898096362e-08,5.834470557123992e-11
11,2,0,82944,1.753020434484656e-07,0.0
11,2,1,82944,6.271161604553482e-08,-4.614085537405504e-11
11,2,2,82944,3.6772611704990776e-08,1.0375759466332432e-10
11,2,3,82944,2.498854921842107e-08,1.6136157793349472e-11
11,2,4,82944,1.7828471585100112e-08,1.1550715628624745e-10
11,2,5,82944,1.2807741299225984e-08,1.8518730150807842e-10
11,2,6,82944,8.822364148645021e-09,-4.719034518758286e-12
11,3,0,82944,1.7546860171368074e-07,0.0
11,3,1,82944,3.869845985715119e-08,1.7028998927719838e-10
11,3,2,82944,1.8251092987979652e-08,2.562328303671088e-10
11,3,3,82944,1.0989555985234418e-08,9.206763545953711e-11
11,3,4,82944,7.24751934843449e-09,-1.4064903255228085e-10
11,3,5,82944,4.757701566462306e-09,-1.0774539439995023e-10
11,3,6,82944,3.097021779512466e-09,-1.8487437068375864e-10
11,4,0,82944,1.7447877545004424e-07,0.0
11,4,1,82944,2.3922811288489884e-08,-2.6510979455691124e-10
11,4,2,82944,9.100470524161004e-09,-8.50500524768282e-11
11,4,3,82944,4.456579236306053e-09,-4.2260662979084535e-10
11,4,4,82944,2.9853782835369516e-09,-1.6596148434622399e-10
11,4,5,82944,1.8435587667724609e-09,-1.7055330795324e-10
11,4,6,82944,9.81873848860585e-10,-1.8565208716140348e-10
11,5,0,82944,1.7467894716137438e-07,0.0
11,5,1,82944,1.4937886970118883e-08,-1.1007311962939937e-10
11,5,2,82944,4.455796138350136e-09,-1.762874419675843e-10
11,5,3,82944,1.8523761142201332e-09,-5.200670565496892e-11
11,5,4,82944,1.3819977014999194e-09,-6.760096946178234e-11
11,5,5,82944,5.262677613693619e-10,-1.6032307740059616e-10
11,5,6,82944,2.704824637969494e-10,-1.2218980678828304e-10
11,6,0,82944,1.750399646459185e-07,0.0
11,6,1,82944,9.268396107736509e-09,1.6278468094733e-11
11,6,2,82944,2.189357575073714e-09,-1.681263518603771e-10
11,6,3,82944,8.404866634084943e-10,-2.1667255534006917e-11
11,6,4,82944,3.890391314791117e-10,-1.501525453843286e-10
11,6,5,82944,1.8312452521343333e-10,-1.2948409154113925e-10
11,6,6,82944,3.134230534874795e-10,-3.897228107269246e-11
11,7,0,82944,1.7427506853074216e-07,0.0
11,7,1,82944,5.598690179751763e-09,-6.8124532726989915e-12
11,7,2,82944,1.2075652118546599e-09,-7.091740799421721e-11
11,7,3,82944,2.953292343196536e-10,2.432263556199354e-10
11,7,4,82944,1.7916288609007206e-10,-3.307950473041606e-11
11,7,5,82944,-4.2719140363750817e-11,-1.0633992792564366e-10
11,7,6,82944,1.0113997042327094e-10,-8.262197388865311e-11
11,8,0,82944,1.7395630149380285e-07,0.0
11,8,1,82944,3.5896472459955937e-09,-2.6834273689973716e-11
11,8,2,82944,7.203585193263974e-10,-7.702810814732167e-11
11,8,3,82944,2.250460239565132e-11,2.872640594720254e-10
11,8,4,82944,2.3942614552374973e-11,1.7231455530740227e-11
11,8,5,82944,-8.273871181431765e-11,-6.58130408828168e-11
11,8,6,82944,3.0719541599309755e-11,-1.8420080126480273e-10
12,1,0,82944,1.7642971741525613e-07,0.0
12,1,1,82944,1.0224111395523234e-07,3.227265398560916e-10
12,1,2,82944,7.49140432190676e-08,4.6576264890754e-10
12,1,3,82944,5.840035297927133e-08,6.435238672229784e-10
12,1,4,82944,4.5732104052172533e-08,7.733590293722823e-10
12,1,5,82944,3.5355804926403004e-08,8.729220570748638e-10
12,1,6,82944,2.678761348164469e-08,8.515441849148885e-10
12,2,0,82944,1.7467379213140626e-07,0.0
12,2,1,82944,6.22902815304335e-08,3.8663788170675855e-10
12,2,2,82944,3.65085035380808e-08,5.531624818762402e-10
12,2,3,82944,2.5102907862631625e-08,6.692182733427982e-10
12,2,4,82944,1.8001425001300335e-08,6.179282025532424e-10
12,2,5,82944,1.2950719595230963e-08,6.425418477626221e-10
12,2,6,82944,9.241397722469712e-09,5.783579377890558e-10
12,3,0,82944,1.741384875435847e-07,0.0
12,3,1,82944,3.826275913894059e-08,1.317516936220209e-10
12,3,2,82944,1.778025578695165e-08,1.374448978104269e-10
12,3,3,82944,1.0584410651144408e-08,3.09373783843205e-10
12,3,4,82944,6.796151201937617e-09,2.5230078985020726e-10
12,3,5,82944,4.324421107778173e-09,7.628750750023879e-11
12,3,6,82944,2.6774486827589203e-09,-1.7005166176751048e-11
12,4,0,82944,1.741023728663337e-07,0.0
12,4,1,82944,2.368972596667199e-08,8.268043299582558e-11
12,4,2,82944,8.84049126343568e-09,1.494244354274107e-10
12,4,3,82944,4.689196775309151e-09,7.2519872035648e-11
12,4,4,82944,2.7910691259290943e-09,-3.645068084176046e-11
12,4,5,82944,1.2840939475281735e-09,-1.7785059180689e-10
12,4,6,82944,7.948274081564893e-10,-4.6732265332954425e-11
12,5,0,82944,1.7487884682950602e-07,0.0
12,5,1,82944,1.4377136176366837e-08,-3.813243043438238e-11
12,5,2,82944,4.382481122716462e-09,-1.4568790868910868e-10
12,5,3,82944,2.031528517807321e-09,1.6818323626781163e-10
12,5,4,82944,1.025104329023864e-09,-9.596008534406613e-11
12,5,5,82944,6.060448273003384e-10,-1.71259525521986e-10
12,5,6,82944,3.1325573383074085e-10,-7.778054710555284e-11
12,6,0,82944,1.7519658494326571e-07,0.0
12,6,1,82944,8.82771797929284e-09,9.75842737081189e-11
12,6,2,82944,2.2817389063580933e-09,-2.58183468180619e-10
12,6,3,82944,8.33044468614718e-10,1.5021621396305762e-10
12,6,4,82944,3.2140675864077617e-10,-1.1781181296370524e-10
12,6,5,82944,2.5003565181613124e-10,1.486322741200013e-10
12,6,6,82944,4.5058893808736053e-11,7.512063727988869e-11
12,7,0,82944,1.7459679847890218e-07,0.0
12,7,1,82944,5.494224977670136e-09,-6.354475405250348e-11
12,7,2,82944,1.3122279271149297e-09,-7.595108510140538e-11
12,7,3,82944,3.293831932353471e-10,-4.501124092549701e-11
12,7,4,82944,9.797524821732014e-12,6.345782396518198e-11
12,7,5,82944,1.8620164200399564e-10,4.3870790634064574e-11
12,7,6,82944,1.3375879744112853e-10,1.1112019745528368e-10
12,8,0,82944,1.7506400583784434e-07,0.0
12,8,1,82944,3.4214440378259124e-09,-1.7434054457686133e-10
12,8,2,82944,5.625465830425264e-10,-1.3318732697600954e-10
12,8,3,82944,6.402256940519065e-11,-5.5908159326024735e-11
12,8,4,82944,1.3865665568494805e-10,-2.448716566229583e-11
12,8,5,82944,8.841020218379045e-11,-1.2001763427573516e-10
12,8,6,82944,5.154487821626653e-11,2.0317604054801773e-10
13,1,0,82944,1.7780945324653556e-07,0.0
13,1,1,82944,1.0316201194387365e-07,1.973762740954714e-10
13,1,2,82944,7.581180107625005e-08,1.4345602060904705e-10
13,1,3,82944,5.9348618814464426e-08,-1.2864208418532592e-11
13,1,4,82944,4.68223189442146e-08,-2.1193653199483625e-11
13,1,5,82944,3.656031782889305e-08,-1.668635704037871e-10
13,1,6,82944,2.807305244492346e-08,-2.2100465478852051e-10
13,2,0,82944,1.7449589433050857e-07,0.0
13,2,1,82944,6.171059778682578e-08,-3.254390454033533e-11
13,2,2,82944,3.580340198176108e-08,4.9082683927656585e-11
13,2,3,82944,2.40543264633565e-08,5.6202263587394535e-11
13,2,4,82944,1.686640323212964e-08,3.956225536069238e-10
13,2,5,82944,1.1971610024751038e-08,4.3194664431871506e-10
13,2,6,82944,8.224190494064145e-09,4.4156663388026924e-10
13,3,0,82944,1.7455635052632466e-07,0.0
13,3,1,82944,3.829868724605875e-08,-5.725742714488317e-12
13,3,2,82944,1.7877647180653268e-08,9.389174470407078e-12
13,3,3,82944,1.0419549113196037e-08,1.9668197043190333e-10
13,3,4,82944,6.637778389168886e-09,-6.208382271330881e-11
13,3,5,82944,4.088302843440022e-09,1.2380812674236968e-10
13,3,6,82944,2.5515570347179665e-09,1.1095593842655407e-10
13,4,0,82944,1.7453422391895706e-07,0.0
13,4,1,82944,2.4025226482020064e-08,-1.3105785628255478e-10
13,4,2,82944,8.769579600725765e-09,-2.381963846681105e-11
13,4,3,82944,4.349208474034471e-09,1.5017039927844726e-11
13,4,4,82944,2.606580564672695e-09,1.5736270638452562e-10
13,4,5,82944,1.3891564280767333e-09,1.9463471668754887e-10
13,4,6,82944,8.372518021198136e-10,3.306102071934252e-11
13,5,0,82944,1.738594985581853e-07,0.0
13,5,1,82944,1.493081257469398e-08,1.351809638777292e-10
13,5,2,82944,4.343475351487085e-09,2.1725481546880383e-10
13,5,3,82944,1.7707371833784973e-09,-6.726496380064356e-11
13,5,4,82944,1.1108598951229228e-09,-1.4059093870789162e-11
13,5,5,82944,5.724779350526068e-10,3.9292727407492717e-11
13,5,6,82944,2.418976758406805e-10,-9.777467769881851e-11
13,6,0,82944,1.7410100698647535e-07,0.0
13,6,1,82944,9.306752823018593e-09,1.626375269429304e-10
13,6,2,82944,2.2735995326851113e-09,-4.7749390174995493e-11
13,6,3,82944,8.507011867580324e-10,-2.7777491610758904e-10
13,6,4,82944,2.3708365993592126e-10,-8.22786794841373e-12
13,6,5,82944,2.621210970411381e-10,-1.4520284944836933e-10
13,6,6,82944,3.962936626112416e-11,-2.6956021524684227e-11
13,7,0,82944,1.7434295230363519e-07,0.0
13,7,1,82944,5.719409632417935e-09,8.138507724931981e-11
13,7,2,82944,9.610468139855425e-10,1.0030854299097881e-10
13,7,3,82944,2.549885355587879e-10,2.8673825986810852e-11
13,7,4,82944,3.4950540631424283e-10,5.880271815202372e-11
13,7,5,82944,8.873358872113306e-11,-2.1595971486207438e-11
13,7,6,82944,2.7685181706514752e-11,7.425379769088366e-11
13,8,0,82944,1.745637797632114e-07,0.0
13,8,1,82944,3.5997392139017107e-09,-2.1875320065361827e-11
13,8,2,82944,6.08879535360776e-10,-2.3180639607324546e-10
13,8,3,82944,1.831776187336378e-10,9.157411609145359e-11
13,8,4,82944,-3.1829627820317275e-11,1.2078591939584512e-10
13,8,5,82944,1.2365472444147577e-10,-5.6506668015437e-11
13,8,6,82944,-3.68810005212687e-11,5.641381174045777e-11
14,1,0,82944,1.769731619638937e-07,0.0
14,1,1,82944,1.0257802162261855e-07,-1.955216688549695e-10
14,1,2,82944,7.507112744252509e-08,-4.1610752520321347e-10
14,1,3,82944,5.8528408706911004e-08,-3.7218117641430805e-10
14,1,4,82944,4.5752268356117166e-08,-3.7334050060141095e-10
14,1,5,82944,3.5213418544009776e-08,-2.841461987343686e-10
14,1,6,82944,2.651704088291986e-08,-1.9042927880454039e-10
14,2,0,82944,1.754026308166922e-07,0.0
14,2,1,82944,6.240777207672129e-08,-1.406411662332712e-10
14,2,2,82944,3.6338533931935915e-08,-1.6768763176974524e-11
14,2,3,82944,2.4592023981435507e-08,-1.2921482486582748e-10
14,2,4,82944,1.742526865170535e-08,-2.3164074671484904e-10
14,2,5,82944,1.2358778858122058e-08,-3.601525892755332e-10
14,2,6,82944,8.600885559112372e-09,-2.6906458643105224e-10
14,3,0,82944,1.7482826664142446e-07,0.0
14,3,1,82944,3.8490884850548756e-08,-3.3372208942820894e-11
14,3,2,82944,1.7946665263883666e-08,1.1026083871153157e-10
14,3,3,82944,1.0478844564854797e-08,1.125204664740671e-10
14,3,4,82944,6.711972429907408e-09,1.2510800332972023e-10
14,3,5,82944,4.2623006098882405e-09,2.0204497414987644e-11
14,3,6,82944,2.915493668009994e-09,3.948125740466466e-11
14,4,0,82944,1.7488027123220878e-07,0.0
14,4,1,82944,2.3599889753035558e-08,-7.639514498003687e-11
14,4,2,82944,8.633189238073399e-09,-6.008628721645978e-11
14,4,3,82944,4.329940534545709e-09,1.2777736393629577e-10
14,4,4,82944,2.4927573021941304e-09,1.2014051027263465e-10
14,4,5,82944,1.2769864931988998e-09,-7.233732209750747e-11
14,4,6,82944,7.809982452436845e-10,8.25546011527472e-12
14,5,0,82944,1.7584175438039366e-07,0.0
14,5,1,82944,1.4673309536888212e-08,-1.426366506601198e-10
14,5,2,82944,4.4114341758664895e-09,2.9910030321587325e-11
14,5,3,82944,1.7933004058691561e-09,2.8127743139826084e-11
14,5,4,82944,1.0917201332648016e-09,3.819794916422562e-11
14,5,5,82944,4.504969513210438e-10,-7.598834464600231e-11
14,5,6,82944,3.6772619392794274e-10,-4.9720820643116175e-11
14,6,0,82944,1.7462227107648715e-07,0.0
14,6,1,82944,9.066169087536043e-09,-2.0465388058843967e-10
14,6,2,82944,2.089327181633164e-09,1.2082495431211004e-10
14,6,3,82944,8.838860554726634e-10,7.287523372683905e-11
14,6,4,82944,4.6210855723750566e-10,2.135007465152574e-10
14,6,5,82944,2.566590629014186e-10,-9.297807889283065e-12
14,6,6,82944,-3.5392960956917225e-11,-8.649907274884779e-11
14,7,0,82944,1.7533074087610773e-07,0.0
14,7,1,82944,5.598280371421433e-09,7.34423046388093e-11
14,7,2,82944,1.2579732573114827e-09,5.0707945386485686e-11
14,7,3,82944,2.546891644943309e-10,5.517856209456845e-11
14,7,4,82944,1.452847848706658e-10,1.778097226181402e-11
14,7,5,82944,6.73548698048295e-11,-6.797595628011181e-11
14,7,6,82944,7.727093308379713e-11,-2.65635192535632e-11
14,8,0,82944,1.7559256568159493e-07,0.0
14,8,1,82944,3.628073029533682e-09,1.9386529395316605e-10
14,8,2,82944,5.618112119374669e-10,1.8911863391135505e-11
14,8,3,82944,5.476416964875149e-11,9.170011126709513e-11
14,8,4,82944,2.1850564980329345e-11,8.997699330540629e-11
14,8,5,82944,1.2441133583534012e-10,-1.709461461040163e-10
14,8,6,82944,-7.282923249135569e-11,-5.3971023804491305e-11
15,1,0,82944,1.7837404827009895e-07,0.0
15,1,1,82944,1.0335354626884017e-07,3.9728601012144106e-10
15,1,2,82944,7.553531236585608e-08,5.596430691239891e-10
15,1,3,82944,5.938228785287409e-08,5.86230824219044e-10
15,1,4,82944,4.6730994713054326e-08,6.667775115057943e-10
15,1,5,82944,3.646493212414528e-08,7.646635381242027e-10
15,1,6,82944,2.7984024718275937e-08,6.000905802382048e-10
15,2,0,82944,1.7615112803417708e-07,0.0
15,2,1,82944,6.22914484043709e-08,-3.5935959340423945e-10
15,2,2,82944,3.582492763919637e-08,-2.630510806130886e-10
15,2,3,82944,2.3916885483830095e-08,-2.357761793306772e-10
15,2,4,82944,1.6757404335181143e-08,-9.891868418532922e-11
15,2,5,82944,1.1746639362583423e-08,-9.057239614160637e-12
15,2,6,82944,8.020261257700676e-09,-7.321517735369414e-11
15,3,0,82944,1.739429368672861e-07,0.0
15,3,1,82944,3.802257413203019e-08,-8.008179448458149e-11
15,3,2,82944,1.7493131588393725e-08,-1.8430659738471938e-10
15,3,3,82944,1.0235319715637482e-08,5.7303986090563106e-11
15,3,4,82944,6.3439193878558524e-09,-4.399691438578267e-11
15,3,5,82944,3.972959610782682e-09,5.704095770155637e-11
15,3,6,82944,2.551024406685203e-09,6.578573785943725e-11
15,4,0,82944,1.7450995495577746e-07,0.0
15,4,1,82944,2.3322057347156914e-08,-6.817668794269677e-11
15,4,2,82944,8.451311671581549e-09,-8.38013212868676e-11
15,4,3,82944,4.565916597228362e-09,3.899706228013195e-12
15,4,4,82944,2.4371130657195247e-09,3.0034084210875775e-11
15,4,5,82944,1.3531766521639568e-09,1.8227703033233526e-11
15,4,6,82944,6.541411708751928e-10,-1.2075066898609102e-10
15,5,0,82944,1.7448317172890102e-07,0.0
15,5,1,82944,1.4350106776773684e-08,6.994006039975425e-11
15,5,2,82944,3.97841914118097e-09,-1.6143243666076608e-10
15,5,3,82944,1.6895913665183191e-09,1.0821949788467387e-10
15,5,4,82944,8.416894288288156e-10,1.9302944665998253e-10
15,5,5,82944,3.399058287658463e-10,-7.345116378430216e-11
15,5,6,82944,3.8410465723392894e-10,-1.662466022894241e-10
15,6,0,82944,1.7429610757713377e-07,0.0
15,6,1,82944,8.871773265572131e-09,5.5730568621786615e-11
15,6,2,82944,1.9357015981140778e-09,1.543049849817411e-10
15,6,3,82944,8.15810370080325e-10,2.427465231160158e-10
15,6,4,82944,5.783122880012694e-10,1.4170301369883117e-10
15,6,5,82944,3.1663704212710606e-10,2.1874481122855202e-10
15,6,6,82944,2.6481162768228818e-11,-1.2598225747296713e-10
15,7,0,82944,1.7351559959696498e-07,0.0
15,7,1,82944,5.434188521149901e-09,7.539571455937893e-11
15,7,2,82944,8.514881501484189e-10,-1.0082132726524826e-10
15,7,3,82944,3.5943898250865243e-10,9.083417774058124e-11
15,7,4,82944,1.5061789225786946e-10,1.272582845502951e-10
15,7,5,82944,1.284198052527619e-10,1.1932850591338785e-10
15,7,6,82944,-8.19432077989187e-12,-1.6881129557617538e-10
15,8,0,82944,1.7318894586017275e-07,0.0
15,8,1,82944,3.3235038214177673e-09,1.2846683462632344e-10
15,8,2,82944,2.458317550461137e-10,-3.026013137959607e-12
15,8,3,82944,2.71790966432818e-10,-7.735499124273115e-11
15,8,4,82944,1.2884853809261703e-10,-5.1504898901122094e-11
15,8,5,82944,-3.762289236840538e-12,1.9027375729489415e-10
15,8,6,82944,6.793974020193163e-11,2.0146251643879342e-12
16,1,0,82944,1.770705443935978e-07,0.0
16,1,1,82944,1.0275701548857186e-07,-1.928169982578655e-10
16,1,2,82944,7.571145938785896e-08,-4.664206033067723e-10
16,1,3,82944,5.95655690644208e-08,-5.025497130045195e-10
16,1,4,82944,4.713408152393854e-08,-5.902327484310505e-10
16,1,5,82944,3.675676238763203e-08,-7.000090989586339e-10
16,1,6,82944,2.8158819106103975e-08,-6.927230273512987e-10
16,2,0,82944,1.76017344632714e-07,0.0
16,2,1,82944,6.264699944920074e-08,-7.703608880359086e-11
16,2,2,82944,3.6972116802485015e-08,-3.4638041621440204e-10
16,2,3,82944,2.5088315113371456e-08,-3.383194780560231e-10
16,2,4,82944,1.7860025429369776e-08,8.523553401236709e-11
16,2,5,82944,1.2418326162075879e-08,9.285188216929108e-11
16,2,6,82944,8.544999429012319e-09,8.897939527026893e-11
16,3,0,82944,1.7531045899560315e-07,0.0
16,3,1,82944,3.859030097408838e-08,4.855236005514945e-11
16,3,2,82944,1.838220654094074e-08,-2.2749662309640833e-10
16,3,3,82944,1.0890653401412669e-08,-3.6008579524562075e-12
16,3,4,82944,6.969518323416826e-09,2.58240832815118e-10
16,3,5,82944,4.42457959000791e-09,1.4043895231768044e-10
16,3,6,82944,2.692094326098788e-09,-1.0671234440812767e-12
16,4,0,82944,1.742227898416668e-07,0.0
16,4,1,82944,2.3845245681087998e-08,-5.01082461218439e-11
16,4,2,82944,9.209005898157306e-09,-1.7654658536067537e-10
16,4,3,82944,4.880663623925394e-09,-1.4890680911652074e-10
16,4,4,82944,2.4745493416106545e-09,2.094572575934984e-12
16,4,5,82944,1.4517860428714243e-09,1.1172957412666494e-11
16,4,6,82944,7.938796265919361e-10,-3.2375234679750406e-11
16,5,0,82944,1.7498175951253807e-07,0.0
16,5,1,82944,1.4862040533169614e-08,-8.551289727907902e-11
16,5,2,82944,4.477873053797399e-09,3.557766279509854e-11
16,5,3,82944,2.2509845834760745e-09,-9.311097882026102e-11
16,5,4,82944,8.799851846274691e-10,-6.930905245124752e-12
16,5,5,82944,5.588752485878463e-10,1.0997631310785669e-10
16,5,6,82944,4.979740165527586e-10,2.909283070313177e-11
16,6,0,82944,1.7425871031435034e-07,0.0
16,6,1,82944,9.134931413611477e-09,-3.271465604736958e-11
16,6,2,82944,2.2416473288711143e-09,-5.014598463080255e-11
16,6,3,82944,8.026769345377184e-10,-1.683596802546258e-10
16,6,4,82944,2.6769960508819055e-10,-1.3231441141436637e-12
16,6,5,82944,1.7997557491054354e-10,5.389006857903065e-12
16,6,6,82944,1.1820757720837301e-10,-1.0504965461534383e-10
16,7,0,82944,1.7391089281745914e-07,0.0
16,7,1,82944,5.482677796241686e-09,-1.3994194456841853e-10
16,7,2,82944,1.046103952042587e-09,-6.420348268978606e-11
16,7,3,82944,3.373492682502014e-10,-1.2642023801956888e-10
16,7,4,82944,1.6065572663692066e-10,-9.907393964652234e-11
16,7,5,82944,1.0265594019097979e-10,1.0210376570169937e-11
16,7,6,82944,2.84655390115685e-11,8.475587017387748e-11
16,8,0,82944,1.7397849375036599e-07,0.0
16,8,1,82944,3.5458655299756743e-09,-8.023833187289251e-11
16,8,2,82944,3.262847921314884e-10,-5.213319089590913e-11
16,8,3,82944,8.970434136142164e-11,1.8736967354411716e-10
16,8,4,82944,-9.365769951502732e-12,-2.6618905374647036e-11
16,8,5,82944,3.318639537341059e-11,5.5303539193045854e-11
16,8,6,82944,-1.2157234530835042e-10,9.564562794306762e-12
17,1,0,82944,1.7774765853966575e-07,0.0
17,1,1,82944,1.0348124386981225e-07,-7.001608564212316e-10
17,1,2,82944,7.619282196131773e-08,-9.72289483039014e-10
17,1,3,82944,5.991074826604861e-08,-1.437197067659689e-09
17,1,4,82944,4.735910961428959e-08,-1.5716793068690539e-09
17,1,5,82944,3.6937047822336835e-08,-1.6387039260732926e-09
17,1,6,82944,2.829892202746954e-08,-1.6891960404446382e-09
17,2,0,82944,1.7631012026441024e-07,0.0
17,2,1,82944,6.305660391179932e-08,-1.3938532978451374e-10
17,2,2,82944,3.693978806165094e-08,-3.534420893282502e-11
17,2,3,82944,2.506908161338155e-08,-1.9713236058066747e-11
17,2,4,82944,1.779905429418664e-08,-1.8088878957629686e-10
17,2,5,82944,1.2589833917610777e-08,7.878760242100604e-11
17,2,6,82944,8.637626473673226e-09,-1.8347155878344183e-10
17,3,0,82944,1.750464001788441e-07,0.0
17,3,1,82944,3.876419562786162e-08,7.568952020627931e-11
17,3,2,82944,1.817758732962338e-08,1.9651866522509751e-10
17,3,3,82944,1.0489927787163591e-08,7.075616157635825e-11
17,3,4,82944,6.7070198242021986e-09,1.0316583205503455e-10
17,3,5,82944,4.239682889385865e-09,2.5252305674925413e-10
17,3,6,82944,2.768663563212193e-09,7.744732025371301e-11
17,4,0,82944,1.7441444298693135e-07,0.0
17,4,1,82944,2.3929555461669055e-08,1.0816395803076405e-10
17,4,2,82944,8.965767519688792e-09,1.0337706463498336e-10
17,4,3,82944,4.49142555499512e-09,-9.101137146198006e-11
17,4,4,82944,2.7007056746529664e-09,-1.2714860636221087e-10
17,4,5,82944,1.4673691837107671e-09,-1.0495306793390648e-10
17,4,6,82944,7.918077916605109e-10,-1.2797346077011606e-10
17,5,0,82944,1.743041118194781e-07,0.0
17,5,1,82944,1.4865324952210087e-08,1.2832051990429962e-10
17,5,2,82944,4.4798252655321275e-09,7.122166483138497e-11
17,5,3,82944,1.875593261869212e-09,6.036176985446676e-11
17,5,4,82944,1.015093340096194e-09,-3.704112385375576e-11
17,5,5,82944,4.783757738335084e-10,-9.979071020363763e-11
17,5,6,82944,6.657703981894315e-11,6.093397583234772e-11
17,6,0,82944,1.7400656739911435e-07,0.0
17,6,1,82944,9.275484172965303e-09,1.5774630832583462e-10
17,6,2,82944,2.2459198120957504e-09,3.860019361624965e-12
17,6,3,82944,9.212260026201989e-10,-1.4125384416604551e-11
17,6,4,82944,2.6051501560049845e-10,1.0706516169062095e-10
17,6,5,82944,1.5011624641410446e-10,1.1330775215474305e-11
17,6,6,82944,-7.408942338903486e-11,1.0968292610663013e-10
17,7,0,82944,1.745468727496703e-07,0.0
17,7,1,82944,5.8796845736473615e-09,4.483434981728507e-12
17,7,2,82944,1.1878867882950121e-09,7.471403626279171e-12
17,7,3,82944,2.781881331427435e-10,2.6755839228549576e-10
17,7,4,82944,1.970208566042595e-10,-4.407277089776254e-11
17,7,5,82944,1.3181224109115127e-10,8.128744985047492e-11
17,7,6,82944,-4.1069035498484976e-11,2.328434149897889e-10
17,8,0,82944,1.741882417647629e-07,0.0
17,8,1,82944,3.5105614355585614e-09,1.5268323531035925e-10
17,8,2,82944,5.276891017770255e-10,-5.247368796564042e-11
17,8,3,82944,3.249216764675053e-10,2.723802137666602e-10
17,8,4,82944,9.579673521822277e-11,-1.1240411479388245e-10
17,8,5,82944,9.027169526625192e-11,-6.630928696404763e-11
17,8,6,82944,1.517257775860687e-10,-2.919867994250658e-11
18,1,0,82944,1.7692793557545392e-07,0.0
18,1,1,82944,1.0258933992891424e-07,1.2397095030748e-10
18,1,2,82944,7.528905227823739e-08,1.8734231997167348e-10
18,1,3,82944,5.9011657021335826e-08,1.3526061680616893e-10
18,1,4,82944,4.6671962571958e-08,1.6993256485406076e-10
18,1,5,82944,3.6566564515754714e-08,3.259786126239676e-11
18,1,6,82944,2.8153467748312208e-08,-1.1767322953622055e-10
18,2,0,82944,1.7601802582863512e-07,0.0
18,2,1,82944,6.262773506137208e-08,-2.469864675198846e-10
18,2,2,82944,3.678835947850582e-08,-3.0483230213052597e-10
18,2,3,82944,2.492730468886078e-08,-3.9303046936158134e-10
18,2,4,82944,1.7489539672251502e-08,-3.862072054124822e-10
18,2,5,82944,1.2584238943287629e-08,-4.750328431088019e-10
18,2,6,82944,8.670334738372283e-09,-4.5083977328637867e-10
18,3,0,82944,1.7522715215181798e-07,0.0
18,3,1,82944,3.847206235901395e-08,-5.239991594188396e-11
18,3,2,82944,1.7942133493603648e-08,-1.450861252749345e-10
18,3,3,82944,1.0895970563139521e-08,-1.4585295214814245e-10
18,3,4,82944,6.778547165324721e-09,1.0463665773350914e-10
18,3,5,82944,4.279030237638653e-09,-7.891169506831393e-11
18,3,6,82944,2.6520929475811673e-09,-7.224579839645557e-11
18,4,0,82944,1.7328177329446857e-07,0.0
18,4,1,82944,2.3619080696202346e-08,-2.825623944639123e-10
18,4,2,82944,9.042100043860883e-09,-2.523702625781224e-10
18,4,3,82944,4.713477101316492e-09,7.611198506218366e-11
18,4,4,82944,2.5716317567519357e-09,-1.4048234901119345e-10
18,4,5,82944,1.5103817067014536e-09,4.57178133851362e-11
18,4,6,82944,9.478642166487113e-10,-6.070715927950186e-11
18,5,0,82944,1.7410994395901406e-07,0.0
18,5,1,82944,1.4569366751194207e-08,-2.1424335087232724e-10
18,5,2,82944,4.445088553670072e-09,-1.036659435144498e-10
18,5,3,82944,1.768844436130446e-09,-2.243483060200352e-10
18,5,4,82944,1.0781375900803815e-09,-2.1173512266794235e-11
18,5,5,82944,6.882585835751091e-10,-5.28605068725008e-11
18,5,6,82944,2.0620254161277432e-10,8.897977457854967e-11
18,6,0,82944,1.744809162977605e-07,0.0
18,6,1,82944,9.133429119634493e-09,-3.75323415239526e-10
18,6,2,82944,2.2331089312901147e-09,-3.863975845292862e-10
18,6,3,82944,8.156199546988062e-10,-1.7875898796362532e-10
18,6,4,82944,2.7589059650064297e-10,2.5023756962079677e-10
18,6,5,82944,1.1480272204883178e-10,-1.3913372021698637e-11
18,6,6,82944,-2.903487234675928e-11,2.7538766473888326e-11
18,7,0,82944,1.7301340126515534e-07,0.0
18,7,1,82944,5.556028487154186e-09,-2.867021407226689e-11
18,7,2,82944,1.0017764424150325e-09,-2.283370499095319e-10
18,7,3,82944,2.8869201329263784e-10,-2.2746901456950047e-10
18,7,4,82944,-8.732108636031193e-11,1.3406202689377183e-10
18,7,5,82944,8.045488868775884e-11,5.174230854426236e-11
18,7,6,82944,3.992526478166906e-11,5.475527314801126e-11
18,8,0,82944,1.744542351209569e-07,0.0
18,8,1,82944,3.2502383021943216e-09,3.7730433992667387e-11
18,8,2,82944,4.399619410035888e-10,-2.3482675687891525e-10
18,8,3,82944,2.1026455408187554e-10,-1.8522583793723868e-10
18,8,4,82944,-9.63335490167411e-11,1.0993979234490061e-10
18,8,5,82944,-6.391658153077159e-11,-5.6832360632847004e-11
18,8,6,82944,-7.299197446882518e-11,1.4638351095041996e-10
19,1,0,82944,1.7729284776201567e-07,0.0
19,1,1,82944,1.0243133284946713e-07,-3.645158859396923e-10
19,1,2,82944,7.505225764812716e-08,-4.937647595666846e-10
19,1,3,82944,5.856782275751704e-08,-5.603034142741014e-10
19,1,4,82944,4.595369569471204e-08,-5.397711535472126e-10
19,1,5,82944,3.558549385303912e-08,-3.814611802524906e-10
19,1,6,82944,2.718594564097205e-08,-3.5805937997608826e-10
19,2,0,82944,1.7540289582553265e-07,0.0
19,2,1,82944,6.218689855756187e-08,-4.9660720811573e-11
19,2,2,82944,3.6278030089070245e-08,-1.9583145636913713e-10
19,2,3,82944,2.400237937289671e-08,-3.0274573597747446e-10
19,2,4,82944,1.667921072639354e-08,-1.7915293645079354e-10
19,2,5,82944,1.1333987724369272e-08,-7.330241039865413e-11
19,2,6,82944,7.821340616842177e-09,-1.7487649245880543e-10
19,3,0,82944,1.7480113761575084e-07,0.0
19,3,1,82944,3.807565317582123e-08,-2.1977344676571876e-10
19,3,2,82944,1.7943712606144274e-08,-8.822638544828277e-11
19,3,3,82944,1.0490712762458514e-08,-2.065468467444411e-10
19,3,4,82944,6.4056115873303515e-09,2.1501532596191065e-11
19,3,5,82944,3.97147671644864e-09,-5.900773517537369e-11
19,3,6,82944,2.374035546200408e-09,1.2654435814328224e-10
19,4,0,82944,1.742610711303421e-07,0.0
19,4,1,82944,2.3515167087119485e-08,-6.708287854737561e-11
19,4,2,82944,9.003474266383612e-09,2.7249831065620947e-10
19,4,3,82944,4.451660942970567e-09,-8.968756695113105e-11
19,4,4,82944,2.6452597141341025e-09,1.104951471456781e-10
19,4,5,82944,1.6226316979172297e-09,-2.5338793328679774e-10
19,4,6,82944,7.091777852137501e-10,-6.438527770215719e-11
19,5,0,82944,1.7393609183370268e-07,0.0
19,5,1,82944,1.4132197227523026e-08,-1.5452534611010707e-10
19,5,2,82944,4.465006867003268e-09,-1.0179655453180676e-10
19,5,3,82944,1.7922492097845255e-09,-2.269400074990319e-11
19,5,4,82944,9.432857193494048e-10,1.4732310229250234e-10
19,5,5,82944,2.725186820431908e-10,3.037482368417229e-11
19,5,6,82944,9.437214620888838e-11,-1.0239332450601289e-10
19,6,0,82944,1.746940626637803e-07,0.0
19,6,1,82944,8.826357947744454e-09,6.391216499790224e-11
19,6,2,82944,2.0868144460927432e-09,8.37838041601498e-11
19,6,3,82944,8.290878496082409e-10,-9.362425043940344e-11
19,6,4,82944,3.718275369769101e-10,2.4008972764208587e-10
19,6,5,82944,9.123668731797923e-11,1.549731489730801e-10
19,6,6,82944,1.2861488952667828e-10,5.952530716247423e-11
19,7,0,82944,1.7431178535207826e-07,0.0
19,7,1,82944,5.395351248550765e-09,-4.2362336959081354e-11
19,7,2,82944,9.997539823230978e-10,-1.9095722662360047e-10
19,7,3,82944,4.814379102399304e-10,-2.1623918478381393e-10
19,7,4,82944,3.4070880827482284e-11,1.6171855040426445e-10
19,7,5,82944,1.0063939074983155e-10,-5.986576986425176e-11
19,7,6,82944,1.93963198603105e-12,-5.510237564628532e-11
19,8,0,82944,1.7471868716191765e-07,0.0
19,8,1,82944,3.435436266982541e-09,1.375758899485993e-11
19,8,2,82944,8.120837838235364e-10,-2.837393772004143e-10
19,8,3,82944,-5.886023070851035e-12,-2.7375752680018436e-10
19,8,4,82944,-4.1934263862101645e-13,1.66434484234435e-10
19,8,5,82944,1.5852196581563423e-10,1.629677229354001e-10
19,8,6,82944,4.0047635266194074e-11,2.9761806255212236e-11
20,1,0,82944,1.782298087441219e-07,0.0
20,1,1,82944,1.0376354723527445e-07,-1.669083867421861e-10
20,1,2,82944,7.624524590014928e-08,-3.671406981047714e-10
20,1,3,82944,5.974085770096929e-08,-4.727558100852546e-10
20,1,4,82944,4.712856235304868e-08,-5.312436750427197e-10
20,1,5,82944,3.684326172542696e-08,-5.266701323332836e-10
20,1,6,82944,2.8245009117494212e-08,-4.1115874481290834e-10
20,2,0,82944,1.7592857418047787e-07,0.0
20,2,1,82944,6.284085302576269e-08,1.7404600930446676e-11
20,2,2,82944,3.66117666979295e-08,-1.590321220682089e-10
20,2,3,82944,2.486603890998938e-08,-8.604096443118248e-11
20,2,4,82944,1.743584942142227e-08,-1.0599036923481476e-10
20,2,5,82944,1.2389118520744527e-08,-2.2650541953478836e-11
20,2,6,82944,8.859358410037542e-09,-1.4450776778154235e-10
20,3,0,82944,1.743637135275164e-07,0.0
20,3,1,82944,3.8399256533214864e-08,5.516758850787402e-11
20,3,2,82944,1.809546571000577e-08,2.1893407521777356e-11
20,3,3,82944,1.0904973996213815e-08,1.5069534603769637e-10
20,3,4,82944,6.741720877641035e-09,4.19873991128477e-10
20,3,5,82944,4.387247101588261e-09,2.2380060177609393e-10
20,3,6,82944,2.7934848540662086e-09,-7.089815072056601e-11
20,4,0,82944,1.7548684449399703e-07,0.0
20,4,1,82944,2.3587488213766136e-08,6.382837499539188e-11
20,4,2,82944,8.842927800438846e-09,-4.7602372227927325e-11
20,4,3,82944,4.8198153776842124e-09,2.3656667895909695e-10
20,4,4,82944,2.538426974990393e-09,1.6138017732311896e-11
20,4,5,82944,1.7961901627760662e-09,-1.1091134809415744e-10
20,4,6,82944,1.0919723470274303e-09,-1.188775239855944e-10
20,5,0,82944,1.7462284844380383e-07,0.0
20,5,1,82944,1.4420875384589963e-08,2.6400425360898915e-10
20,5,2,82944,4.513838633719547e-09,1.0730357809293702e-10
20,5,3,82944,2.1905664752478373e-09,1.564922378981241e-10
20,5,4,82944,9.493177722435045e-10,2.310397679768709e-10
20,5,5,82944,8.622315036172047e-10,1.3740760571299166e-11
20,5,6,82944,3.550620274710063e-10,-1.6258239925321257e-10
20,6,0,82944,1.7482058689332172e-07,0.0
20,6,1,82944,9.097439457258812e-09,1.8963041217889988e-10
20,6,2,82944,2.2236380544377836e-09,5.6089278767166075e-11
20,6,3,82944,7.688176218006535e-10,1.8877432995427427e-10
20,6,4,82944,2.2326576445200724e-10,-1.608714236997483e-11
20,6,5,82944,3.6455124664072697e-10,1.4351820857810395e-10
20,6,6,82944,1.6024289091737621e-10,-1.9086529261181224e-11
20,7,0,82944,1.73521921849879e-07,0.0
20,7,1,82944,5.560360073013756e-09,8.02186520794444e-11
20,7,2,82944,1.1839590527146759e-09,9.985002286544233e-12
20,7,3,82944,4.6445737581454037e-10,3.7335122778502653e-10
20,7,4,82944,-1.014549680779619e-10,-3.9092967776459976e-11
20,7,5,82944,1.0363605375078984e-10,3.2039917215750104e-10
20,7,6,82944,-1.1112654576956844e-11,1.0632127042256209e-10
20,8,0,82944,1.737981970899339e-07,0.0
20,8,1,82944,3.5224773516761322e-09,4.5284083541610655e-11
20,8,2,82944,7.566438141073405e-10,-5.7873159293062495e-11
20,8,3,82944,1.8254859664283584e-10,9.804669134617596e-11
20,8,4,82944,8.810771926982174e-11,-8.55370843593763e-11
20,8,5,82944,-7.228417101334341e-11,4.31991937462602e-11
20,8,6,82944,-2.583395076561139e-10,-1.045558130881943e-12
21,1,0,82944,1.7702075522899715e-07,0.0
21,1,1,82944,1.0281891972427973e-07,6.5376514501173e-11
21,1,2,82944,7.563997279262778e-08,1.299174015521087e-10
21,1,3,82944,5.940765730507442e-08,2.7684003550431325e-10
21,1,4,82944,4.673440914352838e-08,3.6933035792246476e-10
21,1,5,82944,3.6449801222885594e-08,3.6923216789773074e-10
21,1,6,82944,2.790430749333509e-08,2.854268881969282e-10
21,2,0,82944,1.7482802712479035e-07,0.0
21,2,1,82944,6.251061770982209e-08,-1.2160747812070218e-10
21,2,2,82944,3.669176375298074e-08,-1.2021173362936267e-10
21,2,3,82944,2.4876593420133005e-08,-1.0859184139534951e-10
21,2,4,82944,1.768876543646264e-08,-2.438801127716693e-10
21,2,5,82944,1.2680207975064263e-08,-3.960658203444635e-10
21,2,6,82944,8.89410310323604e-09,-2.7845860550729403e-10
21,3,0,82944,1.7528112500151396e-07,0.0
21,3,1,82944,3.876965072147532e-08,3.653165160049299e-11
21,3,2,82944,1.8089852740763033e-08,2.258991871659358e-10
21,3,3,82944,1.0529512324710693e-08,3.251903116117659e-10
21,3,4,82944,6.6155173837326995e-09,1.6858919346767432e-10
21,3,5,82944,4.4351002718200685e-09,-1.962701947818505e-11
21,3,6,82944,2.769006455779925e-09,4.133264146479183e-12
21,4,0,82944,1.7370618673259863e-07,0.0
21,4,1,82944,2.408937515547643e-08,4.279896130911588e-11
21,4,2,82944,9.034492338920141e-09,4.280691520208568e-11
21,4,3,82944,4.679428942327052e-09,1.7217891191078478e-10
21,4,4,82944,2.6663671062399367e-09,5.450112912112526e-11
21,4,5,82944,1.7163296731599238e-09,-2.1262057767007673e-10
21,4,6,82944,1.0411029446973125e-09,-9.244323570838081e-11
21,5,0,82944,1.7370730633731428e-07,0.0
21,5,1,82944,1.493793774336447e-08,2.812550096453405e-10
21,5,2,82944,4.1618327785736266e-09,-1.4619455208384237e-11
21,5,3,82944,1.9911881119728775e-09,6.428591493010777e-11
21,5,4,82944,9.965458241818594e-10,-6.614939783903014e-11
21,5,5,82944,4.986769081188092e-10,-1.2579658337775766e-10
21,5,6,82944,2.1890370330142248e-10,-6.225414280262801e-11
21,6,0,82944,1.743156606053744e-07,0.0
21,6,1,82944,9.346431617926723e-09,1.4177810674929097e-10
21,6,2,82944,2.101394987737286e-09,-1.768746527365262e-10
21,6,3,82944,9.208465470577591e-10,-6.797503366848609e-11
21,6,4,82944,4.6155370791079795e-10,-1.1752997502728114e-10
21,6,5,82944,2.296614685439875e-10,1.3266879348856096e-10
21,6,6,82944,1.0303810498094712e-10,1.3300606433514667e-11
21,7,0,82944,1.743233373104539e-07,0.0
21,7,1,82944,6.22667895077531e-09,1.7997419019463946e-11
21,7,2,82944,1.0042808928532735e-09,-3.570287340215111e-10
21,7,3,82944,3.186433563117162e-10,-2.875798975079534e-11
21,7,4,82944,1.5429525400891242e-10,1.2091959487831086e-10
21,7,5,82944,-1.1046994801058096e-10,-3.608263485729105e-11
21,7,6,82944,1.1799451521094501e-10,-7.96287393330023e-11
21,8,0,82944,1.743484224127649e-07,0.0
21,8,1,82944,3.93898416378606e-09,-5.5977635735417876e-11
21,8,2,82944,5.192112271322251e-10,-2.5221406985065046e-10
21,8,3,82944,1.7140398417960704e-10,2.6352510827604213e-10
21,8,4,82944,1.543754494855627e-10,-9.068516669010402e-11
21,8,5,82944,7.234245154659412e-11,-9.557373111430251e-12
21,8,6,82944,-2.8136430044954642e-11,9.743303054737866e-12
22,1,0,82944,1.7844882251542725e-07,0.0
22,1,1,82944,1.0372340740748663e-07,3.5812831643738423e-10
22,1,2,82944,7.597906503830718e-08,5.887972976291427e-10
22,1,3,82944,5.9432196324939066e-08,8.326803251419545e-10
22,1,4,82944,4.667270213797259e-08,9.202450545557552e-10
22,1,5,82944,3.603560499281809e-08,9.494774731339386e-10
22,1,6,82944,2.7218920481627025e-08,8.795692061664036e-10
22,2,0,82944,1.753923487218574e-07,0.0
22,2,1,82944,6.277935222873516e-08,1.6702545021697414e-10
22,2,2,82944,3.6393691123161203e-08,2.395616824705658e-10
22,2,3,82944,2.4758839804899793e-08,4.4811020917963197e-10
22,2,4,82944,1.7487325665438448e-08,4.3222185856968695e-10
22,2,5,82944,1.2501494336761127e-08,2.71929609319285e-10
22,2,6,82944,8.6180286336917e-09,2.2642224542904923e-10
22,3,0,82944,1.7531116004350192e-07,0.0
22,3,1,82944,3.897307770807052e-08,2.252353200921226e-10
22,3,2,82944,1.8193530835359675e-08,2.4596598820329997e-10
22,3,3,82944,1.0588061740844824e-08,1.7275918201074116e-10
22,3,4,82944,6.919250675418191e-09,9.751633854794135e-11
22,3,5,82944,4.339876297761765e-09,-2.2033495252196631e-10
22,3,6,82944,2.7175849921493454e-09,-1.6881062941486267e-10
22,4,0,82944,1.750142804702813e-07,0.0
22,4,1,82944,2.4113639668720598e-08,2.035406280695784e-11
22,4,2,82944,8.998650367071288e-09,1.390673925174356e-10
22,4,3,82944,4.59533765480982e-09,1.9267953451942442e-10
22,4,4,82944,2.5211798732551917e-09,1.5320565466357664e-10
22,4,5,82944,1.3836309968494705e-09,-7.124473276789757e-11
22,4,6,82944,7.168900462377677e-10,-7.421882287911757e-11
22,5,0,82944,1.7380229382838807e-07,0.0
22,5,1,82944,1.481563124719711e-08,-4.564260938102729e-11
22,5,2,82944,4.4485678355755875e-09,1.0457839174953983e-11
22,5,3,82944,2.1480417509788827e-09,-9.72850723050265e-12
22,5,4,82944,1.2859072589188306e-09,-4.515268589800923e-11
22,5,5,82944,6.292321305021507e-10,1.1722187906280518e-10
22,5,6,82944,1.6414093231896026e-10,-1.1557891052640749e-10
22,6,0,82944,1.7463018114552843e-07,0.0
22,6,1,82944,9.47122107096654e-09,7.461242251856122e-13
22,6,2,82944,2.1852758076746744e-09,9.774882714526818e-11
22,6,3,82944,9.29518855821961e-10,3.072509059760816e-11
22,6,4,82944,2.116763633881617e-10,1.7980748784169842e-12
22,6,5,82944,2.581776381275193e-10,9.441755944827881e-11
22,6,6,82944,2.9127518701782425e-11,2.654822481919373e-10
22,7,0,82944,1.732059949765777e-07,0.0
22,7,1,82944,5.8126600213196825e-09,-1.3460698994291941e-10
22,7,2,82944,8.474741179523369e-10,5.512346495045471e-11
22,7,3,82944,5.349613845133423e-10,-1.4506813133264891e-11
22,7,4,82944,4.556880846966976e-11,-3.740933507998796e-11
22,7,5,82944,3.0800674413837195e-10,-4.882233274043725e-11
22,7,6,82944,9.470454910765112e-11,2.0271871383411387e-11
22,8,0,82944,1.738493963474455e-07,0.0
22,8,1,82944,3.6734921931753672e-09,-1.68321952588556e-10
22,8,2,82944,5.326550657044761e-10,-1.0040780416032445e-10
22,8,3,82944,1.9168238934220488e-10,-9.48663425469638e-12
22,8,4,82944,-8.896763915799719e-11,2.041055751611142e-10
22,8,5,82944,-3.5103007209309444e-11,3.702054641519212e-11
22,8,6,82944,1.3977585444806934e-10,-1.6649563527039573e-11
23,1,0,82944,1.76536590093487e-07,0.0
23,1,1,82944,1.0226557312748064e-07,-4.4467405944764556e-10
23,1,2,82944,7.514655640180511e-08,-6.149820504601386e-10
23,1,3,82944,5.870666712610118e-08,-5.972177342753029e-10
23,1,4,82944,4.605593751388089e-08,-6.831024234605344e-10
23,1,5,82944,3.5565327433905514e-08,-6.979465234249586e-10
23,1,6,82944,2.7055695195909704e-08,-6.356735803479688e-10
23,2,0,82944,1.7527929738477047e-07,0.0
23,2,1,82944,6.227987988747317e-08,-2.393316514359053e-10
23,2,2,82944,3.6511821348725584e-08,-1.1402738027196328e-11
23,2,3,82944,2.5166119932100698e-08,-1.374146614244992e-10
23,2,4,82944,1.7888514232259795e-08,-5.874054339748327e-11
23,2,5,82944,1.2547728582737097e-08,-6.224981454201184e-11
23,2,6,82944,8.791891046109195e-09,-1.6375039010945398e-11
23,3,0,82944,1.7373200180015413e-07,0.0
23,3,1,82944,3.807791058308406e-08,-2.0825755214358208e-10
23,3,2,82944,1.771672060853855e-08,-1.8237111333191783e-10
23,3,3,82944,1.0520051314268664e-08,6.492433529898014e-11
23,3,4,82944,6.789416780734525e-09,3.1699895954431865e-12
23,3,5,82944,4.221741142449898e-09,-1.2412066597922718e-11
23,3,6,82944,2.6572920654037498e-09,-5.745458382186463e-12
23,4,0,82944,1.736834096491373e-07,0.0
23,4,1,82944,2.3315348013355518e-08,-2.1264808042070873e-10
23,4,2,82944,8.751919676462773e-09,-3.485699320812967e-11
23,4,3,82944,4.405601877111271e-09,-2.063739681686666e-10
23,4,4,82944,2.5220165572977154e-09,-1.1344363970630552e-10
23,4,5,82944,1.5044662102041475e-09,1.0568131112472926e-10
23,4,6,82944,9.920217049783083e-10,-1.193869844211133e-11
23,5,0,82944,1.740546025324829e-07,0.0
23,5,1,82944,1.457184036989554e-08,3.6291366109667875e-11
23,5,2,82944,4.376343280603354e-09,1.9592248365919543e-10
23,5,3,82944,1.9646951565524282e-09,-2.716329792472356e-10
23,5,4,82944,1.0799314725719077e-09,-8.658847511252928e-11
23,5,5,82944,4.4166422129390366e-10,-1.0673601473396948e-11
23,5,6,82944,3.576859214342375e-10,-1.8162410754526768e-11
23,6,0,82944,1.747969788972115e-07,0.0
23,6,1,82944,9.003034879466559e-09,-1.627578420350927e-10
23,6,2,82944,2.273644828837685e-09,2.405389611553421e-10
23,6,3,82944,8.258201491699015e-10,-1.6390163409965958e-11
23,6,4,82944,4.733315686891552e-10,1.377843766211564e-10
23,6,5,82944,3.0917391992417465e-10,2.5332195494516622e-11
23,6,6,82944,1.7315100377289883e-10,-1.3189705628407325e-10
23,7,0,82944,1.7461558970223748e-07,0.0
23,7,1,82944,5.560611272634594e-09,-1.9443835169645895e-10
23,7,2,82944,1.2661053074845194e-09,2.056849196098741e-10
23,7,3,82944,3.635391813542827e-10,1.2840038022503844e-10
23,7,4,82944,7.807168608769652e-11,-6.386337064102097e-11
23,7,5,82944,5.551037721315405e-11,2.6488453738788127e-11
23,7,6,82944,9.054416243529968e-11,-4.7406130645531675e-11
23,8,0,82944,1.7439366626032988e-07,0.0
23,8,1,82944,3.425906039756956e-09,5.64476409559607e-11
23,8,2,82944,5.686515606090568e-10,2.562086577568145e-10
23,8,3,82944,1.3323463011279387e-10,4.869773386858486e-12
23,8,4,82944,4.818929519272673e-11,3.042579064665729e-11
23,8,5,82944,6.26440937107768e-11,-2.909427656654578e-11
23,8,6,82944,7.017140489563799e-11,9.275540165586774e-12
24,1,0,82944,1.7720667109738987e-07,0.0
24,1,1,82944,1.0302674501463543e-07,2.427639654405984e-10
24,1,2,82944,7.585002901903731e-08,3.925314848014633e-10
24,1,3,82944,5.9582444669113015e-08,4.772862493734866e-10
24,1,4,82944,4.706719359452896e-08,4.175934300804834e-10
24,1,5,82944,3.6326766968220945e-08,2.3481687217169144e-10
24,1,6,82944,2.7503199651179387e-08,1.272264962704144e-10
24,2,0,82944,1.7498723183217612e-07,0.0
24,2,1,82944,6.243238842281537e-08,1.3013764232345287e-10
24,2,2,82944,3.647875014340983e-08,1.711623751125601e-10
24,2,3,82944,2.4831174525508593e-08,1.5861902990768164e-10
24,2,4,82944,1.7471615838753606e-08,-6.31082900541529e-11
24,2,5,82944,1.2360584482874541e-08,-3.313981260686382e-11
24,2,6,82944,8.582092997740037e-09,7.159754181958845e-11
24,3,0,82944,1.736732952714166e-07,0.0
24,3,1,82944,3.8027350619021206e-08,3.3742272558824744e-11
24,3,2,82944,1.7585847000926608e-08,5.604561936059208e-11
24,3,3,82944,1.024531797030258e-08,2.501353599664211e-10
24,3,4,82944,6.282247556055109e-09,-7.464338251569276e-11
24,3,5,82944,3.981297894115928e-09,-6.52147401920052e-11
24,3,6,82944,2.4231775225968955e-09,-2.0689194381316963e-10
24,4,0,82944,1.7418453083432447e-07,0.0
24,4,1,82944,2.380639120057654e-08,-9.342097410896248e-11
24,4,2,82944,8.618520929115957e-09,-8.531045920921086e-11
24,4,3,82944,4.237856389360694e-09,2.242564663988062e-10
24,4,4,82944,2.2835398966593018e-09,4.468218661423524e-11
24,4,5,82944,1.4104455046041707e-09,-3.7951856187209986e-11
24,4,6,82944,7.086157353729042e-10,-7.390674969087246e-11
24,5,0,82944,1.7487231221843082e-07,0.0
24,5,1,82944,1.498411839836438e-08,-7.818407175339065e-11
24,5,2,82944,4.349557447347375e-09,-4.2869923566251584e-11
24,5,3,82944,2.1904534341918897e-09,1.7947232021227277e-10
24,5,4,82944,9.662032103199513e-10,2.323079401522209e-10
24,5,5,82944,5.623600436169036e-10,1.3033324450564262e-10
24,5,6,82944,2.2602111682879887e-10,-9.717534701860835e-11
24,6,0,82944,1.7506611057261165e-07,0.0
24,6,1,82944,9.204783586182652e-09,-1.3016404986080773e-10
24,6,2,82944,2.026686323304706e-09,2.232409644895526e-11
24,6,3,82944,1.0856939670813374e-09,1.1525295991272896e-10
24,6,4,82944,3.592637047217743e-10,-8.121784167058816e-12
24,6,5,82944,7.021356633114635e-11,1.685303948099297e-10
24,6,6,82944,1.469035749919611e-10,-7.309914104203793e-11
24,7,0,82944,1.745190509577625e-07,0.0
24,7,1,82944,6.035667587390737e-09,-1.0787110715076474e-10
24,7,2,82944,9.558223019635289e-10,-1.2763065789759696e-10
24,7,3,82944,4.717305011093675e-10,8.392943639666695e-11
24,7,4,82944,3.0466330909830894e-10,-2.5155445177411256e-11
24,7,5,82944,-1.3936454301369228e-10,2.546446863790361e-10
24,7,6,82944,7.859858998383865e-11,1.3704922191210173e-10
24,8,0,82944,1.7390203804298414e-07,0.0
24,8,1,82944,3.781647237027163e-09,1.8695830604033176e-12
24,8,2,82944,5.44082624830695e-10,5.6857562709336455e-11
24,8,3,82944,1.0859897151426951e-10,1.5712250755911407e-10
24,8,4,82944,3.892929621746156e-10,9.115113088771052e-11
24,8,5,82944,-1.8908010787380276e-10,6.831209739017538e-11
24,8,6,82944,4.77811681145022e-11,2.3028482701125085e-10
25,1,0,82944,1.7753375774013665e-07,0.0
25,1,1,82944,1.0317708191682777e-07,-4.008501297004473e-11
25,1,2,82944,7.602278403194237e-08,-8.81088263444864e-11
25,1,3,82944,5.970334606816901e-08,-1.9286857192015994e-10
25,1,4,82944,4.7252621467947e-08,-2.795290665655456e-10
25,1,5,82944,3.691720333596962e-08,-2.8136014233228315e-10
25,1,6,82944,2.845724296659945e-08,-2.065351599448171e-10
25,2,0,82944,1.7479782734913505e-07,0.0
25,2,1,82944,6.20779057245584e-08,-8.059861653440886e-11
25,2,2,82944,3.6480461506399214e-08,-8.142796357164418e-11
25,2,3,82944,2.459717131037194e-08,-2.3364841127460526e-10
25,2,4,82944,1.7457284796829503e-08,3.835647530587391e-11
25,2,5,82944,1.2123014325305354e-08,1.0231093585644692e-10
25,2,6,82944,8.546433029319903e-09,1.889152890517944e-10
25,3,0,82944,1.7449231690781384e-07,0.0
25,3,1,82944,3.8232402584270804e-08,5.5001998476178065e-12
25,3,2,82944,1.7749396767341116e-08,7.529068913769744e-11
25,3,3,82944,1.031592742263487e-08,-1.504887512221639e-10
25,3,4,82944,6.563913848639192e-09,-7.48533703049339e-11
25,3,5,82944,4.18794841166482e-09,-1.7307971219025077e-10
25,3,6,82944,2.8190264677438274e-09,1.1177437278943685e-11
25,4,0,82944,1.7518292761897741e-07,0.0
25,4,1,82944,2.3561995000313566e-08,-8.274000522079712e-12
25,4,2,82944,8.823198265797631e-09,7.150134325293572e-12
25,4,3,82944,4.3455486324773936e-09,-4.19768862205718e-11
25,4,4,82944,2.6914457526704762e-09,-1.4658274461892748e-10
25,4,5,82944,1.5445245578632829e-09,-1.0001198207093291e-10
25,4,6,82944,7.734643397730449e-10,2.0431019877954982e-11
25,5,0,82944,1.7474613908180048e-07,0.0
25,5,1,82944,1.4514482853046871e-08,-1.2981932570157457e-10
25,5,2,82944,4.142309653941887e-09,-1.421218864883371e-10
25,5,3,82944,1.8669731040386704e-09,1.383172785353508e-11
25,5,4,82944,1.1430771464542627e-09,-8.001033076199065e-11
25,5,5,82944,3.45135960201853e-10,-1.825093529636369e-10
25,5,6,82944,1.92735891070009e-10,-1.5559650517117053e-10
25,6,0,82944,1.7431943439177272e-07,0.0
25,6,1,82944,8.925317302671736e-09,1.5313963203260386e-10
25,6,2,82944,2.0980365481314483e-09,-2.6672003110277094e-10
25,6,3,82944,9.316108790006906e-10,-4.252779167835886e-11
25,6,4,82944,5.738825123079736e-10,-8.865824108636752e-12
25,6,5,82944,8.188374399098718e-11,-2.392090852908337e-10
25,6,6,82944,1.098897533282972e-10,2.6710003484923324e-11
25,7,0,82944,1.7496983612283664e-07,0.0
25,7,1,82944,5.73303007323646e-09,2.516931596153544e-10
25,7,2,82944,1.1323297251698614e-09,-5.204706511731157e-13
25,7,3,82944,4.942603720777311e-10,-5.547625428917635e-12
25,7,4,82944,-7.36270720152991e-11,-2.1882240568325957e-10
25,7,5,82944,-5.982917421611475e-11,1.4918989407120458e-11
25,7,6,82944,-1.0219859843744348e-10,2.5788925404142927e-11
25,8,0,82944,1.751435971594701e-07,0.0
25,8,1,82944,3.664224964082014e-09,4.425975099739174e-10
25,8,2,82944,6.518886304196401e-10,1.1499137974967927e-10
25,8,3,82944,5.325892119775774e-10,-1.5029802583341994e-10
25,8,4,82944,3.7251783331368777e-13,-2.1322222887702668e-10
25,8,5,82944,-1.6956592366558118e-10,-1.667894261100172e-10
25,8,6,82944,8.506201384447204e-12,8.211984829412486e-11
26,1,0,82944,1.7735992837621887e-07,0.0
26,1,1,82944,1.0260276827641364e-07,-2.7358679261134855e-10
26,1,2,82944,7.506853489165255e-08,-4.1940808849819836e-10
26,1,3,82944,5.841069190137714e-08,-5.395349129298842e-10
26,1,4,82944,4.591722929694568e-08,-7.084341800773505e-10
26,1,5,82944,3.563492724643621e-08,-8.176811760193815e-10
26,1,6,82944,2.700327898430553e-08,-6.595723061919218e-10
26,2,0,82944,1.7507677045579262e-07,0.0
26,2,1,82944,6.219969609175054e-08,-1.167956139023055e-10
26,2,2,82944,3.6405218837644815e-08,-3.651649520722894e-10
26,2,3,82944,2.468619538855064e-08,-3.500806424518637e-10
26,2,4,82944,1.7406244008068186e-08,-3.519726512439785e-10
26,2,5,82944,1.219448406281077e-08,-2.408685662464644e-10
26,2,6,82944,8.637036639756876e-09,-1.6348063310005523e-10
26,3,0,82944,1.7454972990553098e-07,0.0
26,3,1,82944,3.809495668232838e-08,-5.6375822031660185e-11
26,3,2,82944,1.776801120029729e-08,-3.1728655511109786e-10
26,3,3,82944,1.0381539127316464e-08,-3.616198509684627e-10
26,3,4,82944,6.606013880430987e-09,-1.5977353921093229e-10
26,3,5,82944,4.253193986025039e-09,1.0423985012150816e-11
26,3,6,82944,2.7400876958566613e-09,-1.1833388489069535e-10
26,4,0,82944,1.7475741598842064e-07,0.0
26,4,1,82944,2.3545965466358394e-08,-6.953448243540409e-11
26,4,2,82944,8.846920555322178e-09,-7.167667136837408e-11
26,4,3,82944,4.497432303382073e-09,-2.0167695958797756e-10
26,4,4,82944,2.522663759913328e-09,-1.4752386517857428e-10
26,4,5,82944,1.5233968668668827e-09,1.674970213490501e-12
26,4,6,82944,7.921460664986343e-10,-8.083910422583656e-11
26,5,0,82944,1.7560578613053446e-07,0.0
26,5,1,82944,1.4832077508237946e-08,6.65744232180961e-11
26,5,2,82944,4.4834037591431995e-09,2.6554715292837753e-11
26,5,3,82944,1.941865554754012e-09,-1.059713781307817e-10
26,5,4,82944,1.2234600340525532e-09,-3.200351000616349e-11
26,5,5,82944,4.498150934720895e-10,3.322023204904951e-11
26,5,6,82944,1.5609030823981274e-10,-1.4970680123037246e-10
26,6,0,82944,1.7442855695533205e-07,0.0
26,6,1,82944,8.958064728267697e-09,2.7484785945680147e-10
26,6,2,82944,1.8778022354697083e-09,1.2007646387621223e-10
26,6,3,82944,7.551437471281055e-10,-4.019505973168875e-11
26,6,4,82944,3.187455808659632e-10,-4.372468080213265e-11
26,6,5,82944,1.7868558767014265e-10,-4.259079281091135e-11
26,6,6,82944,4.243405699924222e-11,-9.332057667816243e-11
26,7,0,82944,1.7490010756218607e-07,0.0
26,7,1,82944,5.712752163892749e-09,-4.6858798404918795e-11
26,7,2,82944,1.130487262505813e-09,-8.675592480497909e-11
26,7,3,82944,3.1809223445653403e-10,-1.0274999030893577e-10
26,7,4,82944,2.372403621232141e-10,-4.11808795642183e-11
26,7,5,82944,7.630881585586026e-11,8.63581510705666e-11
26,7,6,82944,3.002314363739508e-11,1.0130812391222156e-10
26,8,0,82944,1.7474428910407188e-07,0.0
26,8,1,82944,3.620670947362372e-09,-1.3186134082725503e-10
26,8,2,82944,5.959629745760898e-10,2.069057986988047e-10
26,8,3,82944,5.605083213485329e-11,4.5705731152072536e-11
26,8,4,82944,-1.514124404251083e-11,7.50295478056378e-11
26,8,5,82944,-7.518679410967593e-11,1.975038608042742e-11
26,8,6,82944,3.8402567054062004e-11,1.0114730815434024e-10
27,1,0,82944,1.7835464107383079e-07,0.0
27,1,1,82944,1.0333894965214108e-07,3.9324974638845447e-10
27,1,2,82944,7.60116718207877e-08,5.810939053062834e-10
27,1,3,82944,5.966670532965502e-08,7.254398516222111e-10
27,1,4,82944,4.7120953658765644e-08,7.404944580737738e-10
27,1,5,82944,3.669662534422694e-08,7.62444972056316e-10
27,1,6,82944,2.8173676167712617e-08,7.676831565333012e-10
27,2,0,82944,1.7607497649602338e-07,0.0
27,2,1,82944,6.222309621579347e-08,1.503705753957751e-10
27,2,2,82944,3.633288862753917e-08,1.764577297501407e-10
27,2,3,82944,2.4591683238878797e-08,4.3109170120514925e-10
27,2,4,82944,1.735550706861887e-08,3.1557791502207743e-10
27,2,5,82944,1.2171984041723076e-08,1.63263246519218e-10
27,2,6,82944,8.555167196466475e-09,2.0872975169112484e-10
27,3,0,82944,1.7540890559538785e-07,0.0
27,3,1,82944,3.814688937060953e-08,-1.4807510277916106e-11
27,3,2,82944,1.7719463688809234e-08,1.2683690580656783e-10
27,3,3,82944,1.0374087063251322e-08,1.7739924231709466e-10
27,3,4,82944,6.751807244499527e-09,5.967815681175053e-11
27,3,5,82944,4.349975175340332e-09,-1.6498009057081637e-10
27,3,6,82944,2.843895052203136e-09,1.6793718209672008e-11
27,4,0,82944,1.7470930344881287e-07,0.0
27,4,1,82944,2.3481985242273257e-08,-1.9793484860516432e-11
27,4,2,82944,8.926785675554299e-09,2.1950496107989487e-11
27,4,3,82944,4.602796663881764e-09,1.543576267967792e-10
27,4,4,82944,2.36564706720633e-09,-3.4972984503486906e-11
27,4,5,82944,1.4351326836411642e-09,-1.3686390134035688e-10
27,4,6,82944,9.399965819439877e-10,9.480069122936857e-11
27,5,0,82944,1.747128449448154e-07,0.0
27,5,1,82944,1.4620675585215933e-08,1.544300186057101e-11
27,5,2,82944,4.340322137072086e-09,1.6275292459291674e-10
27,5,3,82944,1.8337863382378492e-09,9.772168443786059e-11
27,5,4,82944,7.395084755813169e-10,-1.1712261683806684e-11
27,5,5,82944,4.052832059387726e-10,-9.372252574660251e-11
27,5,6,82944,2.575377316345884e-10,-1.486927383643472e-10
27,6,0,82944,1.749723715473579e-07,0.0
27,6,1,82944,9.072160523258243e-09,-9.160866001941365e-11
27,6,2,82944,2.189953479792035e-09,2.5595774326838383e-10
27,6,3,82944,5.749390654555307e-10,5.586698913973898e-11
27,6,4,82944,3.821149195666312e-10,1.3886189507660847e-10
27,6,5,82944,2.12770807025465e-10,1.264585846023387e-10
27,6,6,82944,2.76481191135037e-10,1.0140828085570445e-10
27,7,0,82944,1.743662536017311e-07,0.0
27,7,1,82944,5.683381549676544e-09,-5.417614378616653e-13
27,7,2,82944,1.0490670649045395e-09,-1.5411355698741254e-10
27,7,3,82944,2.8336323760499056e-10,6.339997806439125e-11
27,7,4,82944,3.220133321240714e-10,-4.713676154926884e-11
27,7,5,82944,2.028667526393015e-10,1.3558988124064335e-10
27,7,6,82944,1.9555062006609014e-10,2.7411582732879507e-11
27,8,0,82944,1.7481793444722275e-07,0.0
27,8,1,82944,3.3470120718578984e-09,-1.1538164053330974e-10
27,8,2,82944,5.623903268125579e-10,-1.6259698213408925e-10
27,8,3,82944,3.140054494439799e-10,1.1451641073720407e-10
27,8,4,82944,-1.5636494580726782e-11,-2.6273977484802913e-10
27,8,5,82944,7.15842518198115e-11,-6.01985670767223e-11
27,8,6,82944,1.9365114684242622e-10,8.334990431113207e-11
28,1,0,82944,1.767307678151646e-07,0.0
28,1,1,82944,1.0235041330116459e-07,-3.883842215192549e-10
28,1,2,82944,7.458130006386083e-08,-7.761070652562727e-10
28,1,3,82944,5.7994589061218064e-08,-1.080270471526039e-09
28,1,4,82944,4.528705472181687e-08,-1.0714531794912665e-09
28,1,5,82944,3.5128951025409206e-08,-9.92438102717209e-10
28,1,6,82944,2.675678335872409e-08,-9.693811946820624e-10
28,2,0,82944,1.754533322966447e-07,0.0
28,2,1,82944,6.242662122976205e-08,-1.7932977180946103e-10
28,2,2,82944,3.6262121286114766e-08,-2.600194488111439e-10
28,2,3,82944,2.436761711676943e-08,7.569702001175398e-12
28,2,4,82944,1.663031053417792e-08,7.933162238221001e-11
28,2,5,82944,1.1523427661267457e-08,1.8280251491528716e-10
28,2,6,82944,8.072859389717525e-09,5.8091443375747145e-11
28,3,0,82944,1.753864182583623e-07,0.0
28,3,1,82944,3.849926510850911e-08,1.523481441943859e-10
28,3,2,82944,1.765746783037239e-08,2.829424431027246e-10
28,3,3,82944,1.0182898594104542e-08,2.798911013769675e-10
28,3,4,82944,6.1984017672309664e-09,2.809631503302115e-10
28,3,5,82944,4.040084062161543e-09,3.5096555604647284e-10
28,3,6,82944,2.5636186991595215e-09,1.5354376818750137e-10
28,4,0,82944,1.744474903111293e-07,0.0
28,4,1,82944,2.35318120535441e-08,1.475220207471883e-10
28,4,2,82944,8.72000892150713e-09,-7.383598886521027e-11
28,4,3,82944,4.5270537698533955e-09,-5.3349905513313035e-11
28,4,4,82944,2.4197962205103597e-09,-1.2056686268298934e-12
28,4,5,82944,1.3037199979547386e-09,1.5227217714626085e-10
28,4,6,82944,8.550486305793111e-10,6.339425122765858e-11
28,5,0,82944,1.7534693973203772e-07,0.0
28,5,1,82944,1.4648411094097691e-08,2.0664863960134898e-10
28,5,2,82944,4.244430468988396e-09,7.836058310946343e-11
28,5,3,82944,2.0660455589610727e-09,-6.277971044330026e-11
28,5,4,82944,1.0286919511969788e-09,5.705478795917934e-12
28,5,5,82944,5.476546386926972e-10,2.7982251471120596e-11
28,5,6,82944,2.950366030439618e-10,3.9439461793909496e-11
28,6,0,82944,1.7488104112169696e-07,0.0
28,6,1,82944,9.039632434804353e-09,1.4688693114713965e-10
28,6,2,82944,2.255715537379063e-09,-1.2487968269734463e-10
28,6,3,82944,6.183009658814275e-10,7.652827369605059e-11
28,6,4,82944,2.8052402355626757e-10,2.132007220001879e-10
28,6,5,82944,7.163032684694587e-11,4.410561142216545e-11
28,6,6,82944,-9.17390057544259e-12,7.68412102923316e-11
28,7,0,82944,1.748454727973986e-07,0.0
28,7,1,82944,5.833454706822495e-09,7.769267477780144e-11
28,7,2,82944,9.246926094109684e-10,-2.1220905272137566e-10
28,7,3,82944,2.633530904468415e-10,1.9683312702526466e-10
28,7,4,82944,1.2018773529606104e-10,2.199606023322044e-11
28,7,5,82944,7.825609423537515e-11,-1.0349203360158814e-10
28,7,6,82944,1.3208091452061318e-10,-9.115056674892829e-11
28,8,0,82944,1.7410748114287327e-07,0.0
28,8,1,82944,3.649955123514411e-09,3.391893857539007e-11
28,8,2,82944,3.8040262549488144e-10,-7.989280026875422e-11
28,8,3,82944,9.901863226862177e-11,-4.869163584343077e-11
28,8,4,82944,-3.7953403905802296e-11,5.146678351881274e-11
28,8,5,82944,1.2091114301100214e-10,5.428795382007451e-11
28,8,6,82944,1.6779785662901542e-10,6.727208353295708e-12
29,1,0,82944,1.7664845769508177e-07,0.0
29,1,1,82944,1.0274593779461954e-07,-1.6943922248481962e-10
29,1,2,82944,7.562116728277019e-08,-2.3688385411881475e-10
29,1,3,82944,5.9231012325227604e-08,-1.8176442743911046e-10
29,1,4,82944,4.647920557550642e-08,-2.435488072722743e-10
29,1,5,82944,3.617993728333419e-08,-2.8799939050258285e-10
29,1,6,82944,2.7582068385501933e-08,-2.0678046401048825e-10
29,2,0,82944,1.7534208816539338e-07,0.0
29,2,1,82944,6.257263937879578e-08,-1.0898272598751502e-10
29,2,2,82944,3.667078006362377e-08,-2.6884500137180854e-10
29,2,3,82944,2.5039015504081617e-08,-7.624009891760432e-11
29,2,4,82944,1.777116796310194e-08,-1.1951557792489646e-10
29,2,5,82944,1.2676473718596856e-08,2.4208640156151912e-11
29,2,6,82944,8.91647752859046e-09,-5.468907621801276e-11
29,3,0,82944,1.7533985053877399e-07,0.0
29,3,1,82944,3.848925532757716e-08,-2.371955673667736e-10
29,3,2,82944,1.8012252632388423e-08,-2.0102772070746538e-10
29,3,3,82944,1.0777010002098355e-08,1.1746695742333034e-10
29,3,4,82944,6.807083200495463e-09,7.15918538220511e-11
29,3,5,82944,4.3222862657602565e-09,-3.2905986601067308e-12
29,3,6,82944,3.004144314825345e-09,-9.237715203770959e-11
29,4,0,82944,1.7484425945448123e-07,0.0
29,4,1,82944,2.3938828355644685e-08,-1.266578124878162e-10
29,4,2,82944,9.124819569013557e-09,-2.2643725173385822e-10
29,4,3,82944,4.752172802974149e-09,-2.6817514338170932e-11
29,4,4,82944,2.641885144998038e-09,-1.1022705507683264e-10
29,4,5,82944,1.493068580979172e-09,-1.3918195986922502e-11
29,4,6,82944,8.525636458736958e-10,-1.2629394035343343e-10
29,5,0,82944,1.7429595117886948e-07,0.0
29,5,1,82944,1.4567887554162704e-08,1.4291403935685625e-10
29,5,2,82944,4.4873807180963755e-09,-2.0007880117369174e-10
29,5,3,82944,1.937161520922592e-09,9.111904300264478e-11
29,5,4,82944,1.2824700506375427e-09,-1.4090572078996967e-12
29,5,5,82944,5.427770170890164e-10,1.78458954304577e-10
29,5,6,82944,3.3276782931015565e-10,-2.1911963402158917e-11
29,6,0,82944,1.7512132777130586e-07,0.0
29,6,1,82944,9.082764924441467e-09,3.7275754614538183e-10
29,6,2,82944,2.3555113009409492e-09,-3.615784673149982e-11
29,6,3,82944,7.737659086208655e-10,1.1357689875869386e-10
29,6,4,82944,4.197600631059408e-10,1.1529034827578155e-10
29,6,5,82944,2.378300537943588e-10,2.1431805368454107e-10
29,6,6,82944,7.737034152612187e-11,1.0043506367746047e-11
29,7,0,82944,1.745762916462771e-07,0.0
29,7,1,82944,5.697642238046248e-09,2.974650280950947e-10
29,7,2,82944,1.17725738991867e-09,5.8356955727679e-11
29,7,3,82944,3.5792254370525793e-10,4.4256314498135463e-11
29,7,4,82944,1.9914509653601034e-10,4.335502493433654e-11
29,7,5,82944,-1.0852199745510812e-10,7.905177617213324e-11
29,7,6,82944,-5.372261196671808e-11,1.2738066493865915e-10
29,8,0,82944,1.7403031306300353e-07,0.0
29,8,1,82944,3.550037428060249e-09,3.088594517049017e-10
29,8,2,82944,6.638891526988498e-10,1.566550058794e-10
29,8,3,82944,9.815346476616803e-11,2.0933732782706642e-10
29,8,4,82944,1.9583756432234365e-11,-1.3541766444160746e-10
29,8,5,82944,5.860326626931134e-11,2.201769267950188e-10
29,8,6,82944,-2.179394800576724e-10,-4.4603277496160837e-11
30,1,0,82944,1.7852845702207538e-07,0.0
30,1,1,82944,1.0345371082397127e-07,-1.3580347959821475e-10
30,1,2,82944,7.589037720818937e-08,-1.611004613749886e-10
30,1,3,82944,5.94028054597245e-08,-2.0357196957130081e-10
30,1,4,82944,4.6725202064735824e-08,-1.4085487967630275e-10
30,1,5,82944,3.6438455130068356e-08,-1.4499672685452633e-10
30,1,6,82944,2.7832353757109518e-08,-2.3336304871002026e-10
30,2,0,82944,1.7573193775888007e-07,0.0
30,2,1,82944,6.256897998595248e-08,-8.581273862387987e-11
30,2,2,82944,3.649934701141557e-08,5.111623296655815e-11
30,2,3,82944,2.521218121038817e-08,-8.801856286659284e-12
30,2,4,82944,1.7957415840469802e-08,3.1106026957645435e-11
30,2,5,82944,1.2950209191579317e-08,3.155483317223532e-12
30,2,6,82944,9.156302906554204e-09,-2.581265086299232e-12
30,3,0,82944,1.7436563439867e-07,0.0
30,3,1,82944,3.821231125085633e-08,3.491240286406225e-11
30,3,2,82944,1.7749072814508112e-08,1.0112802706881528e-10
30,3,3,82944,1.0618241273989327e-08,-2.822878175099823e-11
30,3,4,82944,6.665744727942596e-09,-7.541348233838834e-11
30,3,5,82944,4.244082719086947e-09,3.3007224761132455e-11
30,3,6,82944,2.6849758836481074e-09,1.4741795357131072e-10
30,4,0,82944,1.7350107911154107e-07,0.0
30,4,1,82944,2.3897797926099537e-08,-1.6028233494173898e-10
30,4,2,82944,8.94842184580425e-09,1.4982506626172873e-10
30,4,3,82944,4.457788096822969e-09,-1.2496981065524152e-10
30,4,4,82944,2.355290163536681e-09,-3.702650651503778e-10
30,4,5,82944,1.440599168048063e-09,-1.9051246474410459e-10
30,4,6,82944,7.057188431704467e-10,-7.720928697721104e-11
30,5,0,82944,1.7335057418656842e-07,0.0
30,5,1,82944,1.4633784051888553e-08,-1.0290578033309728e-11
30,5,2,82944,4.474905447325179e-09,-3.2766330308302804e-11
30,5,3,82944,1.8423095666012056e-09,-1.3812902296983474e-10
30,5,4,82944,8.979378449214767e-10,1.267236693486428e-10
30,5,5,82944,3.7070199989207215e-10,-3.319546138274744e-11
30,5,6,82944,3.2999371872391715e-10,-6.312874920080374e-11
30,6,0,82944,1.740909713666611e-07,0.0
30,6,1,82944,8.8405005258879e-09,6.862073824988527e-11
30,6,2,82944,2.1472781354894723e-09,-1.1865077018072961e-11
30,6,3,82944,8.87844264331121e-10,-1.0075025073295937e-10
30,6,4,82944,8.10229551615071e-11,-9.31140777364836e-11
30,6,5,82944,8.417878978511247e-11,-7.229957933230994e-11
30,6,6,82944,1.4986178621805566e-10,2.230811952018987e-11
30,7,0,82944,1.7386243360514885e-07,0.0
30,7,1,82944,5.567348180330858e-09,-1.5233759904330624e-11
30,7,2,82944,9.898694779292257e-10,3.934207634255721e-10
30,7,3,82944,4.6132303900394076e-10,4.754914508139267e-10
30,7,4,82944,7.41498629043331e-11,1.9209564211259243e-10
30,7,5,82944,4.900177031011231e-12,-2.517970623199076e-10
30,7,6,82944,8.170010283188366e-11,1.667500853166482e-11
30,8,0,82944,1.741385377356287e-07,0.0
30,8,1,82944,3.782892383361124e-09,6.112688632966225e-11
30,8,2,82944,4.968737626778058e-10,6.238103464268556e-11
30,8,3,82944,1.2950211111667833e-10,1.0737857631153884e-10
30,8,4,82944,-1.3733119953312934e-10,5.5919346971470997e-11
30,8,5,82944,8.639280932582e-11,-2.5148982858364153e-10
30,8,6,82944,-9.551633596458641e-11,1.0375011395233283e-10
31,1,0,82944,1.7730329424961716e-07,0.0
31,1,1,82944,1.0294362007884362e-07,-2.554579270783219e-10
31,1,2,82944,7.59864083863926e-08,-4.5098486198114954e-10
31,1,3,82944,5.960276859234547e-08,-4.67497709069373e-10
31,1,4,82944,4.706709057469807e-08,-4.3576953604946636e-10
31,1,5,82944,3.673619491537694e-08,-5.066274167467782e-10
31,1,6,82944,2.808495146735575e-08,-4.816975185155784e-10
31,2,0,82944,1.754566677988676e-07,0.0
31,2,1,82944,6.27551189046292e-08,-2.0308096514325837e-10
31,2,2,82944,3.726416786569666e-08,-2.1543122375268247e-10
31,2,3,82944,2.5333973057310774e-08,-1.7184517857714521e-10
31,2,4,82944,1.80123643970347e-08,-3.582856228907059e-10
31,2,5,82944,1.2785778709284024e-08,-4.1013940998714546e-10
31,2,6,82944,8.968889223403008e-09,-2.935255334105459e-10
31,3,0,82944,1.7456129414106305e-07,0.0
31,3,1,82944,3.886328243102329e-08,-1.634041703145283e-10
31,3,2,82944,1.851816744840194e-08,3.678351309629557e-11
31,3,3,82944,1.1013708140121211e-08,6.2093335414102764e-12
31,3,4,82944,7.1049874516842984e-09,1.2918613386602197e-10
31,3,5,82944,4.429650951742146e-09,-7.637200043502568e-13
31,3,6,82944,3.0529652978238522e-09,1.4219603002147294e-10
31,4,0,82944,1.741698303815284e-07,0.0
31,4,1,82944,2.368757265738116e-08,1.6148417349488651e-10
31,4,2,82944,9.066708627355828e-09,1.2712450716123014e-10
31,4,3,82944,4.843826517953017e-09,-8.604807575637545e-11
31,4,4,82944,2.862639358300465e-09,1.8610325755894216e-12
31,4,5,82944,1.5840821820388105e-09,1.9044480620849748e-10
31,4,6,82944,1.0096466373053343e-09,2.36934922175282e-10
31,5,0,82944,1.7468354211047997e-07,0.0
31,5,1,82944,1.4464638940412342e-08,-1.897359780817441e-10
31,5,2,82944,4.4731032315610535e-09,-3.4851737014626946e-11
31,5,3,82944,2.109138955292868e-09,1.1373618804089471e-11
31,5,4,82944,1.0719229310521946e-09,-9.779059439221424e-11
31,5,5,82944,4.492189065192851e-10,-2.331225913096891e-10
31,5,6,82944,1.9504447268987874e-10,8.21586132762991e-12
31,6,0,82944,1.7391659271641712e-07,0.0
31,6,1,82944,8.982221065777402e-09,4.627337621534949e-11
31,6,2,82944,2.1296627552619253e-09,9.807833103739422e-11
31,6,3,82944,8.602661757415601e-10,-1.0932887900857098e-11
31,6,4,82944,5.202801205869358e-10,-1.6026967367577114e-10
31,6,5,82944,1.4834925399751764e-10,-7.597622417062897e-11
31,6,6,82944,1.466269354629749e-10,9.888232269010165e-11
31,7,0,82944,1.7473095211592767e-07,0.0
31,7,1,82944,5.735405919079963e-09,-3.971817444487212e-11
31,7,2,82944,9.626454697070348e-10,-4.710796383738876e-11
31,7,3,82944,3.282039837923723e-10,-1.8712314374784544e-10
31,7,4,82944,1.6328061738617316e-10,-2.1085448880044979e-10
31,7,5,82944,1.7314001191884856e-10,-6.506447084621584e-11
31,7,6,82944,1.477223915644852e-11,9.586376748068087e-12
31,8,0,82944,1.7461135421151346e-07,0.0
31,8,1,82944,3.6931574228725697e-09,2.353986738785355e-10
31,8,2,82944,5.386320198048514e-10,-2.234267354570976e-10
31,8,3,82944,1.7896655415888877e-10,-6.735782765924057e-11
31,8,4,82944,1.3732047751435784e-10,-2.1807171966842662e-11
31,8,5,82944,-1.0179564387528035e-11,-1.891747200020931e-10
31,8,6,82944,-6.505728334225643e-11,-1.0260164658416558e-10
32,1,0,82944,1.7629813101868e-07,0.0
32,1,1,82944,1.0238146457427844e-07,-3.0402786051941583e-10
32,1,2,82944,7.534491005785197e-08,-4.069148812625172e-10
32,1,3,82944,5.914130396312691e-08,-5.660010068609477e-10
32,1,4,82944,4.643107826186872e-08,-6.264342277676155e-10
32,1,5,82944,3.6163613254301854e-08,-5.483127504034237e-10
32,1,6,82944,2.74737272398339e-08,-4.480969654624155e-10
32,2,0,82944,1.7595644040288164e-07,0.0
32,2,1,82944,6.279845192744407e-08,-9.383847469949512e-11
32,2,2,82944,3.70201460038509e-08,2.1807929424244266e-10
32,2,3,82944,2.527021591083455e-08,3.085293243154048e-10
32,2,4,82944,1.8001174047031388e-08,4.727480274013104e-10
32,2,5,82944,1.2880753821426773e-08,4.3520230555387687e-10
32,2,6,82944,8.988426759869913e-09,3.3262073479789765e-10
32,3,0,82944,1.746745337861324e-07,0.0
32,3,1,82944,3.855338676352268e-08,6.895045800616909e-11
32,3,2,82944,1.7967976814283766e-08,2.2391659694060074e-10
32,3,3,82944,1.0731089354463389e-08,3.5854571290769907e-10
32,3,4,82944,7.00331097751287e-09,2.6422724200887903e-10
32,3,5,82944,4.550962379822933e-09,1.9884101926904696e-10
32,3,6,82944,2.9449494242245017e-09,2.736748391064604e-10
32,4,0,82944,1.7373336031009735e-07,0.0
32,4,1,82944,2.3735926764949093e-08,-8.844999517142121e-11
32,4,2,82944,8.73668079118572e-09,2.079603186234505e-10
32,4,3,82944,4.445711087252041e-09,1.6009098666273196e-10
32,4,4,82944,2.6788206056763882e-09,1.5050398787292962e-10
32,4,5,82944,1.3941494649997067e-09,5.6086838886909025e-11
32,4,6,82944,8.420873077404249e-10,1.6989310563157232e-10
32,5,0,82944,1.7440303803086994e-07,0.0
32,5,1,82944,1.4736761333243274e-08,-1.73874349658666e-10
32,5,2,82944,3.7368802602640554e-09,2.0742083358225145e-10
32,5,3,82944,1.8837092900844893e-09,-7.493704811566358e-11
32,5,4,82944,1.0013537108204106e-09,3.864508989249785e-11
32,5,5,82944,5.231506748455052e-10,2.6521320916134555e-10
32,5,6,82944,1.5979795022079392e-10,3.4293808339343674e-12
32,6,0,82944,1.7367558143834528e-07,0.0
32,6,1,82944,9.350472653775603e-09,-1.7886667536200262e-11
32,6,2,82944,2.1617445979192394e-09,8.773474830390929e-11
32,6,3,82944,6.965345569981169e-10,-2.2667147772947862e-11
32,6,4,82944,3.807906508195697e-10,1.2884464676710615e-10
32,6,5,82944,2.097675327331437e-10,-7.755669372889577e-11
32,6,6,82944,1.4470326184217806e-11,-5.0614964716175633e-11
32,7,0,82944,1.7415045821586325e-07,0.0
32,7,1,82944,5.772207761455371e-09,-5.800664266109493e-11
32,7,2,82944,9.415127534613878e-10,2.2354889818553244e-10
32,7,3,82944,2.7547475871323307e-10,1.6446196683230627e-10
32,7,4,82944,-1.6782061444312308e-11,9.512363983787764e-11
32,7,5,82944,-5.0511323018318254e-11,-4.254197312238638e-11
32,7,6,82944,1.1606540684080292e-10,-1.275236142651709e-10
32,8,0,82944,1.7450865423738395e-07,0.0
32,8,1,82944,3.620943756483453e-09,-2.7036450738571924e-11
32,8,2,82944,6.117304569571916e-10,1.855425541532859e-10
32,8,3,82944,6.53293336439138e-11,3.1738502544098724e-10
32,8,4,82944,-6.37940845466976e-11,-2.735633458603215e-11
32,8,5,82944,3.450520261086269e-11,-1.233877989955735e-10
32,8,6,82944,1.0302679889128613e-10,7.142193745952002e-11
33,1,0,82944,1.7701377997166576e-07,0.0
33,1,1,82944,1.0256229086563261e-07,-7.950761632959646e-11
33,1,2,82944,7.522243457337972e-08,4.359241966020028e-11
33,1,3,82944,5.9062666064831674e-08,1.4340955203661307e-12
33,1,4,82944,4.672448557262113e-08,-9.534865092256173e-11
33,1,5,82944,3.644602723462161e-08,-1.1606104911556649e-10
33,1,6,82944,2.8071159760368594e-08,-2.2160050057206637e-10
33,2,0,82944,1.7593103130353925e-07,0.0
33,2,1,82944,6.229795185377847e-08,1.632744586723267e-10
33,2,2,82944,3.6235170727323926e-08,1.6933958859465743e-10
33,2,3,82944,2.4660226878347454e-08,1.9069112320103077e-11
33,2,4,82944,1.7656457456710334e-08,2.0338515895883614e-10
33,2,5,82944,1.2672785824477113e-08,1.6243286816197437e-10
33,2,6,82944,8.966111317278808e-09,1.7416277816374972e-10
33,3,0,82944,1.755092657054874e-07,0.0
33,3,1,82944,3.870270359617543e-08,1.5467348973021404e-10
33,3,2,82944,1.792002179561482e-08,1.5086936733812537e-10
33,3,3,82944,1.069966840943122e-08,-2.7877927380592946e-12
33,3,4,82944,7.0079706573249444e-09,1.0783750916484469e-10
33,3,5,82944,4.493775620695404e-09,-6.814653724699081e-11
33,3,6,82944,2.879104993014533e-09,-2.2128675256154718e-10
33,4,0,82944,1.733865529613859e-07,0.0
33,4,1,82944,2.3659853655785396e-08,-8.807453666186136e-12
33,4,2,82944,8.900451969894405e-09,1.579022015833299e-10
33,4,3,82944,4.571249831728797e-09,9.456759701122881e-11
33,4,4,82944,2.60004234508892e-09,1.4209784720317193e-10
33,4,5,82944,1.6760553177649075e-09,1.3539516586900968e-10
33,4,6,82944,8.064564077786453e-10,-3.005406022680455e-11
33,5,0,82944,1.738672462836985e-07,0.0
33,5,1,82944,1.4577385752555695e-08,-3.335020130470917e-10
33,5,2,82944,4.29121851705512e-09,1.9896502074675615e-10
33,5,3,82944,1.922749143949257e-09,4.47037362486874e-10
33,5,4,82944,1.0341546880287544e-09,1.6838643293112452e-10
33,5,5,82944,5.912171507094767e-10,2.9315933069238804e-11
33,5,6,82944,2.2223003292928596e-10,5.534115311054778e-11
33,6,0,82944,1.73801109979086e-07,0.0
33,6,1,82944,8.849845645522175e-09,-1.7969842417199017e-11
33,6,2,82944,2.2580744365271535e-09,3.1869569791249315e-12
33,6,3,82944,7.942286968969552e-10,-7.747004367374665e-11
33,6,4,82944,5.992891588220469e-10,1.9617682462793435e-11
33,6,5,82944,3.5893705930960506e-10,-5.4827749520309717e-11
33,6,6,82944,-3.2310848932893785e-11,-6.635898437590433e-11
33,7,0,82944,1.7430367492944156e-07,0.0
33,7,1,82944,5.3529613863653215e-09,-4.0171647602066205e-12
33,7,2,82944,1.0843322728012243e-09,-1.6144723807766674e-10
33,7,3,82944,1.3284816836032728e-10,-1.3988119788137886e-10
33,7,4,82944,2.780109887837556e-10,1.227929524188874e-11
33,7,5,82944,1.495302781041206e-10,2.3689381165187253e-11
33,7,6,82944,-1.122410993451395e-10,-2.442851043324157e-11
33,8,0,82944,1.7418617699741274e-07,0.0
33,8,1,82944,3.303654133114939e-09,-2.145420481720853e-10
33,8,2,82944,8.059700740070768e-10,8.185132429453582e-13
33,8,3,82944,1.1431876086141562e-10,1.5359647105825603e-10
33,8,4,82944,-2.624176433587596e-11,-1.3758604340141246e-11
33,8,5,82944,-1.3863651908860847e-11,2.210027607720179e-10
33,8,6,82944,-6.936730613729904e-11,-5.803166160680512e-11
34,1,0,82944,1.7667411886459204e-07,0.0
34,1,1,82944,1.0272231328031123e-07,2.9212556534170986e-10
34,1,2,82944,7.517047657699794e-08,3.798104019764381e-10
34,1,3,82944,5.867931535800334e-08,4.609495008213044e-10
34,1,4,82944,4.588085077725473e-08,3.613159795270057e-10
34,1,5,82944,3.555673702924941e-08,3.1596404025745626e-10
34,1,6,82944,2.7123389074623747e-08,2.587687508417531e-10
34,2,0,82944,1.7432733390166547e-07,0.0
34,2,1,82944,6.231512308510245e-08,2.9871738243252794e-11
34,2,2,82944,3.606643322193966e-08,-2.6201905426619957e-11
34,2,3,82944,2.4267383874564487e-08,1.1044734536753532e-10
34,2,4,82944,1.707688560117229e-08,-1.6381319880165426e-10
34,2,5,82944,1.1990746527700709e-08,-9.63823988370711e-11
34,2,6,82944,8.3777953111654e-09,-1.2881114815040978e-10
34,3,0,82944,1.7393306419209404e-07,0.0
34,3,1,82944,3.816216179371434e-08,6.191565778723515e-11
34,3,2,82944,1.7489147388398414e-08,2.7880513104542995e-12
34,3,3,82944,1.00572659743569e-08,4.3742419751639444e-11
34,3,4,82944,6.430251291067673e-09,1.0293293402455138e-10
34,3,5,82944,4.051144747555301e-09,7.51032797036203e-11
34,3,6,82944,2.4717153743335364e-09,1.4030228520727977e-10
34,4,0,82944,1.741589224292688e-07,0.0
34,4,1,82944,2.3541918847571773e-08,2.2970056816571014e-10
34,4,2,82944,8.63582064993537e-09,-2.0422384173926258e-11
34,4,3,82944,4.257403722019104e-09,2.303193363108928e-10
34,4,4,82944,2.4357203940489306e-09,2.4840153127604783e-10
34,4,5,82944,1.4549599827243518e-09,1.2110516618096416e-10
34,4,6,82944,7.410695887726945e-10,1.3181779983870496e-10
34,5,0,82944,1.7392958846714442e-07,0.0
34,5,1,82944,1.4418709016870016e-08,2.5553705321468186e-10
34,5,2,82944,4.179345329053063e-09,-3.4779068686614244e-11
34,5,3,82944,1.9035692282648426e-09,3.872281621577858e-10
34,5,4,82944,1.0836039818048134e-09,1.504402257289776e-10
34,5,5,82944,6.401852974535718e-10,6.263375602855085e-11
34,5,6,82944,1.6361256548783415e-10,2.4506688977247954e-10
34,6,0,82944,1.7494295176571637e-07,0.0
34,6,1,82944,9.012219340096775e-09,2.252070940293304e-10
34,6,2,82944,2.051964630478009e-09,2.2601770221131558e-10
34,6,3,82944,5.759076462520098e-10,-7.047722231261776e-11
34,6,4,82944,3.3728189986012545e-10,1.8213169254236948e-11
34,6,5,82944,2.416793280904973e-10,-7.143150140976303e-11
34,6,6,82944,1.1791917980742947e-10,-7.387258826606097e-11
34,7,0,82944,1.7418269075746856e-07,0.0
34,7,1,82944,5.668965892587598e-09,1.0019041544948053e-10
34,7,2,82944,1.1448220845474642e-09,4.734262187282115e-11
34,7,3,82944,-2.6200077636600335e-11,2.713709027897249e-10
34,7,4,82944,6.606902532387166e-11,6.985644617831811e-11
34,7,5,82944,5.456440848936765e-11,-8.841633304429942e-11
34,7,6,82944,-1.7816317266684299e-12,-8.68707036994886e-11
34,8,0,82944,1.7483976548046307e-07,0.0
34,8,1,82944,3.398329384853821e-09,-4.5236706136463393e-11
34,8,2,82944,4.955365674245803e-10,-6.465422261072025e-11
34,8,3,82944,1.5813019246404383e-10,1.2409012969662393e-10
34,8,4,82944,-2.9895734345724603e-11,-1.4822807665688363e-10
34,8,5,82944,-1.2287586853810912e-10,3.890175331900978e-12
34,8,6,82944,1.5787778119343475e-11,1.089248394286535e-10
35,1,0,82944,1.7654243332662372e-07,0.0
35,1,1,82944,1.0243501941258778e-07,2.051226346642584e-11
35,1,2,82944,7.524239227408262e-08,-1.4150367341671706e-11
35,1,3,82944,5.897343278563473e-08,1.519137940895701e-10
35,1,4,82944,4.651863809404509e-08,2.072311353514642e-10
35,1,5,82944,3.629228037105099e-08,3.507453754717877e-10
35,1,6,82944,2.779136529653242e-08,3.416786261314459e-10
35,2,0,82944,1.7569614986659464e-07,0.0
35,2,1,82944,6.226054296976344e-08,1.784166807000675e-10
35,2,2,82944,3.639872102230305e-08,1.8003873294611504e-10
35,2,3,82944,2.453280273958857e-08,-2.7011486878653064e-11
35,2,4,82944,1.7208243847182868e-08,2.5099984626797744e-12
35,2,5,82944,1.2096902689251654e-08,-1.8992418219327848e-10
35,2,6,82944,8.221983953724129e-09,-1.7495108077192425e-10
35,3,0,82944,1.743632227899943e-07,0.0
35,3,1,82944,3.810699984497153e-08,1.2417351954240527e-10
35,3,2,82944,1.7914038782621207e-08,-1.5327229024783776e-10
35,3,3,82944,1.0380452253644107e-08,-2.5565617139513395e-11
35,3,4,82944,6.58538729611551e-09,4.330701239952584e-11
35,3,5,82944,4.37301713236917e-09,-4.794431851174588e-12
35,3,6,82944,2.8615178068312516e-09,-1.4088611385381484e-10
35,4,0,82944,1.7492262096856657e-07,0.0
35,4,1,82944,2.3880676965047983e-08,1.6273955332860512e-10
35,4,2,82944,8.864067929383619e-09,-1.2144250580260292e-10
35,4,3,82944,4.517745068650838e-09,5.922035165725459e-11
35,4,4,82944,2.2776637666636516e-09,-2.122979436016696e-11
35,4,5,82944,1.3996689924696299e-09,1.4382206282025943e-10
35,4,6,82944,8.265450542982423e-10,6.265459025817798e-12
35,5,0,82944,1.747337683604693e-07,0.0
35,5,1,82944,1.4666444247865828e-08,7.266902954207945e-11
35,5,2,82944,4.6784830636725344e-09,-3.579128771116329e-11
35,5,3,82944,2.1497808909784683e-09,9.963775327157419e-11
35,5,4,82944,8.277501689297205e-10,7.921854866268651e-11
35,5,5,82944,7.167706472702411e-10,1.6081272110501443e-10
35,5,6,82944,3.2790477048363557e-10,1.0829605923655302e-10
35,6,0,82944,1.7431401430684995e-07,0.0
35,6,1,82944,9.067989029409434e-09,3.2709215612669303e-10
35,6,2,82944,2.3049161718515913e-09,1.9601949144151614e-10
35,6,3,82944,8.173267941616393e-10,1.342959488099683e-10
35,6,4,82944,2.9221803344842365e-10,1.941047052014054e-11
35,6,5,82944,2.7949810672601073e-10,-1.6426637449248553e-11
35,6,6,82944,2.66709054836998e-10,-9.29397513516521e-11
35,7,0,82944,1.7485452970059326e-07,0.0
35,7,1,82944,5.425367042945338e-09,1.6479474390700846e-10
35,7,2,82944,1.3318410250762031e-09,6.02741104386138e-11
35,7,3,82944,2.7861759609045783e-10,2.085520987286467e-10
35,7,4,82944,3.5036835537455846e-10,2.599421457048131e-10
35,7,5,82944,5.534033751032102e-11,-1.9136914420591637e-11
35,7,6,82944,2.6727466340795954e-10,-5.748915124316301e-11
35,8,0,82944,1.7492076469096525e-07,0.0
35,8,1,82944,3.593680953664191e-09,9.246835155562002e-11
35,8,2,82944,6.657538276302355e-10,1.1080969172513187e-10
35,8,3,82944,-1.0936868844986152e-10,-1.2514428566590483e-10
35,8,4,82944,1.9412437671002252e-10,-1.0391654324139424e-11
35,8,5,82944,5.529029049035032e-12,-1.2345964109470587e-10
35,8,6,82944,1.7037717786264883e-10,-6.605020743654614e-11
36,1,0,82944,1.7828091712803355e-07,0.0
36,1,1,82944,1.0362856919066572e-07,9.53911100069983e-11
36,1,2,82944,7.629096221741607e-08,1.9097788470139497e-10
36,1,3,82944,5.976452245619571e-08,3.939603901796425e-10
36,1,4,82944,4.702179606554575e-08,4.648605652931757e-10
36,1,5,82944,3.663747849802923e-08,2.897733542218899e-10
36,1,6,82944,2.8116263632855154e-08,2.93928062383644e-10
36,2,0,82944,1.7672296119487126e-07,0.0
36,2,1,82944,6.300620104227337e-08,1.2829660278132363e-10
36,2,2,82944,3.677166532484279e-08,1.5409286138437625e-10
36,2,3,82944,2.5036848473564324e-08,5.09793616373893e-10
36,2,4,82944,1.7540090448891935e-08,2.934190209052245e-10
36,2,5,82944,1.2286050305077715e-08,3.9958236591832865e-10
36,2,6,82944,8.450295669619295e-09,4.195414306020181e-10
36,3,0,82944,1.7549030346068648e-07,0.0
36,3,1,82944,3.851572122802216e-08,-1.6564218914852834e-10
36,3,2,82944,1.809318766411993e-08,9.230253031714564e-11
36,3,3,82944,1.0770819784154963e-08,1.4395350779494745e-10
36,3,4,82944,6.654316085673478e-09,-4.984743562027608e-11
36,3,5,82944,4.141503640158081e-09,9.497159406670715e-11
36,3,6,82944,2.6734383138609788e-09,1.0477366861155059e-10
36,4,0,82944,1.749765762272621e-07,0.0
36,4,1,82944,2.378720906657329e-08,-3.958914537594127e-11
36,4,2,82944,8.698812123502164e-09,-6.790031667749321e-11
36,4,3,82944,4.581129737242397e-09,2.7771194991549597e-10
36,4,4,82944,2.6129101216725596e-09,-8.106694175985254e-11
36,4,5,82944,1.3949026597784943e-09,1.4620288685378405e-10
36,4,6,82944,9.112448785447892e-10,1.0760761835443706e-10
36,5,0,82944,1.7403066500558828e-07,0.0
36,5,1,82944,1.4773240158030831e-08,1.5716282487347484e-10
36,5,2,82944,4.343346350540035e-09,1.626786343218597e-10
36,5,3,82944,2.0003934968593654e-09,2.1338477328849439e-10
36,5,4,82944,1.1076064521709872e-09,-3.134622768867121e-12
36,5,5,82944,7.016247952104587e-10,2.261284894515798e-10
36,5,6,82944,2.3351803340778534e-10,2.209122646898548e-10
36,6,0,82944,1.7312675530618764e-07,0.0
36,6,1,82944,9.226735157827467e-09,9.788631829364974e-11
36,6,2,82944,2.1748961453370415e-09,1.174457412839239e-10
36,6,3,82944,6.173404019443214e-10,-8.426986062722268e-11
36,6,4,82944,3.161593723291856e-10,1.1360107202349911e-10
36,6,5,82944,2.345336110039274e-10,1.716274752648526e-10
36,6,6,82944,7.063362425747255e-11,3.147247927844669e-11
36,7,0,82944,1.7421378507744432e-07,0.0
36,7,1,82944,5.481262653832197e-09,3.1779201559179663e-10
36,7,2,82944,9.227260785652187e-10,2.8382662015254056e-10
36,7,3,82944,1.368588322913913e-10,8.817031377131566e-11
36,7,4,82944,2.3224272799972655e-10,9.569396491911466e-11
36,7,5,82944,1.6350921315195633e-11,-1.5574304545903405e-10
36,7,6,82944,6.269200757260963e-11,-7.360901472511016e-11
36,8,0,82944,1.7432048550857052e-07,0.0
36,8,1,82944,3.3526473645577857e-09,1.219953411570239e-10
36,8,2,82944,5.052023630943094e-10,8.739971896140114e-11
36,8,3,82944,5.5795027458175266e-11,5.874491305300251e-11
36,8,4,82944,2.1589690977982557e-10,-3.892617893194134e-11
36,8,5,82944,1.46233282726448e-10,-1.4191386757412543e-10
36,8,6,82944,-3.4825163569603843e-12,-5.392815886878061e-11
37,1,0,82944,1.7720484061463374e-07,0.0
37,1,1,82944,1.0245353575759587e-07,-8.213948491087632e-11
37,1,2,82944,7.522120791448686e-08,-1.0346618397634753e-10
37,1,3,82944,5.905750847933672e-08,-9.73830013142956e-11
37,1,4,82944,4.6541997615999354e-08,-8.56001528610601e-11
37,1,5,82944,3.6332713479130125e-08,-2.2459180099038087e-10
37,1,6,82944,2.7801030063461076e-08,-2.5359934272106645e-10
37,2,0,82944,1.7616319753345461e-07,0.0
37,2,1,82944,6.312582149094751e-08,8.941805995449404e-12
37,2,2,82944,3.749185082113543e-08,-3.745123653924711e-11
37,2,3,82944,2.5595605691938623e-08,-9.35365986254571e-11
37,2,4,82944,1.8222772999439275e-08,-9.764467924927793e-11
37,2,5,82944,1.3015941480180228e-08,-2.014351218658769e-10
37,2,6,82944,9.142288438599921e-09,-8.802477312910261e-11
37,3,0,82944,1.746888089932933e-07,0.0
37,3,1,82944,3.8592590088063576e-08,-1.2768466786980996e-10
37,3,2,82944,1.838513571069512e-08,1.5098624060017549e-10
37,3,3,82944,1.0737016405263372e-08,1.5297455646546723e-10
37,3,4,82944,7.018885950885508e-09,4.1316690043660226e-12
37,3,5,82944,4.5964102641582e-09,-1.4643506122275534e-10
37,3,6,82944,3.092474722327469e-09,-2.5193960217360977e-11
37,4,0,82944,1.7560436473141143e-07,0.0
37,4,1,82944,2.401273392830778e-08,1.8716013496917693e-10
37,4,2,82944,9.469741679990126e-09,1.8066283473633118e-10
37,4,3,82944,5.000382491955233e-09,-5.490284839285723e-11
37,4,4,82944,2.731691625477887e-09,-4.86589183564569e-11
37,4,5,82944,1.4762299405395066e-09,1.2393811678678376e-10
37,4,6,82944,9.245278432105868e-10,9.969143144940079e-11
37,5,0,82944,1.7465681904530867e-07,0.0
37,5,1,82944,1.458880010661227e-08,8.70849435022173e-11
37,5,2,82944,4.5670134794940725e-09,9.087695180241373e-11
37,5,3,82944,2.0481020135705773e-09,-2.4125798507431646e-10
37,5,4,82944,1.0879475948639535e-09,-3.679642418031898e-11
37,5,5,82944,4.936483053136649e-10,1.0718854695779642e-10
37,5,6,82944,3.139076758341107e-10,-1.6200400932831062e-11
37,6,0,82944,1.7461985528210336e-07,0.0
37,6,1,82944,9.08046988680549e-09,-1.6116570378995922e-10
37,6,2,82944,2.314089745553158e-09,2.415259287404181e-10
37,6,3,82944,8.534339266114985e-10,-3.3579911849901334e-11
37,6,4,82944,4.99453465998309e-10,-1.7217374124172859e-10
37,6,5,82944,2.9466898665529165e-10,2.5076486648830247e-10
37,6,6,82944,9.025840435551526e-11,-6.603016761890202e-12
37,7,0,82944,1.7446461068398862e-07,0.0
37,7,1,82944,5.744932959400979e-09,-1.308847337388954e-10
37,7,2,82944,1.3063226609988925e-09,1.8335566506873406e-10
37,7,3,82944,1.3165521665183121e-10,-1.6339264434509625e-10
37,7,4,82944,2.784422298037318e-10,-8.583881782761638e-11
37,7,5,82944,1.8171654117990186e-10,2.7104836697778023e-10
37,7,6,82944,-1.3213758365691272e-11,-2.320289371294853e-12
37,8,0,82944,1.7436781876668668e-07,0.0
37,8,1,82944,3.5064456928066905e-09,-4.79256011279893e-11
37,8,2,82944,8.556682929636798e-10,2.2645917749209995e-10
37,8,3,82944,-1.7262733082793673e-10,-1.0196288483569913e-10
37,8,4,82944,1.2735525953192756e-10,5.4370728155417727e-11
37,8,5,82944,-6.638701689579281e-11,1.9970807048981537e-10
37,8,6,82944,-2.428949155811371e-11,-5.52107893903767e-11
38,1,0,82944,1.778287075297364e-07,0.0
38,1,1,82944,1.0333426365540624e-07,-3.1439181158070047e-10
38,1,2,82944,7.580111137901505e-08,-5.237598342387558e-10
38,1,3,82944,5.948371428842383e-08,-7.514878389650136e-10
38,1,4,82944,4.692196005409084e-08,-8.344919902257544e-10
38,1,5,82944,3.646320867728517e-08,-8.731976387686839e-10
38,1,6,82944,2.8003911689557643e-08,-8.758209809794656e-10
38,2,0,82944,1.7518879799725588e-07,0.0
38,2,1,82944,6.252218858518077e-08,-1.5181226175446781e-10
38,2,2,82944,3.636207803715084e-08,8.181639971680779e-11
38,2,3,82944,2.4794593673130456e-08,8.473349300123265e-11
38,2,4,82944,1.7643138624566496e-08,-1.8110546786401908e-10
38,2,5,82944,1.2572359574419961e-08,-2.929437826937965e-10
38,2,6,82944,8.872834104019386e-09,-3.1632423055509855e-10
38,3,0,82944,1.7552566543993982e-07,0.0
38,3,1,82944,3.876839139845096e-08,1.696929347544601e-11
38,3,2,82944,1.7801427358197742e-08,-2.3570050248579812e-11
38,3,3,82944,1.0604508802479974e-08,4.338028784416023e-11
38,3,4,82944,7.005081656850174e-09,2.0991069197615607e-11
38,3,5,82944,4.40615751885586e-09,7.546604534150663e-11
38,3,6,82944,2.9077434398745297e-09,-3.558670953384267e-11
38,4,0,82944,1.7427776449670516e-07,0.0
38,4,1,82944,2.4070635792730125e-08,1.3127781779607274e-10
38,4,2,82944,8.985207544873484e-09,-1.4086209875625228e-10
38,4,3,82944,4.832565321854891e-09,6.096774456707446e-11
38,4,4,82944,2.925984581553471e-09,-8.065565407087942e-11
38,4,5,82944,1.57225546164111e-09,-3.087338551271502e-10
38,4,6,82944,1.0333181983457105e-09,-1.202137366906069e-10
38,5,0,82944,1.743252066969342e-07,0.0
38,5,1,82944,1.5125388918136396e-08,-7.80063693333484e-11
38,5,2,82944,4.149317311932265e-09,-1.008360903588707e-10
38,5,3,82944,1.888318473293443e-09,-7.105891628629787e-12
38,5,4,82944,9.81468871959081e-10,-5.492641269243587e-11
38,5,5,82944,6.250800098075102e-10,-1.4363451282983816e-10
38,5,6,82944,4.14972507437299e-10,-1.746071058039769e-11
38,6,0,82944,1.732715218166617e-07,0.0
38,6,1,82944,9.181857781586604e-09,1.9211353419456987e-10
38,6,2,82944,1.8405349550282394e-09,-1.5703919318553382e-10
38,6,3,82944,6.435980082992362e-10,-3.853696610061453e-11
38,6,4,82944,3.1044548363654025e-10,7.28441302168291e-12
38,6,5,82944,1.5258921605481108e-10,-3.800296764225405e-11
38,6,6,82944,1.872143459786775e-10,-6.992466825249544e-11
38,7,0,82944,1.7478931126688053e-07,0.0
38,7,1,82944,5.449551792138245e-09,2.2287834208065233e-10
38,7,2,82944,1.001329771524145e-09,-3.3623829154508418e-12
38,7,3,82944,2.119625793942498e-10,-1.368312264465073e-10
38,7,4,82944,1.7456260115743006e-10,1.571751543534147e-10
38,7,5,82944,-5.949480465651173e-11,2.5366470265264475e-10
38,7,6,82944,5.998175565850399e-11,1.334784271217272e-10
38,8,0,82944,1.7399796832380617e-07,0.0
38,8,1,82944,3.389616610914614e-09,-4.531358983567253e-11
38,8,2,82944,4.727038921484319e-10,-2.6014350581226835e-10
38,8,3,82944,1.0457750520156608e-10,5.606102841866225e-11
38,8,4,82944,2.299197471372469e-10,1.5719811839252657e-11
38,8,5,82944,8.969342917122022e-11,9.715958645798191e-11
38,8,6,82944,-3.0696324571290853e-10,1.1885279743468937e-10
39,1,0,82944,1.7627916143047722e-07,0.0
39,1,1,82944,1.021724271132182e-07,3.941170903579478e-12
39,1,2,82944,7.474727277734974e-08,-1.3297782835886613e-10
39,1,3,82944,5.846645541836413e-08,-1.7596263204353237e-10
39,1,4,82944,4.6081878661610026e-08,-2.5587834552357355e-10
39,1,5,82944,3.601527173505987e-08,-2.3378177107477786e-10
39,1,6,82944,2.7579273414510114e-08,-1.7474662843011568e-10
39,2,0,82944,1.7482499107039585e-07,0.0
39,2,1,82944,6.220729232233089e-08,-3.503546816866294e-11
39,2,2,82944,3.6379720706384174e-08,6.586699030521624e-12
39,2,3,82944,2.4951351182502274e-08,-3.43242652759448e-11
39,2,4,82944,1.7903993433376546e-08,-8.680514593291172e-11
39,2,5,82944,1.2918671363407074e-08,-3.896655035328249e-11
39,2,6,82944,9.170609955762306e-09,1.2346651021351984e-11
39,3,0,82944,1.7469595196505484e-07,0.0
39,3,1,82944,3.842971287046935e-08,-6.566463783090875e-11
39,3,2,82944,1.8046050589732946e-08,6.064991477283045e-11
39,3,3,82944,1.0641029848332425e-08,6.768265525061614e-11
39,3,4,82944,6.858478618518962e-09,-1.1304944116337111e-10
39,3,5,82944,4.482016883185074e-09,1.9365199811390007e-11
39,3,6,82944,3.066883412179768e-09,-1.0113243319808535e-10
39,4,0,82944,1.7411281542063575e-07,0.0
39,4,1,82944,2.3718884597906255e-08,-5.467625560876091e-11
39,4,2,82944,9.05374131090892e-09,7.877875359941969e-12
39,4,3,82944,4.6373772579029406e-09,8.310533954838054e-11
39,4,4,82944,2.734709267704024e-09,-6.465583271258757e-11
39,4,5,82944,1.4485293617118437e-09,6.76520304080438e-11
39,4,6,82944,1.097063157902191e-09,-1.497468497885075e-10
39,5,0,82944,1.7497258383264788e-07,0.0
39,5,1,82944,1.4780895215475072e-08,-1.9238878649055993e-10
39,5,2,82944,4.35657998938248e-09,9.67397804759999e-11
39,5,3,82944,2.2075817405884115e-09,7.366699870031238e-12
39,5,4,82944,1.165323822809248e-09,2.1811086286623835e-10
39,5,5,82944,5.549334797051756e-10,1.4146917502338582e-10
39,5,6,82944,2.567138811252061e-10,-3.5771953034992014e-11
39,6,0,82944,1.7438029291881846e-07,0.0
39,6,1,82944,9.01251301096633e-09,1.8575573578439553e-11
39,6,2,82944,2.079557433235973e-09,-1.0803032858723928e-10
39,6,3,82944,9.97031207030417e-10,-1.8677436948089722e-10
39,6,4,82944,5.440375504314276e-10,2.0585772946324206e-10
39,6,5,82944,2.662082099272599e-11,6.322433406017038e-11
39,6,6,82944,2.750253813582256e-10,-2.777109597714581e-11
39,7,0,82944,1.741861900363558e-07,0.0
39,7,1,82944,5.546371612386843e-09,2.8733166700179417e-11
39,7,2,82944,1.2834020941369914e-09,1.1955882629385013e-10
39,7,3,82944,6.362751182549847e-10,3.5495102824080886e-11
39,7,4,82944,2.0011495106596676e-10,1.1953322704464464e-11
39,7,5,82944,-6.51205495820539e-11,4.4362392782387154e-11
39,7,6,82944,1.9318678676478723e-10,-4.681936529316807e-11
39,8,0,82944,1.7440423125722746e-07,0.0
39,8,1,82944,3.620359533163152e-09,-3.457376332605405e-11
39,8,2,82944,4.778165443811901e-10,-9.19790017920214e-11
39,8,3,82944,3.3605031744890165e-10,-5.5404390313316084e-11
39,8,4,82944,-6.147069795482978e-11,-1.1868454302034708e-10
39,8,5,82944,-1.050039808380063e-10,-5.919010391517457e-11
39,8,6,82944,6.977446118218906e-11,-2.40598051871071e-10
40,1,0,82944,1.7598945715769122e-07,0.0
40,1,1,82944,1.0234333995017286e-07,-1.3421612091826164e-10
40,1,2,82944,7.514162579554168e-08,-2.160157843983599e-10
40,1,3,82944,5.884726850717407e-08,-3.491583931905161e-10
40,1,4,82944,4.604891792035652e-08,-4.2768211184495016e-10
40,1,5,82944,3.565006387751618e-08,-4.252431510767929e-10
40,1,6,82944,2.726736431585845e-08,-2.8782252241789903e-10
40,2,0,82944,1.7442592725103566e-07,0.0
40,2,1,82944,6.221103914922378e-08,1.5362110095015825e-10
40,2,2,82944,3.643090998255804e-08,1.9054140025125707e-10
40,2,3,82944,2.4698113028973473e-08,2.2263523690375596e-10
40,2,4,82944,1.7631073475100966e-08,2.05612191888105e-10
40,2,5,82944,1.2452491620396005e-08,1.4453780019445558e-10
40,2,6,82944,8.583105055862956e-09,1.8403761383355906e-10
40,3,0,82944,1.7519799396836036e-07,0.0
40,3,1,82944,3.8352711742844424e-08,-3.105626311869526e-11
40,3,2,82944,1.7832078968437576e-08,-1.305026283374008e-10
40,3,3,82944,1.0386292153700099e-08,-1.4658655878816493e-10
40,3,4,82944,6.618032258121601e-09,-5.572582027742325e-11
40,3,5,82944,4.176103394562147e-09,-7.673139722499253e-11
40,3,6,82944,2.6941531532352337e-09,-1.7377156614505933e-10
40,4,0,82944,1.7451898084087958e-07,0.0
40,4,1,82944,2.392941213573836e-08,-1.2836633155879858e-10
40,4,2,82944,8.887134942810872e-09,-1.0047143878039822e-10
40,4,3,82944,4.617919130063417e-09,-4.467779958097753e-11
40,4,4,82944,2.6595182684429788e-09,1.9221902290203376e-10
40,4,5,82944,1.6148481757046509e-09,-7.260587944571151e-12
40,4,6,82944,1.0009482382026436e-09,4.8885995677581496e-11
40,5,0,82944,1.746964680087737e-07,0.0
40,5,1,82944,1.5014845802908413e-08,2.73517924288128e-11
40,5,2,82944,4.497879314384392e-09,-1.016558721234921e-11
40,5,3,82944,2.113777890176571e-09,4.195944314411223e-11
40,5,4,82944,1.2023497703619506e-09,9.792357438495955e-11
40,5,5,82944,5.220743588693215e-10,-1.0263937922409423e-10
40,5,6,82944,3.1650339808690474e-10,4.2427986095476446e-11
40,6,0,82944,1.7451469833490842e-07,0.0
40,6,1,82944,9.107321911104872e-09,1.1346782879898767e-10
40,6,2,82944,2.23124915997584e-09,-7.112203153463136e-11
40,6,3,82944,9.542772398040124e-10,1.4383945600663912e-10
40,6,4,82944,6.052336301488007e-10,1.3075790938908782e-10
40,6,5,82944,1.3792133687086689e-10,-1.0701841088593349e-10
40,6,6,82944,9.953030880116808e-11,-8.396187969002198e-12
40,7,0,82944,1.749198414488329e-07,0.0
40,7,1,82944,5.50730518295417e-09,-6.336668887421046e-11
40,7,2,82944,8.638211024235052e-10,-1.4320675962243933e-10
40,7,3,82944,4.42442986453465e-10,1.8800115734515358e-10
40,7,4,82944,4.529519543864995e-10,1.6140438427652163e-11
40,7,5,82944,7.473616592865584e-11,3.866580063655825e-11
40,7,6,82944,1.765315328926794e-10,-2.0020650881769662e-10
40,8,0,82944,1.7397358956945605e-07,0.0
40,8,1,82944,3.228516651318272e-09,-1.6324126853214067e-10
40,8,2,82944,1.9694161388003356e-10,2.326321282424988e-11
40,8,3,82944,1.552852880057291e-10,1.1525124847122807e-10
40,8,4,82944,1.791654949019054e-10,2.3822739808790875e-10
40,8,5,82944,-2.447919349233097e-11,-1.0853245042578574e-10
40,8,6,82944,6.235637102912009e-11,8.562404813805728e-11
41,1,0,82944,1.7644881851822198e-07,0.0
41,1,1,82944,1.0213085560402432e-07,-2.436873593805219e-10
41,1,2,82944,7.468807692149682e-08,-2.9129626373900687e-10
41,1,3,82944,5.8311565285985034e-08,-3.1293955526730976e-10
41,1,4,82944,4.5587460401419916e-08,-1.98299018727867e-10
41,1,5,82944,3.5144091389166124e-08,-2.684398872998552e-10
41,1,6,82944,2.6532106745414745e-08,-2.3120164031452248e-10
41,2,0,82944,1.7560765532668066e-07,0.0
41,2,1,82944,6.225404375109689e-08,9.022290846598516e-12
41,2,2,82944,3.662285940839609e-08,-1.8569076434880506e-10
41,2,3,82944,2.4603849558753345e-08,-9.925753013641515e-11
41,2,4,82944,1.7241252996333545e-08,-8.797356010263594e-11
41,2,5,82944,1.214590105262684e-08,-2.0643758070367906e-11
41,2,6,82944,8.268988144658789e-09,-3.666765957335008e-11
41,3,0,82944,1.7491993872452887e-07,0.0
41,3,1,82944,3.8316001932297826e-08,-1.2147366165195354e-11
41,3,2,82944,1.7732057539524165e-08,-3.482307500091363e-10
41,3,3,82944,1.0537298990986947e-08,-1.7049361286325596e-10
41,3,4,82944,6.708350828328538e-09,-3.908202882324325e-11
41,3,5,82944,4.371053796120311e-09,-1.9083012472405374e-12
41,3,6,82944,2.7615768506993578e-09,-1.616283142136534e-11
41,4,0,82944,1.7494013676317398e-07,0.0
41,4,1,82944,2.3872034774009444e-08,-1.4489078975378512e-11
41,4,2,82944,9.008941211110228e-09,-3.6403035206650535e-10
41,4,3,82944,4.542402549876124e-09,-1.8461521582582206e-10
41,4,4,82944,2.8450598198458223e-09,-1.9483743763618514e-10
41,4,5,82944,1.7110059547868301e-09,8.725666362571866e-11
41,4,6,82944,9.64594384450598e-10,-3.2977686194071656e-11
41,5,0,82944,1.7535065670311468e-07,0.0
41,5,1,82944,1.488830531160193e-08,-2.8701752487994338e-11
41,5,2,82944,4.367982254601138e-09,-1.1476403569416447e-10
41,5,3,82944,2.1066563839817284e-09,1.4499481578668172e-10
41,5,4,82944,9.900501921143333e-10,-1.3519983654492556e-11
41,5,5,82944,6.767225777520589e-10,3.7809609620046345e-11
41,5,6,82944,2.7255072941705325e-10,6.133876400761571e-11
41,6,0,82944,1.7503787087541783e-07,0.0
41,6,1,82944,8.952928492210041e-09,6.307728579360165e-11
41,6,2,82944,2.3490128810330083e-09,4.322554861934736e-11
41,6,3,82944,8.731784061021483e-10,1.568696909561432e-10
41,6,4,82944,4.726449587237971e-10,-2.4685767861646334e-11
41,6,5,82944,4.153882184631758e-10,1.3283729676030042e-10
41,6,6,82944,1.9394618688303345e-10,1.3453940861372958e-10
41,7,0,82944,1.7351334555635388e-07,0.0
41,7,1,82944,5.697304910426672e-09,9.443402735663544e-11
41,7,2,82944,8.66905604164581e-10,9.073125707208448e-11
41,7,3,82944,4.369938786951753e-10,1.9534594135831508e-10
41,7,4,82944,3.976592862401426e-10,9.38398798923584e-11
41,7,5,82944,1.1105830804982297e-10,3.6341344935048274e-11
41,7,6,82944,1.2372553513480357e-10,3.0348312522451164e-11
41,8,0,82944,1.7446048808415356e-07,0.0
41,8,1,82944,3.6868218937483535e-09,-1.7763703661647676e-10
41,8,2,82944,6.043889572951366e-10,-2.6761890328564164e-12
41,8,3,82944,1.4757249767630595e-10,1.1510237730712563e-10
41,8,4,82944,3.33529337476433e-10,-2.7361652649475886e-10
41,8,5,82944,2.444602330702584e-11,2.914222949898242e-11
41,8,6,82944,-2.087665037652255e-11,-8.429963726532657e-11
42,1,0,82944,1.7836525192132508e-07,0.0
42,1,1,82944,1.0329316976055642e-07,4.3687442053199294e-10
42,1,2,82944,7.597851788380354e-08,7.314126283319604e-10
42,1,3,82944,5.962203604023408e-08,8.795737870125232e-10
42,1,4,82944,4.70116457220749e-08,1.0615245667120195e-09
42,1,5,82944,3.647613994259883e-08,9.733474831701684e-10
42,1,6,82944,2.7923413534875565e-08,9.202354974906594e-10
42,2,0,82944,1.7560259245761692e-07,0.0
42,2,1,82944,6.280894010254842e-08,1.745681621567002e-10
42,2,2,82944,3.656906706899741e-08,2.3930622602895348e-11
42,2,3,82944,2.4915658878584077e-08,2.309636639747421e-10
42,2,4,82944,1.7554275601707243e-08,-1.7968323524510362e-11
42,2,5,82944,1.252687895472657e-08,1.3291642494587001e-10
42,2,6,82944,8.729366469802603e-09,2.2290669501543115e-10
42,3,0,82944,1.7530092144674026e-07,0.0
42,3,1,82944,3.8749167978622145e-08,5.51296145911599e-12
42,3,2,82944,1.7995803478796264e-08,1.7853331391137878e-10
42,3,3,82944,1.0761493760420119e-08,2.809146313554634e-10
42,3,4,82944,6.9432906217056235e-09,3.809710148313741e-11
42,3,5,82944,4.6459727326880944e-09,-9.154154329527771e-11
42,3,6,82944,3.0429674517182017e-09,7.230603359436127e-11
42,4,0,82944,1.742602556986576e-07,0.0
42,4,1,82944,2.3695482694457948e-08,-2.0622321538507505e-10
42,4,2,82944,8.68703872553167e-09,-1.575402522979528e-10
42,4,3,82944,4.6687527537924156e-09,1.339061512555992e-10
42,4,4,82944,2.605960906178901e-09,1.8709519613403345e-10
42,4,5,82944,1.4465622788563972e-09,2.097962893013898e-10
42,4,6,82944,9.404655187521133e-10,5.862009977503371e-11
42,5,0,82944,1.7478795825176527e-07,0.0
42,5,1,82944,1.4684531955522772e-08,-2.2629222414635458e-10
42,5,2,82944,4.360986587690676e-09,3.585954393211989e-10
42,5,3,82944,1.9141911187835614e-09,-9.391758047354182e-11
42,5,4,82944,1.2017273233430074e-09,-1.5491423258223684e-10
42,5,5,82944,6.312056812976326e-10,-1.4949809514905554e-10
42,5,6,82944,4.60968966263965e-10,-1.6205728988896613e-10
42,6,0,82944,1.746953489856584e-07,0.0
42,6,1,82944,8.94592083084789e-09,-3.9817785177873833e-10
42,6,2,82944,2.0640429252410052e-09,1.8279239658533671e-10
42,6,3,82944,7.35527947325046e-10,-1.4880069795628916e-10
42,6,4,82944,4.188527653771538e-10,-8.113637525955345e-11
42,6,5,82944,1.6570377853216303e-10,7.929432822971669e-11
42,6,6,82944,1.5480809395805916e-10,1.300952751131552e-10
42,7,0,82944,1.7414785591429777e-07,0.0
42,7,1,82944,5.663105254322036e-09,-4.2024880904941877e-10
42,7,2,82944,1.1273966347264748e-09,-3.51208504282433e-11
42,7,3,82944,4.570279946950467e-10,-1.8472477148571177e-10
42,7,4,82944,2.483881632230591e-10,6.93057417766214e-11
42,7,5,82944,9.345843828634265e-11,1.0138516533828332e-10
42,7,6,82944,1.6129542369539905e-11,2.79518323298839e-11
42,8,0,82944,1.7421615640476948e-07,0.0
42,8,1,82944,3.688095872269484e-09,-5.82083969110197e-10
42,8,2,82944,4.482500408046743e-10,-1.1834509865668947e-10
42,8,3,82944,5.4849157685858506e-11,-4.640945546770144e-12
42,8,4,82944,3.373999052025005e-11,-7.372854136700604e-12
42,8,5,82944,8.534674300054715e-11,2.192561501217618e-10
42,8,6,82944,-1.6973382705814768e-10,1.6106062295561487e-10
43,1,0,82944,1.7763558430699813e-07,0.0
43,1,1,82944,1.0306918605851319e-07,-4.4295539400606655e-10
43,1,2,82944,7.531654537176651e-08,-7.117778476899646e-10
43,1,3,82944,5.862430807153087e-08,-1.0399704405047352e-09
43,1,4,82944,4.603626251345473e-08,-1.1739311854998521e-09
43,1,5,82944,3.5481996591150897e-08,-1.1224461626722515e-09
43,1,6,82944,2.7036928733762113e-08,-9.717269630101438e-10
43,2,0,82944,1.7486645585922004e-07,0.0
43,2,1,82944,6.19278237309707e-08,-1.2277894943950559e-10
43,2,2,82944,3.624601742192422e-08,1.0670948186243743e-10
43,2,3,82944,2.4776996498147e-08,1.0621561956243614e-10
43,2,4,82944,1.7520090168243924e-08,-3.887570288777251e-11
43,2,5,82944,1.2410493957246393e-08,9.944916935207801e-11
43,2,6,82944,8.728047558475756e-09,-8.739320142851624e-12
43,3,0,82944,1.7438551301050873e-07,0.0
43,3,1,82944,3.814662045656524e-08,1.0844143951536559e-10
43,3,2,82944,1.78435380723026e-08,1.0264640171206429e-10
43,3,3,82944,1.0646049514643541e-08,3.081202665618216e-10
43,3,4,82944,6.7825384853319e-09,-1.3964686377780675e-10
43,3,5,82944,4.37566697761748e-09,-8.192133148693043e-11
43,3,6,82944,2.9421101325866234e-09,2.962589166853579e-10
43,4,0,82944,1.7541280320454497e-07,0.0
43,4,1,82944,2.3748675146025574e-08,3.771157848870829e-12
43,4,2,82944,8.867765230019988e-09,-1.4572752161232965e-12
43,4,3,82944,4.671967228836737e-09,1.7153485515499596e-10
43,4,4,82944,2.6854457605404316e-09,-2.9143273138588623e-11
43,4,5,82944,1.26848721625366e-09,-4.508306598555719e-11
43,4,6,82944,9.173351177017759e-10,8.903470954047191e-11
43,5,0,82944,1.7548689523142963e-07,0.0
43,5,1,82944,1.4864211403865302e-08,-1.7466668561379117e-10
43,5,2,82944,4.228291264718705e-09,8.144804803622562e-11
43,5,3,82944,1.77760646359e-09,1.1847579824117107e-11
43,5,4,82944,8.443945350689892e-10,5.920841442760236e-11
43,5,5,82944,4.2707648243763206e-10,-8.322363125568677e-12
43,5,6,82944,3.8473907247605484e-10,5.132022503842098e-11
43,6,0,82944,1.7452458761033864e-07,0.0
43,6,1,82944,9.003880716248983e-09,-4.9543375635240826e-12
43,6,2,82944,2.0535597865470472e-09,-1.985091232553254e-10
43,6,3,82944,7.908500429344147e-10,-8.758518188018673e-11
43,6,4,82944,3.805652111964608e-10,1.6205500783100831e-10
43,6,5,82944,8.42135284856725e-11,-1.4673484953822085e-10
43,6,6,82944,7.347591575688852e-11,-1.5141060891228544e-10
43,7,0,82944,1.7420132707995902e-07,0.0
43,7,1,82944,5.7519641945535154e-09,-1.197763770486397e-10
43,7,2,82944,9.232381848040767e-10,1.34115004073778e-10
43,7,3,82944,3.7608170390031585e-10,-2.0313335317406991e-10
43,7,4,82944,4.322518324194804e-11,6.725346586564617e-11
43,7,5,82944,-2.0571795997656096e-10,-1.0578884899539421e-10
43,7,6,82944,3.176127544136051e-12,-1.2959495380835744e-10
43,8,0,82944,1.7393858449926672e-07,0.0
43,8,1,82944,3.5503121443704778e-09,-1.5419924528716807e-10
43,8,2,82944,5.869423135101284e-10,9.635101739446187e-11
43,8,3,82944,-5.4149986741279244e-11,1.60993207077995e-10
43,8,4,82944,2.4638799912754376e-10,1.3846356632519873e-10
43,8,5,82944,-2.788877505228046e-10,-3.748821994787892e-11
43,8,6,82944,-6.017710850575205e-11,-3.025620450204602e-11
44,1,0,82944,1.7651843901388888e-07,0.0
44,1,1,82944,1.0211284995455394e-07,-1.9692065079702342e-10
44,1,2,82944,7.473037301236054e-08,-1.7499938394619084e-10
44,1,3,82944,5.853058308689132e-08,-1.0220050061490352e-10
44,1,4,82944,4.630217555059937e-08,-1.0415657008518987e-10
44,1,5,82944,3.622895981430583e-08,-1.1456288079805775e-10
44,1,6,82944,2.7788735436496294e-08,-1.0720922857102972e-10
44,2,0,82944,1.7621592574865668e-07,0.0
44,2,1,82944,6.234594108786002e-08,1.4779871992362306e-10
44,2,2,82944,3.631240868227316e-08,2.3556573040156227e-10
44,2,3,82944,2.4755379327616698e-08,1.5672788345890208e-10
44,2,4,82944,1.7370863981227626e-08,8.96069278321754e-11
44,2,5,82944,1.2286186778827098e-08,1.0872069441129688e-10
44,2,6,82944,8.7229062576941e-09,2.441058493666438e-10
44,3,0,82944,1.7495886728178864e-07,0.0
44,3,1,82944,3.829176754108006e-08,1.892833723835489e-11
44,3,2,82944,1.7707727698416197e-08,4.877526083879411e-11
44,3,3,82944,1.060976770944133e-08,-1.629797198951368e-10
44,3,4,82944,6.527262531953919e-09,-1.7406307834738372e-10
44,3,5,82944,4.239311329345023e-09,-2.437761498247991e-10
44,3,6,82944,2.823021274279415e-09,-2.1516174197585136e-10
44,4,0,82944,1.7415161313189807e-07,0.0
44,4,1,82944,2.3520575231240563e-08,3.0299390964570974e-11
44,4,2,82944,8.77021808990009e-09,3.5031944848721506e-11
44,4,3,82944,4.521133259216349e-09,-9.845114896799752e-12
44,4,4,82944,2.6559927235470214e-09,6.032358971452495e-11
44,4,5,82944,1.5313334550319663e-09,-2.5261990234036075e-11
44,4,6,82944,9.41544561449273e-10,2.4590762668776697e-10
44,5,0,82944,1.7412111395951041e-07,0.0
44,5,1,82944,1.4488825992893216e-08,-1.572150809280969e-10
44,5,2,82944,4.326866545936523e-09,-6.916910605461476e-11
44,5,3,82944,2.2106022710099836e-09,-4.795280457064979e-11
44,5,4,82944,9.141155705734127e-10,-4.7475485468169924e-11
44,5,5,82944,3.794973941837162e-10,4.0481686083978745e-11
44,5,6,82944,2.7428376909690923e-10,4.578654367375145e-11
44,6,0,82944,1.742036304174534e-07,0.0
44,6,1,82944,8.907663296704947e-09,-1.127426017133642e-10
44,6,2,82944,2.1276517922740826e-09,-9.337452153009238e-11
44,6,3,82944,9.060761678312784e-10,1.5443936836035602e-12
44,6,4,82944,3.6051343200243646e-10,-4.285321618751885e-11
44,6,5,82944,7.012212485997174e-11,8.51732812649394e-12
44,6,6,82944,1.033654646500138e-10,8.937809488612458e-11
44,7,0,82944,1.7435356185461564e-07,0.0
44,7,1,82944,5.399966062099545e-09,-6.52097993350503e-11
44,7,2,82944,1.003102013900225e-09,1.3065111464885463e-10
44,7,3,82944,2.6611081791283064e-10,-3.190553658116053e-11
44,7,4,82944,9.461375185903988e-11,3.617996500671673e-11
44,7,5,82944,1.1110219474331406e-10,-1.6562096584377636e-10
44,7,6,82944,5.98779579026029e-11,1.0977498853504549e-10
44,8,0,82944,1.7474572729746332e-07,0.0
44,8,1,82944,3.1610525481838426e-09,-1.364185794468264e-10
44,8,2,82944,4.445984583633965e-10,7.353790935822791e-11
44,8,3,82944,9.053871664106547e-11,1.1426302476777183e-10
44,8,4,82944,1.0903650032773315e-10,-1.3670256068897316e-10
44,8,5,82944,-1.7432964846035933e-11,5.830789458888693e-11
44,8,6,82944,-8.71938812296335e-11,-3.94050253863716e-11
45,1,0,82944,1.7722218327506344e-07,0.0
45,1,1,82944,1.02775226899337e-07,2.346024784226976e-10
45,1,2,82944,7.54275228406274e-08,4.822858098686692e-10
45,1,3,82944,5.903614494191496e-08,7.039489511275183e-10
45,1,4,82944,4.642613175785736e-08,7.153946149999686e-10
45,1,5,82944,3.612410112173687e-08,8.625872356618974e-10
45,1,6,82944,2.745631057428297e-08,7.894226564297228e-10
45,2,0,82944,1.7481502997802547e-07,0.0
45,2,1,82944,6.218834205769223e-08,9.514531377317274e-11
45,2,2,82944,3.6134264566407196e-08,5.6562767477709054e-11
45,2,3,82944,2.438812153735187e-08,1.6284924908626536e-10
45,2,4,82944,1.7146387949265534e-08,3.3168467478140137e-10
45,2,5,82944,1.2053900152285735e-08,2.1681724168017458e-10
45,2,6,82944,8.411179710712142e-09,2.90026502975795e-10
45,3,0,82944,1.7452189859715072e-07,0.0
45,3,1,82944,3.8508453967170646e-08,6.801117983707092e-11
45,3,2,82944,1.788815096764682e-08,1.8867618873586273e-10
45,3,3,82944,1.0619895362664755e-08,1.0853900621215109e-10
45,3,4,82944,6.661933458609432e-09,2.097121186704075e-10
45,3,5,82944,4.365255405819031e-09,1.6211973189577838e-10
45,3,6,82944,2.722908555897014e-09,1.082959724087291e-10
45,4,0,82944,1.738421504321772e-07,0.0
45,4,1,82944,2.3538707485477773e-08,-8.494037476590837e-11
45,4,2,82944,8.90469429186912e-09,1.6781685359458482e-11
45,4,3,82944,4.832980602793239e-09,-3.091490178903719e-10
45,4,4,82944,2.519331442116178e-09,-1.1302491492697407e-10
45,4,5,82944,1.5509803063241033e-09,-3.9218189184185576e-11
45,4,6,82944,8.203020862765405e-10,1.1848624314485065e-10
45,5,0,82944,1.7433671623159033e-07,0.0
45,5,1,82944,1.4633468710282682e-08,-1.3496434768734676e-10
45,5,2,82944,4.4681230404945344e-09,-1.6604147306626753e-11
45,5,3,82944,2.195843775709164e-09,-5.082727030873226e-11
45,5,4,82944,1.0496787316754251e-09,1.2024454832106036e-10
45,5,5,82944,5.664135756156953e-10,6.281765181475545e-11
45,5,6,82944,2.8272061164175526e-10,4.284274996235872e-11
45,6,0,82944,1.7398976241710374e-07,0.0
45,6,1,82944,9.166989657400642e-09,-1.946431306058291e-10
45,6,2,82944,2.2064229902939264e-09,3.655262954887816e-11
45,6,3,82944,1.1129235306276224e-09,1.8139442128340326e-10
45,6,4,82944,3.2892150760990907e-10,1.0455744925187871e-10
45,6,5,82944,2.6229310943318966e-11,-1.2787482323158267e-10
45,6,6,82944,8.906027936943035e-11,-6.03462640149389e-11
45,7,0,82944,1.7351061708368848e-07,0.0
45,7,1,82944,5.667025447798312e-09,-8.135308637120876e-11
45,7,2,82944,1.112914346644399e-09,9.558922356608443e-11
45,7,3,82944,3.7034379293918356e-10,-2.1183063187701917e-11
45,7,4,82944,4.990274776696455e-11,2.336866736463867e-10
45,7,5,82944,5.998923154833328e-11,-3.453972073541382e-11
45,7,6,82944,2.9859108832670574e-11,7.382006229945068e-11
45,8,0,82944,1.7381056674808156e-07,0.0
45,8,1,82944,3.564855680298584e-09,6.759260717623967e-11
45,8,2,82944,4.93745260957188e-10,-2.5119011407557385e-10
45,8,3,82944,-6.257279034143542e-11,-1.4408811501669844e-10
45,8,4,82944,-8.771539071501635e-11,-2.2760740656073577e-11
45,8,5,82944,-1.1283015345258624e-10,1.7875290033560418e-10
45,8,6,82944,8.844441191700113e-12,7.224072535245383e-11
46,1,0,82944,1.7679632534736583e-07,0.0
46,1,1,82944,1.024139662793556e-07,-1.1145560458043369e-10
46,1,2,82944,7.495016407058097e-08,-1.6965700167934705e-10
46,1,3,82944,5.85581654343326e-08,-6.23344626522706e-11
46,1,4,82944,4.5786424871048396e-08,-2.30688157882565e-10
46,1,5,82944,3.528341470554986e-08,-3.621159959705077e-10
46,1,6,82944,2.658273582646663e-08,-3.9972128594841895e-10
46,2,0,82944,1.761415417261979e-07,0.0
46,2,1,82944,6.253945389472521e-08,-3.03915245848468e-10
46,2,2,82944,3.656265482567448e-08,-2.9521659555558115e-10
46,2,3,82944,2.4853403040761135e-08,-2.354953764005319e-10
46,2,4,82944,1.7457064522057338e-08,-3.913871258308786e-10
46,2,5,82944,1.2011039762834003e-08,-4.807498561093259e-10
46,2,6,82944,7.96906507974045e-09,-4.3345694012126115e-10
46,3,0,82944,1.7482232624270032e-07,0.0
46,3,1,82944,3.839186307658921e-08,5.3044272249311315e-11
46,3,2,82944,1.7970298670807624e-08,1.5950295223098273e-10
46,3,3,82944,1.0696623459395104e-08,3.174766946630834e-10
46,3,4,82944,6.8560650801972585e-09,3.1519224163819825e-10
46,3,5,82944,4.275522452133982e-09,4.209739822212768e-10
46,3,6,82944,2.666400114344466e-09,2.442417891542118e-10
46,4,0,82944,1.760968310383894e-07,0.0
46,4,1,82944,2.3872113790838164e-08,6.000493451878342e-11
46,4,2,82944,8.754035463572501e-09,9.689004731820157e-11
46,4,3,82944,4.698950175009745e-09,4.4256610222593785e-11
46,4,4,82944,2.837443785740649e-09,1.8623478660455278e-10
46,4,5,82944,1.708787746283213e-09,6.619217857208721e-11
46,4,6,82944,1.0015766064086814e-09,1.6223817183139742e-11
46,5,0,82944,1.7473527506246156e-07,0.0
46,5,1,82944,1.4758986679940156e-08,2.641858592433499e-10
46,5,2,82944,4.531829104251922e-09,2.9444375319774653e-10
46,5,3,82944,1.88093212405723e-09,4.414190764732549e-11
46,5,4,82944,9.749938554269297e-10,1.1309419292212458e-11
46,5,5,82944,5.651414770811147e-10,5.965782771434448e-11
46,5,6,82944,6.561274434126149e-11,1.2725225576029165e-10
46,6,0,82944,1.7487345888764675e-07,0.0
46,6,1,82944,9.167453039293659e-09,2.4236821472891313e-10
46,6,2,82944,2.3713606611631264e-09,-1.1059947957639085e-10
46,6,3,82944,7.751710142283534e-10,5.199933237542217e-11
46,6,4,82944,3.570828457385664e-10,-1.3023978680371593e-10
46,6,5,82944,2.485495507793237e-10,6.26300069444499e-11
46,6,6,82944,3.8944345803461936e-11,2.3992803306671214e-11
46,7,0,82944,1.744611259694349e-07,0.0
46,7,1,82944,5.7275132721999275e-09,1.154781085781338e-11
46,7,2,82944,1.1831130686477914e-09,-3.8721800718218216e-10
46,7,3,82944,2.3897263703895126e-10,2.1066683150429634e-11
46,7,4,82944,-1.3924008599029326e-11,-1.9673807482063684e-10
46,7,5,82944,1.317045791221347e-10,1.3898664573067373e-10
46,7,6,82944,6.033108648459968e-11,1.998458835938928e-11
46,8,0,82944,1.7469414669766003e-07,0.0
46,8,1,82944,3.3598413555367718e-09,6.765554129872837e-11
46,8,2,82944,6.129057718687806e-10,-3.234569089844085e-10
46,8,3,82944,-1.8001106668336756e-11,2.5247931952493365e-11
46,8,4,82944,1.154159463811064e-10,-1.5816732141539227e-10
46,8,5,82944,-2.431983753464449e-11,5.796785065718022e-11
46,8,6,82944,-1.6739008355665963e-10,7.0535557546212e-11
47,1,0,82944,1.7684306067167134e-07,0.0
47,1,1,82944,1.0258638176057784e-07,3.072500491489103e-11
47,1,2,82944,7.514108418139311e-08,2.136684135159418e-10
47,1,3,82944,5.855266510289563e-08,3.0110244153393286e-10
47,1,4,82944,4.6058747844456185e-08,4.021416421430858e-10
47,1,5,82944,3.566635814477267e-08,5.02291135409463e-10
47,1,6,82944,2.7040003863067933e-08,5.041198526256958e-10
47,2,0,82944,1.7572102589805938e-07,0.0
47,2,1,82944,6.278842455595188e-08,7.287095734878582e-11
47,2,2,82944,3.679560080519607e-08,8.73406871234568e-11
47,2,3,82944,2.5029161206527657e-08,1.9638535427354107e-11
47,2,4,82944,1.7856911031035384e-08,-2.1739230984290588e-10
47,2,5,82944,1.2750285810188797e-08,-6.145909334534624e-11
47,2,6,82944,8.878835261545892e-09,-1.490383133765129e-10
47,3,0,82944,1.7445775148791627e-07,0.0
47,3,1,82944,3.854797532198369e-08,-1.176973161482154e-10
47,3,2,82944,1.7605771256031112e-08,-2.4135674529162703e-10
47,3,3,82944,1.0242577993181481e-08,-2.589372209019364e-10
47,3,4,82944,6.482039092500562e-09,-2.7178086324478146e-10
47,3,5,82944,4.168425351881055e-09,-5.56389896189248e-11
47,3,6,82944,2.6705797464367777e-09,-9.380618172545822e-11
47,4,0,82944,1.74405682248727e-07,0.0
47,4,1,82944,2.3796209150502396e-08,-1.5262328616063517e-10
47,4,2,82944,8.814518775534633e-09,-7.816111330055277e-11
47,4,3,82944,4.638131794275788e-09,-1.6406655294458927e-10
47,4,4,82944,2.5072332152938085e-09,-2.1126428461186337e-10
47,4,5,82944,1.6292822882016488e-09,-1.0236774289255195e-10
47,4,6,82944,9.704111279838712e-10,-7.4376530240803e-11
47,5,0,82944,1.7393588754683258e-07,0.0
47,5,1,82944,1.4683492225067076e-08,2.760130970410216e-10
47,5,2,82944,4.5068116137801935e-09,-3.341199244420431e-10
47,5,3,82944,2.1326727947952016e-09,-9.484197932007228e-11
47,5,4,82944,8.725250398159026e-10,6.723342334694898e-11
47,5,5,82944,3.9965101959790896e-10,-1.7410327221921287e-11
47,5,6,82944,3.5743339377325104e-10,-8.188383762330965e-11
47,6,0,82944,1.7541116583223758e-07,0.0
47,6,1,82944,9.195439423458124e-09,1.1681194487995377e-10
47,6,2,82944,2.285944955332269e-09,-2.7912637866252764e-10
47,6,3,82944,7.577269553831175e-10,-1.943172741151362e-10
47,6,4,82944,3.017394774122675e-10,3.5033848982823465e-11
47,6,5,82944,2.2383383215971628e-10,-2.0244418861297564e-10
47,6,6,82944,1.3236156308278922e-10,-8.761876384170483e-11
47,7,0,82944,1.7424658972253623e-07,0.0
47,7,1,82944,5.6083807039577724e-09,7.12481107000891e-11
47,7,2,82944,9.56865740417506e-10,-5.786630535332224e-11
47,7,3,82944,2.426077122621793e-10,-2.900274372999219e-10
47,7,4,82944,5.053823534838316e-11,1.839196964578429e-10
47,7,5,82944,1.5378110537444494e-10,-8.585795268235242e-11
47,7,6,82944,-7.05613610811802e-11,4.09798063858999e-11
47,8,0,82944,1.7491080176972075e-07,0.0
47,8,1,82944,3.648566411929307e-09,3.0119416178261444e-10
47,8,2,82944,5.350237168440976e-10,2.0338900526545614e-10
47,8,3,82944,-2.0920415963958175e-11,-6.592430843501005e-11
47,8,4,82944,1.7432222856612962e-10,1.07433154753752e-10
47,8,5,82944,-6.956543744499013e-11,-8.117072892573708e-11
47,8,6,82944,4.644061737197666e-11,3.5550710083836305e-11
48,1,0,82944,1.7690748134669263e-07,0.0
48,1,1,82944,1.0243346565958508e-07,-2.016978756671676e-10
48,1,2,82944,7.465437274080457e-08,-3.570494899064682e-10
48,1,3,82944,5.7994533063190204e-08,-7.591778092082088e-10
48,1,4,82944,4.5574369434681556e-08,-7.769041147861956e-10
48,1,5,82944,3.530596419292699e-08,-6.334108927188391e-10
48,1,6,82944,2.6819389316107778e-08,-5.510751530428038e-10
48,2,0,82944,1.7525294151472145e-07,0.0
48,2,1,82944,6.258517072265382e-08,2.4847393263990703e-11
48,2,2,82944,3.6495006756066895e-08,1.551425096183392e-11
48,2,3,82944,2.467793481394829e-08,-3.076560905351766e-11
48,2,4,82944,1.7413660699644636e-08,-5.27702760163787e-11
48,2,5,82944,1.2275744165883359e-08,9.346011049850262e-11
48,2,6,82944,8.384541334545833e-09,3.0230939931869846e-10
48,3,0,82944,1.7514440855974806e-07,0.0
48,3,1,82944,3.880501973079386e-08,-3.590093066007095e-10
48,3,2,82944,1.808919002966806e-08,-2.2840494157246408e-10
48,3,3,82944,1.076784736939676e-08,-1.041881609642518e-10
48,3,4,82944,6.908799969892197e-09,-1.4725661524250108e-10
48,3,5,82944,4.655929775235461e-09,-2.1186884301019609e-10
48,3,6,82944,2.9777039488159846e-09,-1.4310925511191803e-10
48,4,0,82944,1.747556608312284e-07,0.0
48,4,1,82944,2.4104109756367388e-08,6.570770110651394e-11
48,4,2,82944,8.990615426077445e-09,3.393596239312433e-11
48,4,3,82944,4.6401887895454035e-09,-1.5780307340250707e-10
48,4,4,82944,2.80802213262361e-09,-2.7185285304477662e-11
48,4,5,82944,1.7280206769409413e-09,1.1552004399139062e-10
48,4,6,82944,9.528089731618823e-10,1.921214790715748e-10
48,5,0,82944,1.7417458875875724e-07,0.0
48,5,1,82944,1.4755057762124246e-08,8.050789725876232e-11
48,5,2,82944,4.548078529204839e-09,6.496201772605337e-11
48,5,3,82944,2.078501137544254e-09,9.775974583136707e-11
48,5,4,82944,1.1075198281942097e-09,5.406112228371713e-11
48,5,5,82944,7.670893445538727e-10,-2.208050183982343e-11
48,5,6,82944,3.5998992440788834e-10,4.157934109440289e-11
48,6,0,82944,1.7382471602310874e-07,0.0
48,6,1,82944,9.274197253419737e-09,8.235837865874469e-11
48,6,2,82944,2.258335470369486e-09,1.621905547231751e-10
48,6,3,82944,8.067767369246528e-10,3.774935979187911e-11
48,6,4,82944,3.1991607921278506e-10,1.414743267189419e-10
48,6,5,82944,2.324910551515074e-10,-1.6044437986647484e-10
48,6,6,82944,-3.071381336825541e-11,-8.615906447981387e-11
48,7,0,82944,1.7454134651578881e-07,0.0
48,7,1,82944,5.752817338208833e-09,-1.9710603674105947e-10
48,7,2,82944,1.0723456467892591e-09,8.466481061385157e-11
48,7,3,82944,4.147283126053325e-10,-8.889127181447516e-11
48,7,4,82944,-1.9693140490036448e-10,-1.9443064669416702e-10
48,7,5,82944,-1.6823898719446067e-10,1.1228239548760549e-10
48,7,6,82944,-5.253623361088306e-11,-6.943216835434339e-11
48,8,0,82944,1.7353643751739856e-07,0.0
48,8,1,82944,3.397239729916379e-09,-5.108330334510475e-11
48,8,2,82944,3.286705048138391e-10,1.6700084244214052e-10
48,8,3,82944,3.8877474461209907e-10,-2.8548085673484043e-10
48,8,4,82944,-5.789465406971646e-11,4.581452312209256e-11
48,8,5,82944,-1.6666535584520764e-10,-7.001609227502507e-11
48,8,6,82944,-1.4057266271617098e-11,8.186980910319484e-13
49,1,0,82944,1.7682501133906246e-07,0.0
49,1,1,82944,1.0294972232275513e-07,-1.0683219479674039e-10
49,1,2,82944,7.540441943983555e-08,-9.157515856667484e-11
49,1,3,82944,5.8710629394175245e-08,-1.4992338304735485e-10
49,1,4,82944,4.6029560930196695e-08,-2.6005821157525067e-10
49,1,5,82944,3.579430433099578e-08,-2.489929943622274e-10
49,1,6,82944,2.7252760770555675e-08,-1.3087353486389122e-10
49,2,0,82944,1.747104973872813e-07,0.0
49,2,1,82944,6.235685202941732e-08,-1.7824546868846154e-10
49,2,2,82944,3.599009519519176e-08,-9.751003222942707e-11
49,2,3,82944,2.3963690716814098e-08,-4.122114381359579e-12
49,2,4,82944,1.6839806491364923e-08,-9.63135190624789e-11
49,2,5,82944,1.1825526877749332e-08,-2.5699146089072747e-10
49,2,6,82944,8.026079684932471e-09,-2.6023498520369133e-10
49,3,0,82944,1.7451218393912795e-07,0.0
49,3,1,82944,3.843080115690135e-08,3.1622888566906736e-11
49,3,2,82944,1.7712539335155684e-08,6.656115125912986e-11
49,3,3,82944,1.0194498308519067e-08,-9.570461133894384e-11
49,3,4,82944,6.301479990087895e-09,5.434973988373838e-11
49,3,5,82944,3.8963655860885514e-09,-5.1711453553921943e-11
49,3,6,82944,2.4845405071634597e-09,-1.1879498931014384e-10
49,4,0,82944,1.7435686773777038e-07,0.0
49,4,1,82944,2.3907128287277704e-08,2.432910575929207e-11
49,4,2,82944,8.835152867159062e-09,-4.694157966350319e-11
49,4,3,82944,4.495241231398115e-09,3.5552682235743734e-12
49,4,4,82944,2.543014676810222e-09,1.4544092225756705e-10
49,4,5,82944,1.4246340193342426e-09,-1.1460874030217403e-10
49,4,6,82944,9.222736477127265e-10,-5.13105845324151e-11
49,5,0,82944,1.745016987401853e-07,0.0
49,5,1,82944,1.4871328199779897e-08,6.463240931958079e-11
49,5,2,82944,4.596047575105325e-09,-4.1969950751991286e-11
49,5,3,82944,2.1411354719171323e-09,8.407709721176744e-12
49,5,4,82944,1.1472967672391725e-09,-2.022842197750211e-10
49,5,5,82944,7.562551381962301e-10,-1.0304337014131669e-10
49,5,6,82944,3.201704490420418e-10,-1.1493021036137281e-11
49,6,0,82944,1.7465568943029677e-07,0.0
49,6,1,82944,9.02149156813617e-09,1.2276799402728323e-10
49,6,2,82944,2.288980449030484e-09,-1.902333280621077e-10
49,6,3,82944,9.233821169985516e-10,-1.9586808901764767e-11
49,6,4,82944,4.390452286096681e-10,-1.1140542796680923e-10
49,6,5,82944,3.3032530519678323e-10,-1.1612692302151126e-10
49,6,6,82944,1.6143879976309906e-10,-1.5817314911591947e-10
49,7,0,82944,1.7468458565190666e-07,0.0
49,7,1,82944,5.31271356552153e-09,1.634338309321254e-10
49,7,2,82944,1.1176864503968978e-09,-2.2002883792587317e-10
49,7,3,82944,6.230233067228478e-10,-1.0283893987115627e-10
49,7,4,82944,2.6554788911593494e-10,-3.2582355046908457e-10
49,7,5,82944,4.371774798691008e-11,-9.060551522930923e-11
49,7,6,82944,3.882477309536587e-11,-1.5483223294624025e-11
49,8,0,82944,1.7420983670619295e-07,0.0
49,8,1,82944,3.456682102768e-09,1.8429654418054628e-10
49,8,2,82944,5.197173459378735e-10,-1.109212092561826e-10
49,8,3,82944,3.1996100136891113e-10,9.439462998923659e-11
49,8,4,82944,9.148898026846102e-11,6.583473046891062e-11
49,8,5,82944,2.0681979228489276e-10,8.55215833923521e-11
49,8,6,82944,6.428503279955432e-11,8.650013251138549e-11
50,1,0,82944,1.7698155743892707e-07,0.0
50,1,1,82944,1.0270372782558323e-07,-3.8172848406809757e-11
50,1,2,82944,7.573073108470549e-08,-8.46432982621188e-11
50,1,3,82944,5.938800715046603e-08,-1.9956133674341733e-10
50,1,4,82944,4.679529629441392e-08,-2.9263035660677154e-10
50,1,5,82944,3.6399930677364736e-08,-3.7348283458940817e-10
50,1,6,82944,2.7922052381202576e-08,-3.4611278770831553e-10
50,2,0,82944,1.7536653663689624e-07,0.0
50,2,1,82944,6.240048272052678e-08,1.4792875404589856e-10
50,2,2,82944,3.6569162410524735e-08,2.1045853086564266e-10
50,2,3,82944,2.464615229656851e-08,4.171601374795498e-10
50,2,4,82944,1.7284220571249328e-08,1.467460254543936e-10
50,2,5,82944,1.1984427993497058e-08,8.702917481964479e-12
50,2,6,82944,8.236706518838491e-09,-9.453334143163912e-11
50,3,0,82944,1.7558211620727882e-07,0.0
50,3,1,82944,3.889034514216893e-08,1.4910125296203352e-10
50,3,2,82944,1.8255322687228122e-08,1.4647887125930806e-10
50,3,3,82944,1.0900079625798803e-08,1.415227691608926e-10
50,3,4,82944,6.709979523247759e-09,2.844150344402189e-10
50,3,5,82944,4.382934618839123e-09,2.732269240188107e-10
50,3,6,82944,2.752870156918569e-09,1.7339622224054344e-10
50,4,0,82944,1.7486490535535883e-07,0.0
50,4,1,82944,2.408697237259333e-08,3.1432036592121384e-11
50,4,2,82944,9.495713206292847e-09,7.028925166022149e-11
50,4,3,82944,4.873133358699761e-09,6.929337175625997e-11
50,4,4,82944,2.766991546469972e-09,-6.420247221565355e-11
50,4,5,82944,1.504772781325122e-09,3.593263413475793e-11
50,4,6,82944,1.0397277350927956e-09,1.8435427467317808e-10
50,5,0,82944,1.750073331383281e-07,0.0
50,5,1,82944,1.4872522932047978e-08,1.1029592245804927e-10
50,5,2,82944,4.605016345566942e-09,6.155520643764458e-11
50,5,3,82944,2.307220873563798e-09,8.087474879747361e-11
50,5,4,82944,1.4420544259379543e-09,3.256172890170081e-10
50,5,5,82944,7.94984045413161e-10,-1.1760689381947543e-11
50,5,6,82944,5.486415589049363e-10,4.216516052308323e-11
50,6,0,82944,1.7528832992750193e-07,0.0
50,6,1,82944,9.108319853006072e-09,-6.021541466963662e-11
50,6,2,82944,2.2597335382219716e-09,2.927712388655733e-12
50,6,3,82944,1.0275750021106716e-09,1.6194169007562997e-10
50,6,4,82944,4.3993652722807696e-10,2.8789359258278626e-10
50,6,5,82944,1.6786151085818203e-10,-4.11940515430494e-11
50,6,6,82944,8.115696512714629e-11,1.7529379617408068e-11
50,7,0,82944,1.756452694203719e-07,0.0
50,7,1,82944,5.729447313456521e-09,1.0370107943390321e-10
50,7,2,82944,1.0138842408998996e-09,-1.5522616870839448e-10
50,7,3,82944,3.5097034720391243e-10,2.5053491243913846e-10
50,7,4,82944,1.1570948282592441e-10,5.848046832025806e-11
50,7,5,82944,-8.695357939837367e-11,7.791761175433592e-11
50,7,6,82944,1.133625038649155e-10,9.562539560247644e-11
50,8,0,82944,1.748126175773213e-07,0.0
50,8,1,82944,3.6398342174922647e-09,-1.404995484319776e-10
50,8,2,82944,5.435630618642808e-10,-1.8307068534131012e-10
50,8,3,82944,3.1868112969532637e-10,1.751694669155316e-11
50,8,4,82944,-8.490412055751878e-11,1.8058261546273567e-11
50,8,5,82944,2.1898437370240172e-10,3.099737318520106e-10
50,8,6,82944,2.7832311095863773e-10,-2.3095447977568977e-11
51,1,0,82944,1.7684649466394536e-07,0.0
51,1,1,82944,1.0257712399850597e-07,4.897041634805818e-10
51,1,2,82944,7.539015026429173e-08,8.2251018655347e-10
51,1,3,82944,5.924683409693173e-08,1.0586843675397706e-09
51,1,4,82944,4.7002624203420706e-08,1.2045034115328774e-09
51,1,5,82944,3.669611035104556e-08,1.2956642301236599e-09
51,1,6,82944,2.8138229658117624e-08,1.343920114294373e-09
51,2,0,82944,1.7500933240564007e-07,0.0
51,2,1,82944,6.223998015603308e-08,1.295030636932771e-10
51,2,2,82944,3.642704408518814e-08,1.4031119310142337e-10
51,2,3,82944,2.4774097820238514e-08,2.980125644836649e-10
51,2,4,82944,1.7787703840559354e-08,4.2593909153759094e-10
51,2,5,82944,1.2699444397844415e-08,2.8350237865015137e-10
51,2,6,82944,8.851948787596844e-09,2.6284815789098417e-10
51,3,0,82944,1.7428631305164881e-07,0.0
51,3,1,82944,3.839459048175375e-08,-4.3782295476687317e-11
51,3,2,82944,1.81090308585801e-08,-3.41101120072617e-11
51,3,3,82944,1.0791418049600284e-08,1.9012763481307293e-10
51,3,4,82944,6.9231729528249135e-09,1.0837814121001432e-11
51,3,5,82944,4.5418701321884954e-09,1.2711368111033283e-10
51,3,6,82944,2.9541307530755115e-09,1.5380378860436984e-10
51,4,0,82944,1.7440665401300314e-07,0.0
51,4,1,82944,2.3888730454282212e-08,1.9351364015534487e-10
51,4,2,82944,9.156430075965052e-09,2.717682214555913e-10
51,4,3,82944,4.678828845034097e-09,1.4592091205414058e-10
51,4,4,82944,2.757383995014834e-09,1.0082797952877133e-11
51,4,5,82944,1.4884364514122885e-09,1.0893615779072751e-10
51,4,6,82944,9.086409633388177e-10,1.3281718675414869e-10
51,5,0,82944,1.7425415771135236e-07,0.0
51,5,1,82944,1.4606892237884033e-08,2.5747489954068046e-10
51,5,2,82944,4.4639970135171265e-09,1.1570668484331391e-10
51,5,3,82944,1.9585333694422956e-09,-3.2700830187031173e-11
51,5,4,82944,1.0952615977248264e-09,-4.228913003253136e-11
51,5,5,82944,4.721995707795054e-10,2.754600379548708e-10
51,5,6,82944,4.712384702754339e-10,8.344122661035881e-11
51,6,0,82944,1.7448536712964046e-07,0.0
51,6,1,82944,9.036373290415492e-09,1.7245839106226581e-10
51,6,2,82944,2.1862911151067216e-09,-1.593718387281625e-10
51,6,3,82944,8.865801948583667e-10,-1.9550073073801283e-11
51,6,4,82944,1.551479367831693e-10,-1.8785906295497733e-10
51,6,5,82944,1.755666217977547e-10,2.0412371930628743e-11
51,6,6,82944,1.3894269623771578e-10,9.25993893965997e-11
51,7,0,82944,1.7454262734731543e-07,0.0
51,7,1,82944,5.511325857971563e-09,4.2229530070803727e-10
51,7,2,82944,1.0521254099893343e-09,1.0905622937550298e-10
51,7,3,82944,5.097040230304244e-10,4.4288931667832546e-11
51,7,4,82944,-2.6385559027932397e-11,-2.65244425112744e-10
51,7,5,82944,1.0092196805573454e-10,-2.595177130493872e-11
51,7,6,82944,-1.2772828309155174e-10,-4.345572588707198e-11
51,8,0,82944,1.7384695453216687e-07,0.0
51,8,1,82944,3.3843271723951354e-09,1.6363670478430135e-10
51,8,2,82944,4.3764973473124663e-10,-8.275471126649845e-11
51,8,3,82944,2.094202344280584e-10,5.973363707488521e-11
51,8,4,82944,6.214446123140039e-11,-8.394460006027309e-11
51,8,5,82944,4.8915627292646503e-11,8.395946932425668e-11
51,8,6,82944,-9.213328489820636e-11,4.3983332776943224e-11
52,1,0,82944,1.7777626054137868e-07,0.0
52,1,1,82944,1.0339031554540043e-07,-3.785871355877799e-10
52,1,2,82944,7.609022270156749e-08,-8.103286240519753e-10
52,1,3,82944,5.969694486708263e-08,-1.1137820053178427e-09
52,1,4,82944,4.7108764120216196e-08,-1.236009195081366e-09
52,1,5,82944,3.676495298229537e-08,-1.3218992775453184e-09
52,1,6,82944,2.8166258798764793e-08,-1.2485903540278322e-09
52,2,0,82944,1.7526703121995641e-07,0.0
52,2,1,82944,6.247364290831711e-08,1.4011512822632174e-10
52,2,2,82944,3.6863794036417783e-08,7.477336623867605e-11
52,2,3,82944,2.4955714404868676e-08,1.9306409724769092e-10
52,2,4,82944,1.7617151444127733e-08,1.7630466854771987e-10
52,2,5,82944,1.2456888493681104e-08,2.865167746896205e-10
52,2,6,82944,8.75645057832864e-09,3.912797656632654e-10
52,3,0,82944,1.737143219935318e-07,0.0
52,3,1,82944,3.814280558628877e-08,-1.0901255244906614e-10
52,3,2,82944,1.7866983823787897e-08,-2.122060407253066e-10
52,3,3,82944,1.0530934042986847e-08,5.806698889394505e-12
52,3,4,82944,6.803711747133015e-09,1.0394308111769214e-10
52,3,5,82944,4.464222424109372e-09,8.798778551057606e-11
52,3,6,82944,2.6923709526346283e-09,4.0488206763753494e-11
52,4,0,82944,1.7413516866511083e-07,0.0
52,4,1,82944,2.3667014911386805e-08,-4.969925807748274e-11
52,4,2,82944,8.699840292944287e-09,-5.4147619879742374e-11
52,4,3,82944,4.497329795442569e-09,-8.561420872319573e-11
52,4,4,82944,2.654489665248279e-09,-8.15653820508421e-11
52,4,5,82944,1.5698352281960951e-09,-1.1635678010485445e-10
52,4,6,82944,8.425681265870605e-10,-1.1629485247923417e-10
52,5,0,82944,1.7465780987735545e-07,0.0
52,5,1,82944,1.4661000875914992e-08,-7.009346313020411e-11
52,5,2,82944,4.211441277961194e-09,2.0014764163858189e-10
52,5,3,82944,1.952171170726e-09,1.9639226935647315e-11
52,5,4,82944,1.0544972677948532e-09,-2.7729017954844687e-10
52,5,5,82944,6.507184307376689e-10,-4.054000776724421e-11
52,5,6,82944,2.3843825330481693e-10,-2.3012323714104404e-10
52,6,0,82944,1.735272175397086e-07,0.0
52,6,1,82944,8.841424480334272e-09,1.3412959004332706e-10
52,6,2,82944,2.491269214695311e-09,7.113094319535412e-12
52,6,3,82944,1.0262758252490757e-09,2.0074664386876124e-10
52,6,4,82944,5.564954087649086e-10,1.2217577778652596e-11
52,6,5,82944,2.3769042393366856e-10,6.526446531828587e-11
52,6,6,82944,-9.984063834779045e-11,9.533813953647917e-11
52,7,0,82944,1.7436999734382225e-07,0.0
52,7,1,82944,5.612717734756749e-09,1.2119734347870095e-10
52,7,2,82944,1.1787888626870308e-09,1.5149899734090564e-10
52,7,3,82944,5.070390332877015e-10,-1.215512967942303e-11
52,7,4,82944,1.613217704015746e-10,1.9139427767481052e-11
52,7,5,82944,1.3274323922708216e-10,-6.001524852854771e-12
52,7,6,82944,1.0486992545719518e-11,5.674802713245842e-11
52,8,0,82944,1.7472746226766832e-07,0.0
52,8,1,82944,3.370968396770844e-09,-2.7610012914618197e-11
52,8,2,82944,3.9038405745365067e-10,5.339053535881983e-11
52,8,3,82944,2.659572026596251e-10,-2.1847278662967138e-10
52,8,4,82944,-1.8003643826529973e-10,3.4243411605921826e-11
52,8,5,82944,3.914524182762801e-11,9.075952111959927e-11
52,8,6,82944,-2.1721308413449736e-10,-1.119009038238595e-10
53,1,0,82944,1.7596058488664756e-07,0.0
53,1,1,82944,1.0225808142914299e-07,-4.5563869747764873e-10
53,1,2,82944,7.522745336249694e-08,-8.062988880396949e-10
53,1,3,82944,5.871666651780982e-08,-1.044478766172658e-09
53,1,4,82944,4.6120517953700536e-08,-1.20972290512108e-09
53,1,5,82944,3.578615381332891e-08,-1.221779118706343e-09
53,1,6,82944,2.7246381132992144e-08,-1.245299895351681e-09
53,2,0,82944,1.7433178529017503e-07,0.0
53,2,1,82944,6.259076990982799e-08,-8.271526037428214e-11
53,2,2,82944,3.681019413469391e-08,-4.40169840378422e-11
53,2,3,82944,2.5100683165432333e-08,-2.3558900220330434e-10
53,2,4,82944,1.7815586920297693e-08,3.9734206442812064e-11
53,2,5,82944,1.2823637316375248e-08,1.5435417005478369e-10
53,2,6,82944,9.062861856047228e-09,1.4425863467703508e-10
53,3,0,82944,1.7463215426649697e-07,0.0
53,3,1,82944,3.861272560563288e-08,-1.221286963771593e-10
53,3,2,82944,1.8100578386489996e-08,-3.297623023320231e-10
53,3,3,82944,1.0681509298551087e-08,-6.201041555167582e-11
53,3,4,82944,6.777951646101916e-09,-6.463997954457604e-11
53,3,5,82944,4.5077063122247166e-09,8.717706114443396e-11
53,3,6,82944,2.735885792884275e-09,1.3584442256755366e-11
53,4,0,82944,1.748392719009423e-07,0.0
53,4,1,82944,2.4154278592976967e-08,-1.9835062610425082e-10
53,4,2,82944,9.019395794488785e-09,-1.2416288036702882e-10
53,4,3,82944,4.798765759654017e-09,-3.2343657427444802e-12
53,4,4,82944,2.640998958045993e-09,2.31612154685482e-11
53,4,5,82944,1.5829235450678728e-09,-7.184072063739177e-11
53,4,6,82944,9.434700864806615e-10,1.0363015506271019e-10
53,5,0,82944,1.7516475431379635e-07,0.0
53,5,1,82944,1.493691388792077e-08,-3.0362818006650407e-11
53,5,2,82944,4.712676539033821e-09,-4.0703461437792984e-11
53,5,3,82944,2.043213051188567e-09,1.0215653333964993e-10
53,5,4,82944,1.113302416944861e-09,1.2418985338340253e-10
53,5,5,82944,6.651060074746896e-10,3.285349155464197e-11
53,5,6,82944,3.7143798601207505e-10,1.0834444515724879e-10
53,6,0,82944,1.740732262707875e-07,0.0
53,6,1,82944,9.329701902122827e-09,5.262441504938592e-11
53,6,2,82944,2.193329284954076e-09,1.0385821984622032e-10
53,6,3,82944,8.233343631008939e-10,1.101307513110849e-10
53,6,4,82944,4.3176926939725133e-10,6.502756244393993e-11
53,6,5,82944,4.0556077630106534e-10,-5.088925093254073e-11
53,6,6,82944,9.922390740609318e-11,1.3165751281482654e-10
53,7,0,82944,1.7452525881575117e-07,0.0
53,7,1,82944,5.598572041208361e-09,6.475897271826201e-11
53,7,2,82944,1.1367855740162554e-09,-2.638358645085159e-11
53,7,3,82944,4.015906584331185e-10,-1.724574507913565e-11
53,7,4,82944,3.3334394162381224e-10,1.2198314010647495e-10
53,7,5,82944,1.6608567350988056e-10,6.010105222887447e-11
53,7,6,82944,-6.410263549795613e-11,-1.775781336582988e-11
53,8,0,82944,1.7433500285520564e-07,0.0
53,8,1,82944,3.5859600588414138e-09,8.662270470680253e-11
53,8,2,82944,5.221347385380729e-10,7.073257721237732e-11
53,8,3,82944,2.4796975145185645e-10,1.422131274034646e-10
53,8,4,82944,7.941920582430282e-11,4.2387682779008284e-11
53,8,5,82944,5.87731394168268e-11,-1.5146477403923355e-10
53,8,6,82944,-1.1204119267057089e-10,-1.0473129642592867e-10
54,1,0,82944,1.7601003472494997e-07,0.0
54,1,1,82944,1.0186173383458011e-07,-1.5019304792652938e-10
54,1,2,82944,7.441370393169024e-08,-2.0887209036046993e-10
54,1,3,82944,5.787145565548508e-08,-2.247853028707957e-10
54,1,4,82944,4.55362488506855e-08,-2.5700424621264557e-10
54,1,5,82944,3.542523079852493e-08,-2.497545370618177e-10
54,1,6,82944,2.7022302571355148e-08,-2.8309966443580295e-10
54,2,0,82944,1.7417030629557106e-07,0.0
54,2,1,82944,6.151094091207869e-08,-1.1045734795066957e-10
54,2,2,82944,3.576529411196413e-08,-1.1693954793146433e-11
54,2,3,82944,2.458848237344331e-08,1.1876913824139002e-10
54,2,4,82944,1.743242829522797e-08,2.886685669144094e-10
54,2,5,82944,1.2240676714188273e-08,1.8613782789654494e-10
54,2,6,82944,8.686609930191333e-09,9.456503656367289e-11
54,3,0,82944,1.7464287524844883e-07,0.0
54,3,1,82944,3.814473370080806e-08,7.751560422271179e-11
54,3,2,82944,1.792039344605157e-08,3.178153622762687e-11
54,3,3,82944,1.0651697303247433e-08,7.202661889988031e-11
54,3,4,82944,6.850169712420743e-09,2.524102409275379e-10
54,3,5,82944,4.477059021574393e-09,1.6000212291660596e-10
54,3,6,82944,2.8863720844636084e-09,1.623612892498729e-11
54,4,0,82944,1.7472359817639723e-07,0.0
54,4,1,82944,2.395169464922634e-08,4.6756599993040655e-11
54,4,2,82944,9.106081114850198e-09,-4.79284043484757e-10
54,4,3,82944,4.775217768002343e-09,-3.6377464379636524e-10
54,4,4,82944,2.5599970233965225e-09,-3.351464109692487e-10
54,4,5,82944,1.5489537277599947e-09,-2.3486151734537946e-10
54,4,6,82944,8.093194465504663e-10,-7.75618631445298e-11
54,5,0,82944,1.7430540237191425e-07,0.0
54,5,1,82944,1.4766644957225359e-08,1.1336400633315791e-10
54,5,2,82944,4.44142118847418e-09,-1.8610494472282407e-10
54,5,3,82944,1.9881240516465973e-09,-9.658838117623945e-11
54,5,4,82944,1.0466490855763088e-09,-1.0511471908950801e-10
54,5,5,82944,4.15195920348471e-10,-9.176048667817295e-11
54,5,6,82944,4.093462032123336e-10,-8.574032247129952e-11
54,6,0,82944,1.7479687435774973e-07,0.0
54,6,1,82944,9.063622104657764e-09,-1.883855948221663e-10
54,6,2,82944,2.3401128811484304e-09,-1.224515162341414e-10
54,6,3,82944,7.46538589320256e-10,-8.625335003834028e-11
54,6,4,82944,4.36486206232032e-10,-3.405086555398739e-11
54,6,5,82944,2.273649915660833e-10,-2.3586050483396895e-10
54,6,6,82944,-2.1107724960408422e-11,-2.0918463724005078e-11
54,7,0,82944,1.7429173915593463e-07,0.0
54,7,1,82944,5.632757736098594e-09,-1.0328551726884182e-10
54,7,2,82944,1.183782009010052e-09,4.081127885587223e-11
54,7,3,82944,5.504780004213347e-10,-4.0401083056609543e-10
54,7,4,82944,2.908016188208099e-10,5.863854271457621e-11
54,7,5,82944,2.2158225771234628e-10,3.360427225119093e-11
54,7,6,82944,1.1253050801772242e-10,-4.8819987054015416e-11
54,8,0,82944,1.739915586321387e-07,0.0
54,8,1,82944,3.6331485813332186e-09,-8.913637186230088e-12
54,8,2,82944,6.534928415525332e-10,-1.9603030900086832e-10
54,8,3,82944,2.2474659731868792e-10,-3.114494372875592e-10
54,8,4,82944,1.4498352410882863e-10,-1.3056900901833516e-11
54,8,5,82944,2.7472432963315802e-11,-2.0634221783915363e-10
54,8,6,82944,2.492531496577804e-11,1.8197115136940102e-10
55,1,0,82944,1.7763646225721566e-07,0.0
55,1,1,82944,1.0331685899453714e-07,-1.1354026972608491e-10
55,1,2,82944,7.597980913520801e-08,-3.072854103225724e-10
55,1,3,82944,5.964435413987597e-08,-3.038470320579787e-10
55,1,4,82944,4.716030199340233e-08,-1.8072851647076408e-10
55,1,5,82944,3.692072897208299e-08,-1.959589841919702e-10
55,1,6,82944,2.827716832310473e-08,-8.927498388801272e-11
55,2,0,82944,1.7579890242507116e-07,0.0
55,2,1,82944,6.296768496919711e-08,-2.340696195465776e-10
55,2,2,82944,3.6927527126454445e-08,-4.581247015600752e-10
55,2,3,82944,2.498630431053544e-08,-2.876167963700025e-10
55,2,4,82944,1.785784137903901e-08,-2.4952947984034016e-10
55,2,5,82944,1.2957252156820915e-08,-2.0832478631152991e-10
55,2,6,82944,9.13698819210477e-09,-1.6714386936166126e-10
55,3,0,82944,1.7526914239102034e-07,0.0
55,3,1,82944,3.88159370854283e-08,-8.081869371338849e-11
55,3,2,82944,1.8060580543475e-08,-4.93349163634899e-11
55,3,3,82944,1.0542033971761996e-08,2.7499817141766397e-11
55,3,4,82944,6.746711957376078e-09,2.0907044713355615e-11
55,3,5,82944,4.388996478976048e-09,-4.6411403730314234e-11
55,3,6,82944,2.9603764646613398e-09,-2.0049124468222374e-11
55,4,0,82944,1.7532929323127096e-07,0.0
55,4,1,82944,2.3919166859910486e-08,-2.7731278865153096e-11
55,4,2,82944,8.832350930286022e-09,-1.0626545927072772e-10
55,4,3,82944,4.625036673814704e-09,-5.99304966234582e-11
55,4,4,82944,2.6116057662892117e-09,-9.06532009768192e-11
55,4,5,82944,1.4655652947650312e-09,-2.979230475268924e-11
55,4,6,82944,1.0933620958605799e-09,1.8907929726421323e-10
55,5,0,82944,1.747292979338095e-07,0.0
55,5,1,82944,1.4506560920535202e-08,2.1104613530522081e-10
55,5,2,82944,4.218932004118718e-09,2.1175271814325365e-11
55,5,3,82944,1.9931551276339667e-09,2.598631633337059e-11
55,5,4,82944,7.784162718318085e-10,1.3839336478211367e-10
55,5,5,82944,3.043693634413757e-10,1.648817220386393e-10
55,5,6,82944,2.2589506511500985e-10,2.2140748673702503e-10
55,6,0,82944,1.7476469689184679e-07,0.0
55,6,1,82944,9.415774120681496e-09,3.551181754249871e-11
55,6,2,82944,2.3802684441388033e-09,2.0278367784774553e-11
55,6,3,82944,9.330214613933707e-10,-8.520699187401533e-11
55,6,4,82944,5.60533567110653e-10,5.7623047975520584e-11
55,6,5,82944,1.0919077959582809e-11,-3.668483090952702e-11
55,6,6,82944,1.0978892141037003e-10,1.470347283766427e-10
55,7,0,82944,1.7382696216764252e-07,0.0
55,7,1,82944,5.751259654768384e-09,2.0189719973647373e-10
55,7,2,82944,1.3580838210406298e-09,-4.930090591750734e-11
55,7,3,82944,6.468229206062981e-10,-1.8310792871467836e-10
55,7,4,82944,2.923961335172894e-10,5.5962490675026306e-11
55,7,5,82944,1.8632730181419727e-11,1.7318921171216786e-10
55,7,6,82944,2.264487851612008e-11,-4.5404115245866975e-11
55,8,0,82944,1.7412570245077533e-07,0.0
55,8,1,82944,3.558857892682753e-09,7.139216137664219e-11
55,8,2,82944,5.383160461219839e-10,2.087816583256333e-10
55,8,3,82944,2.218273551868815e-10,-4.936639079697265e-11
55,8,4,82944,3.13085581698323e-10,-5.937004570718282e-11
55,8,5,82944,-3.75474109175374e-11,-1.3972918663658942e-11
55,8,6,82944,-9.578397219878012e-12,1.2107561871006104e-10
56,1,0,82944,1.76824340714057e-07,0.0
56,1,1,82944,1.023156630601257e-07,-1.9050016428821195e-12
56,1,2,82944,7.470535518529899e-08,9.290766403021051e-11
56,1,3,82944,5.845697894907907e-08,1.373843172612278e-10
56,1,4,82944,4.6103319870360544e-08,4.601419255008561e-12
56,1,5,82944,3.590873472715537e-08,-1.341366929072315e-10
56,1,6,82944,2.7476899499508447e-08,-2.095610542090203e-10
56,2,0,82944,1.755691910539333e-07,0.0
56,2,1,82944,6.236585850940956e-08,-1.8704174346712178e-10
56,2,2,82944,3.6278854538183476e-08,-1.1919538169538438e-10
56,2,3,82944,2.4293168973022085e-08,-2.269424176427608e-10
56,2,4,82944,1.6971088982630023e-08,-2.087461715063221e-10
56,2,5,82944,1.1996123796444148e-08,-8.789296332308066e-11
56,2,6,82944,8.202935724814762e-09,-1.0028994922956678e-10
56,3,0,82944,1.7524514045679376e-07,0.0
56,3,1,82944,3.857891736790904e-08,-6.688640239553358e-11
56,3,2,82944,1.7958718582701352e-08,1.3945910101258555e-10
56,3,3,82944,1.0583171685519123e-08,-2.3981395674351595e-10
56,3,4,82944,6.356971077563458e-09,2.5698787997046585e-11
56,3,5,82944,4.170301286936777e-09,-1.390990295649472e-10
56,3,6,82944,2.794742809949808e-09,-2.2876194618119853e-10
56,4,0,82944,1.7479481809554434e-07,0.0
56,4,1,82944,2.4022529178631643e-08,-1.0519725397352111e-10
56,4,2,82944,8.714741383117597e-09,-7.245519389780145e-11
56,4,3,82944,4.589601483662068e-09,-3.643872050915979e-10
56,4,4,82944,2.6051154936264526e-09,-5.3885923651386314e-11
56,4,5,82944,1.351866700276876e-09,-9.009551683760645e-11
56,4,6,82944,8.733750480438574e-10,-1.2839995601964046e-10
56,5,0,82944,1.747409756336995e-07,0.0
56,5,1,82944,1.4826323111978562e-08,5.356588199031554e-12
56,5,2,82944,4.48823849642309e-09,-9.537310666946654e-11
56,5,3,82944,2.043155959162441e-09,1.2358615547422326e-10
56,5,4,82944,1.161045908232708e-09,-7.119749019117082e-11
56,5,5,82944,7.00300120246828e-10,-1.0398084710947565e-11
56,5,6,82944,5.697563805018307e-10,-1.2508723165589135e-10
56,6,0,82944,1.7459093592367668e-07,0.0
56,6,1,82944,9.14301611874185e-09,-9.97806940355218e-11
56,6,2,82944,2.254631411008431e-09,-2.911184140415324e-10
56,6,3,82944,1.249568160726478e-09,1.413738044110624e-10
56,6,4,82944,5.404421527456185e-10,-3.291168306420382e-11
56,6,5,82944,3.197707204592489e-10,5.0287832385399226e-11
56,6,6,82944,2.2055044413928352e-10,7.968919245188747e-11
56,7,0,82944,1.7411390483772807e-07,0.0
56,7,1,82944,5.618843455734951e-09,-5.612008289965351e-11
56,7,2,82944,1.2229723011615387e-09,5.259971275697449e-11
56,7,3,82944,7.727897469623586e-10,2.446621947678339e-10
56,7,4,82944,2.9782025402457876e-10,4.085054020688231e-11
56,7,5,82944,1.2232822816717748e-10,6.82206625169514e-11
56,7,6,82944,1.8706459555538914e-10,1.141863108566634e-10
56,8,0,82944,1.7408175487873688e-07,0.0
56,8,1,82944,3.4952896649454812e-09,2.8776740402083915e-11
56,8,2,82944,6.736388088805484e-10,9.23574104057865e-11
56,8,3,82944,2.8094264338878287e-10,3.9656792331514685e-11
56,8,4,82944,7.604145512313788e-11,-1.5295303129833052e-11
56,8,5,82944,4.070277702731478e-11,7.295139546583842e-12
56,8,6,82944,-5.795656122572102e-11,-7.420296908047012e-11
57,1,0,82944,1.769164160943603e-07,0.0
57,1,1,82944,1.0250118426413059e-07,3.37639881051138e-10
57,1,2,82944,7.460582969004573e-08,5.991555068100542e-10
57,1,3,82944,5.774111333897657e-08,5.007611913338274e-10
57,1,4,82944,4.5066302250675316e-08,5.751371616883173e-10
57,1,5,82944,3.457706162543294e-08,5.362058828516811e-10
57,1,6,82944,2.6141571344410765e-08,5.861405120369815e-10
57,2,0,82944,1.7443061414883971e-07,0.0
57,2,1,82944,6.210210581096016e-08,6.666462335334393e-11
57,2,2,82944,3.58004339062182e-08,-6.813226702673548e-11
57,2,3,82944,2.395754215939327e-08,-2.7601030947960133e-11
57,2,4,82944,1.6836241388118255e-08,-5.709641707241348e-11
57,2,5,82944,1.1819826697730288e-08,-2.0212613122709243e-10
57,2,6,82944,8.188632062623654e-09,-8.332076592947488e-11
57,3,0,82944,1.7497316287400954e-07,0.0
57,3,1,82944,3.834595056005509e-08,1.6706966805083093e-10
57,3,2,82944,1.7764505920015693e-08,6.813248286830189e-11
57,3,3,82944,1.0519882464628409e-08,-1.1833470561712212e-10
57,3,4,82944,6.965298345380017e-09,1.624260426390563e-10
57,3,5,82944,4.470108237220321e-09,-1.985916924654543e-10
57,3,6,82944,2.9648147410143044e-09,-4.175061341059492e-11
57,4,0,82944,1.746629975943465e-07,0.0
57,4,1,82944,2.3956528900601014e-08,9.102286461050042e-11
57,4,2,82944,8.783635358596691e-09,-7.620557604249149e-11
57,4,3,82944,4.607252642482791e-09,-9.56484325275897e-11
57,4,4,82944,2.787443425519862e-09,-2.1532544254539456e-11
57,4,5,82944,1.5766569420741567e-09,5.3723342236791036e-11
57,4,6,82944,8.814831046479747e-10,2.369492507641587e-11
57,5,0,82944,1.7381408719567099e-07,0.0
57,5,1,82944,1.4730055489099768e-08,1.9858543928558506e-10
57,5,2,82944,4.074928803024004e-09,-1.2756984718467937e-10
57,5,3,82944,2.0719154895742373e-09,2.054278513078164e-11
57,5,4,82944,1.1834668666269311e-09,-3.49330566291592e-11
57,5,5,82944,5.332636991747835e-10,-8.154480795011618e-11
57,5,6,82944,3.4706049400428317e-10,-1.1386220527433032e-10
57,6,0,82944,1.7482406088480494e-07,0.0
57,6,1,82944,9.234832379122922e-09,2.5693074045177165e-11
57,6,2,82944,1.970909903116628e-09,-1.754129858158324e-10
57,6,3,82944,8.512075673873197e-10,-2.4061477787175486e-10
57,6,4,82944,5.349438641223292e-10,-2.910653288042575e-10
57,6,5,82944,1.7250419568173227e-10,-1.6456612224218393e-10
57,6,6,82944,1.5523422953779457e-10,-3.415268825850499e-11
57,7,0,82944,1.748626124875384e-07,0.0
57,7,1,82944,5.682495456965519e-09,-2.1258673037029315e-11
57,7,2,82944,7.193026970012091e-10,-1.9556037350348568e-10
57,7,3,82944,2.1131988042109486e-10,3.649185671497121e-11
57,7,4,82944,1.1481213068807886e-10,-2.192672487372851e-10
57,7,5,82944,2.3596959218742294e-11,-1.0250715819564061e-10
57,7,6,82944,1.8545179847160328e-10,-2.3555642333085556e-11
57,8,0,82944,1.7517399161546856e-07,0.0
57,8,1,82944,3.4245683069351527e-09,-2.8476927199401814e-11
57,8,2,82944,5.429678606300338e-10,-1.9962659797008912e-10
57,8,3,82944,1.849801408562987e-10,-1.5289042240789747e-10
57,8,4,82944,3.5798841335230357e-10,1.2915362902502313e-10
57,8,5,82944,2.770670485612464e-11,-1.1057965253645094e-10
57,8,6,82944,3.5237902000374602e-12,-4.378592105303651e-11
58,1,0,82944,1.764859400812146e-07,0.0
58,1,1,82944,1.0295429809282257e-07,-4.4479906615651894e-11
58,1,2,82944,7.630856256648174e-08,1.6765979993459054e-10
58,1,3,82944,6.049311858965865e-08,2.5712426830786674e-10
58,1,4,82944,4.832916620205668e-08,5.220765536511733e-10
58,1,5,82944,3.8102744573649263e-08,7.805504479340492e-10
58,1,6,82944,2.9771897871699586e-08,8.244543344003156e-10
58,2,0,82944,1.748549550111954e-07,0.0
58,2,1,82944,6.229237824084997e-08,1.869867709548753e-10
58,2,2,82944,3.6640752469464395e-08,1.9898509345919146e-10
58,2,3,82944,2.5196067073373045e-08,1.2607678211890094e-10
58,2,4,82944,1.8108233151892175e-08,2.6304326787440695e-10
58,2,5,82944,1.2899147916684568e-08,2.8679129628093326e-10
58,2,6,82944,9.097832584688497e-09,1.7589809304196335e-10
58,3,0,82944,1.7398024224220185e-07,0.0
58,3,1,82944,3.8236852062799565e-08,-1.0573948029441162e-10
58,3,2,82944,1.7726572658525354e-08,-5.629223215822648e-11
58,3,3,82944,1.0699673963208522e-08,1.6105203949297322e-11
58,3,4,82944,6.6873356922185135e-09,2.1606445937793722e-10
58,3,5,82944,4.3535224377744935e-09,2.7899520270156546e-10
58,3,6,82944,2.803916032069818e-09,1.1746924408409378e-10
58,4,0,82944,1.7405705604780532e-07,0.0
58,4,1,82944,2.3518743577456435e-08,-1.8380258956680622e-10
58,4,2,82944,8.856645234558647e-09,1.432773204796032e-11
58,4,3,82944,4.656936092808604e-09,1.7969211641892243e-11
58,4,4,82944,2.60950860653928e-09,2.799949837429472e-11
58,4,5,82944,1.609015079536792e-09,2.2213856147584176e-10
58,4,6,82944,7.554929782526467e-10,6.115184855668725e-11
58,5,0,82944,1.739260833525647e-07,0.0
58,5,1,82944,1.4368175113354159e-08,-1.7967990307427802e-10
58,5,2,82944,4.425561431893719e-09,1.653405010206256e-10
58,5,3,82944,2.0558882579758983e-09,1.0266436048056032e-11
58,5,4,82944,1.1305010359798185e-09,-4.0328982078581594e-11
58,5,5,82944,6.584042538616319e-10,-3.8921872105809824e-11
58,5,6,82944,3.7678523160457064e-10,-1.96741947980504e-10
58,6,0,82944,1.7396110258092373e-07,0.0
58,6,1,82944,8.961159129215157e-09,-9.570801256123723e-12
58,6,2,82944,2.2911350978825174e-09,1.647491069471128e-10
58,6,3,82944,8.045885274684793e-10,7.136997015394648e-11
58,6,4,82944,4.781606958133813e-10,-1.127518491034915e-10
58,6,5,82944,5.840216093441597e-10,-7.507138844855892e-11
58,6,6,82944,1.2796209632455376e-10,1.4871322647114565e-10
58,7,0,82944,1.7472684625450531e-07,0.0
58,7,1,82944,5.504302196144769e-09,-1.241640407681788e-10
58,7,2,82944,9.743227396297608e-10,1.199242605162284e-10
58,7,3,82944,4.1162967120466995e-10,1.0667356632966607e-10
58,7,4,82944,2.35026845435364e-12,-2.929016366619071e-11
58,7,5,82944,1.1465423297346679e-10,-1.9125323119442014e-10
58,7,6,82944,1.1876590356063537e-10,-2.4783270270210933e-11
58,8,0,82944,1.7422962119949044e-07,0.0
58,8,1,82944,3.538499961285843e-09,-2.041425942595408e-10
58,8,2,82944,6.483021885017018e-10,2.7233929800717895e-10
58,8,3,82944,4.696709951569916e-10,2.4984828611187375e-11
58,8,4,82944,-7.35901042254778e-11,-1.554872153503228e-10
58,8,5,82944,8.02903094536409e-11,-3.1637535252488653e-10
58,8,6,82944,1.2770483468598744e-11,5.76360124596336e-11
59,1,0,82944,1.7713609932187132e-07,0.0
59,1,1,82944,1.0266433759917815e-07,-2.3911101040389985e-10
59,1,2,82944,7.541733177889896e-08,-3.452764820975831e-10
59,1,3,82944,5.9305802966751107e-08,-5.357348482353249e-10
59,1,4,82944,4.6953247624368856e-08,-6.571302730397213e-10
59,1,5,82944,3.681871135254563e-08,-7.328906243583856e-10
59,1,6,82944,2.828347750066795e-08,-6.616246067229627e-10
59,2,0,82944,1.7566509480220797e-07,0.0
59,2,1,82944,6.250404405761324e-08,1.4863263149015164e-10
59,2,2,82944,3.668887891854329e-08,2.1068699087330462e-10
59,2,3,82944,2.5059251067263e-08,2.3769576809928644e-10
59,2,4,82944,1.79516869951151e-08,2.609767591941192e-10
59,2,5,82944,1.2822617841829604e-08,7.20665676397436e-11
59,2,6,82944,8.978549154714642e-09,2.119003160575067e-10
59,3,0,82944,1.7451172340368018e-07,0.0
59,3,1,82944,3.8133773475433055e-08,-1.9585388676443191e-10
59,3,2,82944,1.77311847851786e-08,-3.621282418190886e-10
59,3,3,82944,1.0647973731302361e-08,-2.3922327198140077e-11
59,3,4,82944,6.850331410169835e-09,-9.026048817806098e-11
59,3,5,82944,4.515619578050587e-09,-9.737176317600415e-11
59,3,6,82944,2.8234276174442507e-09,-2.1005225243473052e-11
59,4,0,82944,1.7459331903893956e-07,0.0
59,4,1,82944,2.3638916974924358e-08,-7.019665968714831e-11
59,4,2,82944,9.119572665217725e-09,-3.9469254908960925e-10
59,4,3,82944,4.609850775254717e-09,-2.2461723966529424e-10
59,4,4,82944,2.967531197970421e-09,8.7064097458997e-11
59,4,5,82944,1.734305159225233e-09,-1.474684550107143e-10
59,4,6,82944,8.855171074630604e-10,1.3061427013782357e-10
59,5,0,82944,1.7489944619612687e-07,0.0
59,5,1,82944,1.4556668235185968e-08,-4.557466463236053e-11
59,5,2,82944,4.297527534248852e-09,-6.930255826853167e-11
59,5,3,82944,1.884980625867308e-09,-6.90152067448659e-11
59,5,4,82944,1.0817713354217992e-09,-2.7817669168070647e-10
59,5,5,82944,7.331764573078243e-10,-1.8814108570422457e-10
59,5,6,82944,4.1470746187953226e-10,1.92079468107129e-11
59,6,0,82944,1.7482211451901099e-07,0.0
59,6,1,82944,9.258644864042953e-09,-2.456058600835575e-10
59,6,2,82944,2.1881283694609938e-09,-1.3429436309349204e-10
59,6,3,82944,7.605453708835207e-10,1.1977614064350347e-10
59,6,4,82944,3.6012408247703073e-10,1.8218367021370973e-10
59,6,5,82944,3.770261028958214e-10,1.0805862783391196e-10
59,6,6,82944,8.230687003992087e-11,6.656315301495537e-11
59,7,0,82944,1.7429280586918105e-07,0.0
59,7,1,82944,5.75660040283147e-09,-3.175397508444508e-10
59,7,2,82944,1.3005058197320633e-09,8.407354665766145e-11
59,7,3,82944,4.02994574792802e-10,2.563663768618415e-10
59,7,4,82944,2.956805862542708e-10,2.25368930503469e-10
59,7,5,82944,-7.46023091687335e-12,-1.1773021336276971e-11
59,7,6,82944,1.227749001937961e-10,-1.553743598625997e-11
59,8,0,82944,1.7370135146144746e-07,0.0
59,8,1,82944,3.53545778560693e-09,-3.526877645551062e-10
59,8,2,82944,5.575569666540749e-10,1.6871955689084758e-11
59,8,3,82944,2.390398032512174e-10,2.0360867679054894e-10
59,8,4,82944,2.404618410971718e-10,1.9978444396636757e-10
59,8,5,82944,1.3489586432129604e-10,2.447882169124452e-10
59,8,6,82944,-3.1466593817584096e-11,1.382388183774366e-10
60,1,0,82944,1.7648433407843012e-07,0.0
60,1,1,82944,1.0201313926217248e-07,-1.4413744053412826e-10
60,1,2,82944,7.445175085455422e-08,-2.009963780223007e-10
60,1,3,82944,5.820913794805647e-08,-1.886383387823131e-10
60,1,4,82944,4.5737117050060146e-08,-2.8733218138964577e-10
60,1,5,82944,3.5463121921016464e-08,-3.0344734644177553e-10
60,1,6,82944,2.7122505495632387e-08,-2.6576271506039625e-10
60,2,0,82944,1.759151214129603e-07,0.0
60,2,1,82944,6.256740803594436e-08,-1.0330692625267006e-10
60,2,2,82944,3.663232805777462e-08,-2.0282958808617615e-10
60,2,3,82944,2.4975494411269968e-08,-3.6025204828868765e-10
60,2,4,82944,1.7825893952641593e-08,-3.986593289844416e-10
60,2,5,82944,1.2563567207206045e-08,-4.104067664141552e-10
60,2,6,82944,8.800678680458628e-09,-5.621635832406652e-10
60,3,0,82944,1.7557730602401202e-07,0.0
60,3,1,82944,3.863410048632748e-08,-1.3699214686163984e-10
60,3,2,82944,1.8106256147726694e-08,-1.150950915677462e-10
60,3,3,82944,1.090361300407385e-08,-1.9368788457391298e-10
60,3,4,82944,7.030555355152491e-09,-2.862028210402714e-10
60,3,5,82944,4.484510826520864e-09,-1.0406600279380045e-10
60,3,6,82944,2.8121415073191263e-09,-2.156088680094509e-10
60,4,0,82944,1.7485617068406224e-07,0.0
60,4,1,82944,2.3859146014115975e-08,-2.0003552931085255e-11
60,4,2,82944,8.662573459843421e-09,-1.4450125078565292e-11
60,4,3,82944,4.630458440067717e-09,1.3466609831598997e-10
60,4,4,82944,2.602903889947102e-09,-7.945161423358219e-11
60,4,5,82944,1.412489719011039e-09,1.7415479339608213e-10
60,4,6,82944,8.637110739316976e-10,1.275716447401468e-10
60,5,0,82944,1.744211459545427e-07,0.0
60,5,1,82944,1.5035120498564804e-08,-2.1573000457093237e-11
60,5,2,82944,4.560851203752056e-09,1.614962841312179e-11
60,5,3,82944,2.057621913215965e-09,6.497155890961653e-11
60,5,4,82944,1.1512923584016693e-09,-1.928207429243919e-10
60,5,5,82944,5.076519699260677e-10,1.830989173939471e-11
60,5,6,82944,3.505375686772507e-10,1.6363138857667605e-10
60,6,0,82944,1.7425139566226528e-07,0.0
60,6,1,82944,8.952555269242615e-09,1.6559107629052917e-10
60,6,2,82944,2.156802303871215e-09,1.6715957229086176e-10
60,6,3,82944,6.927095287343248e-10,4.383473488207878e-11
60,6,4,82944,5.789058312371661e-10,-1.9109811632233343e-10
60,6,5,82944,3.0079253820414027e-10,1.6008449940343234e-10
60,6,6,82944,1.9461863587748283e-10,8.622768229746193e-11
60,7,0,82944,1.7455494717090524e-07,0.0
60,7,1,82944,5.803713322296945e-09,1.7463262479082585e-10
60,7,2,82944,9.083311958681657e-10,6.367582180237205e-11
60,7,3,82944,4.5993158581080224e-10,-9.044406138511884e-11
60,7,4,82944,1.0426269734986795e-10,-1.1789386816017957e-10
60,7,5,82944,1.3985519666763287e-10,-5.595314686834578e-11
60,7,6,82944,1.1706663962176014e-11,-5.4513767762195447e-11
60,8,0,82944,1.7495952531274423e-07,0.0
60,8,1,82944,3.6945282857403004e-09,4.486348982870132e-12
60,8,2,82944,4.2440443470929747e-10,5.723568724470399e-14
60,8,3,82944,3.2388776514996436e-10,-1.1462671710741626e-10
60,8,4,82944,2.447752264712555e-11,-1.3900830101744276e-11
60,8,5,82944,-8.65080440513042e-11,4.572623508699124e-11
60,8,6,82944,1.0545830390033455e-11,-4.113792601266653e-11
61,1,0,82944,1.7631943206115158e-07,0.0
61,1,1,82944,1.0215047330556135e-07,1.1589682114949465e-10
61,1,2,82944,7.471179975971097e-08,1.4657452210914134e-10
61,1,3,82944,5.8270243358924275e-08,2.224890534032835e-10
61,1,4,82944,4.581633894545212e-08,2.753125124958056e-10
61,1,5,82944,3.540973499729597e-08,2.6837592693370374e-10
61,1,6,82944,2.6822679443954854e-08,3.1219120831369554e-10
61,2,0,82944,1.7544800946129438e-07,0.0
61,2,1,82944,6.246604798073007e-08,4.0303742163452035e-12
61,2,2,82944,3.6181375821840006e-08,1.600564037926753e-10
61,2,3,82944,2.450414415319594e-08,9.56299353082227e-11
61,2,4,82944,1.70208791539017e-08,1.5230236752018983e-10
61,2,5,82944,1.2005473270502269e-08,1.7059495143158213e-10
61,2,6,82944,8.449328850769888e-09,1.9149498994948085e-10
61,3,0,82944,1.749111946470184e-07,0.0
61,3,1,82944,3.838150426089278e-08,3.927869798803717e-12
61,3,2,82944,1.798239283606011e-08,2.976989622936194e-11
61,3,3,82944,1.058583060490061e-08,2.0410701987317777e-10
61,3,4,82944,6.572715766880559e-09,3.128208385364906e-10
61,3,5,82944,4.261829211118605e-09,1.589144256926052e-10
61,3,6,82944,2.637512130916598e-09,3.713069263072599e-11
61,4,0,82944,1.7351802746921676e-07,0.0
61,4,1,82944,2.3816270018491728e-08,-1.7065116016146878e-10
61,4,2,82944,8.749168609184635e-09,-2.2374721698885818e-10
61,4,3,82944,4.5234372912640014e-09,2.2911056938299986e-10
61,4,4,82944,2.7815108879444747e-09,2.16260902247572e-10
61,4,5,82944,1.4910214872140504e-09,1.609311188894167e-10
61,4,6,82944,8.517682229674758e-10,-1.0664634536587317e-10
61,5,0,82944,1.747455623232726e-07,0.0
61,5,1,82944,1.495806601289103e-08,-1.674492807397933e-10
61,5,2,82944,4.450682368654498e-09,7.505848857618769e-11
61,5,3,82944,1.952860992956006e-09,2.156464979926756e-11
61,5,4,82944,1.1941943028169738e-09,-1.628601544678271e-11
61,5,5,82944,5.679696196383437e-10,5.979198028541774e-11
61,5,6,82944,4.516335278816489e-10,-8.36552136585792e-11
61,6,0,82944,1.7466464800707892e-07,0.0
61,6,1,82944,9.597042822607753e-09,-1.4927029407634194e-10
61,6,2,82944,2.4719254849011364e-09,5.235319705709733e-13
61,6,3,82944,8.162139378255162e-10,-2.2610839321323618e-10
61,6,4,82944,5.85412558434631e-10,-7.25431623146695e-11
61,6,5,82944,1.2749108835866595e-10,-2.195377224771807e-11
61,6,6,82944,1.1869453656285958e-10,-9.920610349694113e-11
61,7,0,82944,1.7414239381687833e-07,0.0
61,7,1,82944,5.999255085020667e-09,3.308091844503855e-11
61,7,2,82944,1.26571271850335e-09,1.8745697265503815e-10
61,7,3,82944,5.057749556417849e-10,3.970066359492804e-11
61,7,4,82944,2.4804833973728127e-10,1.8728120464930746e-10
61,7,5,82944,1.1417467213639314e-10,5.980052387383296e-12
61,7,6,82944,9.883938258939904e-11,-4.2718843732879586e-11
61,8,0,82944,1.7388854338818709e-07,0.0
61,8,1,82944,3.4942267527354694e-09,1.6269009898508177e-13
61,8,2,82944,4.527578328653359e-10,3.788677399524376e-11
61,8,3,82944,3.099097204805688e-10,5.737987047775796e-11
61,8,4,82944,1.3689640371075645e-10,3.254005206983767e-11
61,8,5,82944,2.0321841264577886e-10,1.2452797488945993e-10
61,8,6,82944,8.199521992106557e-11,1.4898046639712635e-10
62,1,0,82944,1.7717234883641302e-07,0.0
62,1,1,82944,1.0265824819687418e-07,-2.6101746178610794e-10
62,1,2,82944,7.48643920663741e-08,-2.968210419462635e-10
62,1,3,82944,5.8002685788193865e-08,-3.1950180988467854e-10
62,1,4,82944,4.507651904619903e-08,-2.1010452176333868e-10
62,1,5,82944,3.456211697917735e-08,-1.5005256038309822e-10
62,1,6,82944,2.6157071946174448e-08,-2.2945079391833905e-10
62,2,0,82944,1.7573407892544604e-07,0.0
62,2,1,82944,6.219016568083597e-08,-4.6539046898764073e-11
62,2,2,82944,3.6177249001687035e-08,1.0467769954710436e-10
62,2,3,82944,2.428179412857547e-08,3.148816151205686e-10
62,2,4,82944,1.703066943722201e-08,4.313880412907311e-10
62,2,5,82944,1.1834646317348639e-08,4.71805841275503e-10
62,2,6,82944,8.14542617673777e-09,3.3349280942731423e-10
62,3,0,82944,1.750085113252332e-07,0.0
62,3,1,82944,3.8411428326892265e-08,6.755325412137236e-11
62,3,2,82944,1.7920098520627864e-08,3.147171835221618e-10
62,3,3,82944,1.0660664952021406e-08,2.2545861797639796e-10
62,3,4,82944,6.813342301896948e-09,-8.095459834621648e-11
62,3,5,82944,4.544790821080549e-09,2.336988242862742e-10
62,3,6,82944,2.70765578832738e-09,8.821511594940484e-11
62,4,0,82944,1.751059839714205e-07,0.0
62,4,1,82944,2.385456009421181e-08,-8.317172104780422e-12
62,4,2,82944,9.022096488982433e-09,5.317059313592076e-11
62,4,3,82944,4.370321290684525e-09,-7.741448372407651e-11
62,4,4,82944,2.5258570997723253e-09,-1.6956254231670596e-10
62,4,5,82944,1.686054896202648e-09,1.6500090028046347e-10
62,4,6,82944,8.539359940796923e-10,1.8497534386510873e-10
62,5,0,82944,1.7474570588195808e-07,0.0
62,5,1,82944,1.4713508947345199e-08,2.1729176573861153e-10
62,5,2,82944,4.45421983477044e-09,-9.967592256974468e-11
62,5,3,82944,1.8432570160650115e-09,-1.5625391571018447e-10
62,5,4,82944,1.042462477489267e-09,1.1216627076377968e-10
62,5,5,82944,7.439735530122392e-10,9.439751155129731e-11
62,5,6,82944,3.094598641673515e-10,1.0180987228918508e-10
62,6,0,82944,1.744324849738686e-07,0.0
62,6,1,82944,8.868203315076348e-09,3.4815467285999734e-10
62,6,2,82944,2.252933582108905e-09,3.030582839844566e-11
62,6,3,82944,8.682233439351882e-10,-2.1109680257754893e-10
62,6,4,82944,4.113394690707558e-10,-5.5135258410357315e-11
62,6,5,82944,3.162426132846827e-10,2.2335869787760798e-10
62,6,6,82944,1.1255782608580586e-10,1.3437400515777553e-10
62,7,0,82944,1.7367847145564853e-07,0.0
62,7,1,82944,5.712662315481714e-09,1.2691739554429923e-10
62,7,2,82944,1.215515447731101e-09,2.694165170084336e-14
62,7,3,82944,2.4441098742928323e-10,2.697777828281601e-10
62,7,4,82944,2.4549472084314306e-10,-2.916749211878083e-11
62,7,5,82944,6.347041213422615e-11,-2.556071429087016e-11
62,7,6,82944,1.7078045160910524e-11,-1.9709338296498805e-11
62,8,0,82944,1.7490494098014347e-07,0.0
62,8,1,82944,3.6026119526259395e-09,2.88640310056018e-10
62,8,2,82944,5.86268282492967e-10,8.482967706671923e-11
62,8,3,82944,8.860036573728428e-11,2.2431344079880358e-10
62,8,4,82944,-1.24941233779255e-12,9.83687183283282e-11
62,8,5,82944,-2.328247812256578e-11,-1.5919254416523637e-10
62,8,6,82944,-1.723606905733984e-10,-8.514425420286995e-11
63,1,0,82944,1.7611999679782118e-07,0.0
63,1,1,82944,1.0228743202360865e-07,-3.0056911218176966e-10
63,1,2,82944,7.536804125574607e-08,-5.011009393968966e-10
63,1,3,82944,5.908267823950464e-08,-6.254762051606602e-10
63,1,4,82944,4.6692641132784804e-08,-6.646156143029533e-10
63,1,5,82944,3.65629828538521e-08,-5.481087175453821e-10
63,1,6,82944,2.8203504456740083e-08,-6.213967753560435e-10
63,2,0,82944,1.752754161156295e-07,0.0
63,2,1,82944,6.265199447472361e-08,-8.036196632609929e-11
63,2,2,82944,3.65674527316009e-08,1.6806022986711333e-10
63,2,3,82944,2.483801185118815e-08,3.662607686604914e-11
63,2,4,82944,1.7485288567577187e-08,-1.3754745601279688e-10
63,2,5,82944,1.2316703100307538e-08,-9.410880506454077e-11
63,2,6,82944,8.809717017897991e-09,-7.747227994703047e-11
63,3,0,82944,1.742756527932974e-07,0.0
63,3,1,82944,3.8357361822533654e-08,1.7059676628293784e-10
63,3,2,82944,1.756866280758014e-08,3.4866890186742114e-10
63,3,3,82944,1.0569405614810724e-08,2.3485999503621105e-10
63,3,4,82944,6.6612834514207855e-09,1.361448725338832e-10
63,3,5,82944,4.266951126952441e-09,9.342359157982644e-12
63,3,6,82944,2.776965443937013e-09,6.499825030211852e-11
63,4,0,82944,1.7389792685764514e-07,0.0
63,4,1,82944,2.357960607540157e-08,-4.41938173258626e-11
63,4,2,82944,8.388645095085804e-09,1.8255143040896892e-10
63,4,3,82944,4.34281775276614e-09,1.5552462156812816e-10
63,4,4,82944,2.421983177287991e-09,3.074857908391627e-11
63,4,5,82944,1.3677617284152885e-09,1.4228645969886038e-10
63,4,6,82944,8.914836599388162e-10,1.511816177422707e-10
63,5,0,82944,1.7373283420458087e-07,0.0
63,5,1,82944,1.4221905486498984e-08,-1.4250000311197444e-10
63,5,2,82944,4.306099565999326e-09,2.8622314738023245e-10
63,5,3,82944,1.9405910247194594e-09,5.914381346001968e-11
63,5,4,82944,9.161908850890858e-10,5.68778299606185e-12
63,5,5,82944,5.518018331607399e-10,9.78715534993797e-11
63,5,6,82944,2.470511001914315e-10,5.3723643416361406e-11
63,6,0,82944,1.738301048273581e-07,0.0
63,6,1,82944,8.892936202937323e-09,1.0793095449763285e-11
63,6,2,82944,2.150845564661015e-09,9.9077712583242e-11
63,6,3,82944,9.530569344611521e-10,-2.051251416085264e-10
63,6,4,82944,5.295637920940056e-10,-2.851013961670643e-11
63,6,5,82944,1.1656451207788586e-10,-6.158636331129534e-11
63,6,6,82944,1.5478279984558885e-10,-6.704253141257893e-11
63,7,0,82944,1.743757743420729e-07,0.0
63,7,1,82944,5.794883734350108e-09,5.247414606786489e-11
63,7,2,82944,1.0628004758140264e-09,1.81081501783238e-10
63,7,3,82944,4.493196674477146e-10,5.1911367101628495e-11
63,7,4,82944,2.4889770535627067e-10,-1.911149063445386e-10
63,7,5,82944,1.8284351727146697e-10,1.7496833278301193e-11
63,7,6,82944,1.0642720959809947e-10,6.713259911814095e-12
63,8,0,82944,1.7372167667625156e-07,0.0
63,8,1,82944,3.5834098201406635e-09,1.1567329772993542e-10
63,8,2,82944,5.709497500704632e-10,2.0203949279440694e-10
63,8,3,82944,1.1299718192380338e-10,1.6293694824456115e-10
63,8,4,82944,8.688434665282763e-11,3.938561009139331e-11
63,8,5,82944,-9.02286353599528e-11,-9.664493554974358e-11
63,8,6,82944,-3.31750635183986e-11,-4.7773211516674607e-11
64,1,0,82944,1.7720237213687174e-07,0.0
64,1,1,82944,1.0291699318951781e-07,2.1433346808035986e-10
64,1,2,82944,7.532326402308604e-08,3.3511741052909545e-10
64,1,3,82944,5.88411469761105e-08,4.758135493725228e-10
64,1,4,82944,4.604654743779222e-08,3.7945166364245443e-10
64,1,5,82944,3.5722245311043094e-08,1.7079787748243311e-10
64,1,6,82944,2.7147938194678872e-08,1.1470713803878664e-10
64,2,0,82944,1.748488124535903e-07,0.0
64,2,1,82944,6.222906685011105e-08,6.88889145758306e-11
64,2,2,82944,3.595501189036283e-08,1.4780969176562663e-12
64,2,3,82944,2.4480878141005843e-08,4.84086036728515e-11
64,2,4,82944,1.7153473243710186e-08,-6.614201101340885e-11
64,2,5,82944,1.195232427900566e-08,-1.1123190818825151e-10
64,2,6,82944,8.440002710623936e-09,-6.223745335341438e-11
64,3,0,82944,1.7443459095800017e-07,0.0
64,3,1,82944,3.820314597559005e-08,5.1566344314781765e-11
64,3,2,82944,1.733773786120859e-08,-4.984545950434547e-11
64,3,3,82944,1.0178917661926534e-08,1.3228834028259205e-10
64,3,4,82944,6.262843780702851e-09,-7.267131284564569e-12
64,3,5,82944,3.992496909198476e-09,-8.150176670504844e-11
64,3,6,82944,2.5156660493056516e-09,-7.322129427943489e-11
64,4,0,82944,1.7452951325249922e-07,0.0
64,4,1,82944,2.3675057496251107e-08,-3.1255292103309896e-11
64,4,2,82944,8.630208304363803e-09,-5.233261987807398e-11
64,4,3,82944,4.658091683842625e-09,1.9779900342309542e-10
64,4,4,82944,2.724860971103735e-09,-1.4405856240168291e-10
64,4,5,82944,1.5030482357185695e-09,1.1780034133235365e-10
64,4,6,82944,9.318285324996926e-10,2.1161331077751236e-10
64,5,0,82944,1.7438107606500752e-07,0.0
64,5,1,82944,1.4424983470363644e-08,-2.7799186722672055e-10
64,5,2,82944,3.927432408381563e-09,-1.8018214651826353e-10
64,5,3,82944,2.053781505492203e-09,-1.0102121108261e-11
64,5,4,82944,1.0248419305361304e-09,8.828723806677938e-11
64,5,5,82944,4.0304374123285454e-10,8.082979295522249e-11
64,5,6,82944,2.2802593220681466e-10,-8.915826405610129e-11
64,6,0,82944,1.7493890649280634e-07,0.0
64,6,1,82944,8.936255368202132e-09,-3.162245822620103e-10
64,6,2,82944,2.1048173900921776e-09,-1.6864177624348277e-10
64,6,3,82944,1.004825565812586e-09,1.3601892302517636e-11
64,6,4,82944,4.580000230745917e-10,1.1231754346484396e-10
64,6,5,82944,3.5134334760257307e-11,-2.1180205825210471e-10
64,6,6,82944,2.9955164145931507e-11,-6.64404542554544e-12
64,7,0,82944,1.7446738508649606e-07,0.0
64,7,1,82944,5.6513786124530845e-09,-1.4044725657350975e-11
64,7,2,82944,8.903049328398437e-10,-1.3338507591726226e-10
64,7,3,82944,6.191330940595123e-10,-3.858146111553219e-11
64,7,4,82944,1.45611228016787e-10,8.559741888676775e-11
64,7,5,82944,4.377293255571115e-11,3.676631377687589e-11
64,7,6,82944,-5.2145473210941544e-11,-2.3544766107722497e-10
64,8,0,82944,1.7437315534331971e-07,0.0
64,8,1,82944,3.448282672038582e-09,2.0745781148461168e-10
64,8,2,82944,3.7612426311008965e-10,-1.0672813424125256e-10
64,8,3,82944,2.0098648708167932e-10,1.3684913949792155e-10
64,8,4,82944,-5.068573756888334e-11,8.443982676608881e-11
64,8,5,82944,-1.6371516326452066e-10,3.961658555574101e-11
64,8,6,82944,-1.7429173629156397e-10,-1.1027173337660224e-10
65,1,0,82944,1.7835012257414085e-07,0.0
65,1,1,82944,1.0332632097443839e-07,1.6404039982047803e-10
65,1,2,82944,7.570399090399217e-08,2.34068015965044e-10
65,1,3,82944,5.953446779749204e-08,2.3255843377985987e-10
65,1,4,82944,4.6759012463936296e-08,2.29633202854181e-10
65,1,5,82944,3.63687873136136e-08,1.3720166047555451e-10
65,1,6,82944,2.7737250685156748e-08,1.9389921521094842e-10
65,2,0,82944,1.7579214149918275e-07,0.0
65,2,1,82944,6.235995574868675e-08,-7.188539407273487e-11
65,2,2,82944,3.61173046790877e-08,1.8984126886968275e-10
65,2,3,82944,2.4433469824414258e-08,1.3748276309465472e-10
65,2,4,82944,1.7240259164434748e-08,8.114930924946844e-11
65,2,5,82944,1.1984903748553186e-08,7.316784721274401e-11
65,2,6,82944,8.36738275510666e-09,7.038038900977499e-11
65,3,0,82944,1.755780608931016e-07,0.0
65,3,1,82944,3.8468388015842833e-08,-5.3166400799952184e-12
65,3,2,82944,1.7670220535617118e-08,1.3195162141161414e-10
65,3,3,82944,1.0399865593708629e-08,2.3054992274611277e-10
65,3,4,82944,6.475507494764268e-09,8.541144040877874e-11
65,3,5,82944,3.840573859382032e-09,5.7722514257153915e-11
65,3,6,82944,2.5402877046680013e-09,7.893802779760974e-11
65,4,0,82944,1.749228615233956e-07,0.0
65,4,1,82944,2.363836484753627e-08,-1.6417164824300075e-10
65,4,2,82944,8.833921770235646e-09,9.655567278275578e-11
65,4,3,82944,4.484361262997348e-09,-2.719922250109846e-10
65,4,4,82944,2.6633116113791184e-09,-1.1647286615376065e-10
65,4,5,82944,1.3347605677613783e-09,4.9400525718059115e-12
65,4,6,82944,8.953037968403878e-10,4.233718204409656e-11
65,5,0,82944,1.7470440737511523e-07,0.0
65,5,1,82944,1.4721876388289812e-08,-1.744976336160157e-10
65,5,2,82944,4.505320882387293e-09,-8.921849680788987e-11
65,5,3,82944,1.997651005921549e-09,-9.248818161915868e-11
65,5,4,82944,9.873696131061395e-10,-2.4872977419415027e-10
65,5,5,82944,5.573729478608717e-10,-1.135853597219698e-12
65,5,6,82944,2.516357566435456e-10,1.0086945877068948e-10
65,6,0,82944,1.7505515850946013e-07,0.0
65,6,1,82944,8.982977856850017e-09,-1.4365997589495502e-11
65,6,2,82944,2.212295932172435e-09,1.717597362657482e-10
65,6,3,82944,7.449075055024878e-10,-1.2804339963400197e-10
65,6,4,82944,6.216004760778951e-10,-2.905579744460918e-11
65,6,5,82944,1.0310762466859749e-10,1.7460644778414926e-10
65,6,6,82944,1.2107978634951178e-11,1.5622888335488426e-10
65,7,0,82944,1.7379438717654856e-07,0.0
65,7,1,82944,5.76696622690944e-09,-1.290979336362947e-10
65,7,2,82944,8.111076657577839e-10,2.970063496588481e-11
65,7,3,82944,3.056631348549056e-10,-1.709779945671656e-10
65,7,4,82944,3.085505133821843e-10,-7.832232751974684e-11
65,7,5,82944,2.520781012639522e-10,1.0654700558751027e-10
65,7,6,82944,4.6334407690924554e-11,5.6342870480568444e-11
65,8,0,82944,1.7368016674677312e-07,0.0
65,8,1,82944,3.4583395082645767e-09,-4.372939306069649e-11
65,8,2,82944,5.27675294241211e-10,8.094605555708515e-11
65,8,3,82944,-6.589750386345313e-11,-1.0419854562039507e-10
65,8,4,82944,9.348984797828131e-11,-9.83860446273035e-12
65,8,5,82944,1.4253119972436335e-10,2.119651002845695e-11
65,8,6,82944,-2.9184180519362304e-11,-6.786698492638295e-11
66,1,0,82944,1.7802980470321005e-07,0.0
66,1,1,82944,1.0319236864276093e-07,9.960262823361278e-11
66,1,2,82944,7.561069519180409e-08,8.429832581200241e-11
66,1,3,82944,5.866293101601205e-08,1.8785402864582475e-11
66,1,4,82944,4.59933435631214e-08,1.967500028119891e-10
66,1,5,82944,3.5680914406643464e-08,1.1517099694791878e-10
66,1,6,82944,2.7126479820866926e-08,1.5254723585730102e-10
66,2,0,82944,1.7558033097943676e-07,0.0
66,2,1,82944,6.218048169885626e-08,-9.986053807696009e-11
66,2,2,82944,3.6093127423410404e-08,-9.580851840715215e-11
66,2,3,82944,2.4215385256110155e-08,-9.91978307590715e-11
66,2,4,82944,1.697882815040193e-08,-3.372479827570685e-11
66,2,5,82944,1.2071717149927791e-08,-4.4033760192283576e-11
66,2,6,82944,8.543928402357204e-09,5.6352567704985104e-11
66,3,0,82944,1.7479955869453064e-07,0.0
66,3,1,82944,3.801625223288149e-08,-2.1684248130539945e-10
66,3,2,82944,1.7594435493073792e-08,-3.568728176287527e-10
66,3,3,82944,9.942268396942097e-09,-2.7794411520456766e-10
66,3,4,82944,6.048441332768806e-09,-2.5118427156800497e-10
66,3,5,82944,3.98443729589045e-09,-4.7449564475433556e-11
66,3,6,82944,2.3532692784910126e-09,4.758776612374433e-11
66,4,0,82944,1.751106406051192e-07,0.0
66,4,1,82944,2.3677403076026928e-08,1.9483058695921126e-10
66,4,2,82944,8.567809123499691e-09,1.6801421705865495e-11
66,4,3,82944,4.340095174453386e-09,-5.061310824926294e-11
66,4,4,82944,2.2910174428520443e-09,-1.0800264782909197e-10
66,4,5,82944,1.2481791011584913e-09,6.870101209022922e-11
66,4,6,82944,7.502990281757665e-10,-6.577984875721321e-11
66,5,0,82944,1.7464488508442758e-07,0.0
66,5,1,82944,1.4472307335636962e-08,2.9401804801131034e-10
66,5,2,82944,4.251022590597323e-09,-6.265718741712978e-11
66,5,3,82944,1.8599936732996132e-09,1.8591298120908183e-10
66,5,4,82944,1.054648783935295e-09,1.8316466536546457e-10
66,5,5,82944,4.347665753328224e-10,1.0701810799080263e-10
66,5,6,82944,3.739940089695259e-10,-7.470745210317126e-11
66,6,0,82944,1.7405829823631452e-07,0.0
66,6,1,82944,8.80410038477531e-09,1.6237776058172956e-10
66,6,2,82944,2.182316336172834e-09,-1.0738349041066492e-10
66,6,3,82944,9.528254292521301e-10,-3.25686367289361e-11
66,6,4,82944,3.1176867515539885e-10,-5.805839802538423e-11
66,6,5,82944,1.6424491869153625e-10,9.205294784246618e-11
66,6,6,82944,1.56750266512519e-11,-6.28300437056928e-11
66,7,0,82944,1.7417192184055234e-07,0.0
66,7,1,82944,5.566014503929506e-09,2.656558794826677e-10
66,7,2,82944,9.847847894955212e-10,1.173721336566042e-10
66,7,3,82944,3.870168143838082e-10,1.6887401102844933e-10
66,7,4,82944,3.0558215001669675e-10,-1.4334441495719131e-11
66,7,5,82944,3.215532195099139e-11,6.824758524789765e-11
66,7,6,82944,1.376415522270384e-11,9.606897114504079e-11
66,8,0,82944,1.7405232859709804e-07,0.0
66,8,1,82944,3.4884548967221986e-09,-8.654968447713149e-11
66,8,2,82944,4.942242052892453e-10,-3.0098895815129677e-13
66,8,3,82944,4.2729691829071625e-10,1.641512293928307e-10
66,8,4,82944,8.860199470256228e-11,3.775937130403367e-11
66,8,5,82944,7.37221105593037e-11,8.515308769909767e-11
66,8,6,82944,-9.568427000812568e-11,-8.455060436791536e-11
67,1,0,82944,1.77326495734521e-07,0.0
67,1,1,82944,1.0234888106898609e-07,2.5905304351400184e-10
67,1,2,82944,7.432325271351521e-08,2.6365799986358104e-10
67,1,3,82944,5.772732222607199e-08,3.1996336051086434e-10
67,1,4,82944,4.4955555678175734e-08,2.6025031591063426e-10
67,1,5,82944,3.470874722874439e-08,1.876033424368014e-10
67,1,6,82944,2.6407188223229313e-08,2.0127891233816686e-10
67,2,0,82944,1.7535333677092952e-07,0.0
67,2,1,82944,6.19204896956221e-08,1.7477716931656683e-10
67,2,2,82944,3.553725612478811e-08,-3.052002981747801e-12
67,2,3,82944,2.4136229190418107e-08,1.4483052272562458e-10
67,2,4,82944,1.6993651871465074e-08,4.9774355349115856e-11
67,2,5,82944,1.2000918870373008e-08,1.8524830432701414e-11
67,2,6,82944,8.261833952971544e-09,-1.3297061345145113e-10
67,3,0,82944,1.747742911579949e-07,0.0
67,3,1,82944,3.7697905105003535e-08,7.730826419472086e-11
67,3,2,82944,1.7198349608226197e-08,-2.921090959297352e-10
67,3,3,82944,1.0311600892644761e-08,-2.01497499743218e-10
67,3,4,82944,6.627122627080187e-09,-1.6991693933248612e-10
67,3,5,82944,4.317473919137794e-09,-1.8780449802912783e-10
67,3,6,82944,2.740160164460186e-09,-1.4591107098967533e-10
67,4,0,82944,1.747966184846574e-07,0.0
67,4,1,82944,2.316860645784991e-08,1.12603847562095e-10
67,4,2,82944,8.558632343179284e-09,-5.078991644770162e-11
67,4,3,82944,4.483332445273278e-09,-3.4335807045030476e-11
67,4,4,82944,2.71559146600469e-09,1.4606728940757624e-10
67,4,5,82944,1.6791051618818009e-09,-1.9822653378293708e-10
67,4,6,82944,9.258282038435475e-10,-1.1214748610652266e-10
67,5,0,82944,1.7394855844305281e-07,0.0
67,5,1,82944,1.420567849670118e-08,1.4524299405740555e-10
67,5,2,82944,3.967382949414551e-09,3.579501715916319e-11
67,5,3,82944,1.8576967762117074e-09,-1.4331756887502124e-10
67,5,4,82944,8.967556225863731e-10,1.506731924346392e-10
67,5,5,82944,2.987184816513693e-10,-5.514629103653231e-11
67,5,6,82944,2.9521159994913423e-10,1.7098226072398548e-11
67,6,0,82944,1.7489889018581622e-07,0.0
67,6,1,82944,8.843458729422923e-09,1.5464504402938984e-10
67,6,2,82944,1.9107422479015965e-09,1.0224816280444267e-10
67,6,3,82944,9.872343629866962e-10,6.139875576611773e-11
67,6,4,82944,2.97209534730093e-10,9.475017258300323e-12
67,6,5,82944,-1.6624628109291813e-11,-1.1421740551618353e-10
67,6,6,82944,2.6985384038492895e-11,6.69790280081862e-11
67,7,0,82944,1.7498277858472091e-07,0.0
67,7,1,82944,5.4278585489511344e-09,7.555052028023269e-11
67,7,2,82944,9.626235921855222e-10,-1.3452260472837588e-11
67,7,3,82944,2.175496669537771e-10,2.4961874427655854e-10
67,7,4,82944,1.2944109753511968e-10,-3.376771848631258e-10
67,7,5,82944,-4.317043083050081e-11,-5.6585485833195844e-11
67,7,6,82944,7.255903997746303e-11,7.054539097696272e-11
67,8,0,82944,1.736625796655044e-07,0.0
67,8,1,82944,3.265805699550054e-09,2.439395899643571e-10
67,8,2,82944,5.203411522909183e-10,1.897090808954515e-12
67,8,3,82944,-5.552054802999842e-12,1.0673820147864121e-10
67,8,4,82944,-1.1026183937867178e-10,-1.0127727502769694e-10
67,8,5,82944,-7.129282981811782e-11,-1.8020788816105567e-10
67,8,6,82944,4.35275112641247e-12,-6.104206637860053e-11
68,1,0,82944,1.7687950083169807e-07,0.0
68,1,1,82944,1.0258475346871512e-07,-4.884796898310398e-10
68,1,2,82944,7.522269862799254e-08,-8.208292394845333e-10
68,1,3,82944,5.891888937382042e-08,-1.0946444723543462e-09
68,1,4,82944,4.623599396290841e-08,-1.279610466568287e-09
68,1,5,82944,3.606820122384009e-08,-1.278021275494975e-09
68,1,6,82944,2.752310144737019e-08,-1.2815670408428302e-09
68,2,0,82944,1.7538987503226249e-07,0.0
68,2,1,82944,6.217097524214854e-08,-3.560033664092045e-10
68,2,2,82944,3.5957257819297265e-08,6.004307017752028e-11
68,2,3,82944,2.4117006684786624e-08,-5.999547903881539e-11
68,2,4,82944,1.65951105515478e-08,-6.747716673697613e-11
68,2,5,82944,1.141460424437732e-08,-5.866476677272955e-11
68,2,6,82944,7.579125769503323e-09,-2.0129615271388553e-10
68,3,0,82944,1.748832326320961e-07,0.0
68,3,1,82944,3.846037785342924e-08,-9.98039595392447e-11
68,3,2,82944,1.7732874595257125e-08,1.016726353564984e-11
68,3,3,82944,1.0279552149818658e-08,8.471270786022754e-11
68,3,4,82944,6.683741747327322e-09,-8.252968160706555e-11
68,3,5,82944,4.175618497341653e-09,-5.185822869211172e-11
68,3,6,82944,2.7534720174051467e-09,-3.3938647745135924e-11
68,4,0,82944,1.7396896138250815e-07,0.0
68,4,1,82944,2.3665713170011857e-08,-9.76152435593726e-11
68,4,2,82944,8.73107425467521e-09,-1.4355869197418698e-11
68,4,3,82944,4.622813768835474e-09,-9.849845684423497e-11
68,4,4,82944,2.693568591433152e-09,-3.205242762102651e-11
68,4,5,82944,1.5279923151246295e-09,-1.1228244771599855e-10
68,4,6,82944,9.438948163817372e-10,1.3349734364046855e-10
68,5,0,82944,1.7368358321923378e-07,0.0
68,5,1,82944,1.4826336254895735e-08,3.7121674044205553e-11
68,5,2,82944,4.2902619789537565e-09,8.20939020044913e-11
68,5,3,82944,2.0525785069754237e-09,6.388877734243155e-11
68,5,4,82944,6.795719171807776e-10,5.427632371253871e-11
68,5,5,82944,3.7522410617016357e-10,-1.1071289877116364e-10
68,5,6,82944,1.9199798488537172e-10,5.1125213404437e-11
68,6,0,82944,1.7389046845523374e-07,0.0
68,6,1,82944,9.20622843725315e-09,1.16875328170773e-10
68,6,2,82944,2.2860054930442265e-09,-2.5521277131725553e-10
68,6,3,82944,6.318658702033098e-10,-1.7427989455410846e-10
68,6,4,82944,2.4834192391319804e-10,1.332042140164572e-11
68,6,5,82944,-3.115404313446801e-11,7.4147766502511e-11
68,6,6,82944,1.2287593424410434e-10,2.2612413669029287e-10
68,7,0,82944,1.7429373294069731e-07,0.0
68,7,1,82944,5.549438767768135e-09,4.830844668088873e-11
68,7,2,82944,1.3299446733944696e-09,1.0996492814062231e-10
68,7,3,82944,2.6636188302414523e-10,-1.5638450263853607e-12
68,7,4,82944,1.79990843947997e-10,-2.3086369041321977e-10
68,7,5,82944,-3.188870903829751e-11,4.1027725694060444e-11
68,7,6,82944,4.1432361580825274e-11,2.0169113064132905e-10
68,8,0,82944,1.7406328660180428e-07,0.0
68,8,1,82944,3.5184624080870134e-09,-1.1284047270421335e-11
68,8,2,82944,7.790536885583311e-10,8.338033187822137e-11
68,8,3,82944,1.8887205040930871e-10,-7.228554957124804e-11
68,8,4,82944,1.4807179026406143e-10,-1.3125550062085572e-10
68,8,5,82944,8.516407555965833e-11,1.479941195258329e-10
68,8,6,82944,-4.951301292985537e-11,-3.210784417817126e-11
69,1,0,82944,1.772903327379694e-07,0.0
69,1,1,82944,1.0277593430635775e-07,-4.0716562259387295e-10
69,1,2,82944,7.516101150357049e-08,-7.6489811337607e-10
69,1,3,82944,5.868912976482747e-08,-1.0777315266654089e-09
69,1,4,82944,4.590966606215761e-08,-1.1809192931527098e-09
69,1,5,82944,3.5490559389248755e-08,-1.2304865034729535e-09
69,1,6,82944,2.697333318487733e-08,-1.0533631816589309e-09
69,2,0,82944,1.76384583085191e-07,0.0
69,2,1,82944,6.262584833043762e-08,-2.1079669395402148e-10
69,2,2,82944,3.643125141577353e-08,-2.3853812197886003e-10
69,2,3,82944,2.429718522716139e-08,-2.6726303688260723e-10
69,2,4,82944,1.692146649145273e-08,-2.5059049061717566e-10
69,2,5,82944,1.1652159130134862e-08,6.523258419819718e-11
69,2,6,82944,7.935448796147582e-09,1.5554924973208446e-10
69,3,0,82944,1.7472721315622078e-07,0.0
69,3,1,82944,3.8543624764154813e-08,-2.4297674926623416e-10
69,3,2,82944,1.8368389239197364e-08,-3.5597189633844836e-10
69,3,3,82944,1.0487992793268673e-08,-3.866424710051862e-10
69,3,4,82944,6.472670979817737e-09,-4.2238150666762044e-10
69,3,5,82944,4.148283246059268e-09,-1.1601642680673533e-10
69,3,6,82944,2.557025511579007e-09,-3.249712823528188e-10
69,4,0,82944,1.7403509994077458e-07,0.0
69,4,1,82944,2.3767737667097917e-08,-1.3238257190823186e-10
69,4,2,82944,9.151007961586437e-09,-1.0814586098017048e-10
69,4,3,82944,4.4472541313653455e-09,-2.3232552286325905e-10
69,4,4,82944,2.5170106014512925e-09,-2.893022189245114e-10
69,4,5,82944,1.2960662741928141e-09,-1.9588939997163546e-10
69,4,6,82944,6.936841630204178e-10,-2.2888348922774441e-10
69,5,0,82944,1.7413346577482146e-07,0.0
69,5,1,82944,1.4739227952265429e-08,-2.1549770966104725e-10
69,5,2,82944,4.6858583853714996e-09,-1.5882708316076019e-10
69,5,3,82944,2.0794261625238505e-09,-1.446071506507595e-10
69,5,4,82944,1.1103726490854662e-09,-1.1184225970073054e-10
69,5,5,82944,4.267042630211578e-10,-1.0310852806627558e-10
69,5,6,82944,1.478473110770683e-10,4.1848018141105234e-11
69,6,0,82944,1.744570476379391e-07,0.0
69,6,1,82944,9.30313574928126e-09,-1.1219431757837756e-10
69,6,2,82944,2.2984060194183913e-09,-7.200838712673522e-11
69,6,3,82944,6.397724242871324e-10,1.0557062036038021e-10
69,6,4,82944,5.968781357421553e-10,1.6073445451573137e-10
69,6,5,82944,1.5532675562400867e-11,1.751043661029456e-10
69,6,6,82944,-4.700981715132415e-12,3.158757911290877e-11
69,7,0,82944,1.7539923137481262e-07,0.0
69,7,1,82944,5.766648686935586e-09,-3.0489792508538015e-10
69,7,2,82944,9.905510643466474e-10,-2.292655412577113e-10
69,7,3,82944,2.73750218843646e-10,3.0674248481105936e-10
69,7,4,82944,1.4628705115875183e-10,1.6877763333528715e-10
69,7,5,82944,4.4495858415370116e-11,-3.350323705528668e-11
69,7,6,82944,-4.3704256509881774e-12,1.4228255552697591e-10
69,8,0,82944,1.7447137930322776e-07,0.0
69,8,1,82944,3.6169700260770688e-09,-1.9720917693752664e-11
69,8,2,82944,4.905909138451674e-10,4.1454739103029275e-12
69,8,3,82944,4.0424584797691046e-11,-1.7964360257428998e-10
69,8,4,82944,1.4292089841003588e-10,5.708555321625538e-11
69,8,5,82944,2.0038804935289978e-10,8.898073567127308e-12
69,8,6,82944,-4.261163321378484e-11,4.144751591486833e-11
70,1,0,82944,1.7629550219197573e-07,0.0
70,1,1,82944,1.0221803836017793e-07,2.240872174566073e-10
70,1,2,82944,7.504473041326447e-08,2.935211569601589e-10
70,1,3,82944,5.8663441638072115e-08,2.2559605730922766e-10
70,1,4,82944,4.586660011148931e-08,2.8027950827423507e-10
70,1,5,82944,3.552083470161403e-08,3.387809085982703e-10
70,1,6,82944,2.705386055895622e-08,2.937994747072174e-10
70,2,0,82944,1.7554411741083292e-07,0.0
70,2,1,82944,6.253164657814052e-08,1.3428677349065712e-10
70,2,2,82944,3.644097430401679e-08,1.669448993090093e-10
70,2,3,82944,2.4607987968360038e-08,-2.5712410849398813e-10
70,2,4,82944,1.7345478265065502e-08,-3.348516711281534e-10
70,2,5,82944,1.2366082454492673e-08,-4.6709169099911435e-11
70,2,6,82944,8.587148827795099e-09,7.18519724867359e-12
70,3,0,82944,1.7552217671791098e-07,0.0
70,3,1,82944,3.859571099160112e-08,1.151134432981147e-10
70,3,2,82944,1.7908088817242e-08,-5.745186868333285e-11
70,3,3,82944,1.0544366130911424e-08,-2.488571985443433e-10
70,3,4,82944,6.878488042263206e-09,-2.791666901930744e-10
70,3,5,82944,4.4809028961394896e-09,-2.8578523193986856e-10
70,3,6,82944,2.797539108387487e-09,-1.2918618782592583e-10
70,4,0,82944,1.743488922899971e-07,0.0
70,4,1,82944,2.3599914868021446e-08,8.256084369189115e-11
70,4,2,82944,8.813333159918943e-09,2.449461953986336e-10
70,4,3,82944,4.4218298024969185e-09,1.456039177041033e-10
70,4,4,82944,2.456842057786073e-09,3.135793927607656e-12
70,4,5,82944,1.4700030372679074e-09,-5.7228311787112106e-11
70,4,6,82944,8.461081055106616e-10,3.054330815883739e-11
70,5,0,82944,1.7422920704680704e-07,0.0
70,5,1,82944,1.4635027264895359e-08,-3.592057441563056e-11
70,5,2,82944,4.293094491947571e-09,9.11022960944006e-11
70,5,3,82944,1.826476253660401e-09,2.5724198457754116e-10
70,5,4,82944,9.997569523964087e-10,-2.1528201701565693e-11
70,5,5,82944,6.126835699954956e-10,-1.1233716853489427e-10
70,5,6,82944,3.9314900014884027e-10,-8.889754162007986e-11
70,6,0,82944,1.748464956446045e-07,0.0
70,6,1,82944,9.208172830655356e-09,1.2039476737220574e-10
70,6,2,82944,1.912489185181402e-09,4.9282311967185125e-11
70,6,3,82944,7.460405067941368e-10,-8.827077517255833e-11
70,6,4,82944,4.077429253412392e-10,1.1352171597281043e-10
70,6,5,82944,3.6379519730189664e-10,-1.5144991943185892e-10
70,6,6,82944,8.22961828026322e-11,-3.829108859488912e-11
70,7,0,82944,1.7463559588454776e-07,0.0
70,7,1,82944,5.569558314406325e-09,2.171992174716155e-10
70,7,2,82944,8.788542032374705e-10,-1.0892893689396003e-10
70,7,3,82944,5.032477244939908e-10,2.407840289047637e-10
70,7,4,82944,-2.0206848774399675e-11,4.539488280952507e-11
70,7,5,82944,2.6975075636023604e-10,-7.09582587549514e-11
70,7,6,82944,1.0075675085233159e-11,2.0079282478362234e-11
70,8,0,82944,1.7473836481906734e-07,0.0
70,8,1,82944,3.371316403027725e-09,2.4087197193709596e-10
70,8,2,82944,5.644395547526103e-10,-1.2445608399834542e-10
70,8,3,82944,1.0764056005453766e-10,-6.000859242890374e-11
70,8,4,82944,1.132625834956892e-10,1.811576669580722e-10
70,8,5,82944,5.1198398737801486e-11,-2.106422258281336e-11
70,8,6,82944,-9.836941231053772e-12,2.422610899664452e-11
71,1,0,82944,1.7663072230044604e-07,0.0
71,1,1,82944,1.0228500497321249e-07,-3.856198499119787e-10
71,1,2,82944,7.495340130050005e-08,-5.686954597933768e-10
71,1,3,82944,5.81994548311753e-08,-5.364710743853e-10
71,1,4,82944,4.543277157724538e-08,-6.721785188091168e-10
71,1,5,82944,3.5039918845216546e-08,-6.278638876925891e-10
71,1,6,82944,2.6592067206593677e-08,-6.014435373606739e-10
71,2,0,82944,1.7500940818121478e-07,0.0
71,2,1,82944,6.196515043730068e-08,1.2720116809386826e-10
71,2,2,82944,3.6310791756410463e-08,-3.184673219179184e-11
71,2,3,82944,2.4443372322714125e-08,5.023270441892029e-11
71,2,4,82944,1.699093531165331e-08,4.657258684713153e-11
71,2,5,82944,1.1812416927893754e-08,6.499206294088875e-11
71,2,6,82944,7.967415836207515e-09,1.8900452397998675e-11
71,3,0,82944,1.750477042081651e-07,0.0
71,3,1,82944,3.8117328755512654e-08,1.2165539074319915e-10
71,3,2,82944,1.770765982235881e-08,1.1838903050762867e-11
71,3,3,82944,1.0095785305275534e-08,6.70190304007875e-11
71,3,4,82944,6.479667736799226e-09,1.6973158425425262e-11
71,3,5,82944,4.076072179697008e-09,8.555930126969315e-12
71,3,6,82944,2.5349250371591825e-09,-1.2007602048035933e-10
71,4,0,82944,1.7506989748590634e-07,0.0
71,4,1,82944,2.3317792143088284e-08,4.0274051363749556e-10
71,4,2,82944,8.816904538647721e-09,1.65289856644998e-10
71,4,3,82944,4.272001451162399e-09,2.0384933028016296e-10
71,4,4,82944,2.370490414265838e-09,-1.0194786489681582e-10
71,4,5,82944,1.2488743977993455e-09,-1.4552059668173094e-10
71,4,6,82944,7.967814994999309e-10,8.050408699105868e-11
71,5,0,82944,1.7513997514795422e-07,0.0
71,5,1,82944,1.4500220369700424e-08,1.3060502132761513e-11
71,5,2,82944,4.289670367716299e-09,8.519624946684364e-11
71,5,3,82944,1.5382254384365043e-09,2.1188766833016736e-10
71,5,4,82944,1.1558989514928972e-09,1.2294005553477783e-11
71,5,5,82944,3.6914889649242584e-10,-1.167830791695425e-11
71,5,6,82944,3.0797353848435725e-10,1.8767836550699815e-10
71,6,0,82944,1.7440110220617775e-07,0.0
71,6,1,82944,8.74081928172474e-09,-6.83476131401062e-11
71,6,2,82944,2.484297028552687e-09,2.461553368756038e-10
71,6,3,82944,8.251978589527996e-10,2.603105925147169e-10
71,6,4,82944,2.952848972431893e-10,-7.172790977123874e-12
71,6,5,82944,1.7301404461635398e-10,-5.697716463592106e-11
71,6,6,82944,1.8840761391635703e-10,1.0000945992358603e-10
71,7,0,82944,1.7395836089811685e-07,0.0
71,7,1,82944,5.315931239696209e-09,-1.0538355809987159e-10
71,7,2,82944,1.0250353515161581e-09,-4.823074560411509e-11
71,7,3,82944,4.385880620216179e-10,-4.9711305561973796e-11
71,7,4,82944,7.864341340070047e-11,1.0313313745637368e-10
71,7,5,82944,-1.5504473473941292e-10,1.1374957842602921e-10
71,7,6,82944,2.4753407142763545e-11,1.1497292374540133e-10
71,8,0,82944,1.7455534852076714e-07,0.0
71,8,1,82944,3.2724212688386573e-09,-1.2403591464193328e-10
71,8,2,82944,6.399223072271747e-10,1.5748827865473025e-10
71,8,3,82944,6.142087272935851e-11,1.9622246170971273e-11
71,8,4,82944,1.418217372924283e-10,-8.292424831367383e-11
71,8,5,82944,-9.857729516094724e-11,-8.727755039878623e-11
71,8,6,82944,6.100592267856146e-11,4.357364594775161e-12
72,1,0,82944,1.7714995899986292e-07,0.0
72,1,1,82944,1.0267479409912955e-07,2.7514549626743536e-10
72,1,2,82944,7.522830131304098e-08,3.2065703589189946e-10
72,1,3,82944,5.8655602309902354e-08,3.6998094289189647e-10
72,1,4,82944,4.596949891875048e-08,4.4484268355365387e-10
72,1,5,82944,3.5385547161045105e-08,4.638553175589662e-10
72,1,6,82944,2.672071622333492e-08,4.5425172679298655e-10
72,2,0,82944,1.756057776655332e-07,0.0
72,2,1,82944,6.236977716863516e-08,1.0355757531589126e-10
72,2,2,82944,3.642652810895852e-08,2.2195045073399433e-10
72,2,3,82944,2.4891158802702894e-08,-6.933483606887846e-11
72,2,4,82944,1.7538933770751282e-08,9.001799295905877e-11
72,2,5,82944,1.227386140043486e-08,-6.518077536695696e-11
72,2,6,82944,8.418345785501482e-09,-3.0096635834072695e-11
72,3,0,82944,1.7431983522356752e-07,0.0
72,3,1,82944,3.81619231021846e-08,1.585071282913124e-10
72,3,2,82944,1.7851338055981222e-08,2.3422382725486695e-11
72,3,3,82944,1.0790242410548431e-08,1.4665289077369954e-10
72,3,4,82944,6.907657502911228e-09,2.2414601914980324e-10
72,3,5,82944,4.408991137015089e-09,9.343409732169229e-11
72,3,6,82944,2.622658031514793e-09,1.3529901142569815e-10
72,4,0,82944,1.7520770225438553e-07,0.0
72,4,1,82944,2.3874556446558464e-08,1.2904374106513666e-10
72,4,2,82944,8.842495347250884e-09,9.353087895344915e-11
72,4,3,82944,4.633775722548388e-09,1.3767024050565206e-10
72,4,4,82944,2.485749025164495e-09,3.733846557579664e-11
72,4,5,82944,1.6093945654568435e-09,-1.1840373513119254e-10
72,4,6,82944,9.73434987665663e-10,4.25388339050703e-11
72,5,0,82944,1.7436655996613044e-07,0.0
72,5,1,82944,1.4754408207004792e-08,2.1643268630094077e-11
72,5,2,82944,4.655121139761469e-09,-1.7419568232525012e-11
72,5,3,82944,2.1562555234992268e-09,2.8617102242667846e-10
72,5,4,82944,9.08738527041615e-10,-1.4047181141109904e-11
72,5,5,82944,5.595567293454444e-10,-1.7261516862376612e-10
72,5,6,82944,2.8496240469346685e-10,-5.665376727434286e-11
72,6,0,82944,1.74003237450896e-07,0.0
72,6,1,82944,9.126393878870303e-09,-7.373764184956639e-11
72,6,2,82944,2.1043341023096996e-09,-2.895393018849116e-10
72,6,3,82944,8.040826357051494e-10,-1.5409784467395707e-10
72,6,4,82944,2.8597072013759255e-10,2.7341515819426184e-11
72,6,5,82944,1.622493981265266e-10,-1.982110713473711e-11
72,6,6,82944,5.418163720229907e-11,-1.9878989812563855e-10
72,7,0,82944,1.74647267025708e-07,0.0
72,7,1,82944,5.75040001677999e-09,1.1312006197405964e-10
72,7,2,82944,1.3731389100510412e-09,-1.0906700109437294e-10
72,7,3,82944,5.090959186720073e-10,8.484976730039184e-11
72,7,4,82944,9.891478648503713e-11,2.2526416795418806e-10
72,7,5,82944,2.9066381490180394e-10,-2.0310990632692842e-11
72,7,6,82944,2.3348232321837773e-10,-1.941885919162984e-10
72,8,0,82944,1.748815435303858e-07,0.0
72,8,1,82944,3.5636818304976727e-09,1.4565914023720872e-11
72,8,2,82944,5.260340201944246e-10,3.4042925484842347e-11
72,8,3,82944,-6.466213564197011e-11,-8.89111160541944e-11
72,8,4,82944,8.066397577691884e-11,-3.591511707994059e-11
72,8,5,82944,9.331757929292955e-11,6.680365438225439e-11
72,8,6,82944,1.2918069471400647e-10,-2.1579772609232472e-11
73,1,0,82944,1.764887589977841e-07,0.0
73,1,1,82944,1.0255332587020166e-07,-3.4674880754847643e-11
73,1,2,82944,7.524969753575099e-08,9.476542554480187e-11
73,1,3,82944,5.905847543940887e-08,-7.407643521379348e-11
73,1,4,82944,4.658207004503472e-08,-1.0461195043691775e-10
73,1,5,82944,3.634181848752113e-08,-1.6776471421995254e-10
73,1,6,82944,2.7866973666915655e-08,-3.0459913206144644e-10
73,2,0,82944,1.7462691685043337e-07,0.0
73,2,1,82944,6.269861177112818e-08,-1.1122010175053622e-10
73,2,2,82944,3.668790498962454e-08,7.278747695064738e-11
73,2,3,82944,2.5093938315835474e-08,1.0252127676828445e-10
73,2,4,82944,1.7674130951744704e-08,2.4141604795675386e-11
73,2,5,82944,1.2348326187545622e-08,4.687208657285721e-11
73,2,6,82944,8.466428301125039e-09,1.606634088211886e-11
73,3,0,82944,1.7449613394328848e-07,0.0
73,3,1,82944,3.830199943532477e-08,-6.142504220935742e-11
73,3,2,82944,1.7930915739153358e-08,-1.6855336869566917e-11
73,3,3,82944,1.0680832002561786e-08,6.797254616667635e-11
73,3,4,82944,6.7047231226130506e-09,1.0207984437152356e-10
73,3,5,82944,4.142605025486816e-09,1.5536867044802167e-10
73,3,6,82944,2.531841838656794e-09,1.696842079112215e-11
73,4,0,82944,1.739090867234601e-07,0.0
73,4,1,82944,2.3761299404860387e-08,-1.5260168936158738e-11
73,4,2,82944,8.655900610820796e-09,-3.332296085103389e-10
73,4,3,82944,4.505097693435549e-09,-2.7957398001811194e-10
73,4,4,82944,2.581074855686081e-09,-5.486660842837009e-11
73,4,5,82944,1.3041793568773452e-09,-1.7191644178397016e-10
73,4,6,82944,7.474688999993202e-10,-2.466543821258906e-11
73,5,0,82944,1.7402639795217066e-07,0.0
73,5,1,82944,1.4756392682531632e-08,5.873329784794481e-11
73,5,2,82944,3.948078134232749e-09,1.6457130397654395e-11
73,5,3,82944,1.7261423106055501e-09,-9.646869962750168e-11
73,5,4,82944,9.915200757106339e-10,-3.4983590622411594e-12
73,5,5,82944,4.4210065962769464e-10,6.996413330362769e-11
73,5,6,82944,3.657362546328187e-10,-3.433235610134718e-11
73,6,0,82944,1.736999823002304e-07,0.0
73,6,1,82944,9.15415297232634e-09,-8.532102935710114e-11
73,6,2,82944,2.1065637626232135e-09,-7.405411148745118e-11
73,6,3,82944,6.574473527669809e-10,-2.9659186379657374e-10
73,6,4,82944,4.134805547898529e-10,1.8502626418992563e-10
73,6,5,82944,1.1375736112098126e-10,1.8404435894788023e-11
73,6,6,82944,1.5904748102014094e-10,-5.467625131563542e-11
73,7,0,82944,1.7368414299446218e-07,0.0
73,7,1,82944,5.72908125921312e-09,-3.015658873344835e-10
73,7,2,82944,1.1692085027086535e-09,-6.248122808730096e-11
73,7,3,82944,1.444007817644269e-10,-2.813572541789894e-10
73,7,4,82944,3.248233022954801e-10,2.1110915567362995e-11
73,7,5,82944,3.2387854237946665e-11,5.097660349130405e-11
73,7,6,82944,2.119340657918297e-11,4.749950746224127e-11
73,8,0,82944,1.74310831077848e-07,0.0
73,8,1,82944,3.537205503490346e-09,-5.864184080496368e-11
73,8,2,82944,5.022923798289097e-10,8.490424942668352e-11
73,8,3,82944,3.011866170009557e-10,-1.3458887296639471e-10
73,8,4,82944,3.5002203851486694e-10,9.954783095743242e-11
73,8,5,82944,8.494249683817457e-11,1.0683907941827451e-10
73,8,6,82944,1.6202649999599968e-10,4.2729803250794066e-11
74,1,0,82944,1.7719618993985579e-07,0.0
74,1,1,82944,1.0262651709291012e-07,-2.395401402192538e-10
74,1,2,82944,7.513544304046406e-08,-3.629206852250262e-10
74,1,3,82944,5.8871985511461765e-08,-3.685138758930152e-10
74,1,4,82944,4.637621994718729e-08,-2.5647051587955005e-10
74,1,5,82944,3.6147851224485366e-08,-2.1446916716082503e-10
74,1,6,82944,2.7787518867805784e-08,-2.936445644561038e-10
74,2,0,82944,1.747533160852183e-07,0.0
74,2,1,82944,6.224445652961618e-08,-7.582655871979564e-11
74,2,2,82944,3.602628414966382e-08,-2.0096638203246149e-10
74,2,3,82944,2.4193849640359376e-08,-1.7276955803389882e-10
74,2,4,82944,1.6790942638838098e-08,-2.780661392638899e-11
74,2,5,82944,1.1717863235058066e-08,1.3742238848749485e-10
74,2,6,82944,8.163114806974312e-09,2.587691251870051e-10
74,3,0,82944,1.7373988167710918e-07,0.0
74,3,1,82944,3.816127788387093e-08,8.371798326535883e-11
74,3,2,82944,1.7621980849938615e-08,-1.0418920295519119e-10
74,3,3,82944,1.0275530040366511e-08,-1.940551042001545e-10
74,3,4,82944,6.519139752283534e-09,1.0800848875394454e-10
74,3,5,82944,4.1826245157060195e-09,1.5470265157677588e-10
74,3,6,82944,2.6192287205488277e-09,1.3993036473137584e-10
74,4,0,82944,1.7480174272160145e-07,0.0
74,4,1,82944,2.392361783827556e-08,-3.586329974258245e-11
74,4,2,82944,8.95817964022269e-09,-2.2239747217270344e-11
74,4,3,82944,4.837561350914064e-09,9.84832246401171e-11
74,4,4,82944,2.7822376116702034e-09,2.4618457954259105e-10
74,4,5,82944,1.5387138514711365e-09,2.4196505950598583e-10
74,4,6,82944,7.614141998976339e-10,7.429948215239237e-11
74,5,0,82944,1.7522052411776074e-07,0.0
74,5,1,82944,1.4846211271328655e-08,-1.4140193808969938e-10
74,5,2,82944,4.386624475019921e-09,1.4833461157365084e-10
74,5,3,82944,2.3059731894781516e-09,-1.0395119278048073e-10
74,5,4,82944,1.0501977781714482e-09,3.6022172139886445e-10
74,5,5,82944,5.985823337739545e-10,2.375144753837581e-10
74,5,6,82944,1.9076484107714847e-10,1.516802173058188e-10
74,6,0,82944,1.7497076930054526e-07,0.0
74,6,1,82944,9.047930948127986e-09,2.0398396731355677e-10
74,6,2,82944,2.4359318367407378e-09,3.8037350667204254e-12
74,6,3,82944,1.069970857634784e-09,6.142221748426592e-11
74,6,4,82944,2.2788735195717063e-10,1.2126025125313854e-10
74,6,5,82944,1.6923098465556208e-10,2.956786791724833e-10
74,6,6,82944,8.761603266725092e-11,1.1791115043351454e-10
74,7,0,82944,1.740664190824935e-07,0.0
74,7,1,82944,5.524878361205181e-09,-3.062967948798951e-10
74,7,2,82944,1.3181985431798409e-09,-4.653293421263371e-11
74,7,3,82944,5.182535410256119e-10,1.9641500516986757e-10
74,7,4,82944,-7.165291905577126e-12,-8.374120375668136e-11
74,7,5,82944,4.338099945665271e-11,-5.543517947269829e-13
74,7,6,82944,-1.7434900119087648e-10,2.340588047381482e-10
74,8,0,82944,1.7348242229680367e-07,0.0
74,8,1,82944,3.418331094022661e-09,-3.4367591463810146e-11
74,8,2,82944,8.338161971732984e-10,7.647560272966072e-11
74,8,3,82944,2.784284953115536e-10,1.7586959021836009e-10
74,8,4,82944,1.9803873460594754e-10,2.3048068602236736e-11
74,8,5,82944,-9.276612683094742e-11,5.577838869560725e-11
74,8,6,82944,-2.5198647747829757e-10,-2.236420882364187e-11
75,1,0,82944,1.771564001179552e-07,0.0
75,1,1,82944,1.027232075501538e-07,-1.6468941378549758e-10
75,1,2,82944,7.501454946379667e-08,-2.795652150951146e-10
75,1,3,82944,5.84413847890591e-08,-4.543698009420949e-10
75,1,4,82944,4.5830372596864824e-08,-5.59812152597989e-10
75,1,5,82944,3.5454427126108576e-08,-6.682655502231615e-10
75,1,6,82944,2.6891895252179486e-08,-6.709658063700809e-10
75,2,0,82944,1.7613518984431874e-07,0.0
75,2,1,82944,6.245731337204408e-08,6.457010841651178e-11
75,2,2,82944,3.627086440807117e-08,1.1079824216323312e-10
75,2,3,82944,2.418578033379281e-08,6.16309303480901e-11
75,2,4,82944,1.7000181657040593e-08,-1.7843889656971424e-11
75,2,5,82944,1.2082010217762693e-08,-1.1964153223699665e-10
75,2,6,82944,8.341682811023533e-09,-1.841940928572914e-10
75,3,0,82944,1.7547868156179446e-07,0.0
75,3,1,82944,3.8319079090793385e-08,1.237325090034371e-10
75,3,2,82944,1.7810113670576742e-08,8.851173219021832e-11
75,3,3,82944,1.0022535024324343e-08,2.498701597280831e-10
75,3,4,82944,6.075032128738086e-09,2.0442339017667416e-10
75,3,5,82944,3.866487962329519e-09,4.581867392374525e-11
75,3,6,82944,2.377539603829315e-09,2.967879371181534e-11
75,4,0,82944,1.740869669918553e-07,0.0
75,4,1,82944,2.3533656296212723e-08,1.0567094478107842e-10
75,4,2,82944,8.79689778037913e-09,1.1488389579471078e-10
75,4,3,82944,4.399871951901187e-09,2.6477930923850127e-11
75,4,4,82944,2.5146286227861313e-09,-5.194470254316002e-11
75,4,5,82944,1.496946162965215e-09,-3.476219964816571e-12
75,4,6,82944,6.882416035759242e-10,1.599230690750238e-10
75,5,0,82944,1.7377230647723454e-07,0.0
75,5,1,82944,1.4241834194692638e-08,3.5671056397568367e-12
75,5,2,82944,4.2536281905640945e-09,-2.6801224929750633e-11
75,5,3,82944,2.1495876261668287e-09,-5.5122682645203085e-11
75,5,4,82944,9.001703139072827e-10,-1.4248192579724836e-10
75,5,5,82944,6.333097174421264e-10,-5.614615079902421e-12
75,5,6,82944,4.187818920054031e-10,-4.1128611388566966e-11
75,6,0,82944,1.7510731404234366e-07,0.0
75,6,1,82944,8.629737100794369e-09,1.0015389906435487e-11
75,6,2,82944,1.9946073057147398e-09,2.279475793468212e-10
75,6,3,82944,6.119214226016672e-10,9.371188259875292e-12
75,6,4,82944,1.650099034738805e-10,3.6994110707302096e-11
75,6,5,82944,1.470019245707251e-10,1.4368404695637409e-10
75,6,6,82944,1.2283425607331328e-10,-1.330207036154918e-10
75,7,0,82944,1.748226092258609e-07,0.0
75,7,1,82944,5.447579687797947e-09,1.0057536922852365e-10
75,7,2,82944,9.573782006555933e-10,9.220384990924713e-11
75,7,3,82944,4.4998908503322104e-10,-1.363753240395471e-10
75,7,4,82944,1.595772420863025e-10,-3.665634201121575e-11
75,7,5,82944,1.1501295765580042e-10,1.5606655630429065e-10
75,7,6,82944,1.9496406169539627e-10,5.2496433240203713e-11
75,8,0,82944,1.7434807709672432e-07,0.0
75,8,1,82944,3.2979088163313683e-09,1.562478416268356e-12
75,8,2,82944,5.004200291464869e-10,-1.313311363257507e-10
75,8,3,82944,3.225309718496485e-10,2.061744822189801e-10
75,8,4,82944,2.1454820692942457e-10,1.3702783633150794e-11
75,8,5,82944,1.1146850527325814e-11,6.485069915343171e-11
75,8,6,82944,9.716407191808692e-11,-6.028599264488941e-11
76,1,0,82944,1.7665728716257987e-07,0.0
76,1,1,82944,1.023774284042482e-07,1.7339226431705026e-10
76,1,2,82944,7.476021301195698e-08,1.8415713405044266e-10
76,1,3,82944,5.778419874276304e-08,2.7392479424109434e-10
76,1,4,82944,4.495370733775041e-08,1.9078113127315347e-10
76,1,5,82944,3.464175817264401e-08,6.820177476008055e-11
76,1,6,82944,2.6134148560658114e-08,8.184693253619029e-11
76,2,0,82944,1.7452823198982277e-07,0.0
76,2,1,82944,6.178808128927987e-08,1.3237618155206212e-10
76,2,2,82944,3.586498566460709e-08,2.427231136822754e-10
76,2,3,82944,2.3990330946769447e-08,2.6344069204283734e-10
76,2,4,82944,1.6562390367096362e-08,2.6877780656515323e-10
76,2,5,82944,1.153052752040769e-08,2.9130972699342764e-10
76,2,6,82944,8.033748619201607e-09,3.455648536334177e-10
76,3,0,82944,1.7488098170758292e-07,0.0
76,3,1,82944,3.8443511415728115e-08,-1.9036519705035184e-11
76,3,2,82944,1.8007693285808696e-08,2.1619671985551187e-10
76,3,3,82944,1.0518021550396105e-08,4.394540763461781e-10
76,3,4,82944,6.5253853523897315e-09,3.7444251107375345e-10
76,3,5,82944,4.162079205658957e-09,3.7889375305599993e-10
76,3,6,82944,2.7676096340876916e-09,6.243360382138176e-10
76,4,0,82944,1.7524663477969275e-07,0.0
76,4,1,82944,2.3613569623616315e-08,2.0636191968918842e-11
76,4,2,82944,8.895200050514339e-09,1.61871319766952e-10
76,4,3,82944,4.537147338776551e-09,-3.5239434725209214e-11
76,4,4,82944,2.3232614991016063e-09,-2.3282055774998782e-10
76,4,5,82944,1.4287131786718426e-09,-1.1760943772060907e-10
76,4,6,82944,8.943282579572481e-10,-4.457881373643121e-11
76,5,0,82944,1.7442763184816936e-07,0.0
76,5,1,82944,1.4610281422796367e-08,-3.003583743267678e-11
76,5,2,82944,4.362222504340125e-09,-2.1705518456026784e-10
76,5,3,82944,1.9253343539745277e-09,-1.6342536199243964e-10
76,5,4,82944,7.273737365092737e-10,1.4119720047709498e-10
76,5,5,82944,3.8847456245354513e-10,-2.998784613645542e-11
76,5,6,82944,9.497336859762395e-11,-1.2188050357704053e-10
76,6,0,82944,1.748107230021986e-07,0.0
76,6,1,82944,9.148884367780347e-09,-2.2773884439969105e-11
76,6,2,82944,2.530605218308777e-09,-1.586376759427682e-10
76,6,3,82944,1.0234156567488513e-09,2.5927573894644962e-11
76,6,4,82944,3.8879942165465285e-10,-4.467842092726631e-11
76,6,5,82944,1.279948632616993e-10,8.793771152528134e-11
76,6,6,82944,7.719361831887534e-11,-3.6322038292000066e-11
76,7,0,82944,1.7534523910343414e-07,0.0
76,7,1,82944,5.599744701122265e-09,-1.3823621183410581e-11
76,7,2,82944,1.3303234976498582e-09,-6.368139289029943e-11
76,7,3,82944,4.5104730690598067e-10,-2.95783124366539e-11
76,7,4,82944,9.111510943082887e-12,-2.940899423389773e-10
76,7,5,82944,1.1473220378446075e-10,-5.0002568391223114e-11
76,7,6,82944,8.421266723212758e-11,1.0172680381950924e-10
76,8,0,82944,1.7489369667316537e-07,0.0
76,8,1,82944,3.647875430471547e-09,1.7511217224426312e-10
76,8,2,82944,4.644413397615761e-10,-4.490118657915483e-11
76,8,3,82944,4.404382591879553e-10,-6.723235777282084e-12
76,8,4,82944,1.4033818515956632e-11,-1.0463480718732377e-11
76,8,5,82944,5.38950165943188e-11,9.334979466799219e-11
76,8,6,82944,1.6593203650070476e-10,9.869880167656037e-11
77,1,0,82944,1.7728522451903837e-07,0.0
77,1,1,82944,1.0268773810448377e-07,-1.0142232426172227e-10
77,1,2,82944,7.497286929166997e-08,-1.360389648780438e-10
77,1,3,82944,5.839784435212317e-08,-1.5355166275285026e-11
77,1,4,82944,4.557661199970866e-08,-6.45522467401276e-11
77,1,5,82944,3.528121810238813e-08,-1.2217609974228998e-10
77,1,6,82944,2.6790381063732512e-08,-5.61599460669932e-11
77,2,0,82944,1.747643378358253e-07,0.0
77,2,1,82944,6.238409979137276e-08,1.795900772735318e-10
77,2,2,82944,3.666139281374744e-08,2.005161756344015e-11
77,2,3,82944,2.483131023701153e-08,8.000769618266882e-11
77,2,4,82944,1.7341222044642515e-08,7.683641909550343e-11
77,2,5,82944,1.235316804613034e-08,5.6820105984674916e-11
77,2,6,82944,8.473075114516327e-09,2.2903266386132913e-11
77,3,0,82944,1.7514040467965418e-07,0.0
77,3,1,82944,3.858058379337186e-08,-2.6561989544324798e-11
77,3,2,82944,1.8270378141168406e-08,-3.316502926810855e-12
77,3,3,82944,1.0732570401837282e-08,-9.230410461552947e-11
77,3,4,82944,6.860212495770239e-09,-3.0824546123534665e-11
77,3,5,82944,4.473331568785233e-09,1.6520251882286077e-10
77,3,6,82944,2.7684850873781696e-09,2.548621735438964e-10
77,4,0,82944,1.7566647016237292e-07,0.0
77,4,1,82944,2.3966127664295454e-08,1.4042379462404762e-10
77,4,2,82944,9.138968410527e-09,4.9731364949061157e-11
77,4,3,82944,4.498755479694837e-09,1.6431262873959603e-10
77,4,4,82944,2.519564038726142e-09,7.53163566277556e-11
77,4,5,82944,1.4701249465096568e-09,8.932192234100423e-11
77,4,6,82944,8.640286385431599e-10,1.228070733280891e-10
77,5,0,82944,1.7461937121229547e-07,0.0
77,5,1,82944,1.467271059277039e-08,2.918645567656023e-10
77,5,2,82944,4.405630411289257e-09,1.2714780518203344e-10
77,5,3,82944,1.8768581901909373e-09,8.769515699099113e-11
77,5,4,82944,9.756662098052464e-10,1.0194980912300416e-10
77,5,5,82944,4.4062666167270346e-10,1.8484578755055872e-10
77,5,6,82944,8.282940685320159e-11,1.6869826064314296e-10
77,6,0,82944,1.7493041017163227e-07,0.0
77,6,1,82944,9.117269530867172e-09,1.3123252591865958e-10
77,6,2,82944,2.293673887676106e-09,1.2176268826317377e-10
77,6,3,82944,5.924092531049114e-10,-2.067496966173629e-12
77,6,4,82944,5.026105169287483e-10,1.630752541999323e-10
77,6,5,82944,2.7285562503401173e-10,2.666746689826109e-10
77,6,6,82944,-1.5318015654621137e-11,-2.7026397153973444e-12
77,7,0,82944,1.744067611453071e-07,0.0
77,7,1,82944,5.4540538419620405e-09,1.394970235332465e-10
77,7,2,82944,1.2994271247992789e-09,1.1675704537575172e-10
77,7,3,82944,3.209841148677472e-10,-1.1355784569362983e-10
77,7,4,82944,1.5191226536520006e-10,-1.200894339272521e-10
77,7,5,82944,2.671999132113887e-10,4.8676068483385834e-11
77,7,6,82944,1.2102761179520596e-10,-9.246761749855329e-11
77,8,0,82944,1.7477689656619565e-07,0.0
77,8,1,82944,3.611867259287817e-09,-1.0088544474326498e-10
77,8,2,82944,3.9811251697710205e-10,-3.5138724518888654e-11
77,8,3,82944,1.9266808975878332e-10,8.844621139677557e-11
77,8,4,82944,9.167601146678539e-12,-1.7805158661940713e-10
77,8,5,82944,1.0172049586407218e-10,2.2356838046121165e-12
77,8,6,82944,3.069727388996148e-11,-1.085073109616883e-12
78,1,0,82944,1.7750024223041488e-07,0.0
78,1,1,82944,1.0262226110891355e-07,2.0674124481106054e-10
78,1,2,82944,7.491811442603655e-08,5.286507791473247e-10
78,1,3,82944,5.8181681517518005e-08,9.542777004587881e-10
78,1,4,82944,4.542135086120625e-08,1.1294249949331632e-09
78,1,5,82944,3.499201859128933e-08,1.1563384947254612e-09
78,1,6,82944,2.6311612113178696e-08,1.1972959497322414e-09
78,2,0,82944,1.7500148088146983e-07,0.0
78,2,1,82944,6.237964691112862e-08,4.445974920705221e-11
78,2,2,82944,3.603387087241374e-08,1.0825778376020959e-10
78,2,3,82944,2.4029611807630817e-08,5.026660777327269e-10
78,2,4,82944,1.665974832923848e-08,3.4978929804996764e-10
78,2,5,82944,1.1440552082477192e-08,2.264552486631052e-10
78,2,6,82944,7.774926416301217e-09,1.5255265403015823e-10
78,3,0,82944,1.754127086466668e-07,0.0
78,3,1,82944,3.8740569566290965e-08,1.6509957825275629e-10
78,3,2,82944,1.786425823625333e-08,6.489092044265364e-11
78,3,3,82944,9.941002747733913e-09,5.234286812819284e-11
78,3,4,82944,6.055927183035897e-09,-1.1741008525863014e-10
78,3,5,82944,3.823233987415244e-09,3.485320203082229e-11
78,3,6,82944,2.520092459349704e-09,-3.0002645928683747e-11
78,4,0,82944,1.7385380777024732e-07,0.0
78,4,1,82944,2.341214635401313e-08,-8.605519252339113e-11
78,4,2,82944,8.876088608233593e-09,1.747075720592994e-11
78,4,3,82944,4.613438099419532e-09,-1.744992030252858e-11
78,4,4,82944,2.634853786846547e-09,8.040318241067764e-11
78,4,5,82944,1.2943728347749583e-09,1.552223724620902e-10
78,4,6,82944,7.103307669994928e-10,-8.465488437563434e-11
78,5,0,82944,1.745437045596907e-07,0.0
78,5,1,82944,1.4371735085202898e-08,-2.4399370507698928e-11
78,5,2,82944,4.351886334224035e-09,3.384630343942632e-11
78,5,3,82944,1.8417506929772217e-09,8.250490961056951e-11
78,5,4,82944,1.0246283478887955e-09,3.3030339184578804e-11
78,5,5,82944,3.399022790441219e-10,6.894581740929853e-11
78,5,6,82944,1.7338356929612007e-10,-5.089041945727187e-11
78,6,0,82944,1.7435546797777473e-07,0.0
78,6,1,82944,9.044537093567637e-09,1.7636212996489433e-10
78,6,2,82944,1.9181565052381316e-09,-1.7051868523988254e-10
78,6,3,82944,8.836710573808297e-10,1.1949586586966573e-10
78,6,4,82944,4.5776881134910825e-10,-3.246499856854091e-11
78,6,5,82944,1.7223973142895536e-10,9.343617755441389e-11
78,6,6,82944,6.723851433817648e-11,2.8002894450443113e-11
78,7,0,82944,1.7467020264449438e-07,0.0
78,7,1,82944,5.5356361453480485e-09,-2.632004624944767e-12
78,7,2,82944,1.0277073712343959e-09,-6.344264677930318e-11
78,7,3,82944,4.764925923943715e-10,-1.8435893797879395e-10
78,7,4,82944,2.1922489802628983e-10,1.3879573334523033e-10
78,7,5,82944,2.646071583534622e-11,1.1362102036641574e-10
78,7,6,82944,-1.7417488501890968e-11,-5.2154511412239593e-11
78,8,0,82944,1.741859571305982e-07,0.0
78,8,1,82944,3.6270147733194417e-09,8.25834568751049e-11
78,8,2,82944,3.3137778224438717e-10,-2.5980984878915566e-10
78,8,3,82944,4.0021932698075754e-11,-2.9990255297775695e-10
78,8,4,82944,7.681465024791425e-11,-9.436649817986383e-11
78,8,5,82944,-1.0437768326629386e-10,1.13396678650885e-10
78,8,6,82944,-2.573074311980608e-10,-2.940383584902082e-10
79,1,0,82944,1.7674132642035188e-07,0.0
79,1,1,82944,1.0237370363190923e-07,-4.846468436576027e-11
79,1,2,82944,7.4958948979121e-08,-1.2965424871171978e-10
79,1,3,82944,5.848475166221707e-08,-9.288907022949057e-11
79,1,4,82944,4.5634031692949975e-08,-1.9511986379779554e-10
79,1,5,82944,3.5037832645338116e-08,-2.0533620197256353e-10
79,1,6,82944,2.6579825782868187e-08,-2.775560061797897e-10
79,2,0,82944,1.746533396645105e-07,0.0
79,2,1,82944,6.228227102844391e-08,-2.6691205222965954e-10
79,2,2,82944,3.600948843784133e-08,-2.354447219949696e-10
79,2,3,82944,2.4235174730765612e-08,-2.3018598771936687e-10
79,2,4,82944,1.682504401414757e-08,-7.466455537503273e-11
79,2,5,82944,1.1652610862466898e-08,-1.6571386014491963e-10
79,2,6,82944,8.004006487096942e-09,-1.6980959820137497e-10
79,3,0,82944,1.7507079135369012e-07,0.0
79,3,1,82944,3.8582293868969054e-08,-7.777295157883208e-11
79,3,2,82944,1.784681017148156e-08,1.9809299078225614e-10
79,3,3,82944,1.0326312822495618e-08,1.194948918660528e-10
79,3,4,82944,6.500498097828671e-09,2.415517039553025e-11
79,3,5,82944,4.070538214750583e-09,-9.254586351622806e-11
79,3,6,82944,2.4303524433181102e-09,-3.392207862316699e-11
79,4,0,82944,1.745578649229983e-07,0.0
79,4,1,82944,2.3784881220803688e-08,1.0957736861831725e-10
79,4,2,82944,8.74383766403352e-09,4.467829558325485e-11
79,4,3,82944,4.48473776123413e-09,-8.811980876694175e-11
79,4,4,82944,2.6382665842442884e-09,-6.706487104930913e-11
79,4,5,82944,1.4257391993704358e-09,-3.912746342934638e-11
79,4,6,82944,7.169819081842947e-10,-7.503222931397963e-11
79,5,0,82944,1.7425490838565276e-07,0.0
79,5,1,82944,1.4640128539909779e-08,-2.9539032407880173e-10
79,5,2,82944,3.9899458948382315e-09,9.382391394101572e-11
79,5,3,82944,1.886799564313847e-09,-1.5983292875827703e-10
79,5,4,82944,1.0786473640949012e-09,1.5414162909852135e-10
79,5,5,82944,4.704182249857734e-10,2.921419696957265e-10
79,5,6,82944,1.1127596524246051e-10,1.0814741380146252e-10
79,6,0,82944,1.7460160435378468e-07,0.0
79,6,1,82944,9.140270614904514e-09,-2.2226773806830477e-10
79,6,2,82944,2.190770605306822e-09,3.325872308166334e-10
79,6,3,82944,8.498712533637756e-10,6.521685743015352e-11
79,6,4,82944,2.5363672631099913e-10,1.4663417095223983e-10
79,6,5,82944,2.9148441567865845e-11,1.562440907903976e-10
79,6,6,82944,8.992347787451969e-11,2.587724967096251e-11
79,7,0,82944,1.7389639187678172e-07,0.0
79,7,1,82944,5.606105041789048e-09,-1.5920554565975091e-12
79,7,2,82944,9.497275037685646e-10,3.1537773438405127e-10
79,7,3,82944,3.944331556781399e-10,-5.1169542984438274e-11
79,7,4,82944,4.297535809364913e-11,9.014703778989867e-11
79,7,5,82944,-3.996839612897622e-11,-8.873217907593787e-11
79,7,6,82944,-2.5526142132179808e-11,-7.609221315711917e-11
79,8,0,82944,1.7458184902100316e-07,0.0
79,8,1,82944,3.4086217467578175e-09,2.001141398938803e-10
79,8,2,82944,6.524366336825095e-10,-7.504276431243745e-11
79,8,3,82944,3.2121733939580504e-10,-2.0861383662186e-11
79,8,4,82944,4.256977160752455e-11,7.595982994310866e-11
79,8,5,82944,-1.1873618501014842e-11,-3.449519167602848e-11
79,8,6,82944,-1.2681546662310576e-10,-3.1188166525826966e-11
80,1,0,82944,1.7740897117274967e-07,0.0
80,1,1,82944,1.0250965942590389e-07,-7.419964823070683e-11
80,1,2,82944,7.45998793998809e-08,-5.807642812929131e-11
80,1,3,82944,5.7754851846646276e-08,2.3829496329830985e-12
80,1,4,82944,4.479335770568454e-08,-6.121747682748564e-11
80,1,5,82944,3.4345708119636675e-08,-1.0466751113267451e-10
80,1,6,82944,2.5715395614744136e-08,-1.8197547441968537e-10
80,2,0,82944,1.7552870673197504e-07,0.0
80,2,1,82944,6.226254430294772e-08,-2.6712472766053655e-10
80,2,2,82944,3.617168598163647e-08,-2.515490301024025e-10
80,2,3,82944,2.425881491418348e-08,-5.057771487239966e-10
80,2,4,82944,1.6792034874089463e-08,-3.334171255358324e-10
80,2,5,82944,1.139334331841727e-08,-2.1301553446377897e-10
80,2,6,82944,7.801769834577202e-09,1.8539288964321333e-11
80,3,0,82944,1.7433546739094028e-07,0.0
80,3,1,82944,3.8081619305456715e-08,3.315583749662315e-11
80,3,2,82944,1.752050353152647e-08,-1.2678921186688872e-10
80,3,3,82944,9.661986243448275e-09,7.014590829552643e-11
80,3,4,82944,6.0563562239939685e-09,-1.9919747818201088e-10
80,3,5,82944,3.738666503129293e-09,-2.6786281145790076e-10
80,3,6,82944,2.5035597470962423e-09,-4.5873716742860967e-11
80,4,0,82944,1.7523025779674393e-07,0.0
80,4,1,82944,2.3603508762126364e-08,3.65829245474836e-10
80,4,2,82944,8.493012032104611e-09,1.968494719118969e-10
80,4,3,82944,4.353380493323815e-09,2.896755404163737e-10
80,4,4,82944,2.5136999933532193e-09,-1.652788809393445e-10
80,4,5,82944,1.4204293626996893e-09,3.7618331316982126e-11
80,4,6,82944,8.757104817114881e-10,3.805881774945712e-12
80,5,0,82944,1.742667843019058e-07,0.0
80,5,1,82944,1.4549643596535146e-08,2.5268669483689063e-10
80,5,2,82944,4.138624836773118e-09,9.258429141033913e-11
80,5,3,82944,1.733810896367875e-09,-1.7350191294067707e-11
80,5,4,82944,8.050486391700562e-10,-1.5745919033387553e-10
80,5,5,82944,3.863212369160338e-10,1.827676877106376e-11
80,5,6,82944,3.0333011006974037e-10,-6.788526998129611e-11
80,6,0,82944,1.740741881388656e-07,0.0
80,6,1,82944,9.104571384801303e-09,1.5260940148763575e-10
80,6,2,82944,2.02960610287236e-09,7.313255585245455e-11
80,6,3,82944,5.111301155284268e-10,2.1809753254869573e-10
80,6,4,82944,3.4761326303467467e-10,-8.362056088953171e-11
80,6,5,82944,2.4345442904495837e-10,1.0938749806008127e-10
80,6,6,82944,1.0628027594176953e-10,7.904963847044362e-12
80,7,0,82944,1.741351447576978e-07,0.0
80,7,1,82944,5.619369625410843e-09,8.12964059640162e-11
80,7,2,82944,1.0055857388564818e-09,1.051749727318225e-10
80,7,3,82944,3.4078961719817205e-10,3.7752897534831384e-10
80,7,4,82944,2.2991147392681884e-10,-2.980598936774679e-10
80,7,5,82944,2.8512460509976567e-10,-4.361454335499769e-11
80,7,6,82944,3.041646982732175e-11,-2.0578264529651523e-10
80,8,0,82944,1.7389419229838587e-07,0.0
80,8,1,82944,3.4937040974379633e-09,1.0254739973637761e-10
80,8,2,82944,3.4844333473620327e-10,2.37603050256612e-10
80,8,3,82944,-7.786596824933797e-11,4.390318313254668e-10
80,8,4,82944,1.1633922950796489e-10,-1.0920117002050751e-10
80,8,5,82944,1.7168091955356645e-10,-1.8188053608992524e-11
80,8,6,82944,1.219594592827295e-10,-1.5968983022821402e-10
81,1,0,82944,1.7752727933097419e-07,0.0
81,1,1,82944,1.0293386611098097e-07,5.884370391708103e-11
81,1,2,82944,7.529726409140804e-08,1.7672483702273333e-10
81,1,3,82944,5.861542074646282e-08,3.678729422661462e-10
81,1,4,82944,4.568019216690417e-08,2.1678663730325946e-10
81,1,5,82944,3.504702292001555e-08,2.1810939808832062e-10
81,1,6,82944,2.6348652318390948e-08,3.26720638445453e-10
81,2,0,82944,1.7570935094434928e-07,0.0
81,2,1,82944,6.289642787557962e-08,2.104679643002488e-10
81,2,2,82944,3.689602532597173e-08,1.062295316426719e-10
81,2,3,82944,2.477637147500278e-08,2.9416387580044835e-10
81,2,4,82944,1.742145618709518e-08,1.9381007780902e-11
81,2,5,82944,1.2186129170910484e-08,2.718561903915928e-11
81,2,6,82944,8.432480462788752e-09,1.8019527575347585e-10
81,3,0,82944,1.751840545634332e-07,0.0
81,3,1,82944,3.878440637167064e-08,-1.4115533667974792e-10
81,3,2,82944,1.8206235182340885e-08,4.0850352200442635e-11
81,3,3,82944,1.0775622100458298e-08,4.713768384302134e-10
81,3,4,82944,6.8528045711144146e-09,4.388610178016898e-10
81,3,5,82944,4.269854635027042e-09,4.2113864802876035e-10
81,3,6,82944,2.761064327224424e-09,4.765324697721207e-10
81,4,0,82944,1.7481907765429022e-07,0.0
81,4,1,82944,2.421140673178309e-08,-3.552402771471341e-10
81,4,2,82944,9.163204475052793e-09,-1.4592830384130637e-10
81,4,3,82944,4.7058653501882326e-09,5.756935803543545e-11
81,4,4,82944,2.6870515463697882e-09,5.610007560146078e-11
81,4,5,82944,1.4862622957693623e-09,8.25807987060248e-12
81,4,6,82944,1.0047195734924932e-09,8.977683925383331e-11
81,5,0,82944,1.7516598741720798e-07,0.0
81,5,1,82944,1.5159521945296946e-08,-2.522966108832964e-10
81,5,2,82944,4.633801540117151e-09,2.4250006822664446e-11
81,5,3,82944,2.1157078094927272e-09,-6.049539111227336e-11
81,5,4,82944,1.2336725714423499e-09,-3.672714228742773e-11
81,5,5,82944,6.1254704231522e-10,-2.7409038807748694e-10
81,5,6,82944,3.0718645496982763e-10,-2.1325294381604156e-11
81,6,0,82944,1.7416100718942917e-07,0.0
81,6,1,82944,9.327464450252836e-09,-1.6820485371093984e-10
81,6,2,82944,2.5803934295967906e-09,-9.49742312651284e-11
81,6,3,82944,1.0137513288792365e-09,-3.511429052075494e-10
81,6,4,82944,4.4933952585215674e-10,2.3785274436587955e-10
81,6,5,82944,3.0248721644240763e-10,-5.142661585860703e-11
81,6,6,82944,-4.084405433507217e-11,-8.139565980557946e-11
81,7,0,82944,1.7481257557496447e-07,0.0
81,7,1,82944,5.887897532438445e-09,-3.056916571532074e-11
81,7,2,82944,1.1580479076420984e-09,9.153753194478917e-11
81,7,3,82944,5.32878996777883e-10,9.853338100901641e-11
81,7,4,82944,3.3477539575369215e-10,2.5476623701492736e-10
81,7,5,82944,3.772500565104962e-11,-1.2166634165858325e-12
81,7,6,82944,7.323881369474661e-11,-2.0324682823604155e-10
81,8,0,82944,1.7449770362883902e-07,0.0
81,8,1,82944,3.4534295130437e-09,1.0101202172587864e-10
81,8,2,82944,5.038371897705441e-10,1.6707883196592401e-10
81,8,3,82944,2.864536798555804e-10,-8.390124853022569e-11
81,8,4,82944,1.5701454508243934e-10,3.3408252386879317e-13
81,8,5,82944,1.457454010188571e-10,-2.826991367222111e-11
81,8,6,82944,-1.5983061448235012e-10,-1.017978739972152e-10
82,1,0,82944,1.7676098435456468e-07,0.0
82,1,1,82944,1.0258447562084717e-07,1.1218333848693581e-10
82,1,2,82944,7.521102281051608e-08,1.9862525808496412e-10
82,1,3,82944,5.895875706302969e-08,4.216834460427658e-10
82,1,4,82944,4.6742544732943046e-08,4.3384992287954435e-10
82,1,5,82944,3.641271415578324e-08,3.8327271456285666e-10
82,1,6,82944,2.8088640524679463e-08,3.942970880383698e-10
82,2,0,82944,1.7533268714427896e-07,0.0
82,2,1,82944,6.253990878867857e-08,1.2395766560676225e-10
82,2,2,82944,3.640599890577966e-08,1.2486920151591216e-11
82,2,3,82944,2.4937098139956606e-08,7.186747466998151e-11
82,2,4,82944,1.7826884526060784e-08,-4.234133153449138e-11
82,2,5,82944,1.253804351081033e-08,-1.5221852406476805e-10
82,2,6,82944,8.81958283248378e-09,-1.5770857891921742e-10
82,3,0,82944,1.747895510195793e-07,0.0
82,3,1,82944,3.841495843749617e-08,1.557021545960158e-10
82,3,2,82944,1.7761096437377185e-08,5.651897754675717e-11
82,3,3,82944,1.051930125332014e-08,-1.2149299030480984e-10
82,3,4,82944,6.660547064840711e-09,-2.7196340255038696e-11
82,3,5,82944,4.247773060620423e-09,-1.5927496447462706e-10
82,3,6,82944,2.6057838976359936e-09,-1.7611938207112675e-10
82,4,0,82944,1.7499235660168231e-07,0.0
82,4,1,82944,2.3609231382124727e-08,1.4814055988376218e-10
82,4,2,82944,9.087437085021636e-09,2.6391774689717016e-10
82,4,3,82944,4.722454367146921e-09,-1.1189683669117431e-10
82,4,4,82944,2.6280327864053054e-09,-7.929421628194347e-11
82,4,5,82944,1.5498829174553298e-09,-4.3644773375226005e-11
82,4,6,82944,1.0078528932399331e-09,-3.172583139321582e-11
82,5,0,82944,1.7487498344457459e-07,0.0
82,5,1,82944,1.4824262340702314e-08,6.00854264663795e-11
82,5,2,82944,4.4910280677332015e-09,1.3147200491339838e-10
82,5,3,82944,2.088216942445823e-09,3.6662181999725976e-11
82,5,4,82944,9.621495505723022e-10,3.6673671953205337e-10
82,5,5,82944,6.7213883845409e-10,-4.452454062215801e-11
82,5,6,82944,2.663320203372573e-10,-1.7207447448172018e-10
82,6,0,82944,1.7467268660678197e-07,0.0
82,6,1,82944,9.010587859498985e-09,-1.1749431688306546e-10
82,6,2,82944,2.253526541874335e-09,-8.236618592545641e-11
82,6,3,82944,7.727209097417477e-10,-2.0104888615893165e-10
82,6,4,82944,4.0367302836599395e-10,-1.643706438315714e-10
82,6,5,82944,1.1085194031292568e-10,-5.342069504844952e-11
82,6,6,82944,4.111038907852865e-11,-6.621592928178983e-11
82,7,0,82944,1.7519986482540943e-07,0.0
82,7,1,82944,5.5888870989582264e-09,-1.5447656721327708e-10
82,7,2,82944,1.3041468415806128e-09,1.7363429967974476e-11
82,7,3,82944,2.3802508578576087e-10,-1.2191948458726354e-10
82,7,4,82944,1.9408962909353253e-10,7.967842149107176e-11
82,7,5,82944,-1.1682074516311624e-11,-3.1660556168456464e-11
82,7,6,82944,-1.73343699211605e-10,-6.733160584483573e-11
82,8,0,82944,1.755486025571122e-07,0.0
82,8,1,82944,3.6046150231864305e-09,-1.3876676808867293e-10
82,8,2,82944,8.667969962403513e-10,8.446659122611022e-11
82,8,3,82944,3.358426442015439e-10,-6.987458353129563e-11
82,8,4,82944,5.734697133216952e-11,4.424905082959114e-11
82,8,5,82944,1.021296401264082e-10,9.049203042642628e-12
82,8,6,82944,-1.5653493085376916e-10,-9.941677913610964e-11
83,1,0,82944,1.7658297985791268e-07,0.0
83,1,1,82944,1.0233127269504566e-07,-1.1323293001047547e-10
83,1,2,82944,7.51810756943659e-08,-1.3724110795480066e-10
83,1,3,82944,5.898461234044788e-08,-1.3063886364818953e-10
83,1,4,82944,4.656058450364455e-08,-1.27199966281381e-10
83,1,5,82944,3.622244839317703e-08,-2.1422483854749407e-10
83,1,6,82944,2.7623853198723256e-08,-2.0820713041209387e-10
83,2,0,82944,1.7514820096433183e-07,0.0
83,2,1,82944,6.260496522788311e-08,3.363112973159894e-11
83,2,2,82944,3.634943313946969e-08,-2.6912617732501593e-11
83,2,3,82944,2.4861990676622446e-08,7.457096567601398e-11
83,2,4,82944,1.7449819472767415e-08,4.067790607224492e-12
83,2,5,82944,1.192276736020776e-08,-1.196523923143456e-10
83,2,6,82944,8.268788234900707e-09,1.5028919820830042e-11
83,3,0,82944,1.748667512893597e-07,0.0
83,3,1,82944,3.8650088543501344e-08,-4.0968689025429336e-11
83,3,2,82944,1.8127449174422442e-08,-2.2882903157901993e-10
83,3,3,82944,1.1165838860541128e-08,3.772538160775579e-12
83,3,4,82944,6.845070144987754e-09,1.301454894221657e-10
83,3,5,82944,4.399087881813347e-09,2.4281807724342994e-10
83,3,6,82944,2.8707331977631575e-09,-3.725823205153787e-11
83,4,0,82944,1.753061531720421e-07,0.0
83,4,1,82944,2.4210131918875895e-08,1.2155090509685978e-10
83,4,2,82944,9.11134976237892e-09,2.830832517742367e-10
83,4,3,82944,4.914962533109253e-09,3.372023510869632e-10
83,4,4,82944,2.738341082930638e-09,1.4813987577353896e-10
83,4,5,82944,1.7127309031116543e-09,2.9252238993219e-10
83,4,6,82944,1.0923777960435406e-09,-2.4494751982305147e-10
83,5,0,82944,1.7448185668215838e-07,0.0
83,5,1,82944,1.4864821613181458e-08,4.2736515553924784e-11
83,5,2,82944,4.3899400065115516e-09,2.5859932312987306e-10
83,5,3,82944,2.020651080314113e-09,-4.2777683405858203e-11
83,5,4,82944,1.0829720829373794e-09,-7.370396774778025e-11
83,5,5,82944,5.612642007345183e-10,1.1233738157322522e-10
83,5,6,82944,3.442763015003957e-10,1.396765705556388e-10
83,6,0,82944,1.7452579016374647e-07,0.0
83,6,1,82944,9.107344198880202e-09,-4.0974411437313e-11
83,6,2,82944,2.28171075728762e-09,5.6737234169456765e-11
83,6,3,82944,9.702507350919942e-10,7.521180496625175e-11
83,6,4,82944,3.6695677987437383e-10,-3.334640495584203e-11
83,6,5,82944,4.1476323109824345e-10,-4.736250615070463e-11
83,6,6,82944,4.991791162241213e-11,-1.7321847263771775e-11
83,7,0,82944,1.7398016866351892e-07,0.0
83,7,1,82944,5.576131826856565e-09,3.528358999878894e-11
83,7,2,82944,1.205534066640641e-09,2.6973443391486406e-10
83,7,3,82944,3.4612360554915763e-10,1.7239743277019127e-10
83,7,4,82944,2.17300107404846e-10,-1.0095043651398757e-10
83,7,5,82944,-7.026986741477199e-11,-3.6233741370068194e-11
83,7,6,82944,-3.738903955487118e-11,-6.239987568570397e-11
83,8,0,82944,1.7428450511864711e-07,0.0
83,8,1,82944,3.4510570333939478e-09,-1.740895378525396e-11
83,8,2,82944,6.66968703368024e-10,-1.7733705510973543e-10
83,8,3,82944,1.5769121751297383e-10,4.629755262051884e-11
83,8,4,82944,3.8168220769375e-10,-1.594588795476143e-10
83,8,5,82944,-1.2256013955994324e-10,1.265081181315887e-10
83,8,6,82944,-5.061611770840215e-11,-6.865348395644816e-11
84,1,0,82944,1.7628334909119333e-07,0.0
84,1,1,82944,1.0215108278403984e-07,2.814272565500641e-11
84,1,2,82944,7.498638307264764e-08,-5.98075845309471e-11
84,1,3,82944,5.891013884423761e-08,-7.243384063604946e-11
84,1,4,82944,4.654933678296923e-08,-3.2632628805859104e-10
84,1,5,82944,3.630033533176056e-08,-4.706783556823384e-10
84,1,6,82944,2.8024034472148114e-08,-5.064339616688744e-10
84,2,0,82944,1.753202433848484e-07,0.0
84,2,1,82944,6.255198468007122e-08,2.783147789626982e-10
84,2,2,82944,3.6337636877348045e-08,1.8106887259773955e-10
84,2,3,82944,2.4592479147998593e-08,1.0915362958938472e-10
84,2,4,82944,1.7518050387885726e-08,-2.6807233378682987e-10
84,2,5,82944,1.2466856595532592e-08,-4.0532399705578026e-10
84,2,6,82944,8.68041747003009e-09,-1.4953089478598558e-10
84,3,0,82944,1.7519815783711413e-07,0.0
84,3,1,82944,3.857324990459122e-08,4.523116791392447e-12
84,3,2,82944,1.8027160402746036e-08,-5.295414531602946e-10
84,3,3,82944,1.069153768801609e-08,-2.737176242719441e-11
84,3,4,82944,6.846956312963377e-09,-2.5935200018906563e-10
84,3,5,82944,4.504294775681873e-09,-5.131817849103112e-11
84,3,6,82944,2.9431363631627178e-09,9.811238185226211e-11
84,4,0,82944,1.753495284645525e-07,0.0
84,4,1,82944,2.3859125362306457e-08,8.129165369159539e-11
84,4,2,82944,9.03680415606311e-09,-6.411319916247159e-11
84,4,3,82944,4.8686356179616795e-09,-1.179878826067556e-10
84,4,4,82944,2.979975606592897e-09,-1.3451627437226157e-10
84,4,5,82944,1.7906152054099305e-09,-7.824867638314745e-11
84,4,6,82944,1.1642553485932588e-09,-1.1109319999597762e-14
84,5,0,82944,1.7440549419108436e-07,0.0
84,5,1,82944,1.4703136382167367e-08,3.331891666948846e-11
84,5,2,82944,4.46868236881745e-09,1.6606062068342786e-10
84,5,3,82944,2.087356530086573e-09,-1.8758821157196246e-10
84,5,4,82944,1.2512307979024673e-09,-4.6999303184196105e-11
84,5,5,82944,7.91408726249148e-10,-1.5276153332482367e-10
84,5,6,82944,4.5490292224763665e-10,-4.062296541627553e-11
84,6,0,82944,1.7393542549697346e-07,0.0
84,6,1,82944,8.978225080654634e-09,7.677780065406888e-11
84,6,2,82944,2.289754751172952e-09,8.038409828020243e-11
84,6,3,82944,8.15452105424822e-10,4.604759638446862e-11
84,6,4,82944,5.997767022773965e-10,-1.2708412212258654e-10
84,6,5,82944,8.288034342693754e-11,-2.0433903331269582e-10
84,6,6,82944,1.5362466577063435e-10,-2.1850689249071995e-10
84,7,0,82944,1.7437647727695802e-07,0.0
84,7,1,82944,5.5281791321773175e-09,-9.352232590517694e-12
84,7,2,82944,9.372544544902683e-10,4.396898339259118e-10
84,7,3,82944,3.3781144998480034e-10,3.510475383253662e-11
84,7,4,82944,1.7842832428254304e-10,-1.7808423088165028e-11
84,7,5,82944,1.008049160003422e-11,-1.0618391080975138e-10
84,7,6,82944,2.615048481756816e-10,-2.0016816094133212e-10
84,8,0,82944,1.7493870264370637e-07,0.0
84,8,1,82944,3.399271857998688e-09,-1.2330389031940138e-10
84,8,2,82944,4.3602267171017427e-10,1.2745525396067628e-11
84,8,3,82944,1.8026688785088513e-10,-2.3909538909566553e-10
84,8,4,82944,1.1285873994689121e-10,3.759436783585811e-11
84,8,5,82944,-5.0210963461615877e-11,-4.011696348254498e-11
84,8,6,82944,6.883471776999568e-11,-1.1004352291073634e-10
85,1,0,82944,1.765125875783354e-07,0.0
85,1,1,82944,1.0271643096247209e-07,-1.9905655247497837e-11
85,1,2,82944,7.580131107631698e-08,-2.7896804242104717e-11
85,1,3,82944,5.972361232976777e-08,1.428792521129879e-11
85,1,4,82944,4.7278791071532785e-08,-6.766102338858315e-11
85,1,5,82944,3.7197758644473424e-08,-4.067580631037094e-11
85,1,6,82944,2.8656443047351604e-08,3.980661171583126e-11
85,2,0,82944,1.746147139531208e-07,0.0
85,2,1,82944,6.233614069593495e-08,6.75674225002832e-11
85,2,2,82944,3.634719627009978e-08,4.4853864158822555e-11
85,2,3,82944,2.472085968620157e-08,6.010523021595001e-11
85,2,4,82944,1.7350722014944336e-08,1.3739293675525707e-10
85,2,5,82944,1.2291534735077984e-08,3.542683022413427e-11
85,2,6,82944,8.638197330561651e-09,1.892576770998508e-10
85,3,0,82944,1.7446810427140487e-07,0.0
85,3,1,82944,3.836760228609895e-08,9.150714953490779e-11
85,3,2,82944,1.8041909313452855e-08,9.957508288682051e-11
85,3,3,82944,1.0687232582379552e-08,-8.609960076091634e-11
85,3,4,82944,6.869429364589554e-09,-1.0066809390425548e-10
85,3,5,82944,4.287653790566323e-09,-1.6042344073327664e-10
85,3,6,82944,2.8962526617400096e-09,-9.263311920479869e-11
85,4,0,82944,1.750010539781828e-07,0.0
85,4,1,82944,2.358191115089324e-08,-4.6282068584925266e-11
85,4,2,82944,8.733836976957873e-09,1.1407076860566802e-10
85,4,3,82944,4.539692061884968e-09,-6.233067670603417e-11
85,4,4,82944,2.715033886524698e-09,-1.8076562913362288e-10
85,4,5,82944,1.6337263414596815e-09,-1.3321709731031872e-10
85,4,6,82944,1.0014548853662285e-09,-2.461295753269464e-10
85,5,0,82944,1.7447708141884314e-07,0.0
85,5,1,82944,1.4606339248614117e-08,2.490585053902312e-11
85,5,2,82944,4.3785152436550954e-09,1.0301684217541056e-10
85,5,3,82944,1.9029869321265383e-09,2.4124965313183185e-10
85,5,4,82944,9.43407493596773e-10,-1.3164043167751572e-10
85,5,5,82944,5.166940866846845e-10,1.7951748339300115e-10
85,5,6,82944,3.2091718795999576e-10,1.1695267824442303e-10
85,6,0,82944,1.744721075614019e-07,0.0
85,6,1,82944,8.982004415481038e-09,5.926691418115206e-11
85,6,2,82944,1.9596572044065543e-09,1.31139167148388e-10
85,6,3,82944,1.0453220324512548e-09,1.478458261517093e-11
85,6,4,82944,5.460395804146874e-10,-1.8624167576989736e-10
85,6,5,82944,2.071956053897644e-10,6.93035095604857e-11
85,6,6,82944,1.2889253080834985e-10,1.5541368878147017e-10
85,7,0,82944,1.7479521593867565e-07,0.0
85,7,1,82944,5.734755226861575e-09,-3.973370936764246e-11
85,7,2,82944,1.1826253983517869e-09,5.950211624153547e-11
85,7,3,82944,1.9921994269684175e-10,2.0985127030736786e-11
85,7,4,82944,2.1527272518527288e-10,-1.9615789364049835e-10
85,7,5,82944,2.442355114034709e-10,-3.048813306123196e-11
85,7,6,82944,-2.713056120858707e-11,1.573042223866282e-10
85,8,0,82944,1.7423251697529125e-07,0.0
85,8,1,82944,3.433723846442545e-09,-4.00100271213987e-11
85,8,2,82944,6.287296486726569e-10,7.641594875450443e-12
85,8,3,82944,1.4447415376192137e-10,3.186967535743358e-11
85,8,4,82944,-2.503297632690125e-11,-1.1480866590059524e-10
85,8,5,82944,3.5527449731200694e-12,1.1263693650522138e-11
85,8,6,82944,-1.3337310573728002e-11,-1.222875286994732e-10
86,1,0,82944,1.7677621357111342e-07,0.0
86,1,1,82944,1.0219406011325437e-07,7.762368364689572e-11
86,1,2,82944,7.456792841807185e-08,8.159798826421984e-11
86,1,3,82944,5.780532828232102e-08,3.5142958887664733e-11
86,1,4,82944,4.5353193908208527e-08,3.976543468194557e-11
86,1,5,82944,3.518882564813352e-08,-1.3417047959412055e-11
86,1,6,82944,2.684808982576776e-08,-6.166071748462306e-11
86,2,0,82944,1.7514175174076043e-07,0.0
86,2,1,82944,6.209898590634537e-08,-2.9789352869122267e-12
86,2,2,82944,3.603708319198581e-08,7.394146895530224e-11
86,2,3,82944,2.405065838160727e-08,-3.471085183652178e-11
86,2,4,82944,1.687382843781215e-08,1.2819729023983423e-10
86,2,5,82944,1.1930151426569005e-08,2.340946568493342e-10
86,2,6,82944,8.288288223807294e-09,1.5013416632598065e-10
86,3,0,82944,1.7583389042197014e-07,0.0
86,3,1,82944,3.829943234409484e-08,8.921590655457477e-11
86,3,2,82944,1.7871803798455624e-08,-8.221378086884524e-11
86,3,3,82944,1.0352878161577971e-08,-4.89132179540392e-10
86,3,4,82944,6.458662150544811e-09,-5.270438371556707e-10
86,3,5,82944,4.476160058065187e-09,-1.888486761337317e-10
86,3,6,82944,2.833726526530061e-09,-2.4048606129968545e-10
86,4,0,82944,1.7469662756125212e-07,0.0
86,4,1,82944,2.358428719007878e-08,2.9728986598320604e-11
86,4,2,82944,8.832408927758076e-09,-1.3879883142645594e-10
86,4,3,82944,4.674110261408285e-09,-2.411761241567434e-10
86,4,4,82944,2.51462883898539e-09,-2.772051422726667e-10
86,4,5,82944,1.651527185883711e-09,-1.4727206027119328e-10
86,4,6,82944,8.97710218418466e-10,8.268592318900106e-11
86,5,0,82944,1.7452945529508462e-07,0.0
86,5,1,82944,1.449720522735588e-08,3.8584695849557464e-11
86,5,2,82944,4.274482943249493e-09,-3.3759293819241213e-13
86,5,3,82944,2.1379712024004626e-09,-1.2832250876621547e-10
86,5,4,82944,9.640447638713507e-10,5.247990977112308e-12
86,5,5,82944,5.724247052921027e-10,-2.671464948032271e-10
86,5,6,82944,2.9466106342290063e-10,-1.3963096064642052e-11
86,6,0,82944,1.7444042240221004e-07,0.0
86,6,1,82944,8.938551953222661e-09,5.814246948412966e-11
86,6,2,82944,1.8756302937408473e-09,-9.243262016012728e-11
86,6,3,82944,9.142742106561012e-10,3.106757738278359e-11
86,6,4,82944,2.3369075895476183e-10,-6.725305379149483e-12
86,6,5,82944,2.479213573446076e-10,-7.030721865084875e-11
86,6,6,82944,3.770577097420657e-11,2.652932696060918e-11
86,7,0,82944,1.7462573198954912e-07,0.0
86,7,1,82944,5.532576454103115e-09,-5.634393261740527e-11
86,7,2,82944,7.607363784600506e-10,-5.450267255012401e-11
86,7,3,82944,1.624929216823499e-10,1.618609825638532e-10
86,7,4,82944,1.4458170756278643e-10,5.6496916765589076e-11
86,7,5,82944,2.0105623605871452e-10,-5.823636559004097e-12
86,7,6,82944,2.5180179941498784e-10,8.671982391432861e-11
86,8,0,82944,1.7458262375973596e-07,0.0
86,8,1,82944,3.2728697536093307e-09,5.77574512536024e-11
86,8,2,82944,5.977425007059263e-10,-1.1524935335166109e-10
86,8,3,82944,2.8423862080861785e-10,2.0443170454296372e-10
86,8,4,82944,3.123118808760725e-11,1.9755837187194965e-10
86,8,5,82944,1.1085383286212342e-10,1.6051496423453387e-10
86,8,6,82944,-3.9866682609044184e-11,-4.71136208797396e-11
87,1,0,82944,1.773366438272735e-07,0.0
87,1,1,82944,1.0307400139181395e-07,1.5146145063598853e-10
87,1,2,82944,7.581267472030706e-08,2.2191792901975936e-10
87,1,3,82944,5.923289961662301e-08,1.8640417377007345e-10
87,1,4,82944,4.6412904077090006e-08,1.5269605539319553e-10
87,1,5,82944,3.588233056779076e-08,2.05321377362586e-10
87,1,6,82944,2.7453008635602238e-08,2.236484588502058e-10
87,2,0,82944,1.7556259059122007e-07,0.0
87,2,1,82944,6.257218977088612e-08,3.088928977405291e-10
87,2,2,82944,3.6518918995365434e-08,4.303813178759241e-10
87,2,3,82944,2.4736086774142336e-08,5.630798012264419e-10
87,2,4,82944,1.7436405924710684e-08,6.059649980793755e-10
87,2,5,82944,1.2358044737237138e-08,8.050873526900136e-10
87,2,6,82944,8.597101357987449e-09,7.956962978563597e-10
87,3,0,82944,1.7477888272419636e-07,0.0
87,3,1,82944,3.87380724041704e-08,1.4438976978819e-10
87,3,2,82944,1.80339541294863e-08,3.451094495532655e-10
87,3,3,82944,1.0494399996998194e-08,2.84656034954497e-10
87,3,4,82944,6.505892995426392e-09,1.4894740757246145e-10
87,3,5,82944,4.136999062886256e-09,2.1258509705490225e-10
87,3,6,82944,2.5773906036328243e-09,2.2829852395282189e-10
87,4,0,82944,1.7459714865369812e-07,0.0
87,4,1,82944,2.353256568088129e-08,-4.112719173901486e-11
87,4,2,82944,8.78791144758817e-09,-7.703068763412424e-11
87,4,3,82944,4.6048258071416404e-09,-2.2974029598271409e-10
87,4,4,82944,2.596963005578633e-09,-4.490695401487583e-11
87,4,5,82944,1.4899419613211137e-09,6.360952089113754e-11
87,4,6,82944,9.011808073146005e-10,-5.251014408738062e-11
87,5,0,82944,1.7526701232770807e-07,0.0
87,5,1,82944,1.4804408850246512e-08,1.7931627154474533e-10
87,5,2,82944,4.330417724446627e-09,2.9662079930552025e-11
87,5,3,82944,1.8624501008147063e-09,-2.0202357502220656e-11
87,5,4,82944,1.0921216666699393e-09,-7.6800118557556e-11
87,5,5,82944,6.592038464806677e-10,3.6580447188378634e-11
87,5,6,82944,3.743211969492312e-10,8.876669892319307e-11
87,6,0,82944,1.7418292324657429e-07,0.0
87,6,1,82944,8.92494728929066e-09,2.426252000745331e-10
87,6,2,82944,2.342223397770607e-09,-9.359088257237441e-11
87,6,3,82944,6.947499055820264e-10,2.197071651847906e-10
87,6,4,82944,2.977444044479933e-10,2.3784878904481845e-11
87,6,5,82944,3.1122590452835524e-10,1.6304145146093735e-11
87,6,6,82944,2.0775001618090617e-10,-3.733107960625714e-11
87,7,0,82944,1.747315785545987e-07,0.0
87,7,1,82944,5.4719873226753195e-09,1.1844811064758034e-10
87,7,2,82944,8.804512252856392e-10,-1.0876483481907745e-10
87,7,3,82944,-1.3223347608083728e-11,4.730626387097182e-11
87,7,4,82944,2.401041288598858e-10,1.8317343322121814e-10
87,7,5,82944,2.2477331266535352e-10,2.159471553096418e-10
87,7,6,82944,6.56247978759294e-11,2.5901868797256764e-11
87,8,0,82944,1.7421505551563185e-07,0.0
87,8,1,82944,3.552752410807091e-09,-7.784261687815204e-11
87,8,2,82944,5.629587715372627e-10,3.054071417253097e-10
87,8,3,82944,1.593038113747607e-10,3.097100247733019e-10
87,8,4,82944,6.290310464657293e-11,-6.359250054070928e-11
87,8,5,82944,3.005668841368519e-11,4.0561846532365267e-11
87,8,6,82944,-7.751903783974339e-11,-6.218210888649576e-11
88,1,0,82944,1.765895566296262e-07,0.0
88,1,1,82944,1.0205672340522939e-07,6.7401484119306126e-12
88,1,2,82944,7.445485833914323e-08,-3.6333435023324094e-11
88,1,3,82944,5.7758144636132463e-08,9.37569528492129e-11
88,1,4,82944,4.514980289263661e-08,1.4364080194500512e-10
88,1,5,82944,3.505277128342796e-08,2.3168379547983509e-10
88,1,6,82944,2.6775839388648894e-08,3.7622720502947814e-10
88,2,0,82944,1.7577806853413997e-07,0.0
88,2,1,82944,6.251966048860888e-08,6.390991086474251e-11
88,2,2,82944,3.6228642411657706e-08,4.139119724460703e-11
88,2,3,82944,2.4485514978369574e-08,1.6255731139610997e-10
88,2,4,82944,1.7260040665711218e-08,4.435737827365354e-11
88,2,5,82944,1.2120266426967273e-08,2.442393290743746e-10
88,2,6,82944,8.326884468313783e-09,1.0625858266530005e-10
88,3,0,82944,1.7533229654367028e-07,0.0
88,3,1,82944,3.83259587701644e-08,1.9000652835273872e-10
88,3,2,82944,1.7979219921158116e-08,-3.668976417177663e-11
88,3,3,82944,1.0575884165604349e-08,-1.1819975716312811e-11
88,3,4,82944,6.783387611785772e-09,2.3795191818756493e-11
88,3,5,82944,4.3665838826221836e-09,6.685998268431395e-11
88,3,6,82944,2.859547901860235e-09,-6.027173045256865e-11
88,4,0,82944,1.745726681951552e-07,0.0
88,4,1,82944,2.360476273272669e-08,6.20413672114142e-11
88,4,2,82944,8.80024918116745e-09,-9.028940398737642e-11
88,4,3,82944,4.56369211245747e-09,-2.3490319298270854e-11
88,4,4,82944,2.547549529665324e-09,-4.875700484370863e-11
88,4,5,82944,1.4657376843195088e-09,4.674724248909373e-11
88,4,6,82944,8.6172041326514e-10,-4.8525823998306806e-11
88,5,0,82944,1.7472149819738054e-07,0.0
88,5,1,82944,1.454920303417348e-08,-1.4385139877718023e-10
88,5,2,82944,4.4771532210369584e-09,-3.1383738515109204e-10
88,5,3,82944,1.9437912462907356e-09,-1.548799806044437e-10
88,5,4,82944,9.820069901117724e-10,-1.2944073067742056e-10
88,5,5,82944,5.524823491294063e-10,-5.535003907076947e-11
88,5,6,82944,3.4118251902254777e-10,8.614745561416489e-11
88,6,0,82944,1.7442797805228232e-07,0.0
88,6,1,82944,8.966896308440169e-09,-2.721605444017826e-10
88,6,2,82944,2.253387488804377e-09,4.3412202424352934e-11
88,6,3,82944,7.240707454952606e-10,1.4391848658936228e-10
88,6,4,82944,4.796032086263275e-10,-1.2194988861654392e-10
88,6,5,82944,1.25059219338843e-10,-7.107354108195879e-11
88,6,6,82944,2.1242455482357235e-10,1.8475508943596088e-11
88,7,0,82944,1.750490973560655e-07,0.0
88,7,1,82944,5.621400250695353e-09,1.298548133996404e-10
88,7,2,82944,8.974646796815755e-10,-1.1707387859590742e-10
88,7,3,82944,3.683527130726797e-10,2.7462030445559742e-11
88,7,4,82944,3.9895594539761607e-10,9.036806536534666e-11
88,7,5,82944,3.647708000663832e-11,7.1535100843144345e-12
88,7,6,82944,4.455827585012967e-11,-2.1430182255402193e-10
88,8,0,82944,1.7429968846163012e-07,0.0
88,8,1,82944,3.266474478896762e-09,1.7531081335453448e-10
88,8,2,82944,5.549979884051307e-10,-1.7812356072833477e-10
88,8,3,82944,1.7650251111737966e-10,-5.7534364532900013e-11
88,8,4,82944,3.842568857639927e-10,3.84606352608946e-11
88,8,5,82944,-1.2078179895623698e-10,-9.762517045101341e-11
88,8,6,82944,1.297659342160066e-10,3.342178198832359e-11
89,1,0,82944,1.7728842359227457e-07,0.0
89,1,1,82944,1.0306106842757659e-07,3.8919751152259356e-10
89,1,2,82944,7.555375936400327e-08,6.603724327333883e-10
89,1,3,82944,5.919208529897305e-08,8.521247888255995e-10
89,1,4,82944,4.6704585507672205e-08,8.55311496604859e-10
89,1,5,82944,3.639199035605804e-08,7.858461722530975e-10
89,1,6,82944,2.7822811048616316e-08,6.907649493841216e-10
89,2,0,82944,1.7543602257578643e-07,0.0
89,2,1,82944,6.213800694701308e-08,2.0548147497379352e-10
89,2,2,82944,3.604336977824198e-08,2.3379402188043154e-10
89,2,3,82944,2.4399146435845276e-08,2.6429564419177583e-10
89,2,4,82944,1.6939126037604627e-08,1.4920609488155864e-10
89,2,5,82944,1.1881194915928426e-08,-1.7907797876404647e-10
89,2,6,82944,8.222758902765302e-09,-2.4165329971884793e-10
89,3,0,82944,1.750383718924009e-07,0.0
89,3,1,82944,3.813547927890954e-08,5.154187213800989e-11
89,3,2,82944,1.7358722797898357e-08,1.7337638376775538e-10
89,3,3,82944,9.945908177465669e-09,-1.3234506564275379e-11
89,3,4,82944,6.0408816212318995e-09,1.6294800602823396e-10
89,3,5,82944,3.875403265101976e-09,-1.9787719394180454e-11
89,3,6,82944,2.2493356236668937e-09,-4.11474691570597e-11
89,4,0,82944,1.746027239634619e-07,0.0
89,4,1,82944,2.3856299861197202e-08,2.2517916366333809e-10
89,4,2,82944,8.948340631353875e-09,2.9559218939472516e-10
89,4,3,82944,4.503983529474873e-09,7.807670313402237e-11
89,4,4,82944,2.6709658260183448e-09,1.841024746062228e-10
89,4,5,82944,1.5347719645220179e-09,1.9211920848565354e-10
89,4,6,82944,8.326074914760616e-10,-2.0486683165676874e-10
89,5,0,82944,1.7407777816229206e-07,0.0
89,5,1,82944,1.4831623355839194e-08,-8.041182269772711e-11
89,5,2,82944,4.496616488664109e-09,-1.7618656671951379e-10
89,5,3,82944,1.6900100154704056e-09,-2.503169347818027e-10
89,5,4,82944,1.1767285925034895e-09,4.468425596770967e-11
89,5,5,82944,4.877049484976747e-10,2.2927105372356787e-10
89,5,6,82944,3.2900976385382315e-10,-1.3727472692072596e-10
89,6,0,82944,1.7482028530065427e-07,0.0
89,6,1,82944,9.107366675342083e-09,-7.144869061771907e-11
89,6,2,82944,2.0512228344760206e-09,7.493780515451634e-11
89,6,3,82944,8.134668676952096e-10,-1.6084604036639103e-10
89,6,4,82944,5.111212610233013e-10,-4.456835077203697e-11
89,6,5,82944,1.8489743644392033e-10,-1.59168155544126e-10
89,6,6,82944,6.924928830114367e-11,-2.0894218979150604e-10
89,7,0,82944,1.7486228348599758e-07,0.0
89,7,1,82944,5.719521460971479e-09,3.9276891267555706e-11
89,7,2,82944,1.1608080386582971e-09,-6.88872082027371e-11
89,7,3,82944,2.4665727404272607e-10,-8.906180219829512e-11
89,7,4,82944,2.657888381721755e-10,1.4210935640806596e-10
89,7,5,82944,2.1501023520945268e-10,-1.3601628005633943e-11
89,7,6,82944,-4.170317840319628e-11,-2.2243226678734202e-10
89,8,0,82944,1.7469913102410597e-07,0.0
89,8,1,82944,3.7084832581772013e-09,-1.82084786856903e-10
89,8,2,82944,6.930329095796406e-10,6.494568488819526e-11
89,8,3,82944,1.8675755510772184e-10,-1.2201346762579707e-10
89,8,4,82944,2.9612148167568086e-10,-5.300704096213804e-12
89,8,5,82944,8.041407218772508e-11,7.454645644935628e-12
89,8,6,82944,-7.83349957456284e-11,-4.231900114910918e-11
90,1,0,82944,1.773336576002116e-07,0.0
90,1,1,82944,1.0292477209158659e-07,-1.081878845880275e-10
90,1,2,82944,7.519370958465046e-08,-8.78312434086938e-11
90,1,3,82944,5.858706314549703e-08,-5.894367377603918e-11
90,1,4,82944,4.599606106021506e-08,6.41011769059289e-11
90,1,5,82944,3.5617739522173314e-08,-3.702373912406844e-12
90,1,6,82944,2.694990886098883e-08,-2.2942377666838352e-10
90,2,0,82944,1.7496235095741852e-07,0.0
90,2,1,82944,6.232561265393953e-08,3.9455804890326844e-11
90,2,2,82944,3.5957855765889706e-08,5.005560578845143e-11
90,2,3,82944,2.4227354263543445e-08,1.9811795573715392e-10
90,2,4,82944,1.7222922872523887e-08,-2.1172903164087115e-10
90,2,5,82944,1.2284156530794498e-08,-1.1506158895100535e-10
90,2,6,82944,8.457048089247222e-09,-1.4105643127770923e-10
90,3,0,82944,1.7432232161301941e-07,0.0
90,3,1,82944,3.8343411781979047e-08,1.999024251348843e-10
90,3,2,82944,1.76175080230209e-08,2.8675701654733935e-10
90,3,3,82944,1.0214478977011835e-08,3.4558190809921726e-10
90,3,4,82944,6.67416871709356e-09,6.008372911408452e-11
90,3,5,82944,4.251666762142826e-09,1.348265019783585e-10
90,3,6,82944,2.6415455682098903e-09,-5.147295425740187e-11
90,4,0,82944,1.7458462016136745e-07,0.0
90,4,1,82944,2.3719087154228623e-08,2.5368515513163385e-11
90,4,2,82944,8.662599972401744e-09,2.4010073130585186e-10
90,4,3,82944,4.245796493218082e-09,1.5420338702034326e-10
90,4,4,82944,2.7280859044687293e-09,8.596522490352399e-11
90,4,5,82944,1.4822496130583815e-09,-1.6216507618866467e-10
90,4,6,82944,7.691585856856574e-10,-4.0920318809760475e-11
90,5,0,82944,1.7360334402590978e-07,0.0
90,5,1,82944,1.4579053067934808e-08,-2.1616236481982127e-10
90,5,2,82944,4.4371484135635994e-09,1.825267383952743e-10
90,5,3,82944,1.8250797898793656e-09,9.442767659015768e-11
90,5,4,82944,1.1627912334944503e-09,-9.908016502899684e-11
90,5,5,82944,5.943482439433291e-10,-2.0608717289432777e-11
90,5,6,82944,1.3947108082568906e-10,-3.934517061281393e-11
90,6,0,82944,1.7432460569818604e-07,0.0
90,6,1,82944,8.969044366733297e-09,3.3106206128300246e-11
90,6,2,82944,2.3853536513974093e-09,1.0824259259534082e-10
90,6,3,82944,9.892900551973007e-10,-2.1520193461099855e-10
90,6,4,82944,2.144509275566988e-10,1.4442035898006793e-10
90,6,5,82944,1.84546463275974e-10,-6.166801028658839e-11
90,6,6,82944,1.2027377189794423e-10,-1.0771027224515097e-11
90,7,0,82944,1.7418078934123254e-07,0.0
90,7,1,82944,5.385374315622228e-09,-3.64403829861253e-12
90,7,2,82944,1.1210254553497242e-09,-2.999092667024894e-11
90,7,3,82944,4.3023053332904235e-10,-6.712258993000041e-11
90,7,4,82944,-9.438246692560458e-12,2.4893593766022956e-11
90,7,5,82944,1.3985061072660627e-10,1.829066127543659e-11
90,7,6,82944,1.565006149842104e-10,4.082556304799096e-11
90,8,0,82944,1.738739497150327e-07,0.0
90,8,1,82944,3.1513766334110062e-09,-1.0529060877736607e-10
90,8,2,82944,2.370585210757077e-10,-1.8588486849719704e-10
90,8,3,82944,-2.4507906355025034e-10,5.3180191597150704e-11
90,8,4,82944,6.414864061349428e-11,-9.785846560616127e-11
90,8,5,82944,-1.297761648264852e-10,-8.696943242919898e-11
90,8,6,82944,2.332584150280214e-11,-4.005048127025454e-11
91,1,0,82944,1.773033876840953e-07,0.0
91,1,1,82944,1.0292032362880023e-07,-1.7507936316681925e-10
91,1,2,82944,7.561637771868844e-08,-8.074696906133042e-11
91,1,3,82944,5.922597850278268e-08,1.4286825265997295e-10
91,1,4,82944,4.647785796777217e-08,1.005547383150178e-10
91,1,5,82944,3.591106492827308e-08,-7.803932113763599e-11
91,1,6,82944,2.7393508060110675e-08,-1.0106867319613905e-10
91,2,0,82944,1.7525177522570185e-07,0.0
91,2,1,82944,6.225431388720593e-08,-2.372932842305705e-10
91,2,2,82944,3.617244438918403e-08,-8.54141087859191e-11
91,2,3,82944,2.4421930082439063e-08,6.3107943367662e-11
91,2,4,82944,1.7103131993921738e-08,1.2243872818126622e-10
91,2,5,82944,1.1760370805809307e-08,3.668634736956169e-11
91,2,6,82944,8.120131320261825e-09,-4.545517333205975e-11
91,3,0,82944,1.743206928645233e-07,0.0
91,3,1,82944,3.8572467220892636e-08,-4.501984443744144e-10
91,3,2,82944,1.7914299100278302e-08,-1.204936032945124e-10
91,3,3,82944,1.0449759504902104e-08,-4.673198962902515e-11
91,3,4,82944,6.755543952667935e-09,-7.199689658932174e-11
91,3,5,82944,4.525561400783415e-09,-5.838287279540011e-11
91,3,6,82944,2.897445800991862e-09,1.484943338646763e-10
91,4,0,82944,1.7501496623439217e-07,0.0
91,4,1,82944,2.4057843972663245e-08,-1.7118212532708136e-10
91,4,2,82944,8.954296748592309e-09,-7.383290803599687e-11
91,4,3,82944,4.242803390138779e-09,-1.4517942130273467e-10
91,4,4,82944,2.3407499698952304e-09,-4.6562038311336584e-11
91,4,5,82944,1.2568982211164382e-09,-3.9475239648816116e-11
91,4,6,82944,8.342724548104752e-10,1.846263483568961e-10
91,5,0,82944,1.7444141780533028e-07,0.0
91,5,1,82944,1.4858418287900885e-08,-1.6575317148411735e-10
91,5,2,82944,4.504025300617397e-09,-2.383347032525411e-11
91,5,3,82944,1.934296003819833e-09,-2.988043514728827e-10
91,5,4,82944,8.881310416117504e-10,-2.17558493220957e-10
91,5,5,82944,1.9456252744124082e-10,3.2826968237322354e-12
91,5,6,82944,5.710485497303635e-12,2.2655722133643295e-11
91,6,0,82944,1.738931479474811e-07,0.0
91,6,1,82944,9.246208938402508e-09,-4.8839773985002905e-12
91,6,2,82944,2.295926061449512e-09,2.7052729061964502e-11
91,6,3,82944,6.441511853602664e-10,-3.2410942815971595e-10
91,6,4,82944,1.8852921614231253e-10,-3.087168736388412e-10
91,6,5,82944,1.8160091282545846e-10,-1.2571239308237967e-10
91,6,6,82944,9.178286421595268e-12,-1.0680322670719031e-10
91,7,0,82944,1.739665413917217e-07,0.0
91,7,1,82944,5.557574723580203e-09,-1.1227953353460332e-10
91,7,2,82944,1.0818563521961185e-09,6.962124954983133e-11
91,7,3,82944,3.5694953222769853e-10,-2.364957813218384e-10
91,7,4,82944,1.0076277793243398e-10,-1.3588943989258736e-10
91,7,5,82944,8.914078684633911e-11,-1.4526383772766878e-10
91,7,6,82944,-1.4562056611131315e-11,-1.424584129534929e-10
91,8,0,82944,1.7438604849907314e-07,0.0
91,8,1,82944,3.5968422926045434e-09,-6.256052923334727e-12
91,8,2,82944,5.326746208224623e-10,-1.6055621319737911e-10
91,8,3,82944,3.4005506878371386e-10,-8.987440531706102e-11
91,8,4,82944,-8.951551143233531e-12,-1.5824190301062083e-11
91,8,5,82944,-1.1637350282394897e-10,2.170874124695931e-11
91,8,6,82944,-4.815036898981953e-11,2.187227604931915e-11
92,1,0,82944,1.769649121036417e-07,0.0
92,1,1,82944,1.0268947501771549e-07,-7.086461002570353e-11
92,1,2,82944,7.528305780731865e-08,1.1797413047820617e-10
92,1,3,82944,5.905831184333166e-08,1.563172752004395e-10
92,1,4,82944,4.6589655906270595e-08,1.848359072701358e-10
92,1,5,82944,3.6380951393690744e-08,1.8170198944043473e-10
92,1,6,82944,2.815755963881025e-08,2.147489692246971e-10
92,2,0,82944,1.7569844391665803e-07,0.0
92,2,1,82944,6.258414033261817e-08,1.3768657039484892e-10
92,2,2,82944,3.6439962879203075e-08,2.2888726834566934e-10
92,2,3,82944,2.4537754058315587e-08,3.26014932516893e-10
92,2,4,82944,1.7278818720178448e-08,2.0199246893352318e-10
92,2,5,82944,1.2319329000336836e-08,1.8730138481392588e-10
92,2,6,82944,8.46888392648822e-09,5.020419295311492e-11
92,3,0,82944,1.7486797435816408e-07,0.0
92,3,1,82944,3.8521964569094816e-08,1.650137563839307e-10
92,3,2,82944,1.8153107067024054e-08,2.95908395825612e-10
92,3,3,82944,1.0550964800559088e-08,1.856950422113807e-10
92,3,4,82944,6.7836734184900955e-09,1.1195081048931851e-10
92,3,5,82944,4.445950246320063e-09,2.2078542180704234e-10
92,3,6,82944,2.979875575012241e-09,1.9913291304977268e-10
92,4,0,82944,1.75039382015675e-07,0.0
92,4,1,82944,2.3795993201249428e-08,1.6544664078461473e-10
92,4,2,82944,8.916353273827112e-09,1.1144037834366855e-10
92,4,3,82944,4.347252561625295e-09,5.854902389211547e-11
92,4,4,82944,2.1892132328134376e-09,-1.0661067331656153e-10
92,4,5,82944,1.1929389678548096e-09,-2.120707160598333e-11
92,4,6,82944,9.296552155305253e-10,-5.912541396864707e-11
92,5,0,82944,1.7459267952183662e-07,0.0
92,5,1,82944,1.4570534302677399e-08,5.359229890775168e-11
92,5,2,82944,4.239178398379685e-09,1.2157452363167423e-10
92,5,3,82944,1.884984935209733e-09,-6.01306937802103e-11
92,5,4,82944,9.046995593333492e-10,-1.7321393957112002e-10
92,5,5,82944,4.784116672164987e-10,9.426089188545741e-11
92,5,6,82944,2.0041096664847267e-10,-1.75737295903302e-10
92,6,0,82944,1.7405426950200705e-07,0.0
92,6,1,82944,9.029076475769285e-09,2.5751289818866985e-10
92,6,2,82944,2.051953994736819e-09,9.341305043034146e-11
92,6,3,82944,7.939126595166446e-10,9.391993247954281e-11
92,6,4,82944,5.393026467821719e-10,8.978413743922813e-11
92,6,5,82944,2.466292394742745e-10,5.597688014331063e-11
92,6,6,82944,-1.1994735003422158e-11,-5.48386542141017e-11
92,7,0,82944,1.7518488057399718e-07,0.0
92,7,1,82944,5.814918777120196e-09,2.816097068094686e-10
92,7,2,82944,1.0076438170375714e-09,3.8674675317428836e-12
92,7,3,82944,3.3199943243645717e-10,-8.611643287624689e-11
92,7,4,82944,6.830146316981748e-11,8.830655659465586e-11
92,7,5,82944,1.3401949039310168e-10,-1.1553055409718343e-10
92,7,6,82944,2.467936247242316e-11,-1.5286370172899067e-10
92,8,0,82944,1.7436381085679128e-07,0.0
92,8,1,82944,3.5004346921251073e-09,3.945032982849931e-11
92,8,2,82944,4.771759836773788e-10,3.1509832843148087e-10
92,8,3,82944,3.5315778863267063e-10,-2.6798879362045447e-10
92,8,4,82944,-4.7302282316931104e-11,-9.958114982669875e-11
92,8,5,82944,-6.211288815848175e-11,-2.1445284896597547e-11
92,8,6,82944,-1.2431019807527263e-11,-9.090474019755814e-11
93,1,0,82944,1.7786557889401084e-07,0.0
93,1,1,82944,1.035081002848775e-07,-4.1269652071000943e-10
93,1,2,82944,7.584963920233205e-08,-6.940535914680657e-10
93,1,3,82944,5.91887257426026e-08,-8.437793319902056e-10
93,1,4,82944,4.650251375059817e-08,-7.816117851649897e-10
93,1,5,82944,3.61276856591497e-08,-7.218074850290968e-10
93,1,6,82944,2.7354437700630093e-08,-5.114086001437873e-10
93,2,0,82944,1.755422690074717e-07,0.0
93,2,1,82944,6.287881713061823e-08,-4.786901483126274e-10
93,2,2,82944,3.6799756044028277e-08,-4.795721062060889e-10
93,2,3,82944,2.486262543032574e-08,-4.483787048994773e-10
93,2,4,82944,1.7465092709197553e-08,-3.8773083172025794e-10
93,2,5,82944,1.2513289689674289e-08,-1.3741839820708389e-10
93,2,6,82944,8.832127283626555e-09,-2.118348544295744e-10
93,3,0,82944,1.7440672460813745e-07,0.0
93,3,1,82944,3.851504764308125e-08,-2.0898307094518626e-10
93,3,2,82944,1.7961121262364078e-08,-1.7855875592225563e-10
93,3,3,82944,1.022829192429278e-08,-9.573027768359142e-11
93,3,4,82944,6.6931934570112974e-09,1.4412563150506954e-10
93,3,5,82944,4.417782334446809e-09,3.7748993119695894e-10
93,3,6,82944,2.8564549388957342e-09,2.431088095753827e-10
93,4,0,82944,1.7396501362976977e-07,0.0
93,4,1,82944,2.3841251153572852e-08,-1.1353156389011883e-10
93,4,2,82944,8.797073129188874e-09,-2.9032773254314057e-10
93,4,3,82944,4.652441097630692e-09,-2.9094155074583284e-10
93,4,4,82944,2.495144905823729e-09,-3.1306773942935975e-11
93,4,5,82944,1.5943347758830654e-09,9.02642283039903e-11
93,4,6,82944,8.158441390800054e-10,-2.3762074748548285e-10
93,5,0,82944,1.7450211690612205e-07,0.0
93,5,1,82944,1.4826725517027034e-08,5.375175496414206e-12
93,5,2,82944,4.3489266004104135e-09,-9.604545266767667e-11
93,5,3,82944,1.996917325734923e-09,-3.091590798041689e-10
93,5,4,82944,1.0302462595510977e-09,4.423792786519056e-13
93,5,5,82944,5.685489746900404e-10,-6.799856809082245e-11
93,5,6,82944,2.726755976731992e-10,-1.562535261349768e-11
93,6,0,82944,1.7470725197549588e-07,0.0
93,6,1,82944,9.25418362272979e-09,-3.701707118652986e-11
93,6,2,82944,2.06109538149032e-09,1.3462823985773126e-10
93,6,3,82944,1.0497499024012391e-09,-1.238811249844139e-10
93,6,4,82944,4.3975355611379313e-10,1.0408324044423552e-11
93,6,5,82944,2.0181356372977239e-10,5.945117227305288e-11
93,6,6,82944,2.6120853896039506e-12,-7.81685774984628e-11
93,7,0,82944,1.7404816868886212e-07,0.0
93,7,1,82944,5.6321944227226005e-09,-7.342589027593056e-11
93,7,2,82944,1.106368418361626e-09,2.669552689115948e-10
93,7,3,82944,3.3928722653876586e-10,-2.004839514209133e-10
93,7,4,82944,4.14285172324017e-10,-1.2611015920100668e-10
93,7,5,82944,1.5842614892406018e-10,1.3366174331354897e-10
93,7,6,82944,1.985943650372992e-11,2.1463267117403313e-11
93,8,0,82944,1.7332414321693182e-07,0.0
93,8,1,82944,3.4326973366196976e-09,-3.114221869151388e-10
93,8,2,82944,8.17366932069824e-10,1.311351899209333e-10
93,8,3,82944,-2.948341239781179e-11,-1.1038109422765096e-10
93,8,4,82944,9.351159638250307e-11,8.88057891336574e-11
93,8,5,82944,5.843302386667528e-12,2.9883708198746323e-11
93,8,6,82944,-4.503832716123362e-11,-1.9868818492491744e-11
94,1,0,82944,1.7773497785128772e-07,0.0
94,1,1,82944,1.0262273618674379e-07,2.596364829978471e-11
94,1,2,82944,7.521569195170714e-08,1.6141554753781615e-10
94,1,3,82944,5.8937887461738956e-08,2.3391966331214014e-10
94,1,4,82944,4.649608497058572e-08,1.9093337910644005e-10
94,1,5,82944,3.6293412666491724e-08,2.016074063037682e-10
94,1,6,82944,2.760358579042117e-08,1.714001846361361e-10
94,2,0,82944,1.7543829293733104e-07,0.0
94,2,1,82944,6.224664392847521e-08,3.666425506016804e-11
94,2,2,82944,3.600103948308654e-08,-1.241505905159094e-10
94,2,3,82944,2.4257947706148046e-08,1.6205327782569207e-10
94,2,4,82944,1.718873143562615e-08,6.124537515642201e-11
94,2,5,82944,1.227679622397916e-08,1.3093544740836044e-11
94,2,6,82944,8.452288669937541e-09,-2.8059549726931734e-11
94,3,0,82944,1.7467650935212074e-07,0.0
94,3,1,82944,3.808996595246727e-08,4.086299997312288e-11
94,3,2,82944,1.7639859209016192e-08,1.9046079927141588e-10
94,3,3,82944,1.0376060388897222e-08,2.9882507471100605e-11
94,3,4,82944,6.425687157872715e-09,6.3868730263004535e-12
94,3,5,82944,4.2332909689424185e-09,1.2453129438851812e-10
94,3,6,82944,2.610885972401909e-09,2.6765469289624554e-11
94,4,0,82944,1.7443052593857895e-07,0.0
94,4,1,82944,2.350771683932686e-08,9.602179597910704e-11
94,4,2,82944,8.610186259276789e-09,8.676519607653969e-11
94,4,3,82944,4.604623721570669e-09,-1.416456051734604e-10
94,4,4,82944,2.499100801473713e-09,-2.5787939745612127e-10
94,4,5,82944,1.6156656173868914e-09,-3.627741243347759e-11
94,4,6,82944,1.0663423587661113e-09,1.2969801093888234e-10
94,5,0,82944,1.7447055682290215e-07,0.0
94,5,1,82944,1.4751307132826229e-08,5.942242935358655e-11
94,5,2,82944,4.403024263533223e-09,-6.978576218174069e-11
94,5,3,82944,2.211544666095331e-09,-1.3488689577843557e-10
94,5,4,82944,1.0479550798650268e-09,-1.6774577960083485e-10
94,5,5,82944,4.818828301903787e-10,1.668713470902855e-10
94,5,6,82944,2.653401161976567e-10,1.313528145642861e-10
94,6,0,82944,1.747294811972634e-07,0.0
94,6,1,82944,9.091077262910788e-09,-1.837163518823049e-11
94,6,2,82944,2.008005009433321e-09,7.823241630587819e-11
94,6,3,82944,1.0831066387367553e-09,1.4907529382100428e-11
94,6,4,82944,5.812441912516427e-10,-1.8072391473141437e-10
94,6,5,82944,2.705420808597418e-10,-5.5093078948003776e-11
94,6,6,82944,1.0793133217582391e-10,-1.2208593263216226e-10
94,7,0,82944,1.7485301663962125e-07,0.0
94,7,1,82944,5.48497193965221e-09,3.17585016998939e-11
94,7,2,82944,1.0041127383373096e-09,-1.6819246391307153e-10
94,7,3,82944,6.684356258366251e-10,-3.998288761031536e-12
94,7,4,82944,3.074472582518266e-10,-1.3830722522651553e-10
94,7,5,82944,1.6414630119050122e-10,-7.497649614820494e-11
94,7,6,82944,2.4595279580065423e-10,-1.794877986810996e-11
94,8,0,82944,1.7364235213509196e-07,0.0
94,8,1,82944,3.480807815562672e-09,-4.389428271831721e-12
94,8,2,82944,6.422488931135922e-10,-1.601262919083176e-10
94,8,3,82944,1.1935658705546656e-10,6.776671771202907e-11
94,8,4,82944,-4.404843033557107e-11,-1.6197673234918971e-10
94,8,5,82944,-1.4993178234397804e-10,1.0834279638704087e-10
94,8,6,82944,9.908883991089329e-11,-1.0991295169446667e-10
95,1,0,82944,1.772755456633974e-07,0.0
95,1,1,82944,1.0295399073035244e-07,-1.5514085074788975e-10
95,1,2,82944,7.55202477621354e-08,-4.472101010607345e-10
95,1,3,82944,5.9078553203533576e-08,-5.110509356276112e-10
95,1,4,82944,4.6408362240388854e-08,-4.75695952258195e-10
95,1,5,82944,3.581265286013429e-08,-6.437339334726021e-10
95,1,6,82944,2.7043354196315628e-08,-7.059075418728567e-10
95,2,0,82944,1.7508760420423977e-07,0.0
95,2,1,82944,6.235256296078947e-08,-1.0372604905277368e-10
95,2,2,82944,3.6189333639426e-08,-3.1993023995728184e-10
95,2,3,82944,2.4340590423348514e-08,-3.6060424142339135e-10
95,2,4,82944,1.7044759638920708e-08,-2.2200765007754634e-10
95,2,5,82944,1.1913022569331299e-08,-3.599118463481637e-10
95,2,6,82944,8.387339057900065e-09,-2.424930490764438e-10
95,3,0,82944,1.7431714121961428e-07,0.0
95,3,1,82944,3.8327057059838674e-08,-1.6243954592224693e-10
95,3,2,82944,1.7959015296519987e-08,-2.2944256249427652e-11
95,3,3,82944,1.0347862972840086e-08,-2.931898527844669e-10
95,3,4,82944,6.5636815231384225e-09,-5.3014338837040776e-11
95,3,5,82944,4.297411198701166e-09,-4.677137167118628e-11
95,3,6,82944,2.714402305599139e-09,-3.762107242835458e-11
95,4,0,82944,1.7488885526358326e-07,0.0
95,4,1,82944,2.3787194248299138e-08,5.73455921102652e-11
95,4,2,82944,9.102571384832052e-09,-7.867772655723024e-11
95,4,3,82944,4.87524937811198e-09,-1.8929607089161623e-10
95,4,4,82944,2.689485824870427e-09,-1.0067180722885283e-10
95,4,5,82944,1.4874372281426946e-09,5.7284834550986415e-11
95,4,6,82944,7.594024012880772e-10,9.39163454618716e-11
95,5,0,82944,1.7401419136098667e-07,0.0
95,5,1,82944,1.4580074477137725e-08,-3.0812021226108995e-12
95,5,2,82944,4.375624596861273e-09,1.2630559079723138e-10
95,5,3,82944,1.946822298496584e-09,-1.0055748814469407e-10
95,5,4,82944,1.0825152982936787e-09,1.130389184584052e-10
95,5,5,82944,7.115482953086333e-10,-3.091732610254785e-11
95,5,6,82944,1.3606480613041225e-10,-6.832159366031447e-11
95,6,0,82944,1.7442103139724435e-07,0.0
95,6,1,82944,9.0918901309241e-09,-7.274522071331067e-11
95,6,2,82944,2.053200711695288e-09,-4.7825582853004545e-11
95,6,3,82944,8.828684872233338e-10,9.905595000677005e-11
95,6,4,82944,6.416168271660149e-10,4.34041862214281e-11
95,6,5,82944,3.8812747521308194e-10,1.0625843765963355e-10
95,6,6,82944,-1.1012359184676271e-10,-4.8667090618380133e-11
95,7,0,82944,1.7518426994686717e-07,0.0
95,7,1,82944,5.776995272357001e-09,-3.6547137105335615e-12
95,7,2,82944,9.964337332100434e-10,-1.6279443280718418e-10
95,7,3,82944,2.437975473351518e-10,3.4131734479952593e-10
95,7,4,82944,2.448002064238723e-10,4.625276330892101e-11
95,7,5,82944,-3.1623519630649755e-11,3.237588458226613e-11
95,7,6,82944,-1.0917263467278698e-10,1.0775645726510862e-10
95,8,0,82944,1.7475780584315183e-07,0.0
95,8,1,82944,3.4307354685233167e-09,1.5236034754530613e-10
95,8,2,82944,5.901986245652853e-10,-6.390897925934852e-11
95,8,3,82944,-9.899817498181343e-11,1.6684910151709507e-10
95,8,4,82944,-5.95732496907099e-11,1.7383154687530204e-10
95,8,5,82944,4.9634971573196474e-11,6.389798861376895e-11
95,8,6,82944,-1.4286502061487617e-10,-7.753219453781784e-11
96,1,0,82944,1.764492477084321e-07,0.0
96,1,1,82944,1.0235144980678589e-07,-2.0265664140837092e-10
96,1,2,82944,7.52006327709771e-08,-3.515405279989273e-10
96,1,3,82944,5.920371199672786e-08,-5.127504517290841e-10
96,1,4,82944,4.6890503091634224e-08,-5.833759490815159e-10
96,1,5,82944,3.676824114954566e-08,-6.459985866184614e-10
96,1,6,82944,2.818885757662705e-08,-7.042731666664365e-10
96,2,0,82944,1.7577665462041102e-07,0.0
96,2,1,82944,6.242013644895728e-08,-2.34253243393999e-10
96,2,2,82944,3.650007827328919e-08,-5.107519112085467e-10
96,2,3,82944,2.4879554834200334e-08,-5.139822071326575e-10
96,2,4,82944,1.7605472109221768e-08,-3.408575077486018e-10
96,2,5,82944,1.2584531598678153e-08,-3.7272981944325124e-10
96,2,6,82944,8.70891893889599e-09,-3.1924164941829613e-10
96,3,0,82944,1.740077527128178e-07,0.0
96,3,1,82944,3.82305541474943e-08,-3.0836158343128106e-10
96,3,2,82944,1.785149213967834e-08,-2.2776258157809793e-10
96,3,3,82944,1.0593291775977255e-08,-4.4919640135403676e-10
96,3,4,82944,6.773799557016466e-09,-4.303098740749896e-10
96,3,5,82944,4.151468157531288e-09,-2.831400139979365e-10
96,3,6,82944,2.4980831241994603e-09,-2.1586320306262767e-10
96,4,0,82944,1.7387888061478523e-07,0.0
96,4,1,82944,2.3736132851404343e-08,-5.211121977009535e-10
96,4,2,82944,9.106804438624389e-09,1.0442848227132642e-10
96,4,3,82944,4.541447073608263e-09,-4.4049934564524416e-10
96,4,4,82944,2.368835238190509e-09,-2.839683097380897e-10
96,4,5,82944,1.5327222251684991e-09,-8.380935008813602e-11
96,4,6,82944,7.237750440247083e-10,-4.421339084395583e-11
96,5,0,82944,1.7500015238902917e-07,0.0
96,5,1,82944,1.490775396793058e-08,-6.860430306879976e-10
96,5,2,82944,4.4788216370683134e-09,-2.1645342214471244e-10
96,5,3,82944,2.101855546402392e-09,-2.361842790617637e-10
96,5,4,82944,1.0201344306874681e-09,-7.062506848089267e-11
96,5,5,82944,3.402235313258772e-10,-1.8508874633149347e-10
96,5,6,82944,3.7053780911850605e-10,-3.874354934704367e-11
96,6,0,82944,1.739656098956473e-07,0.0
96,6,1,82944,9.120958985834302e-09,-1.7312247465680561e-10
96,6,2,82944,2.1989679607578235e-09,-1.7160663835870904e-11
96,6,3,82944,9.010085585088875e-10,2.1517452713863015e-10
96,6,4,82944,2.573538294166304e-10,-8.796712378912642e-11
96,6,5,82944,3.170594757116831e-10,-3.764836997794304e-11
96,6,6,82944,-5.306035507275189e-12,4.039314734782181e-11
96,7,0,82944,1.7452340414559315e-07,0.0
96,7,1,82944,5.517038907937481e-09,5.943793451994219e-12
96,7,2,82944,9.934916458252887e-10,-5.4324087833089073e-11
96,7,3,82944,6.396315308645592e-10,-8.212730910032674e-11
96,7,4,82944,1.613082964073678e-11,-4.141794619444071e-11
96,7,5,82944,1.0071577481693508e-10,1.520358884720458e-10
96,7,6,82944,-5.016576825513184e-11,6.541082220725556e-11
96,8,0,82944,1.7456497978598538e-07,0.0
96,8,1,82944,3.32267146038281e-09,-5.866749724522922e-11
96,8,2,82944,4.773073033739467e-10,9.332771839352674e-12
96,8,3,82944,5.483242438039421e-10,-7.60169165006603e-12
96,8,4,82944,-1.375183876316764e-10,-2.4477933413803137e-10
96,8,5,82944,2.176242807541113e-10,-1.5065134055838868e-10
96,8,6,82944,4.1987800105620804e-11,-1.3636272003176369e-10
97,1,0,82944,1.7682835814138097e-07,0.0
97,1,1,82944,1.0231449443386759e-07,-3.8355226284269786e-10
97,1,2,82944,7.530450427980229e-08,-6.75441872068498e-10
97,1,3,82944,5.888947083532464e-08,-8.638993542825639e-10
97,1,4,82944,4.636896094187069e-08,-9.798424787021475e-10
97,1,5,82944,3.5950037153585916e-08,-1.0442908622057751e-09
97,1,6,82944,2.747181082013534e-08,-1.0228503680953124e-09
97,2,0,82944,1.75354251346845e-07,0.0
97,2,1,82944,6.254074581235602e-08,-1.372758707982672e-10
97,2,2,82944,3.6940869432690047e-08,-2.9198710579118473e-10
97,2,3,82944,2.5368927378610003e-08,-3.539156673667349e-10
97,2,4,82944,1.806869323470747e-08,-2.852178894573414e-10
97,2,5,82944,1.3015679685887173e-08,-2.4199021342590376e-10
97,2,6,82944,9.17336670659528e-09,-1.3638191852530935e-10
97,3,0,82944,1.740064566849916e-07,0.0
97,3,1,82944,3.857445998145113e-08,4.0699031714054544e-12
97,3,2,82944,1.7998669778361116e-08,-1.4088444296291266e-11
97,3,3,82944,1.0902068348674513e-08,1.042828018956727e-12
97,3,4,82944,6.826305831409703e-09,-1.0011446621022874e-10
97,3,5,82944,4.609139517985076e-09,-1.0725216955680144e-10
97,3,6,82944,2.8654879752329386e-09,1.4710150910467149e-10
97,4,0,82944,1.7432779032895642e-07,0.0
97,4,1,82944,2.363894871488819e-08,-1.3832595883223174e-11
97,4,2,82944,9.077405750049927e-09,-1.2533570283293054e-10
97,4,3,82944,4.981411024041488e-09,3.857811766181118e-11
97,4,4,82944,2.5455166176373844e-09,-3.261966233353943e-10
97,4,5,82944,1.5951676680314288e-09,-1.1647755535801432e-11
97,4,6,82944,8.442650704945599e-10,-8.828275754754794e-11
97,5,0,82944,1.7385971695483385e-07,0.0
97,5,1,82944,1.4935800558636676e-08,-7.09178899594424e-11
97,5,2,82944,4.618525278553952e-09,1.3107928442044508e-10
97,5,3,82944,2.0288880762891314e-09,1.453308061144524e-10
97,5,4,82944,9.397634758668439e-10,-4.109562613174349e-11
97,5,5,82944,6.089619746870637e-10,-7.825465542608481e-11
97,5,6,82944,3.5869789593625414e-10,2.7705001849513623e-11
97,6,0,82944,1.7417248096406378e-07,0.0
97,6,1,82944,9.360357280592148e-09,-7.666156303979315e-11
97,6,2,82944,2.1788994141464038e-09,1.1519800555378401e-10
97,6,3,82944,9.083791569767227e-10,1.4164447004426054e-10
97,6,4,82944,3.7047008517558866e-10,1.030662753345738e-10
97,6,5,82944,2.420195229007967e-10,2.2809510696162724e-10
97,6,6,82944,-6.693157078018607e-11,6.783837729665259e-13
97,7,0,82944,1.7441612586767352e-07,0.0
97,7,1,82944,5.890247265204061e-09,-4.411409940284456e-11
97,7,2,82944,9.272476597097696e-10,-2.035577367412364e-11
97,7,3,82944,3.6602731038511594e-10,1.9707703202318737e-10
97,7,4,82944,-1.5293091599937164e-11,-2.7690029900774766e-11
97,7,5,82944,1.42405352325757e-10,2.511690069966143e-10
97,7,6,82944,3.8083073817104715e-11,-4.7122228455282543e-11
97,8,0,82944,1.74842573878705e-07,0.0
97,8,1,82944,3.6393480477707487e-09,1.2796789511244291e-11
97,8,2,82944,3.9226650780778934e-10,-1.8448287523279722e-10
97,8,3,82944,2.0580564462036402e-12,4.033394371150193e-11
97,8,4,82944,-5.892603214882802e-11,-5.830551935718034e-11
97,8,5,82944,-1.4199273719821282e-11,-1.6378336505035777e-11
97,8,6,82944,1.1245558844529829e-10,-1.4967735201794317e-10
98,1,0,82944,1.767625429077989e-07,0.0
98,1,1,82944,1.0297396621827993e-07,2.6383123530992186e-10
98,1,2,82944,7.565866692699966e-08,4.3898122953685477e-10
98,1,3,82944,5.975081788955326e-08,4.533076462623996e-10
98,1,4,82944,4.7195609923882293e-08,6.760571142725741e-10
98,1,5,82944,3.683703949574758e-08,6.555123653311117e-10
98,1,6,82944,2.8223423848195222e-08,7.089944752431471e-10
98,2,0,82944,1.7479528088418123e-07,0.0
98,2,1,82944,6.238138971538153e-08,1.3855725066096465e-10
98,2,2,82944,3.6399070520779384e-08,1.3725354984436197e-10
98,2,3,82944,2.486312530735394e-08,4.4293577372312876e-11
98,2,4,82944,1.7464058745328688e-08,1.7949288163663798e-10
98,2,5,82944,1.2275509511226056e-08,1.0124639932976178e-10
98,2,6,82944,8.498746053502974e-09,1.3326138715059554e-10
98,3,0,82944,1.7471309955459456e-07,0.0
98,3,1,82944,3.8511912311086686e-08,1.0591820139531399e-10
98,3,2,82944,1.8206153578600603e-08,-1.1055107774983848e-10
98,3,3,82944,1.0946873781454589e-08,-9.274540016916942e-11
98,3,4,82944,6.916973378508592e-09,1.5215137111679318e-10
98,3,5,82944,4.409523442115418e-09,1.6835153957810193e-11
98,3,6,82944,2.85277319617988e-09,3.679374496331855e-12
98,4,0,82944,1.7454503729925368e-07,0.0
98,4,1,82944,2.3653260451810233e-08,5.380466508978466e-11
98,4,2,82944,8.871510159278765e-09,1.08713239828525e-10
98,4,3,82944,4.6010982206019845e-09,2.1337480178530395e-11
98,4,4,82944,2.6493765506798787e-09,-1.7841091687363135e-10
98,4,5,82944,1.6156103173510403e-09,-3.534618168249557e-11
98,4,6,82944,1.044096339042508e-09,-6.999798146535587e-11
98,5,0,82944,1.744467370176383e-07,0.0
98,5,1,82944,1.4620319997477709e-08,-1.3335373414187844e-10
98,5,2,82944,4.305720824409002e-09,-1.0649529655067667e-10
98,5,3,82944,2.0914201610001297e-09,-1.3054588302631392e-10
98,5,4,82944,9.83653786846793e-10,-2.1715682554592062e-10
98,5,5,82944,6.283498014626609e-10,-1.376182074758169e-10
98,5,6,82944,3.288790959140547e-10,-3.88214306040867e-11
98,6,0,82944,1.7424051597856948e-07,0.0
98,6,1,82944,8.85053047980782e-09,-1.5640976130858967e-10
98,6,2,82944,2.2917282875583427e-09,-1.627585716747666e-10
98,6,3,82944,8.41087682499222e-10,-1.7362552595219321e-10
98,6,4,82944,4.6302116610590536e-10,-1.1404107205813009e-10
98,6,5,82944,2.672880134810067e-10,3.68218656536603e-11
98,6,6,82944,5.838988013463453e-11,1.3403110872017877e-10
98,7,0,82944,1.7481710274034986e-07,0.0
98,7,1,82944,5.553912855164648e-09,-2.374601502325422e-10
98,7,2,82944,1.3278132450393875e-09,-1.2450047048021728e-10
98,7,3,82944,3.978461326436868e-10,-1.5324583143264003e-10
98,7,4,82944,1.8324154859785385e-10,-2.8995731233048403e-11
98,7,5,82944,3.3284050422146325e-11,-1.0876986731473136e-10
98,7,6,82944,-1.9962641680426562e-11,-9.903122486864399e-11
98,8,0,82944,1.745768588525223e-07,0.0
98,8,1,82944,3.3388324423122708e-09,-2.088543297814699e-10
98,8,2,82944,2.8280373849345885e-10,-3.168513141018379e-11
98,8,3,82944,1.1203824763054071e-10,-1.2517406998250787e-10
98,8,4,82944,9.192852439277676e-11,1.466784849159239e-10
98,8,5,82944,1.0479488537263375e-10,-3.760371446024124e-11
98,8,6,82944,4.7265552249036675e-11,1.1801908737665358e-10
99,1,0,82944,1.774877722802674e-07,0.0
99,1,1,82944,1.0279844148948233e-07,3.128286043673678e-10
99,1,2,82944,7.534119695672814e-08,5.549795755742593e-10
99,1,3,82944,5.8693687305910103e-08,6.469274569636735e-10
99,1,4,82944,4.576867163069387e-08,7.681885090223896e-10
99,1,5,82944,3.54838800419274e-08,8.129829213172782e-10
99,1,6,82944,2.692878009056018e-08,7.534737255400034e-10
99,2,0,82944,1.7597020262684228e-07,0.0
99,2,1,82944,6.235758219715816e-08,2.0431570612495402e-10
99,2,2,82944,3.606494154747521e-08,3.3365841198822786e-11
99,2,3,82944,2.4126243951737878e-08,-7.0786229755829e-11
99,2,4,82944,1.6941320259217574e-08,2.0951002155254862e-10
99,2,5,82944,1.2037655549958026e-08,2.597355804219375e-10
99,2,6,82944,8.207664684504145e-09,2.4333649036881263e-10
99,3,0,82944,1.742360017424709e-07,0.0
99,3,1,82944,3.811076624936595e-08,1.7820656155745604e-10
99,3,2,82944,1.7516384809088607e-08,-5.2329625575788015e-11
99,3,3,82944,1.0158756656830438e-08,-1.3011390774871104e-10
99,3,4,82944,6.347582877087783e-09,-8.189291635236609e-11
99,3,5,82944,4.074346192261234e-09,-2.7230953381645903e-11
99,3,6,82944,2.7850821227769318e-09,-6.218952145045428e-11
99,4,0,82944,1.74935159763204e-07,0.0
99,4,1,82944,2.384953966948506e-08,1.311204136057046e-10
99,4,2,82944,8.609279352013386e-09,-1.585655252914547e-12
99,4,3,82944,4.1925195414673174e-09,6.519549030446948e-11
99,4,4,82944,2.2958062253488272e-09,-8.149842050935578e-11
99,4,5,82944,1.2815122579950833e-09,1.4202573773543476e-11
99,4,6,82944,7.508654275918279e-10,-7.093218377604934e-11
99,5,0,82944,1.7383172808503002e-07,0.0
99,5,1,82944,1.4587895825258137e-08,-6.187227210241438e-12
99,5,2,82944,4.209517564449122e-09,-1.6969061565306999e-10
99,5,3,82944,1.6635217637667204e-09,-2.0398089837977692e-11
99,5,4,82944,7.422198434469319e-10,1.4814303960511572e-11
99,5,5,82944,4.5319264012948865e-10,1.4193700183014218e-11
99,5,6,82944,9.789835173511125e-11,1.5861292343802323e-10
99,6,0,82944,1.7426909139165247e-07,0.0
99,6,1,82944,9.207274472394102e-09,-1.2429427979050672e-10
99,6,2,82944,2.044750675390196e-09,-1.3715940731514224e-10
99,6,3,82944,5.723632937856831e-10,3.364774193677788e-10
99,6,4,82944,2.4760487276721e-10,6.213241487615577e-11
99,6,5,82944,7.275595710344552e-11,-1.0103915212404073e-10
99,6,6,82944,1.2456215658290297e-10,2.088570855782963e-10
99,7,0,82944,1.743605264378646e-07,0.0
99,7,1,82944,5.578420634371254e-09,-1.3959141112941768e-10
99,7,2,82944,1.1270725746378937e-09,-3.218030216809661e-11
99,7,3,82944,2.0362225650522064e-10,1.564815296560687e-10
99,7,4,82944,1.5375988892172902e-10,-1.2027331081759395e-10
99,7,5,82944,-9.757186238573044e-12,-1.035066521237229e-11
99,7,6,82944,7.931121236712634e-11,-1.1403476017834022e-10
99,8,0,82944,1.7351941794744554e-07,0.0
99,8,1,82944,3.418540541001358e-09,-4.147665558899015e-11
99,8,2,82944,4.798701539102363e-10,2.020939797492795e-10
99,8,3,82944,3.566860668834985e-11,4.752672904676997e-11
99,8,4,82944,2.5978937437142553e-11,-6.401824424190976e-11
99,8,5,82944,4.7900230076161254e-11,-4.6063389646992446e-11
99,8,6,82944,-4.0318939809630196e-11,-1.3813714496985338e-10
100,1,0,82944,1.7715403498305873e-07,0.0
100,1,1,82944,1.0297750096046656e-07,2.7292903145974652e-11
100,1,2,82944,7.544934550974347e-08,2.538006181406643e-10
100,1,3,82944,5.9013199236644165e-08,3.5545945390941875e-10
100,1,4,82944,4.6230417645890033e-08,3.4612707225402147e-10
100,1,5,82944,3.565042574777878e-08,1.4209304714455581e-10
100,1,6,82944,2.709853667156153e-08,8.559714143359083e-12
100,2,0,82944,1.75294700531541e-07,0.0
100,2,1,82944,6.274608607668744e-08,-6.510892265521043e-11
100,2,2,82944,3.691272621692277e-08,-7.361191575879923e-11
100,2,3,82944,2.5251288376818798e-08,-1.690684219358384e-10
100,2,4,82944,1.783616764007884e-08,-1.7480191642184402e-10
100,2,5,82944,1.2548937518597916e-08,-1.642128804557386e-10
100,2,6,82944,8.94182293543365e-09,-2.8707170610142854e-10
100,3,0,82944,1.7480269027109517e-07,0.0
100,3,1,82944,3.867140361304627e-08,-2.0517829681735865e-10
100,3,2,82944,1.8210526225507872e-08,1.561524268126683e-11
100,3,3,82944,1.1046577962658742e-08,1.4717597486322076e-10
100,3,4,82944,6.987134641241321e-09,1.8863358792799558e-10
100,3,5,82944,4.244414675345806e-09,1.8043631561623472e-10
100,3,6,82944,2.7360002433539997e-09,-1.346865341681118e-12
100,4,0,82944,1.7467566917948103e-07,0.0
100,4,1,82944,2.390696077736391e-08,-8.513958797551608e-11
100,4,2,82944,8.973737844869955e-09,2.086466008816679e-10
100,4,3,82944,4.6821586099817906e-09,1.9046494649743192e-11
100,4,4,82944,2.6515656699357584e-09,1.0984619744647166e-10
100,4,5,82944,1.4226658007106335e-09,5.752546693552496e-11
100,4,6,82944,7.152649961879652e-10,-5.825538607828556e-11
100,5,0,82944,1.747287311609418e-07,0.0
100,5,1,82944,1.47194469292793e-08,2.921487859389714e-11
100,5,2,82944,4.549051582110216e-09,-9.845425572016486e-11
100,5,3,82944,2.1808443665062864e-09,1.3512341542370244e-11
100,5,4,82944,1.1290023451951815e-09,1.1277295418597261e-10
100,5,5,82944,4.202293338289569e-10,1.859008894146026e-10
100,5,6,82944,2.9702514104657287e-10,-2.2135516765244922e-11
100,6,0,82944,1.747350819327045e-07,0.0
100,6,1,82944,8.995650356587738e-09,8.594498779487407e-12
100,6,2,82944,2.052581602888408e-09,1.2854218603748484e-11
100,6,3,82944,8.683386721582021e-10,4.098009927725255e-10
100,6,4,82944,5.222587911910645e-10,-9.652365586256126e-11
100,6,5,82944,5.5800108423454966e-11,2.2016657126033643e-11
100,6,6,82944,2.2938819143360843e-10,-2.0977675361496327e-10
100,7,0,82944,1.7446488098639288e-07,0.0
100,7,1,82944,5.463563636853214e-09,-1.3933797102753961e-10
100,7,2,82944,7.625892247500648e-10,-2.607461936752461e-10
100,7,3,82944,2.9412864863669197e-10,2.3557023202907413e-10
100,7,4,82944,6.07361872780687e-11,9.258207627323245e-11
100,7,5,82944,5.859613155113089e-11,1.6572216535019066e-10
100,7,6,82944,8.412742734429883e-11,-9.877355196575799e-11
100,8,0,82944,1.742924397198576e-07,0.0
100,8,1,82944,3.3018573395378126e-09,-1.3645697615971834e-10
100,8,2,82944,3.011517198415971e-10,-6.549776940052081e-12
100,8,3,82944,-7.787526156640455e-11,-1.4296039415685446e-10
100,8,4,82944,-2.0071987124346093e-10,1.1827123257024576e-10
100,8,5,82944,2.5647272082571536e-11,2.4724775374677973e-10
100,8,6,82944,4.375857364976119e-11,-9.905102624774072e-11
