cfg,T,R,Nsrc,Re,Im
1,1,0,82944,1.7733856386768438e-07,0
1,1,1,82944,1.0213503443225951e-07,1.6557209083842555e-10
1,1,2,82944,7.4265507475191396e-08,3.2353354609349776e-10
1,1,3,82944,5.7495713355440355e-08,4.2451976560889012e-10
1,1,4,82944,4.4711177439613874e-08,5.8856937544709275e-10
1,1,5,82944,3.42997758907032e-08,5.2086255487905721e-10
1,1,6,82944,2.5835931634047173e-08,4.8405977494696667e-10
1,1,7,82944,1.9095375754404978e-08,3.8195697703716248e-10
1,1,8,82944,1.3918692817884891e-08,2.9110191703528318e-10
1,1,9,82944,1.0188231717926568e-08,2.2627079090592851e-10
1,1,10,82944,7.6237511357444275e-09,1.39214187352263e-10
1,1,11,82944,6.1982654148570329e-09,2.5465016920798464e-11
1,1,12,82944,5.7217650800053301e-09,3.6955059773781096e-25
1,2,0,82944,1.7496065774595095e-07,0
1,2,1,82944,6.2008032441557844e-08,-3.5478250864094149e-11
1,2,2,82944,3.5982335637131964e-08,3.0759765960011258e-11
1,2,3,82944,2.4133657273276694e-08,8.8275340854009081e-11
1,2,4,82944,1.7011344844128454e-08,-6.2674671445468131e-11
1,2,5,82944,1.196083487920624e-08,-1.9913467886209093e-10
1,2,6,82944,8.1332458624450222e-09,-3.1166665231153026e-10
1,2,7,82944,5.5466935996140631e-09,-1.1731203059938345e-10
1,2,8,82944,3.6855890168803641e-09,-1.3270646803538718e-10
1,2,9,82944,2.4913974705729955e-09,-1.9408348000183255e-10
1,2,10,82944,1.7255482460902166e-09,-8.6771385756442627e-11
1,2,11,82944,1.2088853975022999e-09,1.4823795766080759e-11
1,2,12,82944,1.1255818822643019e-09,-1.0525250994507927e-25
1,3,0,82944,1.7493946904894089e-07,0
1,3,1,82944,3.8212965965778355e-08,7.8882101858235824e-11
1,3,2,82944,1.7739667008943409e-08,3.7779520689221848e-10
1,3,3,82944,1.0402720097582587e-08,3.6504612536856588e-10
1,3,4,82944,6.439780595243654e-09,1.3380355049398586e-10
1,3,5,82944,3.9563193152256199e-09,-1.1564359745034299e-10
1,3,6,82944,2.5418915738568181e-09,9.457619803951246e-12
1,3,7,82944,1.4591701282527578e-09,7.7947485037306856e-11
1,3,8,82944,1.0199741584310783e-09,-4.746780319292496e-11
1,3,9,82944,5.8963251158017954e-10,-2.2236624196819861e-11
1,3,10,82944,3.7473915172756384e-10,-9.1400223038126676e-11
1,3,11,82944,3.2764301706254214e-10,-2.3769846951966673e-12
1,3,12,82944,3.5693338805683594e-10,2.1232006222576628e-26
1,4,0,82944,1.74653567437555e-07,0
1,4,1,82944,2.3796914452859704e-08,3.8049800200177425e-11
1,4,2,82944,8.7939326470043936e-09,5.9065381205914411e-11
1,4,3,82944,4.27144783699721e-09,1.1692618443759162e-10
1,4,4,82944,2.5208770104705568e-09,-7.9480148085277695e-11
1,4,5,82944,1.3627250751247399e-09,-1.6677357464108583e-10
1,4,6,82944,6.5884767634655474e-10,3.2224401923995008e-11
1,4,7,82944,4.0558498613054221e-10,-7.0424915795660483e-11
1,4,8,82944,2.248609332573994e-10,-5.5963456556245395e-11
1,4,9,82944,6.7205060340667936e-11,-1.7074259985704365e-10
1,4,10,82944,-3.7028317585374956e-12,-1.1865068498434165e-10
1,4,11,82944,-9.1154021759076666e-11,7.4085514199658337e-12
1,4,12,82944,-9.5771088277769076e-11,-4.483752934556342e-26
1,5,0,82944,1.7407550577847707e-07,0
1,5,1,82944,1.4622657110524202e-08,1.0944446079413821e-10
1,5,2,82944,4.2490877110787115e-09,2.9089391739601538e-10
1,5,3,82944,1.900711950403035e-09,-1.4238091821492753e-10
1,5,4,82944,7.4516548271925343e-10,-1.0292847018218813e-10
1,5,5,82944,6.3853578002737386e-10,-9.9214133924197486e-11
1,5,6,82944,2.7599627850088455e-10,-1.2302933725552321e-10
1,5,7,82944,7.2590940943688838e-11,-9.4463734301040661e-11
1,5,8,82944,7.4200201705877735e-11,-4.5098424262722566e-11
1,5,9,82944,-3.0214212715703426e-11,9.8446980910060438e-12
1,5,10,82944,-3.140128454645872e-11,1.3668937072471825e-11
1,5,11,82944,5.696727378556338e-11,-4.9588171239535237e-11
1,5,12,82944,-6.7617980321690028e-11,-6.4424030153990149e-26
1,6,0,82944,1.7437452876717066e-07,0
1,6,1,82944,9.0425225485759353e-09,1.2487872752589047e-10
1,6,2,82944,2.139739166528285e-09,-1.5367508711696157e-10
1,6,3,82944,8.3218924930316503e-10,-2.5099390023456374e-10
1,6,4,82944,4.6584134133686386e-10,1.0193689144465613e-10
1,6,5,82944,9.7691641823232116e-11,2.1084122037026478e-10
1,6,6,82944,7.9228814324389405e-11,2.8515118396457643e-11
1,6,7,82944,2.8402845029227901e-11,7.1761907004996199e-12
1,6,8,82944,3.4844836170284958e-11,-6.3042010697349038e-11
1,6,9,82944,9.4821981448236858e-11,7.9004534965550899e-11
1,6,10,82944,-7.7216792211787216e-11,-3.2801169579676555e-12
1,6,11,82944,9.1058398540945644e-11,-6.3730787857612837e-11
1,6,12,82944,2.234664069137392e-11,6.5150171747734328e-26
1,7,0,82944,1.7447988685047841e-07,0
1,7,1,82944,5.6167778904329244e-09,-2.5545427489506113e-10
1,7,2,82944,1.2379880175987681e-09,-2.6195519520742106e-10
1,7,3,82944,9.2375415907293308e-12,-3.1569985776079583e-11
1,7,4,82944,1.6703732921385364e-10,9.7409880855774008e-11
1,7,5,82944,8.3899561406898868e-11,-4.9193511447140297e-11
1,7,6,82944,1.4093494429782675e-10,8.5331023713552938e-11
1,7,7,82944,2.2930486427334751e-10,-4.0908194975758835e-11
1,7,8,82944,7.1845718324316282e-11,3.4622985193268123e-11
1,7,9,82944,-7.1431007243687898e-11,-7.8140809156745979e-11
1,7,10,82944,-1.3428144941900803e-10,-4.4325862212380948e-11
1,7,11,82944,9.6818065997868216e-11,1.1638651119772725e-11
1,7,12,82944,3.3949563116809693e-11,-1.1213371440425158e-25
1,8,0,82944,1.7462535928886282e-07,0
1,8,1,82944,3.4620249579062973e-09,2.5942515800338328e-10
1,8,2,82944,4.7233978154410808e-10,-2.5504660396594026e-10
1,8,3,82944,5.9889797798714451e-11,-8.873557602187138e-11
1,8,4,82944,-3.1417426711969818e-11,5.6549339814553184e-11
1,8,5,82944,-4.2607205679454612e-11,6.3612514926062705e-11
1,8,6,82944,-7.5198077740293307e-11,1.0629038506188804e-11
1,8,7,82944,8.1781221151000129e-11,1.6679985297744247e-10
1,8,8,82944,8.8286142357605413e-11,4.8621899031238625e-11
1,8,9,82944,3.6036552700494889e-11,3.0097937136970184e-11
1,8,10,82944,-1.8147118573593077e-11,1.4473378040742277e-11
1,8,11,82944,-2.5226257596321632e-11,3.8457780684995917e-11
1,8,12,82944,-1.4514617929139232e-10,5.485018047166344e-28
1,9,0,82944,1.7449864086384851e-07,0
1,9,1,82944,2.1561318778083165e-09,3.2680644492483924e-11
1,9,2,82944,-3.8598685496725969e-11,-1.8027066422514083e-11
1,9,3,82944,1.1585481611104237e-10,4.413227229556123e-11
1,9,4,82944,8.4615007895461924e-11,9.9624449492888432e-11
1,9,5,82944,1.2736404594021054e-10,5.7700325161549232e-11
1,9,6,82944,-6.7983809775955491e-11,1.4390848361384428e-10
1,9,7,82944,1.1126642544542456e-10,-7.5130707437881099e-12
1,9,8,82944,-4.8532065178235452e-11,5.2134758465303517e-11
1,9,9,82944,-1.5692104289682702e-11,3.6201461604278571e-11
1,9,10,82944,-5.8116550923012899e-11,7.5908951232115237e-11
1,9,11,82944,-6.4020623328424495e-11,5.173643912644014e-11
1,9,12,82944,-7.9549397928519275e-12,7.6969762341872438e-26
1,10,0,82944,1.741015217622834e-07,0
1,10,1,82944,1.4513397584450787e-09,-1.1457687529885252e-10
1,10,2,82944,8.5127859032059213e-11,-2.249893825467956e-10
1,10,3,82944,3.9236645503222538e-11,-2.131921969637367e-10
1,10,4,82944,-1.1400917961917292e-10,1.6473747090660506e-10
1,10,5,82944,-8.1965514063615809e-11,1.8098027855100488e-10
1,10,6,82944,-2.3155607015880906e-11,3.6346679949672127e-11
1,10,7,82944,3.6890956015946631e-11,-6.8026724159952993e-11
1,10,8,82944,-4.6250577146380252e-11,3.4901551566706369e-11
1,10,9,82944,7.9618977980547643e-11,3.3308937767955094e-11
1,10,10,82944,3.1687273883976028e-11,4.4316928402208061e-11
1,10,11,82944,-3.2492897457543247e-12,3.2279490000119909e-11
1,10,12,82944,-6.9703559281328606e-11,-1.0750635372446034e-26
2,1,0,82944,1.7691166226631974e-07,0
2,1,1,82944,1.0284916756006587e-07,-4.0207423549496842e-10
2,1,2,82944,7.5565601531931409e-08,-5.9357606854049988e-10
2,1,3,82944,5.9129266008689398e-08,-7.1292553054867033e-10
2,1,4,82944,4.6373627991013929e-08,-7.0128932867119305e-10
2,1,5,82944,3.5929428908920941e-08,-5.3775794279463088e-10
2,1,6,82944,2.7586604621054057e-08,-4.120414840653769e-10
2,1,7,82944,2.0967764324325339e-08,-4.0411055097416733e-10
2,1,8,82944,1.5677704624875003e-08,-3.4046518500003611e-10
2,1,9,82944,1.1870369044113201e-08,-2.6751760597302719e-10
2,1,10,82944,9.2292123806429688e-09,-1.8629295090981861e-10
2,1,11,82944,7.6864189987744803e-09,-1.438487406538887e-10
2,1,12,82944,7.1912937630308581e-09,-4.8140507485966133e-25
2,2,0,82944,1.7585772711858271e-07,0
2,2,1,82944,6.2615474096090204e-08,-1.6923921590472871e-10
2,2,2,82944,3.6592576093454388e-08,-2.183348492950644e-11
2,2,3,82944,2.4740393437189734e-08,-3.2956488414202227e-12
2,2,4,82944,1.7241136366633697e-08,2.1384772523428069e-11
2,2,5,82944,1.1857817669669344e-08,5.4654403114937937e-12
2,2,6,82944,8.2917656065921982e-09,-1.0405276422413786e-10
2,2,7,82944,5.7620539314609638e-09,9.3943429875657894e-12
2,2,8,82944,3.9966853873783637e-09,1.0221502390318171e-12
2,2,9,82944,2.8844667220092891e-09,-6.5124621163698696e-11
2,2,10,82944,2.0035312084368646e-09,-7.6971944013118494e-11
2,2,11,82944,1.5004985590313088e-09,7.4233551711876207e-12
2,2,12,82944,1.4099556903070275e-09,-1.6806095296517678e-25
2,3,0,82944,1.7410732711992158e-07,0
2,3,1,82944,3.8300657127945299e-08,-1.5133674409318763e-10
2,3,2,82944,1.7879865616900152e-08,1.513694145235222e-10
2,3,3,82944,1.0466504833876477e-08,1.8418965411794342e-10
2,3,4,82944,6.5937736425437873e-09,1.6186608715048104e-10
2,3,5,82944,4.1379735962184365e-09,1.0530327919985058e-10
2,3,6,82944,2.5493371478372636e-09,2.5839305902031945e-10
2,3,7,82944,1.6914271353769822e-09,3.3084986592399582e-10
2,3,8,82944,1.1899101282371425e-09,9.3010734724248759e-11
2,3,9,82944,7.6795728407252095e-10,4.6199131327863804e-11
2,3,10,82944,4.4269038770576492e-10,2.8698382149972739e-11
2,3,11,82944,3.2159125892271735e-10,3.7275034670268388e-11
2,3,12,82944,2.2763751375470184e-10,-1.0135316075154828e-25
2,4,0,82944,1.7486803928957268e-07,0
2,4,1,82944,2.3720631645354442e-08,-1.3961601026068929e-10
2,4,2,82944,8.7606859611599451e-09,9.4191966260608523e-11
2,4,3,82944,4.6320973375803481e-09,6.5438861886825302e-11
2,4,4,82944,2.5981243379439152e-09,-2.2030598370300886e-10
2,4,5,82944,1.3574285612582281e-09,8.1696362174754354e-12
2,4,6,82944,9.2286509765160956e-10,-6.5594402207754564e-11
2,4,7,82944,6.2710118772639623e-10,2.8377504815289924e-11
2,4,8,82944,5.1273215960888766e-10,-1.5762139318317943e-11
2,4,9,82944,6.4153724661447064e-11,-1.0153457142896828e-11
2,4,10,82944,4.9488117241705568e-11,1.3322801007660141e-10
2,4,11,82944,1.7969155430188748e-12,-8.9757973252484599e-11
2,4,12,82944,7.0464700955087352e-12,-4.2683413167039912e-26
2,5,0,82944,1.7318446771303741e-07,0
2,5,1,82944,1.453750745599506e-08,2.149558943813832e-10
2,5,2,82944,4.2741574499152649e-09,1.2819942018339577e-10
2,5,3,82944,1.9078984773636644e-09,2.5079171342746013e-10
2,5,4,82944,9.7743313514286941e-10,7.7656224593534903e-11
2,5,5,82944,5.3704619100375111e-10,-4.8967979190063263e-11
2,5,6,82944,2.6635584600613803e-10,-2.2834400099460612e-10
2,5,7,82944,2.8155053602969219e-10,4.9378735678194503e-11
2,5,8,82944,1.1532466103736176e-10,-1.6394648166995639e-10
2,5,9,82944,-4.7146197858481691e-11,3.4941796003786194e-11
2,5,10,82944,2.4728400228559182e-11,7.0061815662912568e-11
2,5,11,82944,3.622436019254547e-11,6.2301788504213816e-11
2,5,12,82944,3.7935824884942318e-11,1.7148160967459142e-25
2,6,0,82944,1.7397760081978239e-07,0
2,6,1,82944,8.9985362649809062e-09,-1.3420656509744364e-11
2,6,2,82944,1.8783562603173834e-09,1.175108130675336e-10
2,6,3,82944,7.347436195037186e-10,2.6433030071997775e-10
2,6,4,82944,4.3533479804371807e-10,6.2785594115366079e-11
2,6,5,82944,2.5258413573542957e-10,-2.0628951227222061e-11
2,6,6,82944,-4.9332591385841281e-11,-1.6377057006062606e-10
2,6,7,82944,4.7573552920775542e-11,6.3185565116784586e-11
2,6,8,82944,3.1798393670293336e-11,4.0080680911714694e-12
2,6,9,82944,5.0008430876664924e-12,-9.7987501256250835e-11
2,6,10,82944,-5.4149126789377436e-12,-9.0394833658487326e-11
2,6,11,82944,1.1754544942039099e-12,-1.697024234032515e-11
2,6,12,82944,-3.2926005705716943e-11,5.8789420705537444e-26
2,7,0,82944,1.7404254955413493e-07,0
2,7,1,82944,5.6540211025023006e-09,1.4843581619372422e-10
2,7,2,82944,9.0839816912961058e-10,8.9192448875496616e-11
2,7,3,82944,2.0344657854447412e-10,1.1027077795654531e-10
2,7,4,82944,1.7131107490430294e-10,-5.4712137211418347e-11
2,7,5,82944,4.01952234107118e-10,-2.4671458393552123e-11
2,7,6,82944,5.773571027020259e-11,-1.3565825995514337e-10
2,7,7,82944,-2.8213006033392046e-11,1.7561354882183575e-12
2,7,8,82944,-7.9012701074146889e-11,-1.885045648646074e-10
2,7,9,82944,2.108885030853051e-11,2.3197536242867579e-11
2,7,10,82944,7.9227720725244066e-11,-4.2372163747762064e-11
2,7,11,82944,2.2207892320681404e-11,-6.9034163013476232e-11
2,7,12,82944,-6.9996490591121962e-11,-3.0616373463273955e-27
2,8,0,82944,1.7383887993039635e-07,0
2,8,1,82944,3.6684377474644138e-09,3.8800010350753069e-10
2,8,2,82944,4.1902416642734084e-10,6.0735415161579906e-12
2,8,3,82944,1.0802634702493814e-10,1.7092591371443531e-10
2,8,4,82944,2.6639644396594158e-10,-1.4206602639956574e-10
2,8,5,82944,3.0545449490381785e-10,6.7720569335411772e-11
2,8,6,82944,-3.1697538732125454e-11,-8.7757257067609325e-11
2,8,7,82944,5.608791452325854e-11,-8.8067468826366652e-11
2,8,8,82944,-4.6805706801095259e-11,1.5976428219565735e-11
2,8,9,82944,3.0826765420116761e-12,3.0127497900225895e-11
2,8,10,82944,4.3037021525178464e-11,1.8261557425847757e-11
2,8,11,82944,-4.63202488709784e-11,-8.1845567384020319e-11
2,8,12,82944,-1.9854189766989604e-10,7.5054992405407099e-26
2,9,0,82944,1.7470884273125663e-07,0
2,9,1,82944,1.957655630390865e-09,2.6177686620715021e-10
2,9,2,82944,3.5970206166373073e-10,-4.967533555177873e-11
2,9,3,82944,6.1225797801995575e-11,1.4268900908189914e-10
2,9,4,82944,8.7973503257466525e-11,-3.7689949002739251e-10
2,9,5,82944,2.9915221836250531e-10,4.4320840696070568e-11
2,9,6,82944,-1.055812001532004e-10,-2.495132299960315e-11
2,9,7,82944,-1.4672036649688799e-10,-8.7597183057331664e-11
2,9,8,82944,-4.4312910808224153e-11,-5.6616485456810914e-11
2,9,9,82944,-8.0104036968002865e-12,6.1055020825599487e-12
2,9,10,82944,4.446056485254377e-11,-8.5361301234672521e-12
2,9,11,82944,5.8864697644169818e-11,4.0030925796884451e-11
2,9,12,82944,-4.9305441669398548e-11,-1.2765132909768945e-26
2,10,0,82944,1.7459200696062179e-07,0
2,10,1,82944,1.1508756535530411e-09,1.9256314655419041e-10
2,10,2,82944,4.3488606800265357e-11,-1.5725105421949499e-10
2,10,3,82944,-2.539721261611231e-10,-5.1745331715221434e-11
2,10,4,82944,-1.5024923016478268e-10,-1.3614609221742971e-10
2,10,5,82944,1.3124987815261012e-10,1.1376705875689493e-11
2,10,6,82944,7.244378184270063e-11,-2.6521437303636323e-11
2,10,7,82944,8.5070915899907199e-11,-2.4348912580052605e-11
2,10,8,82944,-9.9436305736344634e-12,1.6554780179343843e-11
2,10,9,82944,-3.7615975064532849e-11,1.6061128500007363e-10
2,10,10,82944,-3.2156756718110706e-11,8.3111678777262018e-11
2,10,11,82944,-1.6204488170578493e-11,-4.4427585589030148e-11
2,10,12,82944,-3.0478689760922337e-12,-1.1480641410723446e-25
3,1,0,82944,1.7719086864601388e-07,0
3,1,1,82944,1.023853030306237e-07,-1.5243704486175396e-10
3,1,2,82944,7.4908294763048816e-08,-1.4885927283181596e-10
3,1,3,82944,5.8515203272284862e-08,-1.3025459564030496e-10
3,1,4,82944,4.5886236699987525e-08,-2.0149643465376889e-10
3,1,5,82944,3.5413252787674812e-08,-3.035418629041044e-10
3,1,6,82944,2.6840353183173033e-08,-2.8269549571343264e-10
3,1,7,82944,2.0195784640799084e-08,-4.0038718328145361e-10
3,1,8,82944,1.4983836738270305e-08,-4.2673662778844562e-10
3,1,9,82944,1.1162286313177103e-08,-4.2997058295100138e-10
3,1,10,82944,8.5819249514291799e-09,-3.4114010522626861e-10
3,1,11,82944,7.0974938184855213e-09,-1.3251073509512627e-10
3,1,12,82944,6.5993234580608939e-09,7.9766124269918701e-25
3,2,0,82944,1.7552113712582452e-07,0
3,2,1,82944,6.1993649804196496e-08,-3.2186773036365457e-10
3,2,2,82944,3.6085593120071039e-08,-2.7798778628271626e-10
3,2,3,82944,2.4481970285145146e-08,-4.0660334854114597e-10
3,2,4,82944,1.6999885453959076e-08,-4.8490735089156785e-10
3,2,5,82944,1.2021012070175055e-08,-3.2621483312036253e-10
3,2,6,82944,8.2949998980785214e-09,-5.4550627958957509e-10
3,2,7,82944,5.6618499275635463e-09,-5.3139779784672186e-10
3,2,8,82944,3.7347264463731808e-09,-4.3055465938410019e-10
3,2,9,82944,2.4967512592447968e-09,-3.7052758030736066e-10
3,2,10,82944,1.5953557004455114e-09,-2.9109087335707418e-10
3,2,11,82944,1.154167565693428e-09,-1.596730332000818e-10
3,2,12,82944,1.0389268732372856e-09,-2.5522287611469287e-25
3,3,0,82944,1.7409538433985126e-07,0
3,3,1,82944,3.8062399692441412e-08,1.9874378182264472e-12
3,3,2,82944,1.7804821202476267e-08,-1.3166120858452125e-10
3,3,3,82944,1.0491875686748817e-08,-1.8432491482923176e-10
3,3,4,82944,6.5823801723201828e-09,-2.0483923682419561e-10
3,3,5,82944,4.3934957914892562e-09,-6.9397028395544486e-11
3,3,6,82944,2.9139931176548983e-09,-3.2501613924706323e-11
3,3,7,82944,1.88145992259599e-09,-1.8095746280947114e-11
3,3,8,82944,1.2357057910456716e-09,-7.7061546864257695e-11
3,3,9,82944,8.9708030753677339e-10,-1.041112683707598e-10
3,3,10,82944,5.6708849128667298e-10,-1.4619364298272023e-10
3,3,11,82944,4.6218067166634458e-10,-5.3787919457034107e-11
3,3,12,82944,4.7450148820354247e-10,5.6126693762640332e-26
3,4,0,82944,1.7440941270344892e-07,0
3,4,1,82944,2.3677858597340429e-08,4.8781521091645121e-11
3,4,2,82944,8.9385873878087233e-09,-4.1411059309161713e-11
3,4,3,82944,4.5987283804923248e-09,-1.041535850726819e-10
3,4,4,82944,2.6142144435319154e-09,-1.1797075332940676e-10
3,4,5,82944,1.6245819088600823e-09,1.9602319162782656e-11
3,4,6,82944,1.0207529504555285e-09,1.8554775711004096e-10
3,4,7,82944,4.6914431164220577e-10,5.439462801451781e-11
3,4,8,82944,2.3753721192067907e-10,1.0528293395303524e-10
3,4,9,82944,1.4546921957389502e-10,4.0538695589345933e-11
3,4,10,82944,3.1899401264715927e-11,6.9956057026071468e-11
3,4,11,82944,1.9204947522634597e-11,2.7823968072822012e-11
3,4,12,82944,2.0578486382951766e-10,-1.6612125112849704e-25
3,5,0,82944,1.7455631346134763e-07,0
3,5,1,82944,1.4634131325745068e-08,1.0236533589376888e-11
3,5,2,82944,4.2851775802306302e-09,-1.1233309120492538e-10
3,5,3,82944,2.0940376776562664e-09,3.0740774893624428e-11
3,5,4,82944,1.0368425739517302e-09,5.2457465575424448e-11
3,5,5,82944,4.8458499652938769e-10,1.2101172730623157e-10
3,5,6,82944,4.2459693098120504e-10,5.0091500065494576e-11
3,5,7,82944,2.2889948771307516e-10,6.6317234283111628e-11
3,5,8,82944,-7.2628861609840258e-11,-1.1324746020214198e-11
3,5,9,82944,1.3770002215569811e-10,2.5637877316990575e-11
3,5,10,82944,8.215995045739955e-11,-4.6242220356920908e-11
3,5,11,82944,1.1926318059570315e-10,-6.155858193650071e-12
3,5,12,82944,1.1801598867170308e-10,1.0228062743952367e-25
3,6,0,82944,1.7327628834271044e-07,0
3,6,1,82944,8.9982810848667663e-09,1.7428510356687762e-10
3,6,2,82944,2.0305816888152852e-09,1.913851126558533e-11
3,6,3,82944,5.8529471170531094e-10,1.0694810917164365e-10
3,6,4,82944,4.4448811271607886e-10,2.454053012598623e-11
3,6,5,82944,1.5401486353726393e-10,8.2198704953473365e-13
3,6,6,82944,-1.0372958745842221e-11,1.9922054776035817e-10
3,6,7,82944,2.3367997153278318e-10,4.2161153641740393e-11
3,6,8,82944,3.983633969384929e-13,-6.9827317012269262e-11
3,6,9,82944,1.104910937512414e-10,5.092735777072735e-11
3,6,10,82944,4.8240689596264327e-11,6.1320777540563529e-11
3,6,11,82944,7.7577919250739601e-12,-3.312185892471778e-11
3,6,12,82944,-1.7635240480318099e-11,-5.3035138136055662e-26
3,7,0,82944,1.7390995397199327e-07,0
3,7,1,82944,5.7192158547306715e-09,-5.4439278585395337e-11
3,7,2,82944,8.8744205539705677e-10,7.6727072272851618e-11
3,7,3,82944,1.5791297955843508e-10,-2.1572985217038626e-11
3,7,4,82944,1.6806293162027917e-10,-1.2218275723345714e-10
3,7,5,82944,2.1314973662305008e-10,-6.3109531246449762e-11
3,7,6,82944,-1.3142152616153585e-10,2.0222252574121587e-10
3,7,7,82944,8.8438478997220106e-11,1.0602774828686033e-10
3,7,8,82944,8.5543170020861318e-11,-4.890902194843283e-11
3,7,9,82944,-5.7399156442358524e-11,-4.0368531372492552e-11
3,7,10,82944,-1.6227086572176883e-10,-1.5274364577590054e-11
3,7,11,82944,2.6179431099629176e-11,-1.0229446514318974e-10
3,7,12,82944,9.4136902355839844e-11,-1.1329055457419939e-25
3,8,0,82944,1.7407015748204569e-07,0
3,8,1,82944,3.5197814911814363e-09,-3.1679246514625925e-11
3,8,2,82944,6.3538889195915436e-10,-1.7402239165711489e-11
3,8,3,82944,7.1183127210541256e-11,-1.2296971290452061e-10
3,8,4,82944,2.9704709272146111e-10,-1.8034724902435709e-11
3,8,5,82944,1.3326499847235626e-10,2.9713487338131271e-12
3,8,6,82944,9.0476830066607232e-11,6.2614899529021004e-11
3,8,7,82944,2.6325865533960878e-11,6.9110380186176598e-11
3,8,8,82944,3.1727669551984339e-11,-1.934558633193497e-11
3,8,9,82944,2.5078002710612119e-11,-5.0397284693438701e-11
3,8,10,82944,1.0560808000548758e-10,6.5000796185608587e-12
3,8,11,82944,1.493001637862049e-11,-5.3664157783293829e-11
3,8,12,82944,9.7949421691624144e-11,-9.2337785634023962e-26
3,9,0,82944,1.7495667583637315e-07,0
3,9,1,82944,2.3341850002300628e-09,4.4747318591070511e-11
3,9,2,82944,3.511648232361427e-10,1.5024907180958375e-10
3,9,3,82944,-3.9488987095322854e-11,2.1133891953460334e-11
3,9,4,82944,1.8569007016955466e-10,-3.2508940926969844e-12
3,9,5,82944,1.5966758716881664e-10,1.2336530645202861e-10
3,9,6,82944,-2.1425701156999249e-11,6.5999941633555496e-11
3,9,7,82944,2.6411993285325105e-11,1.5417970692848615e-11
3,9,8,82944,6.6310692965473359e-11,-3.445741308905176e-11
3,9,9,82944,5.6320180236063923e-12,-4.0828604707568646e-11
3,9,10,82944,3.3186430396695127e-11,-2.2893699069242424e-12
3,9,11,82944,4.3017233406251569e-11,-7.9868089603583515e-11
3,9,12,82944,-3.8497511569703406e-11,-5.7971654378505374e-26
3,10,0,82944,1.7457488329138943e-07,0
3,10,1,82944,1.5117460780541538e-09,-7.9877931978540306e-11
3,10,2,82944,2.2631231037569297e-10,1.6669392692931229e-10
3,10,3,82944,-8.9628098791639136e-11,1.2147585436295889e-10
3,10,4,82944,1.1470258764460071e-10,9.489977565443376e-11
3,10,5,82944,3.5930618203602029e-11,1.5843818071480442e-11
3,10,6,82944,-4.5173273458062211e-11,1.8882724889371439e-10
3,10,7,82944,1.3099810821709961e-10,4.084661930597332e-11
3,10,8,82944,-7.2140756281867112e-11,-2.4897826069895099e-11
3,10,9,82944,1.4584169437492578e-11,4.3039172426748728e-11
3,10,10,82944,-9.8956665693374879e-12,5.8693497888750498e-11
3,10,11,82944,-1.1075080748581024e-11,4.3045420530960884e-11
3,10,12,82944,-8.9930776363065813e-12,8.1327858499348244e-26
4,1,0,82944,1.7644005558723523e-07,0
4,1,1,82944,1.0240803596375747e-07,1.7609318869057214e-10
4,1,2,82944,7.5134299917728265e-08,5.4116921453802978e-10
4,1,3,82944,5.8718803796359034e-08,7.7503693986398334e-10
4,1,4,82944,4.6152407388682577e-08,7.5230697188900249e-10
4,1,5,82944,3.587843615017722e-08,7.4101107792535716e-10
4,1,6,82944,2.7374295278984911e-08,6.2812105507437123e-10
4,1,7,82944,2.0579695143014636e-08,6.8907917223847821e-10
4,1,8,82944,1.5237679119390069e-08,5.5326501008467682e-10
4,1,9,82944,1.1465723796191028e-08,3.7228819270449267e-10
4,1,10,82944,8.8667924007244606e-09,1.9334107409601924e-10
4,1,11,82944,7.3754385137141837e-09,9.0730779997990395e-11
4,1,12,82944,6.9205225093241904e-09,-2.3635441403244064e-26
4,2,0,82944,1.7465215315895327e-07,0
4,2,1,82944,6.2706702452526834e-08,2.5020813880077205e-10
4,2,2,82944,3.655950987252403e-08,3.1178697193781939e-10
4,2,3,82944,2.4699641529724937e-08,1.86769682357933e-10
4,2,4,82944,1.7352829708386933e-08,1.4765257889407668e-10
4,2,5,82944,1.2212185513151328e-08,2.9121315890641169e-10
4,2,6,82944,8.3262656331457457e-09,2.4591860048067443e-10
4,2,7,82944,5.6482456704456764e-09,3.3253490014281464e-10
4,2,8,82944,3.8622522187982256e-09,2.8554322628940689e-10
4,2,9,82944,2.5944865087941189e-09,1.861230943077181e-10
4,2,10,82944,1.7118401947628784e-09,1.26486340579279e-10
4,2,11,82944,1.2895582165096998e-09,7.4438179596024389e-11
4,2,12,82944,1.1471424531336069e-09,2.6866615671029328e-26
4,3,0,82944,1.7462524802262797e-07,0
4,3,1,82944,3.8620409993706323e-08,3.2331314733579823e-11
4,3,2,82944,1.8149953305833563e-08,1.370385006622883e-10
4,3,3,82944,1.071696088608918e-08,3.6222562057339811e-10
4,3,4,82944,6.9484852302641592e-09,1.3642135868986845e-10
4,3,5,82944,4.3211012123829296e-09,7.1006326322523428e-11
4,3,6,82944,2.5775131454712791e-09,6.8609138916116593e-11
4,3,7,82944,1.7243558152855507e-09,-3.0965419817875153e-12
4,3,8,82944,1.0555609793646137e-09,-3.7775508667775447e-11
4,3,9,82944,7.4556100680455095e-10,-4.8351823510043487e-11
4,3,10,82944,4.0978799757927855e-10,-5.4411529406793589e-12
4,3,11,82944,3.9278299415454724e-10,-2.7112287450335517e-11
4,3,12,82944,3.7098619398138419e-10,5.024276531204371e-26
4,4,0,82944,1.7438000194219282e-07,0
4,4,1,82944,2.3981439891486192e-08,6.5128427683114031e-11
4,4,2,82944,8.9696825808449587e-09,7.8352657661731302e-11
4,4,3,82944,4.4192167935388883e-09,8.4443519480234416e-11
4,4,4,82944,2.7923491739296658e-09,1.0936534511086816e-10
4,4,5,82944,1.5957229376171028e-09,4.0451844688441148e-11
4,4,6,82944,7.6184526631795453e-10,1.350440397163202e-10
4,4,7,82944,4.904632169131414e-10,5.8897736696432991e-11
4,4,8,82944,2.8049921407344442e-10,4.2836248277260359e-11
4,4,9,82944,1.1802753894065761e-10,-3.9790548701000199e-11
4,4,10,82944,1.6276291520884514e-10,7.9895120038279338e-11
4,4,11,82944,-1.9819035482869466e-11,-5.3616703369011806e-11
4,4,12,82944,1.0508930467658387e-10,5.2775846373825981e-26
4,5,0,82944,1.7485105897851224e-07,0
4,5,1,82944,1.4760529163427708e-08,-2.0364079731736712e-10
4,5,2,82944,4.4236202076959752e-09,-1.9933840460765498e-10
4,5,3,82944,1.8047107855909926e-09,-5.6275396674086959e-11
4,5,4,82944,1.005021785886102e-09,2.9470795089242622e-10
4,5,5,82944,5.6865499231260518e-10,6.2948042565973241e-11
4,5,6,82944,3.3126130837699093e-10,8.3594330757335392e-11
4,5,7,82944,4.8102625358870988e-11,9.1918151196002065e-11
4,5,8,82944,-7.4063719150886011e-13,-2.9789423299475924e-11
4,5,9,82944,3.5523902274139249e-11,-1.7358258613248281e-10
4,5,10,82944,-1.4595695614340552e-11,-1.2582989174283881e-10
4,5,11,82944,-1.3051381530532093e-10,-7.2216320421454279e-11
4,5,12,82944,-2.123132174886869e-12,-1.4673420552178546e-25
4,6,0,82944,1.7414709236307394e-07,0
4,6,1,82944,9.1772881979418862e-09,-1.1605406070021811e-10
4,6,2,82944,2.0579636010584501e-09,3.2629629110042054e-11
4,6,3,82944,5.5269603011489297e-10,-1.9966751733385458e-11
4,6,4,82944,5.4151699404395722e-10,1.7243680496360148e-12
4,6,5,82944,3.6647139520912608e-10,1.9967815901489469e-10
4,6,6,82944,3.224321212751937e-10,1.2432753180467236e-10
4,6,7,82944,-6.9218685262393999e-11,-6.8524896823731885e-11
4,6,8,82944,-1.5878578024455201e-10,2.3933086232971729e-11
4,6,9,82944,-5.493190793050141e-11,7.7052123250437796e-11
4,6,10,82944,-2.4023419061004784e-11,4.1055588802204589e-11
4,6,11,82944,3.6676650574661463e-11,-5.7440100015791767e-11
4,6,12,82944,-1.3558633046549861e-11,-8.2993309433669666e-26
4,7,0,82944,1.7490621443998976e-07,0
4,7,1,82944,5.5689395689738745e-09,-2.1499897242101403e-10
4,7,2,82944,1.0808458516282297e-09,-2.8059568015939341e-11
4,7,3,82944,1.0320680137276912e-10,-1.1209124058181451e-10
4,7,4,82944,1.8691640836568748e-10,1.3540144616902226e-11
4,7,5,82944,6.2569626577922053e-11,1.5453389592781782e-10
4,7,6,82944,4.6939492155405666e-12,8.951882927822492e-11
4,7,7,82944,8.8456081985830213e-11,2.2637957957663287e-11
4,7,8,82944,6.7263356919076575e-12,8.5911498483590475e-12
4,7,9,82944,8.7976692320992235e-12,2.6107622094772556e-11
4,7,10,82944,-4.9284185901220059e-11,2.1272601616984381e-11
4,7,11,82944,-2.998550803770866e-12,3.1757889421394101e-11
4,7,12,82944,-8.8692364803512559e-11,1.1400859330037389e-25
4,8,0,82944,1.7394872622541988e-07,0
4,8,1,82944,3.3834709351399637e-09,-3.083076344532679e-10
4,8,2,82944,6.3497612677954397e-10,-4.1236764322668026e-11
4,8,3,82944,2.3292749987714028e-10,-1.9602431444248482e-10
4,8,4,82944,8.791521887196307e-11,3.0397334038914045e-11
4,8,5,82944,1.9658349589408413e-10,2.4284716723451989e-10
4,8,6,82944,9.9365992539042691e-11,-1.4000665038755426e-11
4,8,7,82944,2.4945554638886434e-11,2.2645575121282849e-11
4,8,8,82944,9.9392309385656316e-13,-6.1958348665454758e-11
4,8,9,82944,-1.6110024641278343e-11,1.2218769672214649e-11
4,8,10,82944,-4.1516264244239173e-12,4.9216380993953165e-11
4,8,11,82944,3.2425971411545747e-11,-8.1447629659303631e-11
4,8,12,82944,-1.0361169970011984e-10,6.0754054442431573e-26
4,9,0,82944,1.7508764046832502e-07,0
4,9,1,82944,2.0392871403803169e-09,-1.9249906740925458e-10
4,9,2,82944,2.2398011215204895e-10,2.0671555991782328e-10
4,9,3,82944,-1.8771924349770282e-10,-1.47307515985247e-10
4,9,4,82944,-5.9101758277631658e-11,-1.6218283042106076e-11
4,9,5,82944,1.927313075699542e-10,8.7982634314434019e-11
4,9,6,82944,6.1904231759096769e-12,7.1281881149888428e-11
4,9,7,82944,-1.2125687582118652e-10,3.0182683997196534e-11
4,9,8,82944,1.2122103296399939e-10,1.0299617578595662e-10
4,9,9,82944,4.4541731127777878e-11,1.4305012191914117e-11
4,9,10,82944,1.5477315980755546e-11,-2.6416247808242787e-11
4,9,11,82944,-6.7780670113550983e-11,-3.2482775196339945e-11
4,9,12,82944,3.510542422712396e-11,-1.6754236944071742e-25
4,10,0,82944,1.7536274991479074e-07,0
4,10,1,82944,1.4060237871341732e-09,-1.1119262603763351e-11
4,10,2,82944,2.7599684024985447e-10,-2.2174951167749363e-11
4,10,3,82944,-1.0061004209395765e-10,-1.7521290749061929e-10
4,10,4,82944,-2.6738039109426578e-11,4.5537597007102329e-11
4,10,5,82944,1.3950223058249825e-10,5.044620117997308e-11
4,10,6,82944,-9.4631578436772373e-11,2.0013325082205466e-10
4,10,7,82944,-4.1932196845021178e-11,1.0362133124088022e-10
4,10,8,82944,-5.4778693252253606e-11,-1.7278324327933327e-11
4,10,9,82944,5.9579166663164306e-11,5.715495457789864e-11
4,10,10,82944,6.3692693288017348e-11,-4.9836222679710416e-11
4,10,11,82944,-3.592529830621724e-11,1.3494462896247869e-11
4,10,12,82944,7.9056237215876034e-11,-1.5956416137211181e-26
5,1,0,82944,1.7725362420748235e-07,0
5,1,1,82944,1.0245658096474072e-07,-1.0806671421722022e-10
5,1,2,82944,7.4963402070420741e-08,-1.3842703983670992e-10
5,1,3,82944,5.8575507703138249e-08,-1.6903051175387305e-10
5,1,4,82944,4.6002109748117673e-08,-7.5724423196242524e-11
5,1,5,82944,3.565661722076722e-08,-8.522509215561354e-12
5,1,6,82944,2.7250738910525693e-08,3.3788389797315781e-11
5,1,7,82944,2.0645596052513044e-08,-3.2397169956890908e-11
5,1,8,82944,1.5301193482383627e-08,-2.4118694717365897e-11
5,1,9,82944,1.1400218933812976e-08,-7.2055957173767544e-11
5,1,10,82944,8.7384808159719937e-09,-3.4638421931126502e-11
5,1,11,82944,7.2113471037856465e-09,-8.9161685998867819e-11
5,1,12,82944,6.7273108696110737e-09,-2.4235801560406636e-25
5,2,0,82944,1.7627964772304959e-07,0
5,2,1,82944,6.2769410145405318e-08,-5.7471053769407252e-11
5,2,2,82944,3.6740093776379219e-08,1.2617508930925486e-11
5,2,3,82944,2.5014218946315378e-08,5.31882608894385e-11
5,2,4,82944,1.7669263802298522e-08,8.5280249978985739e-11
5,2,5,82944,1.2213092672450104e-08,1.5327335987923432e-10
5,2,6,82944,8.4149276205740842e-09,2.3778042749940083e-10
5,2,7,82944,5.8220740827908386e-09,2.3295318765362153e-11
5,2,8,82944,4.1343353787273087e-09,1.0948997400485041e-10
5,2,9,82944,2.7643340307326381e-09,1.5222236492351496e-10
5,2,10,82944,1.959549453748774e-09,1.1583329876908918e-10
5,2,11,82944,1.4158037115698184e-09,6.8626671781607133e-11
5,2,12,82944,1.1885902983987345e-09,3.8275453209135322e-26
5,3,0,82944,1.7580608791368375e-07,0
5,3,1,82944,3.8402968549093356e-08,1.0687070800866362e-10
5,3,2,82944,1.8159557396745742e-08,1.1473804513980783e-10
5,3,3,82944,1.0961249319212995e-08,7.7797926647741198e-11
5,3,4,82944,6.9079554955817136e-09,2.7093912141561974e-10
5,3,5,82944,4.4812874238366771e-09,1.0000442599085358e-10
5,3,6,82944,2.7341594617677975e-09,-8.3399273092213324e-11
5,3,7,82944,1.6538010257182134e-09,3.7809595020583487e-12
5,3,8,82944,1.0075571977784614e-09,-6.4639927659097498e-11
5,3,9,82944,6.317677988122251e-10,-6.5629895841018744e-11
5,3,10,82944,3.065382005042142e-10,-8.4280313511260457e-11
5,3,11,82944,4.7727994520098765e-11,-1.0886820139387258e-10
5,3,12,82944,4.1656209909532618e-11,-2.2568356074068066e-26
5,4,0,82944,1.7366448169125185e-07,0
5,4,1,82944,2.3563562373297797e-08,-3.0074078797522311e-11
5,4,2,82944,8.921449389007617e-09,8.3808160168580201e-11
5,4,3,82944,4.6935600767218746e-09,6.6121052554476587e-11
5,4,4,82944,2.7169070471204157e-09,9.3856919124675258e-11
5,4,5,82944,1.6696273690473299e-09,3.7801836458783598e-11
5,4,6,82944,7.6178755806779718e-10,-1.0891370873191066e-10
5,4,7,82944,5.5843155730842266e-10,-2.4835473123681502e-11
5,4,8,82944,3.094356525682078e-10,6.9100523364116928e-11
5,4,9,82944,1.8270731441355104e-10,2.5652501181894509e-11
5,4,10,82944,1.3884587162516033e-10,2.8742590537750486e-11
5,4,11,82944,7.2644754299301991e-11,9.5076568162703543e-12
5,4,12,82944,2.5486133905381942e-11,-1.3257911917506413e-25
5,5,0,82944,1.749016836502555e-07,0
5,5,1,82944,1.4764694340230027e-08,6.0276168927254586e-11
5,5,2,82944,4.7383251413951265e-09,-5.889052254707683e-11
5,5,3,82944,2.1464484365319678e-09,-1.2950130696248783e-10
5,5,4,82944,9.3970144059342431e-10,-8.4814357216679471e-12
5,5,5,82944,7.5788782177754058e-10,-4.686693194689268e-11
5,5,6,82944,1.4791827867667256e-10,-1.1071243718573761e-10
5,5,7,82944,1.5824530001667839e-10,-1.2774510897084427e-10
5,5,8,82944,3.6965673407559603e-11,5.6885633995642726e-12
5,5,9,82944,-5.5126885806536341e-12,4.1966021665518458e-11
5,5,10,82944,-6.8705924469261152e-11,-3.0596911215308603e-11
5,5,11,82944,-5.597936100182793e-11,3.0590690627045193e-11
5,5,12,82944,-6.5855485086642404e-11,-6.103329172483277e-27
5,6,0,82944,1.7529860687724676e-07,0
5,6,1,82944,9.0723336232317982e-09,6.4499574162688341e-11
5,6,2,82944,2.5539122817145321e-09,-1.3314998680245141e-10
5,6,3,82944,7.8565637403924589e-10,-3.5610390128141758e-10
5,6,4,82944,1.666798521825234e-10,-7.1390955766045736e-11
5,6,5,82944,3.6226468435315477e-10,-1.4596781025535027e-10
5,6,6,82944,-2.9138553427710668e-11,-2.2817242343478553e-10
5,6,7,82944,-1.2944871008612984e-10,-1.976215310609842e-10
5,6,8,82944,-4.0718475553551233e-12,-8.0217914274906193e-11
5,6,9,82944,5.0791933632549108e-12,5.9788018771988874e-11
5,6,10,82944,1.9171161734311919e-11,5.839903830775125e-12
5,6,11,82944,-1.2105333921103994e-10,-4.4651524385264666e-11
5,6,12,82944,-7.7725804526446364e-11,-3.7996215926734124e-27
5,7,0,82944,1.7523755336327477e-07,0
5,7,1,82944,5.7136618074227553e-09,-7.9712504674307489e-11
5,7,2,82944,1.2746965040114718e-09,-6.8227220326755759e-11
5,7,3,82944,3.6966555120246471e-10,1.1517292610275595e-11
5,7,4,82944,-2.3824110628891599e-11,6.3652232002797037e-11
5,7,5,82944,2.8762316469333729e-10,-1.2446327915699018e-10
5,7,6,82944,-2.1628902443245627e-10,5.6658146587659432e-11
5,7,7,82944,-1.1980027145826708e-10,-6.9539275450934578e-11
5,7,8,82944,1.2085999216634689e-11,-1.1492723432454105e-10
5,7,9,82944,-4.378145591206642e-11,-3.3765372098764965e-11
5,7,10,82944,-3.1858359221917155e-11,3.4587242609107599e-11
5,7,11,82944,-2.7998985710522764e-11,-6.3813256982308022e-12
5,7,12,82944,5.4428609229731422e-11,2.5400619938423049e-26
5,8,0,82944,1.7370286118686905e-07,0
5,8,1,82944,3.4120814165403686e-09,4.962354143830854e-12
5,8,2,82944,6.2268057616777424e-10,-9.5688097096492268e-12
5,8,3,82944,-1.21114297428197e-11,-2.1257922508233142e-10
5,8,4,82944,-5.0708944293143493e-11,2.0616521412635514e-11
5,8,5,82944,4.9086993338878828e-11,-9.2484948768911981e-11
5,8,6,82944,-9.6839343234554728e-11,-2.7942214393065218e-10
5,8,7,82944,5.9074196929985697e-11,2.7157936973787791e-12
5,8,8,82944,1.7676611791278057e-10,5.1503339965694867e-11
5,8,9,82944,-1.1466353661349669e-10,4.8689069331679122e-11
5,8,10,82944,-5.0015407774494762e-11,-2.8636228024647247e-11
5,8,11,82944,8.8117777569660225e-12,-3.4111280235132062e-12
5,8,12,82944,3.3975738756743712e-11,7.9383170282625624e-27
5,9,0,82944,1.7460786050458604e-07,0
5,9,1,82944,2.0207976371839018e-09,-1.3961078856983892e-10
5,9,2,82944,3.6619405342079586e-10,-2.9141013071306243e-12
5,9,3,82944,1.1541680115181928e-11,3.7004292775818194e-11
5,9,4,82944,-5.9610183804217469e-11,-3.1500811033964305e-11
5,9,5,82944,-5.3268394629562263e-11,6.0754313944016821e-12
5,9,6,82944,-2.1507967624807184e-10,1.3069994173167903e-10
5,9,7,82944,7.4242032251236986e-11,1.1740780777987257e-10
5,9,8,82944,-1.1699903276225879e-10,6.7946798352731496e-11
5,9,9,82944,-2.5745434932875944e-11,4.3801495813469206e-11
5,9,10,82944,-3.4699923868532898e-11,-2.4261287431543071e-11
5,9,11,82944,9.2784787254069284e-12,2.0445373066124249e-11
5,9,12,82944,2.0270749983724195e-11,-1.0251997368158185e-25
5,10,0,82944,1.7409402999581492e-07,0
5,10,1,82944,1.295176289628371e-09,-1.7754117516153075e-10
5,10,2,82944,1.1814677180774335e-10,-2.3181922336409734e-11
5,10,3,82944,-7.4494092979404857e-12,4.6987123370489276e-11
5,10,4,82944,-1.6482270957148273e-10,-1.3708177628466557e-10
5,10,5,82944,-1.3743704407319167e-10,8.2360888565838678e-12
5,10,6,82944,-1.631597101892824e-10,4.6047094735768141e-11
5,10,7,82944,-1.57343455421199e-10,-2.0491823499374567e-12
5,10,8,82944,-4.6018690860678222e-11,-2.4175257872655183e-11
5,10,9,82944,4.3875844416785137e-13,-5.3807769254523207e-11
5,10,10,82944,-6.8919385219540811e-11,-6.884835481916025e-11
5,10,11,82944,-5.9079726759916445e-11,-9.95183425534968e-12
5,10,12,82944,3.8424668392504576e-11,-2.046410369597334e-26
6,1,0,82944,1.7649903627688368e-07,0
6,1,1,82944,1.0287350505158771e-07,2.01441422890365e-12
6,1,2,82944,7.5464410460315911e-08,-8.4752883196893073e-11
6,1,3,82944,5.9023141024102111e-08,2.756200011687033e-11
6,1,4,82944,4.6497463742883988e-08,1.8497604235316819e-10
6,1,5,82944,3.6074786841541707e-08,1.6908141933293239e-10
6,1,6,82944,2.7381336435553679e-08,1.5006105607834159e-10
6,1,7,82944,2.0221609968043272e-08,7.8334166441962957e-12
6,1,8,82944,1.4731714197387558e-08,-6.5940800080648368e-11
6,1,9,82944,1.0678806443756303e-08,-1.2427244552165709e-10
6,1,10,82944,7.9194253626850699e-09,-1.0259669645613543e-10
6,1,11,82944,6.342707773328498e-09,-3.7552470436373613e-11
6,1,12,82944,5.8467972644880801e-09,-5.7245637444262264e-25
6,2,0,82944,1.7448525950383262e-07,0
6,2,1,82944,6.2550593876520938e-08,-1.4494182671370144e-10
6,2,2,82944,3.6899372316516384e-08,-1.5261306414464924e-10
6,2,3,82944,2.5213328309285545e-08,-9.3547119842935935e-11
6,2,4,82944,1.7839998421827446e-08,-8.4055972982632658e-11
6,2,5,82944,1.2515649705001551e-08,-3.7679726661262526e-10
6,2,6,82944,8.5974974390730464e-09,-5.7406515157044279e-10
6,2,7,82944,5.7761900300448502e-09,-3.8389195994458686e-10
6,2,8,82944,3.9525714499512706e-09,-3.0650669354380527e-10
6,2,9,82944,2.520896809394902e-09,-2.5724842142754071e-10
6,2,10,82944,1.6670867379670409e-09,-2.1339353550673571e-10
6,2,11,82944,1.2654410216043872e-09,-1.6296528477919553e-10
6,2,12,82944,1.1078535201648342e-09,-8.6663285145228231e-25
6,3,0,82944,1.7386446792653872e-07,0
6,3,1,82944,3.8474613961242977e-08,-3.2031435154299234e-11
6,3,2,82944,1.8106539603164717e-08,-2.3027132479584807e-11
6,3,3,82944,1.0711287636242056e-08,-8.5435772173642019e-11
6,3,4,82944,6.6160639601848019e-09,7.9453080833874909e-11
6,3,5,82944,4.2263480418166445e-09,-7.5690250969806714e-11
6,3,6,82944,2.6955063730190406e-09,-8.0115688837646291e-11
6,3,7,82944,1.7422037252914347e-09,-8.7302172595864968e-11
6,3,8,82944,9.7738712394782087e-10,1.7029468617425705e-11
6,3,9,82944,6.1635687633067983e-10,6.5017836430476762e-11
6,3,10,82944,3.7968731538687645e-10,8.0414081492087983e-11
6,3,11,82944,2.5933795264359875e-10,4.9975592076817562e-11
6,3,12,82944,2.5878933290872769e-10,-6.4424030153990149e-26
6,4,0,82944,1.7486626589551998e-07,0
6,4,1,82944,2.3905319640774069e-08,5.8296112785645728e-11
6,4,2,82944,9.1601371632022795e-09,2.9294423026436056e-11
6,4,3,82944,4.9716015702480167e-09,-2.556171953731478e-10
6,4,4,82944,2.6979394170539592e-09,-2.1834066371650699e-10
6,4,5,82944,1.1603358002803258e-09,-1.3401553571103446e-10
6,4,6,82944,8.3572216046036664e-10,-1.0180543499622475e-10
6,4,7,82944,3.4407534001304778e-10,-1.2639658964841374e-10
6,4,8,82944,1.9669139740047595e-10,-8.3972359615921728e-11
6,4,9,82944,-1.3761829947570683e-11,9.5143147789321161e-12
6,4,10,82944,5.8492520910055687e-11,-8.461970077188118e-11
6,4,11,82944,4.929933972237447e-11,-2.8666331335239101e-11
6,4,12,82944,-3.9216310525953032e-11,1.454227875705084e-25
6,5,0,82944,1.7487712911341554e-07,0
6,5,1,82944,1.4837537754710416e-08,1.3635676394951448e-10
6,5,2,82944,4.5192619333611327e-09,1.4466357613490426e-10
6,5,3,82944,2.1614146467128915e-09,-1.8968188111670221e-10
6,5,4,82944,1.1457954222768638e-09,-2.1430206390386536e-10
6,5,5,82944,5.5403298355999163e-10,2.7643793639260596e-11
6,5,6,82944,3.0513406550303446e-10,8.7628490364406256e-11
6,5,7,82944,1.9079446087612019e-10,-1.0727204095523203e-10
6,5,8,82944,1.1957077911079231e-10,1.1693366946004366e-11
6,5,9,82944,7.7009643677719698e-12,3.2136865227019549e-11
6,5,10,82944,-5.4651104315509721e-11,-6.3119973932573441e-11
6,5,11,82944,9.1471993831043742e-11,1.3562886831684031e-11
6,5,12,82944,9.347698070208072e-12,1.290076244693524e-25
6,6,0,82944,1.7452997555911049e-07,0
6,6,1,82944,9.0993742264961612e-09,-1.9344972555519906e-10
6,6,2,82944,2.2354553333388671e-09,2.5093520539277054e-10
6,6,3,82944,8.2725246395065784e-10,-3.5305829385146564e-10
6,6,4,82944,4.1652221414489772e-10,-2.6542342543562687e-10
6,6,5,82944,1.3759526955414501e-10,-1.0203518848327964e-11
6,6,6,82944,-5.6485197014594591e-11,-2.8479136038600991e-11
6,6,7,82944,-1.4303268623558428e-10,-1.2599520915049124e-10
6,6,8,82944,-3.2704687425338525e-11,1.1825268151574212e-10
6,6,9,82944,3.5999832033895372e-11,-3.0784435776896287e-11
6,6,10,82944,3.1925755644141174e-11,-2.0327965078141646e-11
6,6,11,82944,2.2457030948738074e-11,-8.0617529581025663e-11
6,6,12,82944,2.9081926240974516e-11,1.7482248430332001e-26
6,7,0,82944,1.7440043544438672e-07,0
6,7,1,82944,5.6674531925863335e-09,-2.0468666162989956e-10
6,7,2,82944,1.0902593121696928e-09,2.4306308153343172e-10
6,7,3,82944,4.060418754238655e-10,-2.2138464959521089e-10
6,7,4,82944,1.0066562214475924e-10,-1.4117458179496254e-10
6,7,5,82944,9.4766371433319641e-11,3.2311295946994151e-11
6,7,6,82944,6.626491631157723e-11,-1.1699312985964068e-11
6,7,7,82944,-9.8192849829278687e-11,1.283793973828588e-10
6,7,8,82944,-1.0391271539386396e-10,-5.0905987628214904e-11
6,7,9,82944,-2.1239207734454894e-11,-6.3278058486839001e-11
6,7,10,82944,7.7727625631661639e-12,-8.2471612273896678e-11
6,7,11,82944,-1.4886899589294645e-11,-3.7975157779949004e-11
6,7,12,82944,3.331898673969857e-11,8.377118472035871e-26
6,8,0,82944,1.7436937053639514e-07,0
6,8,1,82944,3.4282350291113848e-09,-2.5474713043048982e-10
6,8,2,82944,8.7793570963155865e-10,2.3073621811635205e-10
6,8,3,82944,1.7767932652309306e-10,4.4390221404725379e-11
6,8,4,82944,1.789022686729801e-10,1.7934269190243743e-10
6,8,5,82944,-3.3469080201456821e-11,1.7000391178554861e-10
6,8,6,82944,1.0079825499237178e-10,1.0533790106046686e-11
6,8,7,82944,6.9346423774687752e-11,-1.113548094885646e-11
6,8,8,82944,-5.3657071912202121e-11,1.6469975558374007e-10
6,8,9,82944,7.1824831191960284e-11,-3.9338613374819599e-11
6,8,10,82944,-7.5265082272642394e-11,-1.8894358202348367e-11
6,8,11,82944,7.3109523067446487e-12,-5.9947659617761704e-11
6,8,12,82944,-4.303197974754317e-11,-2.2198366674886482e-25
6,9,0,82944,1.7456040666261621e-07,0
6,9,1,82944,1.8910210678950644e-09,-1.8921716704254468e-10
6,9,2,82944,2.348099955579548e-10,2.0213442767642535e-10
6,9,3,82944,1.0621201678044659e-10,2.0210128035200888e-10
6,9,4,82944,1.0621642897835003e-11,2.5717023441019821e-10
6,9,5,82944,-5.7142498138291477e-11,-9.010555922998811e-11
6,9,6,82944,4.3779911900478324e-11,-5.5198968777420373e-11
6,9,7,82944,-1.4142546266115246e-11,1.2826886867551142e-10
6,9,8,82944,-7.7207982564940482e-11,1.4618479389641341e-10
6,9,9,82944,-8.6225294652254111e-11,5.5831629305950742e-12
6,9,10,82944,-3.9831183409838859e-11,-2.9788173274479084e-11
6,9,11,82944,3.5442382457736012e-11,-1.6114382002643501e-11
6,9,12,82944,-2.8328278151407892e-12,-7.8904477798509295e-26
6,10,0,82944,1.744738997979978e-07,0
6,10,1,82944,1.1478107892127098e-09,-3.0274369556735408e-10
6,10,2,82944,-1.8613960081154259e-11,1.7500246539711707e-10
6,10,3,82944,-6.5689221047074646e-11,1.965000438825048e-10
6,10,4,82944,1.6476654826099163e-11,-1.210590689452001e-10
6,10,5,82944,-1.5426369706490372e-10,-2.2903964748643507e-11
6,10,6,82944,9.5121388298462524e-11,-3.4995518503078162e-11
6,10,7,82944,9.7533503473865653e-12,1.3139948874258523e-10
6,10,8,82944,3.2786155850208598e-11,-4.8309568215892713e-11
6,10,9,82944,6.8251553900143405e-11,1.3335073233444365e-12
6,10,10,82944,5.6795177029910135e-12,2.8301107760124325e-11
6,10,11,82944,4.6896659530909452e-12,-3.8377154001307462e-11
6,10,12,82944,-9.2086974667181186e-11,1.1360968289694362e-25
7,1,0,82944,1.7661910188133164e-07,0
7,1,1,82944,1.0257588965660299e-07,-1.511812363495519e-10
7,1,2,82944,7.5452206018318992e-08,-2.3780433899075377e-10
7,1,3,82944,5.9222013082742784e-08,-4.171253248226685e-10
7,1,4,82944,4.6638914721648735e-08,-4.5063345414121071e-10
7,1,5,82944,3.6255453274495802e-08,-4.8804204959288293e-10
7,1,6,82944,2.7680686328396392e-08,-4.8428239465908126e-10
7,1,7,82944,2.088847351841207e-08,-4.0375153021401729e-10
7,1,8,82944,1.5686775485036706e-08,-2.9990822768000723e-10
7,1,9,82944,1.1888766165548142e-08,-1.9522452228341843e-10
7,1,10,82944,9.1681759771010909e-09,-1.5646012698952903e-10
7,1,11,82944,7.6039233407767668e-09,-1.1390419233829039e-10
7,1,12,82944,7.1391037974906172e-09,-7.5910655220765048e-25
7,2,0,82944,1.7526014471363369e-07,0
7,2,1,82944,6.2773987993474643e-08,6.547609181591024e-11
7,2,2,82944,3.7081314566143277e-08,-1.3284518616592133e-10
7,2,3,82944,2.530311653387179e-08,-1.1095960262903757e-10
7,2,4,82944,1.7924869296889943e-08,-3.3044253248837006e-10
7,2,5,82944,1.2853575097435149e-08,-2.8820424999912061e-10
7,2,6,82944,8.855895248090474e-09,-2.809506157627633e-10
7,2,7,82944,6.1551847919224826e-09,-2.1135712484416237e-10
7,2,8,82944,4.3946199838512989e-09,-1.3451484169621166e-10
7,2,9,82944,3.0617356246238446e-09,-1.1088241836509518e-10
7,2,10,82944,2.0853716320489072e-09,-6.7309910775700146e-11
7,2,11,82944,1.5783108678453296e-09,-4.7081711573454669e-11
7,2,12,82944,1.4024241935882676e-09,-7.4995155844892556e-26
7,3,0,82944,1.7415002053803504e-07,0
7,3,1,82944,3.8435999283578641e-08,-3.1728320678596937e-12
7,3,2,82944,1.8164502855090187e-08,-9.7143965640792297e-11
7,3,3,82944,1.1030470474052181e-08,-1.3799975425088862e-10
7,3,4,82944,6.9047551477038477e-09,-2.4069981480759154e-10
7,3,5,82944,4.4244227765936709e-09,-3.5467220600156453e-10
7,3,6,82944,2.9247241572636627e-09,-2.9600320196174614e-10
7,3,7,82944,1.8195169432377834e-09,-2.6069851982786647e-10
7,3,8,82944,1.1926878432649537e-09,-7.8400154301113473e-11
7,3,9,82944,8.915063986145996e-10,-1.5134024324429041e-11
7,3,10,82944,5.0801225967824496e-10,-1.5613132590328976e-11
7,3,11,82944,4.3952300790734686e-10,4.2374441288105472e-11
7,3,12,82944,4.3448610199454785e-10,1.1800268371471958e-25
7,4,0,82944,1.7444144975434743e-07,0
7,4,1,82944,2.4150025416357943e-08,2.4556973810015544e-10
7,4,2,82944,9.1964220620128659e-09,1.1361250130608845e-10
7,4,3,82944,4.7978575116862227e-09,4.14425318996605e-11
7,4,4,82944,2.870105324747972e-09,-2.3445012744355433e-10
7,4,5,82944,1.6190737667343961e-09,-2.5799230812101468e-10
7,4,6,82944,9.5871448738539958e-10,1.8931801441206263e-11
7,4,7,82944,5.52067092969131e-10,-1.0145974120900702e-10
7,4,8,82944,2.7672708293029989e-10,8.8914009851469647e-11
7,4,9,82944,1.130254448019812e-10,9.5115093226825133e-11
7,4,10,82944,1.0991907309194597e-10,1.0855214387153853e-10
7,4,11,82944,2.560470444649543e-11,8.0402281099544883e-12
7,4,12,82944,8.2871677662555385e-11,1.8090586795563179e-26
7,5,0,82944,1.7389027235500579e-07,0
7,5,1,82944,1.4995626653762264e-08,6.913655329827267e-11
7,5,2,82944,4.4032811368946923e-09,-1.0498530005190538e-10
7,5,3,82944,2.1108064791359934e-09,-1.3152859749348204e-10
7,5,4,82944,1.0222180727090286e-09,6.4187117039763331e-11
7,5,5,82944,4.4452133270898695e-10,-6.3215349361458359e-11
7,5,6,82944,3.3299177346179246e-10,3.877212210250584e-11
7,5,7,82944,4.1749355275241698e-10,-1.3502753240141901e-10
7,5,8,82944,1.3912805183706615e-10,-2.256787522332853e-11
7,5,9,82944,6.8009438993167125e-11,8.4311900149813798e-11
7,5,10,82944,8.5039019455704844e-11,2.7356853853874047e-11
7,5,11,82944,1.1232099724660959e-11,2.1643721783018294e-11
7,5,12,82944,-1.1806840926940853e-10,-6.9171063954810477e-26
7,6,0,82944,1.7413087703361648e-07,0
7,6,1,82944,9.1407942265257147e-09,2.6594952923205562e-10
7,6,2,82944,2.1252155691912322e-09,-1.5374857314606594e-10
7,6,3,82944,1.0693504332978561e-09,-2.4144434938038654e-11
7,6,4,82944,3.3144117582827834e-10,-6.869958423347214e-11
7,6,5,82944,2.9089241207150789e-10,1.6840240561047066e-10
7,6,6,82944,1.3034374885633121e-10,1.4141983977205547e-10
7,6,7,82944,1.3418285106214209e-10,-2.6990029233884258e-11
7,6,8,82944,5.665379399610931e-11,-2.4308348222053886e-11
7,6,9,82944,-1.194691989397755e-11,6.225771563337772e-11
7,6,10,82944,-7.4406050628404794e-11,7.4141515479763764e-11
7,6,11,82944,2.9390237370179831e-11,-5.547925281092715e-12
7,6,12,82944,2.774928007681181e-11,-9.7254356356302156e-26
7,7,0,82944,1.7489951695422799e-07,0
7,7,1,82944,5.7406774489402432e-09,2.4304571492296544e-10
7,7,2,82944,9.8930848179689563e-10,9.0023847131634499e-12
7,7,3,82944,1.2902884021350997e-10,3.5006820648645507e-10
7,7,4,82944,7.2291921241408068e-11,1.242734652334381e-10
7,7,5,82944,6.0707991250217456e-11,-5.7460869405608064e-11
7,7,6,82944,-5.0600508160364779e-12,-9.4697161064892671e-11
7,7,7,82944,5.3566626469263678e-11,-2.2047682909570187e-10
7,7,8,82944,-2.2636465719233388e-11,-2.777507110069187e-11
7,7,9,82944,2.2339667077326326e-11,6.9559009645967642e-11
7,7,10,82944,-5.9284483215428965e-11,3.0833224763926381e-11
7,7,11,82944,2.9464263623171054e-11,-3.8838190195266292e-11
7,7,12,82944,1.0477197211477806e-10,7.4085141487067226e-27
7,8,0,82944,1.7456901445903651e-07,0
7,8,1,82944,3.5487026566374602e-09,1.3089265240535751e-10
7,8,2,82944,4.6334293882091555e-10,2.1565009560804008e-10
7,8,3,82944,-1.0910692207497037e-10,2.799756256450617e-10
7,8,4,82944,3.263959252301772e-11,2.1839979217359866e-10
7,8,5,82944,1.0293312103690199e-10,-1.5047448931692197e-10
7,8,6,82944,1.1581691053967554e-10,-9.8966697829031941e-11
7,8,7,82944,3.1137788636204434e-11,-1.593421609484556e-10
7,8,8,82944,-3.9953965540270706e-11,1.064656215056457e-11
7,8,9,82944,-1.0675497772636112e-10,1.0346143427924314e-10
7,8,10,82944,-1.2840307666104085e-10,-3.0818726417022122e-11
7,8,11,82944,-1.9278470548319706e-11,-8.5045269774546692e-11
7,8,12,82944,-2.0693654782488504e-11,-5.0701512275988529e-26
7,9,0,82944,1.7412720388064203e-07,0
7,9,1,82944,2.2713755182135669e-09,1.895905662018949e-10
7,9,2,82944,2.7574485535120469e-10,1.0478364196076629e-10
7,9,3,82944,-2.2771565113722398e-10,1.2300072180937251e-10
7,9,4,82944,9.2682284561996186e-11,1.1309442538590411e-10
7,9,5,82944,7.1422168813124289e-11,-2.0186071367970034e-10
7,9,6,82944,-1.2119567891824904e-10,9.3891010148258683e-11
7,9,7,82944,1.3935049682496968e-10,-1.8932205491935519e-11
7,9,8,82944,-1.6005815430267417e-11,9.6262086428669629e-11
7,9,9,82944,-1.5129382261576607e-11,3.1458519514625286e-11
7,9,10,82944,7.7877639893883873e-12,5.70189285817711e-11
7,9,11,82944,1.0739733399294166e-11,-6.1274882282342812e-11
7,9,12,82944,-1.1100397307956595e-10,1.9416963886968858e-25
7,10,0,82944,1.7476685148383865e-07,0
7,10,1,82944,1.5367457845896514e-09,2.4886904758130424e-10
7,10,2,82944,1.1058515064235483e-10,4.7046603239223217e-11
7,10,3,82944,2.5717633499192824e-11,2.9136600100082997e-11
7,10,4,82944,-7.0082461256153599e-11,-8.5221862183245909e-11
7,10,5,82944,-7.9240882291673081e-11,-8.6844277529032202e-11
7,10,6,82944,1.8374353297684232e-10,-7.7433231519737139e-12
7,10,7,82944,1.0402578157525228e-10,1.3197146897217114e-10
7,10,8,82944,-2.2474910222743578e-11,2.8318466023133406e-13
7,10,9,82944,3.1106975281964107e-11,5.3067104602314542e-11
7,10,10,82944,5.9314206733316614e-11,3.9452457503033339e-11
7,10,11,82944,-6.8851866589595914e-11,-6.6877180012730264e-11
7,10,12,82944,7.3045761621519845e-11,4.5555568071737926e-26
8,1,0,82944,1.7734403980206451e-07,0
8,1,1,82944,1.0321457408257526e-07,-1.5040309955669442e-10
8,1,2,82944,7.612712306467626e-08,-2.568078167488693e-10
8,1,3,82944,5.9843688146263435e-08,-3.0213455013021754e-10
8,1,4,82944,4.7313941261742803e-08,-3.3105506786163141e-10
8,1,5,82944,3.7260566691499433e-08,-2.9583695464685123e-10
8,1,6,82944,2.8831026206703492e-08,-2.7980126943866782e-10
8,1,7,82944,2.2092395600212153e-08,-1.5754071506641491e-10
8,1,8,82944,1.6771132034789719e-08,-9.327023155858451e-11
8,1,9,82944,1.2791506580867219e-08,-9.0446286314084353e-11
8,1,10,82944,1.0157982839871391e-08,-2.8402911159906766e-11
8,1,11,82944,8.6064696291554136e-09,-5.135546543309802e-11
8,1,12,82944,8.0920538725773824e-09,2.459581819950246e-25
8,2,0,82944,1.7582123098125695e-07,0
8,2,1,82944,6.2987943370194598e-08,-1.5634453958421845e-10
8,2,2,82944,3.6836948364228691e-08,-9.2150208410936714e-11
8,2,3,82944,2.5144978732534446e-08,1.4036638309554996e-11
8,2,4,82944,1.7602634550521161e-08,-8.1016140715009186e-11
8,2,5,82944,1.2668889229609104e-08,-1.0853030317264781e-10
8,2,6,82944,8.9280151167533245e-09,-1.1481319865723199e-11
8,2,7,82944,6.3294154084219262e-09,-1.5834981399380456e-11
8,2,8,82944,4.4566165778508453e-09,7.0839520231013456e-11
8,2,9,82944,3.1002459816271083e-09,6.6373398965946024e-11
8,2,10,82944,2.1776408270890754e-09,1.4543088286385456e-10
8,2,11,82944,1.7490394647267711e-09,5.7099188378325618e-11
8,2,12,82944,1.545096062029621e-09,3.3370849798960034e-25
8,3,0,82944,1.748268950644996e-07,0
8,3,1,82944,3.8708887835767356e-08,-1.1102436601395467e-10
8,3,2,82944,1.8342515430655137e-08,3.5475183364821684e-11
8,3,3,82944,1.0775440590729549e-08,4.1515966728602184e-11
8,3,4,82944,6.6989757679050281e-09,-1.0116324429198176e-11
8,3,5,82944,4.3730022917718959e-09,-1.5428808011747833e-10
8,3,6,82944,3.1030571472425328e-09,-1.2816304562963545e-10
8,3,7,82944,2.0327095574864171e-09,-7.8814362073826899e-11
8,3,8,82944,1.4131065514722407e-09,-7.9482836825608984e-11
8,3,9,82944,1.0068765715215547e-09,8.6977018536146644e-13
8,3,10,82944,6.2365952376201228e-10,3.9805404599614262e-11
8,3,11,82944,4.4441241790698039e-10,-2.7269283034708246e-11
8,3,12,82944,4.4227488695701044e-10,2.1334725651459924e-25
8,4,0,82944,1.7516330846462642e-07,0
8,4,1,82944,2.3891511876240436e-08,-9.4600241887596849e-12
8,4,2,82944,9.0474114797039246e-09,1.7460382773248318e-10
8,4,3,82944,4.297584189340492e-09,-3.341288591199722e-11
8,4,4,82944,2.5448415689810544e-09,2.411943007548219e-10
8,4,5,82944,1.6363089865632004e-09,-1.1068150274264655e-10
8,4,6,82944,1.0581614610116279e-09,-3.0348132558585282e-11
8,4,7,82944,5.9072511934284002e-10,-8.6816899602869293e-11
8,4,8,82944,4.8333490435166603e-10,-1.1430637837892905e-10
8,4,9,82944,2.3108787263581037e-10,-1.1417392297194414e-10
8,4,10,82944,1.0970444643719637e-10,-9.4648077992557668e-11
8,4,11,82944,9.5046292448202712e-11,-1.939518903792743e-11
8,4,12,82944,8.309998775888097e-11,-1.3219890769679465e-25
8,5,0,82944,1.7506680208053294e-07,0
8,5,1,82944,1.480103256926134e-08,1.48712165836654e-11
8,5,2,82944,4.3919854956835301e-09,1.5145602828414915e-10
8,5,3,82944,1.8724374397410916e-09,1.9427245233748585e-11
8,5,4,82944,9.331272648464188e-10,1.5318445883683082e-10
8,5,5,82944,5.231133918632396e-10,-3.5699462444432785e-11
8,5,6,82944,3.601410654880788e-10,2.7460697567799565e-11
8,5,7,82944,2.6115886690632444e-10,7.540996298406726e-11
8,5,8,82944,1.5215435754469333e-10,-1.2372070687805278e-10
8,5,9,82944,7.822916101899169e-11,-1.1108245648175839e-11
8,5,10,82944,3.2061601745586674e-11,5.5382094445740261e-12
8,5,11,82944,4.6064853574834992e-11,3.9238859516253785e-11
8,5,12,82944,9.4914518788314277e-12,5.3264511618028072e-26
8,6,0,82944,1.7495621732826882e-07,0
8,6,1,82944,9.3529980011230685e-09,-1.5629781617896613e-11
8,6,2,82944,1.9715305308892769e-09,3.3410957339718492e-12
8,6,3,82944,8.0789297221873951e-10,-3.2114738199128449e-10
8,6,4,82944,4.8618526050829197e-10,-2.4787061297218761e-10
8,6,5,82944,1.6207284641088596e-10,1.3055134558743562e-10
8,6,6,82944,1.4595548641798103e-10,1.5832351599268001e-10
8,6,7,82944,5.6577941536971804e-11,-6.486802197261837e-11
8,6,8,82944,-3.898914095545354e-11,1.2274905735144804e-11
8,6,9,82944,-4.707357719936032e-11,2.1834018960101286e-11
8,6,10,82944,2.7745862415218172e-11,-7.244780310747613e-11
8,6,11,82944,5.862282529742618e-12,-4.813318177478117e-11
8,6,12,82944,-7.4815369399544846e-11,-5.6645277287099695e-26
8,7,0,82944,1.7428405007072431e-07,0
8,7,1,82944,5.8032632552536444e-09,8.5893361910324176e-11
8,7,2,82944,7.3467067594694552e-10,6.8985717608021321e-11
8,7,3,82944,1.3093560441100618e-10,-1.3707754283124695e-10
8,7,4,82944,2.5903611905041367e-10,-1.1479924972890758e-10
8,7,5,82944,2.0190705749284432e-10,1.6736937448598614e-10
8,7,6,82944,-3.5086982124901236e-11,9.8030828564163993e-11
8,7,7,82944,-2.9288829840068577e-11,-8.5721898694843409e-13
8,7,8,82944,2.1787751535285303e-11,-1.8638947550220732e-11
8,7,9,82944,1.0860524279444619e-10,1.7697248059971382e-11
8,7,10,82944,1.9230075274151394e-11,6.1580024023777937e-11
8,7,11,82944,-2.443058314074991e-11,6.1997161650249279e-11
8,7,12,82944,-6.2541436872956426e-11,-1.9429928475080341e-25
8,8,0,82944,1.7437001251864773e-07,0
8,8,1,82944,3.3682104708366697e-09,1.7586420410250892e-10
8,8,2,82944,3.7770006012942844e-10,4.4190445086648279e-12
8,8,3,82944,6.4089661316406388e-12,1.5373743404506176e-10
8,8,4,82944,3.6201019172874114e-10,4.3697871800676693e-11
8,8,5,82944,8.9988390215203398e-11,6.9112265676201335e-11
8,8,6,82944,5.0773602203473561e-12,1.9688468460535707e-10
8,8,7,82944,-1.6802115726405828e-11,-5.3742429737259191e-11
8,8,8,82944,6.4013697592552126e-11,5.6880438084390629e-11
8,8,9,82944,6.165078977161982e-11,-2.2555708410397491e-11
8,8,10,82944,-6.4179448928422876e-11,-6.7153128684481518e-11
8,8,11,82944,4.7057093488373578e-11,-6.082220681070321e-11
8,8,12,82944,7.2264227609229528e-11,-5.3434048539485949e-26
8,9,0,82944,1.7495003899869416e-07,0
8,9,1,82944,2.1539166078552852e-09,-6.5811940749559908e-11
8,9,2,82944,1.6060709739938458e-11,5.2183689611671607e-11
8,9,3,82944,-8.1144977307688299e-11,-6.1386542554834344e-11
8,9,4,82944,2.7145593931514312e-10,8.3617834059298311e-11
8,9,5,82944,-2.301804222642132e-10,6.2618507106199519e-11
8,9,6,82944,-3.9259145666049601e-12,4.8846456386488752e-12
8,9,7,82944,-1.2400740079149291e-10,-7.3080198503173481e-11
8,9,8,82944,1.1875495731281542e-10,6.258533781690649e-11
8,9,9,82944,3.2197579964796704e-12,-1.0437085030437452e-10
8,9,10,82944,-2.4479805792060512e-12,-4.5870387725437697e-11
8,9,11,82944,1.5990471711556432e-11,9.0772735288087319e-11
8,9,12,82944,-1.3819716078661304e-11,2.9060622889895867e-26
8,10,0,82944,1.7440588098021e-07,0
8,10,1,82944,1.5250068617278088e-09,-1.8352624898693624e-10
8,10,2,82944,9.0183378215530559e-11,1.4553473064744323e-10
8,10,3,82944,-9.5754318955802859e-11,6.0793782935763697e-11
8,10,4,82944,1.0997131626988407e-10,-2.4730860321349099e-11
8,10,5,82944,8.6874160824509353e-11,4.7015237221770961e-11
8,10,6,82944,-1.3951345098427049e-11,3.205116784950414e-11
8,10,7,82944,6.1000600783953905e-11,-3.1703603963386392e-11
8,10,8,82944,1.9980490891221518e-10,5.2068355383419121e-11
8,10,9,82944,3.4632205786506831e-11,-5.1661267021352841e-11
8,10,10,82944,-4.0483380527828716e-11,9.6262447668699318e-11
8,10,11,82944,3.3918416016549811e-11,-7.1628452838466872e-11
8,10,12,82944,3.7570513344147458e-11,-1.0601043971159678e-25
9,1,0,82944,1.7658794011178634e-07,0
9,1,1,82944,1.0236576529963127e-07,2.8159129890508626e-10
9,1,2,82944,7.4902465249193027e-08,4.997169761829216e-10
9,1,3,82944,5.8740314615314984e-08,7.1386983415190022e-10
9,1,4,82944,4.6282654976164643e-08,7.9218238570804398e-10
9,1,5,82944,3.5925319754724731e-08,8.2707353036819838e-10
9,1,6,82944,2.7558998614471083e-08,7.912934359053753e-10
9,1,7,82944,2.0808877184125321e-08,6.2439620018187764e-10
9,1,8,82944,1.5455417487081726e-08,3.8671549704570407e-10
9,1,9,82944,1.1578901461390419e-08,2.8620891376256103e-10
9,1,10,82944,9.00976057968241e-09,1.572822459518885e-10
9,1,11,82944,7.5166927000593403e-09,9.2451635830048469e-11
9,1,12,82944,6.989441766551161e-09,-4.5011554009059881e-25
9,2,0,82944,1.7518160671929838e-07,0
9,2,1,82944,6.2385346016086569e-08,1.6279425718959441e-11
9,2,2,82944,3.6147994624303025e-08,1.0442176587092218e-11
9,2,3,82944,2.4710602280690523e-08,1.02746948813736e-11
9,2,4,82944,1.7647979230050082e-08,1.0187578309798845e-10
9,2,5,82944,1.2491962166839884e-08,1.2498714074174694e-11
9,2,6,82944,8.6558400154528739e-09,-8.479759183116348e-12
9,2,7,82944,6.0265193376596421e-09,5.8843273655210548e-11
9,2,8,82944,4.2357794498218748e-09,-3.4039948866476605e-11
9,2,9,82944,2.964829763339294e-09,-1.3176570518160931e-10
9,2,10,82944,2.042925606584437e-09,-2.9611653745921355e-11
9,2,11,82944,1.5175526644965508e-09,-6.1419006421847211e-11
9,2,12,82944,1.3144129783037353e-09,-6.2598017782288047e-25
9,3,0,82944,1.7454753362254638e-07,0
9,3,1,82944,3.8573389303661714e-08,2.1273728415211216e-11
9,3,2,82944,1.7875894450867651e-08,4.012944580800036e-11
9,3,3,82944,1.0673034214286767e-08,1.3961475430813754e-10
9,3,4,82944,6.9777615502307666e-09,2.2479973333282587e-10
9,3,5,82944,4.427700075636503e-09,2.0264185082033583e-10
9,3,6,82944,2.8167551243756004e-09,1.0712396517377711e-10
9,3,7,82944,1.7206244799909774e-09,8.262928561120582e-11
9,3,8,82944,1.0237805774584742e-09,-1.5449851156417444e-10
9,3,9,82944,6.3609652133304707e-10,-1.5283138666612913e-10
9,3,10,82944,4.1774769614562018e-10,-1.3360660798511787e-11
9,3,11,82944,2.6501712559604137e-10,-2.2709031000815747e-11
9,3,12,82944,2.7796979398340112e-10,1.6754236944071742e-25
9,4,0,82944,1.7425229715581299e-07,0
9,4,1,82944,2.3884961313695634e-08,1.3849927758787695e-10
9,4,2,82944,8.6869185974283873e-09,1.2219906113741618e-10
9,4,3,82944,4.5502288885148656e-09,1.4496545127966587e-10
9,4,4,82944,2.7537162642308946e-09,3.6251905397303354e-10
9,4,5,82944,1.4576462953532907e-09,2.6382744156079007e-10
9,4,6,82944,1.0594860494394061e-09,7.7610852571112641e-11
9,4,7,82944,5.7489053046703884e-10,8.0571832720408718e-11
9,4,8,82944,4.3331831870149107e-10,1.6305998964850553e-10
9,4,9,82944,6.7491713099545879e-11,5.5052926772225073e-12
9,4,10,82944,4.7162386764822047e-11,1.6214730923278567e-11
9,4,11,82944,4.5658611815836722e-11,1.6501441592092615e-12
9,4,12,82944,2.6250454838924891e-11,-6.5296646661493889e-27
9,5,0,82944,1.741537489725258e-07,0
9,5,1,82944,1.4928780557500542e-08,-1.8986399483732874e-10
9,5,2,82944,4.1565906369756986e-09,1.2242276085722952e-10
9,5,3,82944,1.9371174544300034e-09,-1.0040638304993393e-10
9,5,4,82944,1.1309262641801695e-09,1.3427901910246866e-10
9,5,5,82944,6.9142437487807598e-10,6.6649799806969673e-11
9,5,6,82944,2.3382721789427183e-10,-5.9576938905548407e-11
9,5,7,82944,2.6723141030092809e-10,-7.4251450676695649e-11
9,5,8,82944,1.9361505008327698e-10,4.4251093006044118e-11
9,5,9,82944,3.6452289415710019e-11,-5.673380894663429e-11
9,5,10,82944,8.1005309930838647e-11,1.146352192652841e-11
9,5,11,82944,5.4151924798708475e-11,4.6628334386403871e-11
9,5,12,82944,-3.3652979250945229e-11,3.4864769259806433e-26
9,6,0,82944,1.7297211558781007e-07,0
9,6,1,82944,9.4042123204302437e-09,-3.27364619737831e-11
9,6,2,82944,1.7411531506309613e-09,4.4465316623327883e-11
9,6,3,82944,1.190967996922207e-09,1.2790889534939937e-10
9,6,4,82944,6.2073132276049493e-10,2.4312005260230943e-10
9,6,5,82944,2.2741741212432518e-10,1.5589639546348622e-10
9,6,6,82944,1.6517713236369246e-10,1.627137388015506e-10
9,6,7,82944,1.3496371975478023e-10,-3.7628620316415844e-11
9,6,8,82944,1.3475611178933223e-10,3.6108783680431709e-11
9,6,9,82944,4.0669052732456878e-12,3.9045372692896875e-11
9,6,10,82944,1.4879915023577889e-11,-6.3057494292937601e-11
9,6,11,82944,-1.8037886148624543e-11,-1.5629236781183723e-11
9,6,12,82944,5.1082644912811455e-11,2.8304687675395483e-25
9,7,0,82944,1.7351709032879491e-07,0
9,7,1,82944,5.5836407206782226e-09,-1.6990695204618396e-10
9,7,2,82944,1.3157061409229354e-09,3.3333209291400223e-10
9,7,3,82944,5.2088132490243361e-10,2.9900542840682893e-11
9,7,4,82944,3.0030178771252399e-10,2.1986426697252157e-10
9,7,5,82944,-4.9186792959408577e-11,4.1000741532519319e-11
9,7,6,82944,-1.6698679949368417e-10,-5.4739391044493721e-12
9,7,7,82944,-1.9961566186559725e-11,-9.0751462835250225e-11
9,7,8,82944,-5.4325752448077313e-11,-6.6514180771595388e-11
9,7,9,82944,-9.0538928056107667e-11,-9.9610388101563706e-13
9,7,10,82944,4.9285790298911561e-11,7.4615974964179363e-11
9,7,11,82944,1.7991275192746182e-11,-3.8609677750232217e-11
9,7,12,82944,1.8115343463327094e-12,-3.5453162104866097e-25
9,8,0,82944,1.7393466304193808e-07,0
9,8,1,82944,3.5198946533593436e-09,2.4210683039282765e-11
9,8,2,82944,6.0889993463070641e-10,2.7796928450178316e-10
9,8,3,82944,2.8027963988463331e-10,8.6195252915901523e-12
9,8,4,82944,1.5185885638169023e-10,6.9015610316474789e-11
9,8,5,82944,2.5715880673741765e-11,-1.3358261973297e-10
9,8,6,82944,-3.8230612055195104e-11,-9.4603456943902873e-11
9,8,7,82944,1.5650815749304899e-10,5.7034614208637243e-11
9,8,8,82944,-5.192943709440222e-11,-1.5006259036622598e-10
9,8,9,82944,-8.9678580665288201e-12,-2.4362404178176477e-11
9,8,10,82944,-1.5736017899280987e-11,-4.3441809545247317e-11
9,8,11,82944,-6.6102594529710549e-11,-3.1639635185994723e-11
9,8,12,82944,-7.0700386884963032e-12,4.6722381001771492e-26
9,9,0,82944,1.7430917700364876e-07,0
9,9,1,82944,2.3703910796688804e-09,-1.6472554936965116e-10
9,9,2,82944,2.590627951314125e-10,6.787996811759852e-11
9,9,3,82944,1.8309414555748312e-10,1.6980654043915926e-10
9,9,4,82944,2.4969895101606467e-10,7.2799560199915694e-12
9,9,5,82944,-3.1520823546470013e-10,-6.6488358352132121e-11
9,9,6,82944,-3.2764334166698626e-11,8.1880425335153175e-11
9,9,7,82944,2.8252536551619109e-10,6.008448740033917e-11
9,9,8,82944,-4.6350407964280089e-11,8.1525608761612758e-12
9,9,9,82944,-4.4519028927290792e-11,-1.1824044185443168e-10
9,9,10,82944,7.7781685185030182e-11,-6.9144599643358429e-11
9,9,11,82944,-5.3501590938946229e-11,5.6872111274669966e-11
9,9,12,82944,5.2184134009865851e-11,-1.0760608132531791e-25
9,10,0,82944,1.7506226480165193e-07,0
9,10,1,82944,1.4564691772387641e-09,-1.169887566687167e-10
9,10,2,82944,1.6364131834298518e-10,2.1138922322352398e-10
9,10,3,82944,1.2814476076429148e-10,2.3879304277728585e-10
9,10,4,82944,2.6307664501485322e-11,8.3588959505831535e-11
9,10,5,82944,-1.6369481313746714e-10,1.1500032278429062e-10
9,10,6,82944,-3.7927505417375665e-11,1.5144572940566634e-10
9,10,7,82944,3.3047687988234404e-11,6.3990908484339643e-11
9,10,8,82944,-1.9338732129680209e-11,-2.7981218586903571e-12
9,10,9,82944,5.2919677094889971e-12,2.2015016714039482e-11
9,10,10,82944,2.4959047754468462e-12,2.8910170295326447e-11
9,10,11,82944,7.661540478073505e-12,4.4378667365240745e-11
9,10,12,82944,3.0017178112951179e-11,-3.5383352784265795e-26
10,1,0,82944,1.7724519480799017e-07,0
10,1,1,82944,1.0319640241160364e-07,4.3342433210678586e-12
10,1,2,82944,7.6379271002905921e-08,-5.2081039196268396e-11
10,1,3,82944,6.0364634249077986e-08,-8.9560591986510472e-11
10,1,4,82944,4.7964405055791643e-08,-3.1477680157826251e-11
10,1,5,82944,3.7790360187719884e-08,3.5280820786862506e-11
10,1,6,82944,2.9141795536855674e-08,1.2598884495094213e-11
10,1,7,82944,2.2008537865113038e-08,-1.5346435247398465e-11
10,1,8,82944,1.6505796197797142e-08,-8.7473426683229937e-12
10,1,9,82944,1.2342221169675554e-08,-3.3795506355544645e-11
10,1,10,82944,9.4610401676694529e-09,6.0836703834009851e-12
10,1,11,82944,7.7731891865276699e-09,3.4850567759961039e-11
10,1,12,82944,7.2090929226789631e-09,-1.591253599283385e-25
10,2,0,82944,1.755202300476566e-07,0
10,2,1,82944,6.2942725388171038e-08,-5.5764853325609864e-11
10,2,2,82944,3.6870853721899952e-08,-1.6002001164762133e-10
10,2,3,82944,2.5067836296722594e-08,-2.0190483324256349e-10
10,2,4,82944,1.7994372838213582e-08,-4.0662268895612689e-10
10,2,5,82944,1.2877847904779412e-08,-1.9591346097312335e-10
10,2,6,82944,9.110512371688749e-09,-1.6354474671707196e-10
10,2,7,82944,6.3299751300267354e-09,-1.1402669718347386e-10
10,2,8,82944,4.2952420591490171e-09,-1.6280302948724894e-10
10,2,9,82944,2.8702230924202758e-09,-9.0090474432442526e-11
10,2,10,82944,2.0132243733917098e-09,-6.9648766826446411e-11
10,2,11,82944,1.5851766975669219e-09,-7.0548823941889392e-12
10,2,12,82944,1.4236554277630118e-09,4.2707347791245727e-25
10,3,0,82944,1.7465042123264375e-07,0
10,3,1,82944,3.8332783740301823e-08,-1.8618670907442212e-10
10,3,2,82944,1.7953296487212256e-08,-1.0747516291581952e-10
10,3,3,82944,1.07063859529061e-08,-2.5748989313639972e-10
10,3,4,82944,6.7840244486846977e-09,-2.7146188030969235e-10
10,3,5,82944,4.424546667643574e-09,-1.3896070262985935e-10
10,3,6,82944,2.7855268087523987e-09,-1.3589477007294366e-10
10,3,7,82944,1.7701649669954244e-09,-1.0275950748200598e-10
10,3,8,82944,1.1115792994259269e-09,-1.0762624883767477e-10
10,3,9,82944,7.5611613385835305e-10,-3.9745045700175199e-11
10,3,10,82944,4.4052914811984216e-10,-1.4309743519664257e-10
10,3,11,82944,4.4370160380703525e-10,2.4132154774148588e-11
10,3,12,82944,4.5801778174683818e-10,-4.9463892749346092e-25
10,4,0,82944,1.7515692306265526e-07,0
10,4,1,82944,2.410904944722174e-08,-2.68725066625171e-10
10,4,2,82944,9.0942129817450986e-09,-5.2417905126680227e-11
10,4,3,82944,4.548179026713149e-09,-7.7677888427635244e-11
10,4,4,82944,2.7496878674263136e-09,-2.9961616863770924e-12
10,4,5,82944,1.5195065563077309e-09,2.0208674884760089e-10
10,4,6,82944,8.0583185166959641e-10,9.4572493412172209e-11
10,4,7,82944,5.7821591484061584e-10,8.6751401199927911e-11
10,4,8,82944,2.1627344586263886e-10,-4.5557595659108598e-11
10,4,9,82944,9.6552401316748551e-11,-1.2572675743726936e-10
10,4,10,82944,1.0931981755510368e-10,-2.1226163398398597e-11
10,4,11,82944,3.2150355540998046e-11,-2.8195336088306945e-11
10,4,12,82944,1.2438885381503566e-10,6.7615313381432388e-26
10,5,0,82944,1.7423569498784212e-07,0
10,5,1,82944,1.4894758459016247e-08,1.366738904127468e-10
10,5,2,82944,4.6625571678559554e-09,-4.1801578822782461e-11
10,5,3,82944,1.8041109169721439e-09,1.3106497223438285e-10
10,5,4,82944,1.0079575386464669e-09,9.9980034219618191e-11
10,5,5,82944,5.6111619256326336e-10,-1.1451996802785501e-10
10,5,6,82944,2.9536867362881985e-10,4.950692692263024e-12
10,5,7,82944,1.2040065130687882e-10,1.015090151755784e-10
10,5,8,82944,7.8327666950501544e-11,-3.0033939195207462e-11
10,5,9,82944,3.8359795700716357e-11,-4.4208826800477538e-11
10,5,10,82944,-9.8640450430634582e-12,-2.6206240232497884e-11
10,5,11,82944,2.1667984291427462e-12,7.7155980411553879e-11
10,5,12,82944,2.0765346067106615e-11,-1.8816603729806287e-25
10,6,0,82944,1.7363298024501435e-07,0
10,6,1,82944,9.2580954469849257e-09,9.4917362793679807e-11
10,6,2,82944,2.1007226653061184e-09,-2.1331309191477205e-10
10,6,3,82944,7.7376595232384312e-10,-1.7211467744930879e-10
10,6,4,82944,2.1031543621271746e-10,-2.6735591914567947e-11
10,6,5,82944,3.1033077495161597e-10,-1.2114605570612606e-10
10,6,6,82944,1.8774269227107416e-10,-8.0791666014214031e-12
10,6,7,82944,-4.9160557928171378e-11,1.3176752340425206e-10
10,6,8,82944,7.0018503521392091e-13,2.0437992634512299e-11
10,6,9,82944,1.140667453948231e-11,1.0078228843396655e-10
10,6,10,82944,-3.4085496971788146e-11,2.7914725816743245e-11
10,6,11,82944,1.3478766489979909e-10,1.154274975956801e-11
10,6,12,82944,-8.8799670675132224e-11,-1.6526858014116481e-25
10,7,0,82944,1.7484420037856717e-07,0
10,7,1,82944,5.6206018831515345e-09,-7.450333198100704e-11
10,7,2,82944,8.2292647941103087e-10,-2.387153872533424e-10
10,7,3,82944,2.1781444006826696e-10,-2.932227630033242e-10
10,7,4,82944,1.6549072349368054e-10,1.443931457470272e-10
10,7,5,82944,2.1185477230905813e-11,-4.5436733504369367e-11
10,7,6,82944,-6.7232885014877375e-11,8.2001490635895712e-11
10,7,7,82944,-1.9583389093414163e-10,1.5538011473796984e-10
10,7,8,82944,-1.1543805394794594e-10,5.8770964587103171e-11
10,7,9,82944,7.0927993182207939e-11,2.2822043633940544e-11
10,7,10,82944,-9.9113919702575128e-12,-4.905827314459863e-11
10,7,11,82944,3.1409492296918454e-11,5.8315872483178588e-11
10,7,12,82944,-5.7993321962685459e-11,-6.3307081024385362e-26
10,8,0,82944,1.7398675176502838e-07,0
10,8,1,82944,3.5163125463890094e-09,7.135576623925717e-11
10,8,2,82944,5.0476427296413195e-10,2.8192468642951016e-11
10,8,3,82944,-1.1696937799855853e-11,-7.9393836235134313e-12
10,8,4,82944,2.3738347725676324e-10,1.0261047149032193e-10
10,8,5,82944,2.1945325245052774e-10,-1.6989640199948454e-10
10,8,6,82944,8.4410511609292257e-11,1.0873730164151118e-10
10,8,7,82944,1.3118311591887737e-11,7.1065868821411415e-11
10,8,8,82944,5.1058286435276716e-11,-6.6307481402811692e-11
10,8,9,82944,1.1942584376675523e-10,1.2083248053991159e-10
10,8,10,82944,-9.1144524664471128e-12,2.9530246245027467e-11
10,8,11,82944,4.1199515895294479e-11,8.5478010938686937e-11
10,8,12,82944,-5.8517483135058557e-11,-1.0443474361804719e-25
10,9,0,82944,1.7477607486946847e-07,0
10,9,1,82944,2.2953993763641457e-09,6.8681779878981999e-11
10,9,2,82944,-1.0099739179062828e-10,-5.8264479601311187e-11
10,9,3,82944,1.442967073156797e-10,2.0870719954468435e-11
10,9,4,82944,2.328982198080995e-10,7.4071648696027395e-11
10,9,5,82944,-4.2756247970372887e-11,-8.2808812846156144e-11
10,9,6,82944,-5.0935663158002067e-11,-1.2860121723606129e-10
10,9,7,82944,3.5408742554376338e-11,-2.3916895482451267e-11
10,9,8,82944,5.055689295189327e-11,3.8126498794055586e-11
10,9,9,82944,5.4475452639349396e-11,-2.785326497440986e-11
10,9,10,82944,-4.6853670286744309e-11,1.2515915825924146e-10
10,9,11,82944,3.9055656302507794e-11,-6.6844186026625404e-11
10,9,12,82944,1.1739923751006872e-10,-1.9454860375294733e-25
10,10,0,82944,1.7521903621788567e-07,0
10,10,1,82944,1.3535348300149542e-09,-4.9824131520713759e-11
10,10,2,82944,-3.2500729980313003e-11,-2.4964475305271361e-10
10,10,3,82944,-1.6172620686750273e-10,1.427976295863894e-10
10,10,4,82944,7.3673013067821033e-11,7.6485153339890077e-11
10,10,5,82944,3.092810975782695e-10,3.0541368021600213e-10
10,10,6,82944,1.0803248852415802e-10,-7.0113760944999737e-11
10,10,7,82944,-2.6928187719383012e-11,-4.2891038881552058e-11
10,10,8,82944,-7.6629860604281391e-12,1.4346454215125345e-10
10,10,9,82944,8.5049439931702404e-11,-2.5449120155330527e-11
10,10,10,82944,2.8822428321245872e-11,-4.49130096626604e-11
10,10,11,82944,1.3318038640888636e-11,-5.5950521169682314e-11
10,10,12,82944,8.6122942917240665e-11,2.3635441403244064e-27
11,1,0,82944,1.7711786093447547e-07,0
11,1,1,82944,1.0308992411934612e-07,2.0765774577405821e-10
11,1,2,82944,7.6014352418497103e-08,1.7918907052640693e-10
11,1,3,82944,5.9523711025259821e-08,2.0439208119982185e-10
11,1,4,82944,4.7070420493403421e-08,2.3017606352257614e-10
11,1,5,82944,3.673534893913478e-08,1.174461016734467e-10
11,1,6,82944,2.8264456898096362e-08,5.8344705571239917e-11
11,1,7,82944,2.1382777956209256e-08,-2.1639721403959552e-11
11,1,8,82944,1.6017367568712534e-08,-3.8198740486012926e-11
11,1,9,82944,1.2050244020574813e-08,-8.3083471114340432e-11
11,1,10,82944,9.3471330006592748e-09,-6.2560598834224648e-11
11,1,11,82944,7.7943817272481791e-09,-5.2389261474460117e-11
11,1,12,82944,7.2894909085036616e-09,-4.1157580873919095e-26
11,2,0,82944,1.753020434484656e-07,0
11,2,1,82944,6.271161604553482e-08,-4.6140855374055039e-11
11,2,2,82944,3.6772611704990776e-08,1.0375759466332432e-10
11,2,3,82944,2.4988549218421069e-08,1.6136157793349472e-11
11,2,4,82944,1.7828471585100112e-08,1.1550715628624745e-10
11,2,5,82944,1.2807741299225984e-08,1.8518730150807842e-10
11,2,6,82944,8.8223641486450209e-09,-4.7190345187582859e-12
11,2,7,82944,6.0069589871086182e-09,1.0625322877134522e-12
11,2,8,82944,4.0716466272656926e-09,-7.7170513332195846e-11
11,2,9,82944,2.6800798224400518e-09,-1.3741649831571898e-10
11,2,10,82944,1.7854935077980755e-09,-7.3319745025903652e-11
11,2,11,82944,1.2421342671237091e-09,-6.9771319864417441e-12
11,2,12,82944,1.0604557321112136e-09,4.9514753825783447e-25
11,3,0,82944,1.7546860171368074e-07,0
11,3,1,82944,3.869845985715119e-08,1.7028998927719838e-10
11,3,2,82944,1.8251092987979652e-08,2.562328303671088e-10
11,3,3,82944,1.0989555985234418e-08,9.206763545953711e-11
11,3,4,82944,7.24751934843449e-09,-1.4064903255228085e-10
11,3,5,82944,4.7577015664623057e-09,-1.0774539439995023e-10
11,3,6,82944,3.0970217795124661e-09,-1.8487437068375864e-10
11,3,7,82944,1.9018520365734585e-09,-3.1488695953717302e-11
11,3,8,82944,1.0423663687851671e-09,4.1326374460740307e-11
11,3,9,82944,6.4749842334406558e-10,-5.8655237763259989e-11
11,3,10,82944,3.1157636988952272e-10,-1.225013316767528e-11
11,3,11,82944,1.6575315672396433e-10,-6.5510655483186218e-11
11,3,12,82944,1.3322684035394947e-10,2.2478601233296252e-25
11,4,0,82944,1.7447877545004424e-07,0
11,4,1,82944,2.3922811288489884e-08,-2.6510979455691124e-10
11,4,2,82944,9.1004705241610042e-09,-8.5050052476828197e-11
11,4,3,82944,4.4565792363060528e-09,-4.2260662979084535e-10
11,4,4,82944,2.9853782835369516e-09,-1.6596148434622399e-10
11,4,5,82944,1.8435587667724609e-09,-1.7055330795323999e-10
11,4,6,82944,9.81873848860585e-10,-1.8565208716140348e-10
11,4,7,82944,6.0296520453691749e-10,1.3940770494846285e-11
11,4,8,82944,3.345415840945013e-10,-8.9969717021932719e-11
11,4,9,82944,1.8416341219983039e-10,-8.8386870258573978e-11
11,4,10,82944,1.3897996152072624e-10,-3.3212976680492971e-11
11,4,11,82944,-1.3093598753089705e-12,3.4143422123544274e-11
11,4,12,82944,-4.9374554967352628e-11,-3.1342390397517064e-25
11,5,0,82944,1.7467894716137438e-07,0
11,5,1,82944,1.4937886970118883e-08,-1.1007311962939937e-10
11,5,2,82944,4.4557961383501362e-09,-1.7628744196758429e-10
11,5,3,82944,1.8523761142201332e-09,-5.2006705654968919e-11
11,5,4,82944,1.3819977014999194e-09,-6.7600969461782341e-11
11,5,5,82944,5.2626776136936187e-10,-1.6032307740059616e-10
11,5,6,82944,2.704824637969494e-10,-1.2218980678828304e-10
11,5,7,82944,1.6933667768992239e-10,3.477016341612925e-11
11,5,8,82944,1.2525749022580095e-11,-5.1794111301288923e-11
11,5,9,82944,1.1413692825514164e-10,6.3002342334454658e-11
11,5,10,82944,-5.2785709704285217e-11,6.186365874713777e-12
11,5,11,82944,-9.9120532476611129e-11,-9.1049743844483019e-12
11,5,12,82944,-2.3309649264512594e-11,-6.6817492574571826e-26
11,6,0,82944,1.7503996464591851e-07,0
11,6,1,82944,9.268396107736509e-09,1.6278468094733e-11
11,6,2,82944,2.1893575750737138e-09,-1.6812635186037709e-10
11,6,3,82944,8.4048666340849426e-10,-2.1667255534006917e-11
11,6,4,82944,3.8903913147911167e-10,-1.5015254538432859e-10
11,6,5,82944,1.8312452521343333e-10,-1.2948409154113925e-10
11,6,6,82944,3.1342305348747952e-10,-3.8972281072692458e-11
11,6,7,82944,6.2950723055164931e-11,-7.8553358949546506e-12
11,6,8,82944,-7.9283147023480524e-12,-1.0242185530740013e-10
11,6,9,82944,-5.1211879254852475e-11,-6.8268849160471994e-11
11,6,10,82944,4.2052096076366349e-11,1.9263661543161532e-11
11,6,11,82944,4.9876898547042029e-11,5.0746513005697875e-11
11,6,12,82944,6.3402777443036129e-11,-9.2148303192394578e-26
11,7,0,82944,1.7427506853074216e-07,0
11,7,1,82944,5.5986901797517633e-09,-6.8124532726989915e-12
11,7,2,82944,1.2075652118546599e-09,-7.0917407994217208e-11
11,7,3,82944,2.9532923431965362e-10,2.4322635561993541e-10
11,7,4,82944,1.7916288609007206e-10,-3.3079504730416057e-11
11,7,5,82944,-4.2719140363750817e-11,-1.0633992792564366e-10
11,7,6,82944,1.0113997042327094e-10,-8.2621973888653111e-11
11,7,7,82944,-2.9042904584379506e-11,-1.2560630528555624e-10
11,7,8,82944,-2.0993370127209518e-11,-8.8234938204703933e-11
11,7,9,82944,9.3185132587437031e-11,-3.1608876239364251e-11
11,7,10,82944,-2.9333653998801228e-11,-4.2806835053280041e-11
11,7,11,82944,-1.7860709609030592e-11,4.3363297648037315e-11
11,7,12,82944,2.0631084007745813e-11,-2.2423751052824589e-26
11,8,0,82944,1.7395630149380285e-07,0
11,8,1,82944,3.5896472459955937e-09,-2.6834273689973716e-11
11,8,2,82944,7.2035851932639736e-10,-7.7028108147321666e-11
11,8,3,82944,2.2504602395651322e-11,2.8726405947202539e-10
11,8,4,82944,2.3942614552374973e-11,1.7231455530740227e-11
11,8,5,82944,-8.2738711814317646e-11,-6.5813040882816794e-11
11,8,6,82944,3.0719541599309755e-11,-1.8420080126480273e-10
11,8,7,82944,1.2182557867130869e-10,-1.8147013462184561e-11
11,8,8,82944,-2.7452370984573817e-11,-4.9253628769807041e-11
11,8,9,82944,1.6201473022869273e-11,1.081565573807547e-11
11,8,10,82944,-4.2740636210136903e-11,8.8567986747878625e-11
11,8,11,82944,-1.2335389540668524e-11,1.0913745846456003e-10
11,8,12,82944,-1.569639282140491e-10,5.5727783359210057e-26
11,9,0,82944,1.7419433423682146e-07,0
11,9,1,82944,2.1452529628287858e-09,1.3671411223587177e-10
11,9,2,82944,3.7954713410827092e-10,4.0882601989574118e-12
11,9,3,82944,-6.6376182296678512e-12,1.8883593057517177e-10
11,9,4,82944,1.0875674691992245e-11,1.7477860031411823e-10
11,9,5,82944,3.2607072303861535e-11,-4.347551086383603e-11
11,9,6,82944,-5.4602673591221478e-11,-1.1055645474498175e-10
11,9,7,82944,6.3509387130481432e-11,4.4726203765327582e-12
11,9,8,82944,-8.5893055064117703e-12,-9.7633061478695698e-13
11,9,9,82944,-3.7193348704995881e-11,5.5602584352361117e-11
11,9,10,82944,-1.3188453896695907e-11,1.3285809268701212e-11
11,9,11,82944,1.1170851381897368e-11,-4.2809655847613751e-11
11,9,12,82944,4.4149747585620739e-11,-1.6094040226394627e-25
11,10,0,82944,1.7415317609743104e-07,0
11,10,1,82944,1.444156428592361e-09,-1.4137979979555928e-10
11,10,2,82944,6.0029819577643154e-11,-8.1576355961248017e-11
11,10,3,82944,1.1893280234039035e-10,7.5193918449899103e-11
11,10,4,82944,1.4557267986782346e-10,-3.3921029118950512e-12
11,10,5,82944,-5.4285937294747306e-12,7.2703052215143316e-12
11,10,6,82944,-9.7862512289402632e-11,-1.5577860697814634e-10
11,10,7,82944,4.3209980680471898e-11,-7.7216516444328904e-11
11,10,8,82944,1.4885614482028536e-11,1.6605741739410709e-11
11,10,9,82944,1.3582083114681427e-10,9.1777554793520218e-11
11,10,10,82944,1.1485277083767375e-11,-2.5385951143712163e-11
11,10,11,82944,-2.3867025164369595e-11,-2.8816014542752287e-12
11,10,12,82944,4.484257898628444e-11,1.1504576034929262e-25
12,1,0,82944,1.7642971741525613e-07,0
12,1,1,82944,1.0224111395523234e-07,3.2272653985609159e-10
12,1,2,82944,7.4914043219067604e-08,4.6576264890753995e-10
12,1,3,82944,5.8400352979271327e-08,6.4352386722297843e-10
12,1,4,82944,4.5732104052172533e-08,7.7335902937228234e-10
12,1,5,82944,3.5355804926403004e-08,8.7292205707486384e-10
12,1,6,82944,2.6787613481644689e-08,8.5154418491488846e-10
12,1,7,82944,2.0083539109449529e-08,7.1805230202417158e-10
12,1,8,82944,1.4786587540353645e-08,4.9528329123663847e-10
12,1,9,82944,1.0891585109372773e-08,2.6735266928074362e-10
12,1,10,82944,8.227324785383324e-09,1.7892340255416668e-10
12,1,11,82944,6.6999317316762704e-09,7.3708221123660901e-11
12,1,12,82944,6.2140033019343086e-09,2.2594285250291033e-25
12,2,0,82944,1.7467379213140626e-07,0
12,2,1,82944,6.2290281530433496e-08,3.8663788170675855e-10
12,2,2,82944,3.65085035380808e-08,5.5316248187624019e-10
12,2,3,82944,2.5102907862631625e-08,6.6921827334279819e-10
12,2,4,82944,1.8001425001300335e-08,6.1792820255324237e-10
12,2,5,82944,1.2950719595230963e-08,6.4254184776262214e-10
12,2,6,82944,9.2413977224697121e-09,5.783579377890558e-10
12,2,7,82944,6.5269017310537246e-09,6.1271331148982498e-10
12,2,8,82944,4.5293803270729713e-09,4.6832977433675025e-10
12,2,9,82944,3.210586466657445e-09,4.0605128447150655e-10
12,2,10,82944,2.3686328984079606e-09,2.371751868636477e-10
12,2,11,82944,1.8424588352565432e-09,1.3751259582063759e-10
12,2,12,82944,1.7366661239969599e-09,-3.6300846712155442e-27
12,3,0,82944,1.741384875435847e-07,0
12,3,1,82944,3.826275913894059e-08,1.317516936220209e-10
12,3,2,82944,1.7780255786951649e-08,1.3744489781042689e-10
12,3,3,82944,1.0584410651144408e-08,3.0937378384320502e-10
12,3,4,82944,6.7961512019376171e-09,2.5230078985020726e-10
12,3,5,82944,4.3244211077781726e-09,7.6287507500238785e-11
12,3,6,82944,2.6774486827589203e-09,-1.7005166176751048e-11
12,3,7,82944,1.8895391106032327e-09,4.9434791582958319e-11
12,3,8,82944,1.2602358028372006e-09,-6.3463378358473276e-11
12,3,9,82944,8.8591617358108622e-10,-1.5816058064847508e-11
12,3,10,82944,6.4744311108917796e-10,-9.9769535167475567e-11
12,3,11,82944,5.0246937621129199e-10,-9.9373006993171794e-12
12,3,12,82944,4.6758146849314099e-10,2.1537172681200791e-25
12,4,0,82944,1.7410237286633371e-07,0
12,4,1,82944,2.3689725966671991e-08,8.2680432995825585e-11
12,4,2,82944,8.84049126343568e-09,1.494244354274107e-10
12,4,3,82944,4.6891967753091506e-09,7.2519872035647997e-11
12,4,4,82944,2.7910691259290943e-09,-3.6450680841760458e-11
12,4,5,82944,1.2840939475281735e-09,-1.7785059180689e-10
12,4,6,82944,7.9482740815648932e-10,-4.6732265332954425e-11
12,4,7,82944,5.8193340962499795e-10,-1.365827548113831e-10
12,4,8,82944,3.1148400399712152e-10,-6.1606037735833895e-11
12,4,9,82944,2.5329051380266007e-10,-7.7808052967258738e-11
12,4,10,82944,1.4339481920420391e-10,-1.89389731349389e-11
12,4,11,82944,2.6475123440202391e-11,8.837885720114103e-12
12,4,12,82944,-7.1540861043017649e-11,-1.3913994871648151e-25
12,5,0,82944,1.7487884682950602e-07,0
12,5,1,82944,1.4377136176366837e-08,-3.8132430434382378e-11
12,5,2,82944,4.3824811227164619e-09,-1.4568790868910868e-10
12,5,3,82944,2.0315285178073211e-09,1.6818323626781163e-10
12,5,4,82944,1.025104329023864e-09,-9.5960085344066126e-11
12,5,5,82944,6.0604482730033841e-10,-1.7125952552198601e-10
12,5,6,82944,3.1325573383074085e-10,-7.7780547105552835e-11
12,5,7,82944,2.5355935645876927e-10,-8.1680196531808083e-11
12,5,8,82944,3.8091230979723045e-11,-7.9885348694080697e-11
12,5,9,82944,1.0172965195965573e-11,-2.2550377489035621e-11
12,5,10,82944,5.5705619283981869e-11,9.7866629093561164e-11
12,5,11,82944,5.7356546367866831e-12,5.2206074641390795e-11
12,5,12,82944,1.062482856592955e-10,-5.1758624845078773e-26
12,6,0,82944,1.7519658494326571e-07,0
12,6,1,82944,8.8277179792928395e-09,9.7584273708118903e-11
12,6,2,82944,2.2817389063580933e-09,-2.5818346818061902e-10
12,6,3,82944,8.3304446861471805e-10,1.5021621396305762e-10
12,6,4,82944,3.2140675864077617e-10,-1.1781181296370524e-10
12,6,5,82944,2.5003565181613124e-10,1.486322741200013e-10
12,6,6,82944,4.5058893808736053e-11,7.5120637279888691e-11
12,6,7,82944,2.2391208321918864e-10,2.2615246595898778e-11
12,6,8,82944,-6.602403815858617e-12,-2.5827042546599025e-12
12,6,9,82944,-7.2441094559928569e-11,-6.5835541662829396e-11
12,6,10,82944,-7.3742583758281179e-11,-5.3415331033195774e-11
12,6,11,82944,-3.0322408561360965e-11,-5.4948418488223578e-13
12,6,12,82944,1.0214609715334329e-11,1.3543008196457991e-25
12,7,0,82944,1.7459679847890218e-07,0
12,7,1,82944,5.4942249776701361e-09,-6.3544754052503479e-11
12,7,2,82944,1.3122279271149297e-09,-7.5951085101405383e-11
12,7,3,82944,3.2938319323534708e-10,-4.5011240925497012e-11
12,7,4,82944,9.7975248217320142e-12,6.3457823965181981e-11
12,7,5,82944,1.8620164200399564e-10,4.3870790634064574e-11
12,7,6,82944,1.3375879744112853e-10,1.1112019745528368e-10
12,7,7,82944,3.162016905465605e-10,2.8225608076381893e-11
12,7,8,82944,1.4132856614219595e-11,1.3731526077533911e-10
12,7,9,82944,1.7148525196447539e-11,-9.2036807210520307e-11
12,7,10,82944,-1.3277449705411323e-11,-2.5060973399352216e-11
12,7,11,82944,5.5865720563095287e-11,-6.1303928375220852e-11
12,7,12,82944,-1.8079443961945148e-11,2.6118658664597555e-26
12,8,0,82944,1.7506400583784434e-07,0
12,8,1,82944,3.4214440378259124e-09,-1.7434054457686133e-10
12,8,2,82944,5.6254658304252637e-10,-1.3318732697600954e-10
12,8,3,82944,6.4022569405190654e-11,-5.5908159326024735e-11
12,8,4,82944,1.3865665568494805e-10,-2.4487165662295831e-11
12,8,5,82944,8.8410202183790454e-11,-1.2001763427573516e-10
12,8,6,82944,5.1544878216266528e-11,2.0317604054801773e-10
12,8,7,82944,8.5101492947058384e-11,1.534235424192628e-12
12,8,8,82944,-4.3138507194289963e-11,7.3435958419431365e-11
12,8,9,82944,-3.5073222882562177e-11,-1.151719731436283e-11
12,8,10,82944,-4.0432897360898967e-11,-2.1304620687172531e-11
12,8,11,82944,6.0493921449233736e-11,5.6514333208010741e-11
12,8,12,82944,2.4566458574043887e-11,1.582477570407919e-25
12,9,0,82944,1.7470503803822152e-07,0
12,9,1,82944,2.0535276456972312e-09,9.8799524858505949e-11
12,9,2,82944,4.4534904075134436e-10,-2.3144357656250081e-10
12,9,3,82944,-6.7744827923805252e-11,6.4653120126298262e-11
12,9,4,82944,1.7024133497283174e-10,-6.5388507352319375e-11
12,9,5,82944,9.6507170836481062e-11,2.2530045479555322e-11
12,9,6,82944,-4.8276922097374586e-13,-7.2714643595458467e-12
12,9,7,82944,1.1285258148540531e-10,-3.1949853042012771e-11
12,9,8,82944,1.0350091379120215e-10,7.1865891335211873e-11
12,9,9,82944,-9.4512238553753933e-11,9.7344658408206372e-12
12,9,10,82944,2.2582265585999962e-11,-7.1614474054355508e-11
12,9,11,82944,1.0669451221978093e-10,-3.6069961418627056e-11
12,9,12,82944,9.8980242829343743e-11,-2.5201164736707911e-26
12,10,0,82944,1.7490955295769837e-07,0
12,10,1,82944,1.1609431228634819e-09,1.2022956801786337e-10
12,10,2,82944,1.4376599059276159e-10,-9.5024652850653709e-13
12,10,3,82944,-9.6553452588510269e-11,2.1710596365116159e-11
12,10,4,82944,2.6150207953076281e-10,-7.1892644240028334e-11
12,10,5,82944,6.5158517217219129e-11,5.3289836815887503e-11
12,10,6,82944,-1.2989829229174824e-11,-2.5947227781460305e-11
12,10,7,82944,8.0038477265739238e-11,-4.9808866263930985e-11
12,10,8,82944,7.809142901076413e-11,-2.9394908394335543e-11
12,10,9,82944,3.5834755436174391e-11,-6.8460717676501672e-11
12,10,10,82944,-5.0259144189328956e-11,-1.5295862072130757e-11
12,10,11,82944,5.4271746424115957e-11,-4.203674080519895e-11
12,10,12,82944,1.5880561457066284e-10,3.7454695054077524e-25
13,1,0,82944,1.7780945324653556e-07,0
13,1,1,82944,1.0316201194387365e-07,1.973762740954714e-10
13,1,2,82944,7.5811801076250048e-08,1.4345602060904705e-10
13,1,3,82944,5.9348618814464426e-08,-1.2864208418532592e-11
13,1,4,82944,4.6822318944214602e-08,-2.1193653199483625e-11
13,1,5,82944,3.6560317828893051e-08,-1.6686357040378709e-10
13,1,6,82944,2.8073052444923461e-08,-2.2100465478852051e-10
13,1,7,82944,2.1318549397212e-08,-2.2716964611690124e-10
13,1,8,82944,1.5950055973339478e-08,-2.7836065530176121e-10
13,1,9,82944,1.1999080267637696e-08,-1.8524037839028824e-10
13,1,10,82944,9.3151286090953544e-09,-1.7846246375984085e-10
13,1,11,82944,7.7049638823301766e-09,-8.1085864206439354e-11
13,1,12,82944,7.1794574601403165e-09,4.9173685430850562e-25
13,2,0,82944,1.7449589433050857e-07,0
13,2,1,82944,6.1710597786825776e-08,-3.254390454033533e-11
13,2,2,82944,3.580340198176108e-08,4.9082683927656585e-11
13,2,3,82944,2.4054326463356499e-08,5.6202263587394535e-11
13,2,4,82944,1.686640323212964e-08,3.9562255360692381e-10
13,2,5,82944,1.1971610024751038e-08,4.3194664431871506e-10
13,2,6,82944,8.2241904940641445e-09,4.4156663388026924e-10
13,2,7,82944,5.6899960432081511e-09,4.1034970266310379e-10
13,2,8,82944,3.9502193217127187e-09,3.1316027399489989e-10
13,2,9,82944,2.7139159005828716e-09,2.6857351772413512e-10
13,2,10,82944,1.9760990173168693e-09,1.3314337930491401e-10
13,2,11,82944,1.4775381916025033e-09,5.5483667746494142e-11
13,2,12,82944,1.4445662339010614e-09,-9.0959550190172345e-25
13,3,0,82944,1.7455635052632466e-07,0
13,3,1,82944,3.829868724605875e-08,-5.725742714488317e-12
13,3,2,82944,1.7877647180653268e-08,9.3891744704070783e-12
13,3,3,82944,1.0419549113196037e-08,1.9668197043190333e-10
13,3,4,82944,6.6377783891688856e-09,-6.2083822713308813e-11
13,3,5,82944,4.0883028434400224e-09,1.2380812674236968e-10
13,3,6,82944,2.5515570347179665e-09,1.1095593842655407e-10
13,3,7,82944,1.6027924939988137e-09,2.8773562775185643e-10
13,3,8,82944,1.1384719683272079e-09,1.1730790713856686e-10
13,3,9,82944,8.1154032251574436e-10,2.6265855306675315e-10
13,3,10,82944,4.8401740100491241e-10,1.7269341613249875e-10
13,3,11,82944,2.641701810246917e-10,3.9178636541961831e-11
13,3,12,82944,2.3312262430427051e-10,-3.1513921870992087e-26
13,4,0,82944,1.7453422391895706e-07,0
13,4,1,82944,2.4025226482020064e-08,-1.3105785628255478e-10
13,4,2,82944,8.7695796007257651e-09,-2.3819638466811051e-11
13,4,3,82944,4.3492084740344714e-09,1.5017039927844726e-11
13,4,4,82944,2.6065805646726948e-09,1.5736270638452562e-10
13,4,5,82944,1.3891564280767333e-09,1.9463471668754887e-10
13,4,6,82944,8.3725180211981362e-10,3.3061020719342518e-11
13,4,7,82944,5.2113846037367293e-10,9.2716569588129391e-11
13,4,8,82944,3.4142289940308201e-10,2.6363828967385619e-11
13,4,9,82944,2.1348705460889977e-10,1.5841202748106729e-10
13,4,10,82944,1.0244178234202529e-10,1.0198137401570786e-10
13,4,11,82944,7.698963900011962e-11,4.0769558176020921e-11
13,4,12,82944,8.5701798673008612e-11,-1.3687613217701468e-25
13,5,0,82944,1.7385949855818529e-07,0
13,5,1,82944,1.493081257469398e-08,1.3518096387772919e-10
13,5,2,82944,4.3434753514870852e-09,2.1725481546880383e-10
13,5,3,82944,1.7707371833784973e-09,-6.7264963800643558e-11
13,5,4,82944,1.1108598951229228e-09,-1.4059093870789162e-11
13,5,5,82944,5.724779350526068e-10,3.9292727407492717e-11
13,5,6,82944,2.4189767584068051e-10,-9.7774677698818512e-11
13,5,7,82944,2.5289209080649318e-10,-5.5925122379244568e-11
13,5,8,82944,1.8134026303721464e-11,2.6742952798541976e-11
13,5,9,82944,-3.3967989766390369e-11,1.2972128334481638e-10
13,5,10,82944,-7.1379670629043281e-11,6.3229673508979737e-11
13,5,11,82944,1.3963241562078616e-11,-8.51768286335355e-11
13,5,12,82944,7.5911159207319589e-11,-2.6429684119772102e-26
13,6,0,82944,1.7410100698647535e-07,0
13,6,1,82944,9.3067528230185927e-09,1.626375269429304e-10
13,6,2,82944,2.2735995326851113e-09,-4.7749390174995493e-11
13,6,3,82944,8.5070118675803236e-10,-2.7777491610758904e-10
13,6,4,82944,2.3708365993592126e-10,-8.2278679484137299e-12
13,6,5,82944,2.621210970411381e-10,-1.4520284944836933e-10
13,6,6,82944,3.9629366261124161e-11,-2.6956021524684227e-11
13,6,7,82944,1.2594695601340357e-10,6.0835548163032228e-11
13,6,8,82944,-7.4707134489654888e-12,6.7906072928908779e-11
13,6,9,82944,1.8529564287874004e-11,-1.8692174279409271e-11
13,6,10,82944,1.1700623408389318e-11,7.787790537010354e-11
13,6,11,82944,-9.4058513920766025e-12,-1.4971267247294794e-11
13,6,12,82944,-5.1300420474942439e-12,1.0659883255665645e-25
13,7,0,82944,1.7434295230363519e-07,0
13,7,1,82944,5.719409632417935e-09,8.1385077249319808e-11
13,7,2,82944,9.6104681398554247e-10,1.0030854299097881e-10
13,7,3,82944,2.5498853555878791e-10,2.8673825986810852e-11
13,7,4,82944,3.4950540631424283e-10,5.8802718152023723e-11
13,7,5,82944,8.8733588721133063e-11,-2.1595971486207438e-11
13,7,6,82944,2.7685181706514752e-11,7.4253797690883662e-11
13,7,7,82944,5.6415430877198139e-11,1.5877549442555929e-10
13,7,8,82944,-8.5821085715533312e-11,1.3032186417858551e-10
13,7,9,82944,4.2540225016773404e-11,-7.9713140885772564e-12
13,7,10,82944,-2.4070944208045552e-11,-9.2956855490683525e-12
13,7,11,82944,-5.5678567176351651e-11,3.1819303721954719e-11
13,7,12,82944,6.0755532573809114e-11,1.9663789699091342e-26
13,8,0,82944,1.7456377976321141e-07,0
13,8,1,82944,3.5997392139017107e-09,-2.1875320065361827e-11
13,8,2,82944,6.0887953536077603e-10,-2.3180639607324546e-10
13,8,3,82944,1.831776187336378e-10,9.1574116091453591e-11
13,8,4,82944,-3.1829627820317275e-11,1.2078591939584512e-10
13,8,5,82944,1.2365472444147577e-10,-5.6506668015437003e-11
13,8,6,82944,-3.6881000521268699e-11,5.6413811740457768e-11
13,8,7,82944,-8.0707486606450627e-11,-2.7049946137787721e-11
13,8,8,82944,3.0858479710285288e-11,-5.6929771707458977e-11
13,8,9,82944,7.5992789529825198e-11,-3.3600884062834034e-11
13,8,10,82944,-7.4533096353610474e-11,-8.5130655725112849e-11
13,8,11,82944,-9.5312156843736202e-11,1.1551065850094205e-13
13,8,12,82944,-5.6473897158558995e-11,-5.8560047223565034e-26
13,9,0,82944,1.7466112605008462e-07,0
13,9,1,82944,2.1931923230955013e-09,1.484083749387373e-10
13,9,2,82944,2.6393405611641575e-10,-1.7140415010185163e-10
13,9,3,82944,1.2205801468149577e-10,1.8951160597762082e-10
13,9,4,82944,4.0882045250447468e-11,2.3860062810177814e-11
13,9,5,82944,1.4574125822070799e-11,-6.6516394737958242e-11
13,9,6,82944,1.8361494387069927e-10,1.3342393230307382e-10
13,9,7,82944,-5.4462621013513442e-11,2.584553653614268e-12
13,9,8,82944,-7.7232777454710148e-11,-3.8874172421276257e-11
13,9,9,82944,-1.2260376279505867e-11,-4.6928219089790174e-12
13,9,10,82944,-3.3509645751310428e-11,5.770258221962549e-11
13,9,11,82944,-2.5873131541548361e-12,5.7213876165658988e-12
13,9,12,82944,4.9990734782319096e-11,1.0780553652703304e-25
13,10,0,82944,1.7399418178683904e-07,0
13,10,1,82944,1.3440896591690516e-09,1.1989725413225503e-11
13,10,2,82944,4.6557739396408903e-10,-3.2663580675759791e-10
13,10,3,82944,-1.0942328861781445e-10,-7.0031724470528705e-11
13,10,4,82944,2.5308295984506537e-10,1.3093472935488157e-10
13,10,5,82944,1.0012422406044663e-10,-9.2316450344502285e-11
13,10,6,82944,-1.5443057873592173e-11,1.0635961856603444e-10
13,10,7,82944,2.0080255072835639e-11,1.5712883271879701e-11
13,10,8,82944,-3.7766498183180081e-11,-9.6440906800631215e-11
13,10,9,82944,-4.0581942838739557e-11,-2.8811057697758549e-11
13,10,10,82944,-2.111344857230542e-11,6.5244852813145495e-13
13,10,11,82944,-1.3014262950182254e-11,-2.9691544938880435e-11
13,10,12,82944,1.1784010203924799e-10,1.4600120765548231e-25
14,1,0,82944,1.769731619638937e-07,0
14,1,1,82944,1.0257802162261855e-07,-1.9552166885496951e-10
14,1,2,82944,7.5071127442525093e-08,-4.1610752520321347e-10
14,1,3,82944,5.8528408706911004e-08,-3.7218117641430805e-10
14,1,4,82944,4.5752268356117166e-08,-3.7334050060141095e-10
14,1,5,82944,3.5213418544009776e-08,-2.8414619873436861e-10
14,1,6,82944,2.6517040882919858e-08,-1.9042927880454039e-10
14,1,7,82944,1.9477852969592646e-08,-6.1559848998049213e-11
14,1,8,82944,1.4200369997304047e-08,2.1374862561967976e-11
14,1,9,82944,1.0338331642195096e-08,3.9032958694424846e-11
14,1,10,82944,7.7483628660501874e-09,3.3378090534872828e-11
14,1,11,82944,6.2078203166018936e-09,1.8332410485814093e-11
14,1,12,82944,5.6979584960226625e-09,-2.5443502806791804e-25
14,2,0,82944,1.7540263081669221e-07,0
14,2,1,82944,6.2407772076721285e-08,-1.4064116623327119e-10
14,2,2,82944,3.6338533931935915e-08,-1.6768763176974524e-11
14,2,3,82944,2.4592023981435507e-08,-1.2921482486582748e-10
14,2,4,82944,1.7425268651705351e-08,-2.3164074671484904e-10
14,2,5,82944,1.2358778858122058e-08,-3.601525892755332e-10
14,2,6,82944,8.6008855591123716e-09,-2.6906458643105224e-10
14,2,7,82944,5.8553054337943968e-09,-1.8096136838817345e-10
14,2,8,82944,4.0348069920840891e-09,-1.2148604070533709e-10
14,2,9,82944,2.5634411342747592e-09,-8.2137578939676036e-11
14,2,10,82944,1.7742308338545175e-09,-1.456768274242952e-10
14,2,11,82944,1.3211224845296745e-09,-5.1056566387799304e-11
14,2,12,82944,1.1522183306700014e-09,5.6582199579557282e-25
14,3,0,82944,1.7482826664142446e-07,0
14,3,1,82944,3.8490884850548756e-08,-3.3372208942820894e-11
14,3,2,82944,1.7946665263883666e-08,1.1026083871153157e-10
14,3,3,82944,1.0478844564854797e-08,1.125204664740671e-10
14,3,4,82944,6.7119724299074077e-09,1.2510800332972023e-10
14,3,5,82944,4.2623006098882405e-09,2.0204497414987644e-11
14,3,6,82944,2.9154936680099939e-09,3.9481257404664663e-11
14,3,7,82944,1.6216084069455449e-09,-2.4857834560164034e-11
14,3,8,82944,1.0556089851690068e-09,1.0118414139792002e-10
14,3,9,82944,5.4988825193130865e-10,5.6711647665845695e-11
14,3,10,82944,2.6567382300505926e-10,-2.3640120508344369e-11
14,3,11,82944,1.8390532084028977e-10,-2.4137375812704749e-11
14,3,12,82944,8.6451162443740505e-11,2.4863586807805037e-25
14,4,0,82944,1.7488027123220878e-07,0
14,4,1,82944,2.3599889753035558e-08,-7.6395144980036873e-11
14,4,2,82944,8.6331892380733991e-09,-6.0086287216459781e-11
14,4,3,82944,4.3299405345457091e-09,1.2777736393629577e-10
14,4,4,82944,2.4927573021941304e-09,1.2014051027263465e-10
14,4,5,82944,1.2769864931988998e-09,-7.2337322097507467e-11
14,4,6,82944,7.8099824524368454e-10,8.2554601152747193e-12
14,4,7,82944,3.757777970969297e-10,9.2182054156612815e-12
14,4,8,82944,1.8515336269934051e-10,-2.7113060540010138e-11
14,4,9,82944,1.3343616561468457e-10,-5.5430441202652541e-11
14,4,10,82944,1.3666006357052254e-11,-7.8139126252162223e-11
14,4,11,82944,2.0043276003487559e-11,4.5759566747947586e-11
14,4,12,82944,-7.3523927679708792e-11,1.6155871338926322e-25
14,5,0,82944,1.7584175438039366e-07,0
14,5,1,82944,1.4673309536888212e-08,-1.4263665066011981e-10
14,5,2,82944,4.4114341758664895e-09,2.9910030321587325e-11
14,5,3,82944,1.7933004058691561e-09,2.8127743139826084e-11
14,5,4,82944,1.0917201332648016e-09,3.8197949164225621e-11
14,5,5,82944,4.5049695132104379e-10,-7.5988344646002314e-11
14,5,6,82944,3.6772619392794274e-10,-4.9720820643116175e-11
14,5,7,82944,3.1002196023249206e-10,5.0066553479228906e-11
14,5,8,82944,1.022352726605341e-10,-1.1737032891273834e-11
14,5,9,82944,4.9436741497979613e-11,-5.1894321901402863e-12
14,5,10,82944,-5.0102241373173785e-11,-6.5949163125328142e-11
14,5,11,82944,-1.8585328820788195e-11,-5.9993531199352111e-11
14,5,12,82944,-2.7412969722099675e-11,-5.2496609091424792e-26
14,6,0,82944,1.7462227107648715e-07,0
14,6,1,82944,9.0661690875360434e-09,-2.0465388058843967e-10
14,6,2,82944,2.089327181633164e-09,1.2082495431211004e-10
14,6,3,82944,8.8388605547266345e-10,7.2875233726839047e-11
14,6,4,82944,4.6210855723750566e-10,2.1350074651525741e-10
14,6,5,82944,2.5665906290141858e-10,-9.2978078892830649e-12
14,6,6,82944,-3.5392960956917225e-11,-8.649907274884779e-11
14,6,7,82944,-6.8238431096026475e-12,-3.5595489168630564e-11
14,6,8,82944,1.4777041345108201e-10,-8.4237369841603177e-11
14,6,9,82944,5.7159966150675226e-11,3.8968111874856334e-11
14,6,10,82944,4.8909170324253548e-11,8.404950055514321e-11
14,6,11,82944,4.3232579946959207e-11,2.9274643674869106e-12
14,6,12,82944,-1.2392866746546962e-10,-2.0232735661983779e-25
14,7,0,82944,1.7533074087610773e-07,0
14,7,1,82944,5.5982803714214334e-09,7.3442304638809298e-11
14,7,2,82944,1.2579732573114827e-09,5.0707945386485686e-11
14,7,3,82944,2.5468916449433092e-10,5.5178562094568452e-11
14,7,4,82944,1.4528478487066579e-10,1.7780972261814019e-11
14,7,5,82944,6.7354869804829499e-11,-6.7975956280111815e-11
14,7,6,82944,7.7270933083797129e-11,-2.6563519253563201e-11
14,7,7,82944,-2.575325287208097e-11,-1.5620920231086366e-11
14,7,8,82944,6.9542176141102642e-11,-1.4970493313597837e-10
14,7,9,82944,-5.3358190991292127e-12,-2.0732700126527951e-11
14,7,10,82944,1.072873089165115e-11,4.7584356898218618e-11
14,7,11,82944,4.8835732704032077e-11,-4.0823204790855495e-11
14,7,12,82944,4.8114092794595841e-11,-4.554060893160929e-26
14,8,0,82944,1.7559256568159493e-07,0
14,8,1,82944,3.6280730295336818e-09,1.9386529395316605e-10
14,8,2,82944,5.6181121193746685e-10,1.8911863391135505e-11
14,8,3,82944,5.4764169648751489e-11,9.170011126709513e-11
14,8,4,82944,2.1850564980329345e-11,8.9976993305406286e-11
14,8,5,82944,1.2441133583534012e-10,-1.7094614610401631e-10
14,8,6,82944,-7.2829232491355693e-11,-5.3971023804491305e-11
14,8,7,82944,6.5799400470653281e-11,-2.2552270479227102e-11
14,8,8,82944,2.5077231439748087e-11,-4.650588714733849e-11
14,8,9,82944,-8.5565569503555519e-11,1.1456786785240246e-10
14,8,10,82944,-2.0168940240337203e-11,1.380133427315992e-11
14,8,11,82944,5.7460849533635617e-11,5.3645494005080568e-12
14,8,12,82944,-3.3893046714518509e-11,1.6151882234892018e-25
14,9,0,82944,1.7459797780575148e-07,0
14,9,1,82944,2.2418431140783964e-09,2.1534445197696107e-10
14,9,2,82944,3.5610952660609495e-10,-7.7052370756802489e-11
14,9,3,82944,-4.6386322344793854e-11,6.5693233435128183e-11
14,9,4,82944,-1.7089307225436172e-10,-4.1425592245722274e-11
14,9,5,82944,-1.7472841297612822e-11,6.074496983805948e-11
14,9,6,82944,5.4412096042407835e-11,1.8016030263022181e-10
14,9,7,82944,9.4227779032054914e-11,1.0846218421272776e-10
14,9,8,82944,-7.380894410115801e-11,1.4497122681264905e-10
14,9,9,82944,3.4763925910247294e-11,1.6425277237325532e-10
14,9,10,82944,4.383672426025801e-11,-1.3818996863899754e-10
14,9,11,82944,-8.8659246811013262e-11,4.6449299054270054e-11
14,9,12,82944,-8.4799918936013966e-11,-3.1314466669276943e-26
14,10,0,82944,1.7430205389796726e-07,0
14,10,1,82944,1.2879737448859842e-09,9.3377963048502613e-11
14,10,2,82944,7.6036257243892531e-11,-1.2763387286228801e-10
14,10,3,82944,2.2460944214612386e-11,-2.0833402804648522e-10
14,10,4,82944,-1.0608124609719052e-10,2.1780761479517033e-10
14,10,5,82944,1.3546946897006937e-10,-1.3816573545225958e-10
14,10,6,82944,-6.2605352775093214e-11,7.3695254240770552e-11
14,10,7,82944,-4.79599495189084e-11,1.0883210334193529e-10
14,10,8,82944,-1.0098601066887483e-10,2.7787210980433964e-11
14,10,9,82944,2.6297919299804032e-11,2.5746809959915883e-11
14,10,10,82944,-9.799175815072727e-12,-3.6978804662578817e-11
14,10,11,82944,3.0815141638309593e-12,2.4226064483138511e-11
14,10,12,82944,5.0148912118596331e-13,9.0353206376958318e-27
15,1,0,82944,1.7837404827009895e-07,0
15,1,1,82944,1.0335354626884017e-07,3.9728601012144106e-10
15,1,2,82944,7.5535312365856083e-08,5.5964306912398913e-10
15,1,3,82944,5.9382287852874091e-08,5.86230824219044e-10
15,1,4,82944,4.6730994713054326e-08,6.6677751150579433e-10
15,1,5,82944,3.6464932124145279e-08,7.6466353812420271e-10
15,1,6,82944,2.7984024718275937e-08,6.000905802382048e-10
15,1,7,82944,2.11104420791619e-08,5.4989376150785591e-10
15,1,8,82944,1.5760951695908888e-08,4.6520206656246658e-10
15,1,9,82944,1.180008409320966e-08,3.4737814250536901e-10
15,1,10,82944,9.0163062072285356e-09,1.9461723649298173e-10
15,1,11,82944,7.4044234959611937e-09,1.0032433041272549e-10
15,1,12,82944,6.856365801554826e-09,3.7956324886391097e-26
15,2,0,82944,1.7615112803417708e-07,0
15,2,1,82944,6.2291448404370904e-08,-3.5935959340423945e-10
15,2,2,82944,3.5824927639196372e-08,-2.6305108061308858e-10
15,2,3,82944,2.3916885483830095e-08,-2.3577617933067722e-10
15,2,4,82944,1.6757404335181143e-08,-9.8918684185329217e-11
15,2,5,82944,1.1746639362583423e-08,-9.0572396141606374e-12
15,2,6,82944,8.0202612577006757e-09,-7.321517735369414e-11
15,2,7,82944,5.4006926646405744e-09,-3.4325812365091555e-11
15,2,8,82944,3.4996525339290892e-09,-5.62029984300085e-11
15,2,9,82944,2.4385356124969028e-09,-8.1398543621855696e-12
15,2,10,82944,1.6054265892716394e-09,-3.8472793749906279e-11
15,2,11,82944,1.2300930081120558e-09,-6.6274453090969821e-11
15,2,12,82944,1.0800344652812844e-09,2.654150369223365e-25
15,3,0,82944,1.739429368672861e-07,0
15,3,1,82944,3.8022574132030188e-08,-8.0081794484581491e-11
15,3,2,82944,1.7493131588393725e-08,-1.8430659738471938e-10
15,3,3,82944,1.0235319715637482e-08,5.7303986090563106e-11
15,3,4,82944,6.3439193878558524e-09,-4.3996914385782671e-11
15,3,5,82944,3.972959610782682e-09,5.7040957701556371e-11
15,3,6,82944,2.5510244066852029e-09,6.5785737859437245e-11
15,3,7,82944,1.7155358190825749e-09,8.0579361962950246e-11
15,3,8,82944,1.0557028924301843e-09,1.1405499962056467e-10
15,3,9,82944,7.2550729192827798e-10,9.8574144880497563e-11
15,3,10,82944,4.5785686720902869e-10,7.9813896581087783e-11
15,3,11,82944,3.2566092768126907e-10,2.0387390863853548e-11
15,3,12,82944,3.5772211690145708e-10,1.5044905865372993e-25
15,4,0,82944,1.7450995495577746e-07,0
15,4,1,82944,2.3322057347156914e-08,-6.8176687942696771e-11
15,4,2,82944,8.4513116715815491e-09,-8.3801321286867598e-11
15,4,3,82944,4.5659165972283618e-09,3.8997062280131952e-12
15,4,4,82944,2.4371130657195247e-09,3.0034084210875775e-11
15,4,5,82944,1.3531766521639568e-09,1.8227703033233526e-11
15,4,6,82944,6.5414117087519278e-10,-1.2075066898609102e-10
15,4,7,82944,4.6487603093080949e-10,-7.4944802697266296e-11
15,4,8,82944,1.601076210370802e-10,-1.4294216927187703e-10
15,4,9,82944,1.8151407251871483e-10,-1.9397398053715913e-11
15,4,10,82944,9.3249056313768915e-11,-1.257918785683373e-11
15,4,11,82944,3.0750257428404817e-11,-3.1057842578709078e-11
15,4,12,82944,5.8779067870180667e-11,2.7399535038111966e-26
15,5,0,82944,1.7448317172890102e-07,0
15,5,1,82944,1.4350106776773684e-08,6.9940060399754252e-11
15,5,2,82944,3.9784191411809698e-09,-1.6143243666076608e-10
15,5,3,82944,1.6895913665183191e-09,1.0821949788467387e-10
15,5,4,82944,8.4168942882881561e-10,1.9302944665998253e-10
15,5,5,82944,3.3990582876584632e-10,-7.3451163784302163e-11
15,5,6,82944,3.8410465723392894e-10,-1.662466022894241e-10
15,5,7,82944,5.2899852707937317e-11,1.2272090215818811e-10
15,5,8,82944,-8.9634336651251588e-11,-1.5006285178856924e-10
15,5,9,82944,4.6521660362788847e-11,-9.5305481016849191e-11
15,5,10,82944,-1.3321805127840913e-11,-1.1136527243968546e-11
15,5,11,82944,-5.0507380890280045e-11,1.9236772742093884e-12
15,5,12,82944,-1.5170884523221884e-10,9.473623443464851e-26
15,6,0,82944,1.7429610757713377e-07,0
15,6,1,82944,8.8717732655721313e-09,5.5730568621786615e-11
15,6,2,82944,1.9357015981140778e-09,1.543049849817411e-10
15,6,3,82944,8.1581037008032502e-10,2.4274652311601581e-10
15,6,4,82944,5.7831228800126943e-10,1.4170301369883117e-10
15,6,5,82944,3.1663704212710606e-10,2.1874481122855202e-10
15,6,6,82944,2.6481162768228818e-11,-1.2598225747296713e-10
15,6,7,82944,2.8328573886311807e-11,-2.3090994638236036e-11
15,6,8,82944,-6.3923645879874539e-11,-1.3575376292490361e-10
15,6,9,82944,1.263417221380367e-12,-1.4495299833402283e-10
15,6,10,82944,-2.6242769936581323e-11,-6.0779304452363539e-11
15,6,11,82944,-4.9259500767316662e-11,-3.5284935067158709e-11
15,6,12,82944,4.1968563508740035e-11,-1.065639278963563e-25
15,7,0,82944,1.7351559959696498e-07,0
15,7,1,82944,5.4341885211499013e-09,7.5395714559378925e-11
15,7,2,82944,8.514881501484189e-10,-1.0082132726524826e-10
15,7,3,82944,3.5943898250865243e-10,9.0834177740581238e-11
15,7,4,82944,1.5061789225786946e-10,1.2725828455029511e-10
15,7,5,82944,1.2841980525276191e-10,1.1932850591338785e-10
15,7,6,82944,-8.1943207798918704e-12,-1.6881129557617538e-10
15,7,7,82944,2.1671529973024524e-12,-9.5999205579653901e-11
15,7,8,82944,9.4540473637652143e-11,-7.0376485072180065e-11
15,7,9,82944,-1.8272785031481729e-11,2.0249679497019229e-11
15,7,10,82944,-8.3289837453115662e-12,-5.2724652050113461e-11
15,7,11,82944,7.920671512968981e-11,-4.8961046406897124e-11
15,7,12,82944,1.1866770111286812e-10,1.9744070417781686e-25
15,8,0,82944,1.7318894586017275e-07,0
15,8,1,82944,3.3235038214177673e-09,1.2846683462632344e-10
15,8,2,82944,2.4583175504611369e-10,-3.0260131379596068e-12
15,8,3,82944,2.7179096643281802e-10,-7.7354991242731151e-11
15,8,4,82944,1.2884853809261703e-10,-5.1504898901122094e-11
15,8,5,82944,-3.762289236840538e-12,1.9027375729489415e-10
15,8,6,82944,6.7939740201931634e-11,2.0146251643879342e-12
15,8,7,82944,-2.0193353818955911e-11,-2.041480614668482e-10
15,8,8,82944,-5.3205966640035218e-12,2.1510366817475467e-12
15,8,9,82944,-1.4314845866178331e-10,-1.5454938255644543e-11
15,8,10,82944,-1.2391871434324386e-11,3.0303555299510156e-11
15,8,11,82944,4.8828867598783185e-11,-4.5967115415581743e-11
15,8,12,82944,-7.5601308607380947e-11,-2.4653161569995563e-25
15,9,0,82944,1.7440015338390315e-07,0
15,9,1,82944,2.0984289672684783e-09,-1.8060365653725778e-10
15,9,2,82944,2.6246475654959416e-11,7.7238865647728477e-12
15,9,3,82944,1.6977427562307348e-10,2.9819450467482402e-10
15,9,4,82944,-2.063990657660215e-11,6.4910705672058306e-11
15,9,5,82944,-3.7634230887628176e-11,2.3271354420010612e-12
15,9,6,82944,-2.1630758966148167e-13,5.913178141575215e-11
15,9,7,82944,2.3240101262497557e-10,-2.5210150684862323e-11
15,9,8,82944,8.3226101647536356e-11,-1.0169335278819326e-10
15,9,9,82944,-4.8445588359014329e-11,1.0491610835579054e-10
15,9,10,82944,4.2016662275981347e-11,9.4855381547430816e-11
15,9,11,82944,-5.0107079644014664e-11,-4.4641174059897653e-11
15,9,12,82944,-1.4054570006355466e-10,-1.2501852043504962e-25
15,10,0,82944,1.748082905265582e-07,0
15,10,1,82944,1.3094064090226802e-09,-2.0570392055987142e-10
15,10,2,82944,1.8114982728078984e-10,-9.803993531907241e-11
15,10,3,82944,1.202666364508517e-10,1.4344682946580177e-10
15,10,4,82944,-5.6591477349803535e-11,6.4831048077257385e-11
15,10,5,82944,7.2621918769238458e-11,1.9226185710346873e-12
15,10,6,82944,1.2655342218213852e-10,6.585115326895029e-11
15,10,7,82944,-1.4329843412059764e-11,1.026596997055078e-10
15,10,8,82944,4.2045432520614927e-11,-9.2990853377925033e-11
15,10,9,82944,1.1110856837653907e-10,6.374145252485087e-11
15,10,10,82944,-4.470073747700416e-12,6.4599279382954322e-12
15,10,11,82944,5.1408008299435065e-11,-1.2073250950470001e-11
15,10,12,82944,-5.9253528353274697e-11,1.666647665531708e-25
16,1,0,82944,1.7707054439359781e-07,0
16,1,1,82944,1.0275701548857186e-07,-1.9281699825786549e-10
16,1,2,82944,7.571145938785896e-08,-4.6642060330677228e-10
16,1,3,82944,5.9565569064420797e-08,-5.0254971300451948e-10
16,1,4,82944,4.7134081523938542e-08,-5.9023274843105053e-10
16,1,5,82944,3.6756762387632028e-08,-7.0000909895863386e-10
16,1,6,82944,2.8158819106103975e-08,-6.9272302735129873e-10
16,1,7,82944,2.122436506384297e-08,-6.0246190002430276e-10
16,1,8,82944,1.5746064831731216e-08,-5.3170717113744533e-10
16,1,9,82944,1.1769768468604697e-08,-3.9238370125340722e-10
16,1,10,82944,9.0199825018098928e-09,-2.1460741510998854e-10
16,1,11,82944,7.4637361264653675e-09,-8.6123327853823851e-11
16,1,12,82944,6.9595584589364423e-09,-1.6013560052502569e-24
16,2,0,82944,1.7601734463271401e-07,0
16,2,1,82944,6.2646999449200737e-08,-7.7036088803590859e-11
16,2,2,82944,3.6972116802485015e-08,-3.4638041621440204e-10
16,2,3,82944,2.5088315113371456e-08,-3.3831947805602308e-10
16,2,4,82944,1.7860025429369776e-08,8.5235534012367088e-11
16,2,5,82944,1.2418326162075879e-08,9.2851882169291077e-11
16,2,6,82944,8.544999429012319e-09,8.8979395270268928e-11
16,2,7,82944,5.6391678609171246e-09,8.5910015360009468e-11
16,2,8,82944,3.543320529528889e-09,1.3750583756140711e-10
16,2,9,82944,2.1021612640993631e-09,2.1064423509059743e-10
16,2,10,82944,1.2371031514738189e-09,7.198715336014837e-11
16,2,11,82944,7.2873095375299125e-10,4.4491968893141137e-11
16,2,12,82944,5.2558730062838151e-10,-3.7449708674034646e-25
16,3,0,82944,1.7531045899560315e-07,0
16,3,1,82944,3.8590300974088379e-08,4.8552360055149451e-11
16,3,2,82944,1.8382206540940739e-08,-2.2749662309640833e-10
16,3,3,82944,1.0890653401412669e-08,-3.6008579524562075e-12
16,3,4,82944,6.9695183234168264e-09,2.5824083281511799e-10
16,3,5,82944,4.4245795900079104e-09,1.4043895231768044e-10
16,3,6,82944,2.6920943260987879e-09,-1.0671234440812767e-12
16,3,7,82944,1.8260246607496009e-09,4.2257530218025048e-11
16,3,8,82944,9.6311041051804891e-10,3.4969115840534367e-11
16,3,9,82944,5.7333422511862135e-10,3.9415222631304979e-11
16,3,10,82944,3.2394018116851612e-10,3.0385688853121543e-11
16,3,11,82944,2.858988207436156e-10,-3.392640467629369e-11
16,3,12,82944,3.388439342791399e-10,1.3098223096633229e-25
16,4,0,82944,1.7422278984166679e-07,0
16,4,1,82944,2.3845245681087998e-08,-5.0108246121843902e-11
16,4,2,82944,9.2090058981573065e-09,-1.7654658536067537e-10
16,4,3,82944,4.8806636239253938e-09,-1.4890680911652074e-10
16,4,4,82944,2.4745493416106545e-09,2.0945725759349842e-12
16,4,5,82944,1.4517860428714243e-09,1.1172957412666494e-11
16,4,6,82944,7.9387962659193611e-10,-3.2375234679750406e-11
16,4,7,82944,5.9981204301328642e-10,7.6391869394868605e-11
16,4,8,82944,3.256664955771654e-10,3.6040533556820704e-11
16,4,9,82944,2.1997598479155617e-10,-4.1845268026053406e-12
16,4,10,82944,1.3222851465292028e-10,-3.2850831315256041e-11
16,4,11,82944,5.5056367892171817e-11,1.5662949673752694e-11
16,4,12,82944,-1.2647305605211433e-10,1.3774750208950769e-25
16,5,0,82944,1.7498175951253807e-07,0
16,5,1,82944,1.4862040533169614e-08,-8.5512897279079025e-11
16,5,2,82944,4.4778730537973989e-09,3.5577662795098538e-11
16,5,3,82944,2.2509845834760745e-09,-9.3110978820261025e-11
16,5,4,82944,8.7998518462746911e-10,-6.9309052451247522e-12
16,5,5,82944,5.5887524858784633e-10,1.0997631310785669e-10
16,5,6,82944,4.9797401655275862e-10,2.9092830703131769e-11
16,5,7,82944,2.048591266207382e-10,-3.9909400120387023e-11
16,5,8,82944,5.5062329294258674e-11,-3.4662545634697088e-11
16,5,9,82944,1.0370782632769575e-10,-1.1439181564432921e-10
16,5,10,82944,5.3248429348374361e-11,-4.2820432770479971e-11
16,5,11,82944,-4.3350747767461483e-11,-9.7001419656411087e-11
16,5,12,82944,-7.1166345290159179e-11,-1.7468286566211941e-25
16,6,0,82944,1.7425871031435034e-07,0
16,6,1,82944,9.1349314136114771e-09,-3.2714656047369579e-11
16,6,2,82944,2.2416473288711143e-09,-5.014598463080255e-11
16,6,3,82944,8.0267693453771839e-10,-1.6835968025462581e-10
16,6,4,82944,2.6769960508819055e-10,-1.3231441141436637e-12
16,6,5,82944,1.7997557491054354e-10,5.389006857903065e-12
16,6,6,82944,1.1820757720837301e-10,-1.0504965461534383e-10
16,6,7,82944,1.2644585226236799e-10,-1.4992985159752642e-10
16,6,8,82944,8.6273985595245485e-11,-3.5460421877862437e-11
16,6,9,82944,-2.9431058247289501e-11,3.6734533556388329e-11
16,6,10,82944,5.104375183893002e-12,4.6036144462671805e-11
16,6,11,82944,-4.6551314738107791e-12,2.5284616068323918e-11
16,6,12,82944,1.1260952054147825e-10,4.497714798676402e-26
16,7,0,82944,1.7391089281745914e-07,0
16,7,1,82944,5.4826777962416859e-09,-1.3994194456841853e-10
16,7,2,82944,1.046103952042587e-09,-6.4203482689786057e-11
16,7,3,82944,3.373492682502014e-10,-1.2642023801956888e-10
16,7,4,82944,1.6065572663692066e-10,-9.9073939646522343e-11
16,7,5,82944,1.0265594019097979e-10,1.0210376570169937e-11
16,7,6,82944,2.8465539011568499e-11,8.4755870173877482e-11
16,7,7,82944,1.1205717737926515e-11,6.8138293521936349e-11
16,7,8,82944,3.8312747026543958e-11,-5.6785494163883125e-11
16,7,9,82944,2.1946243400641429e-11,-1.2109557196592614e-11
16,7,10,82944,4.9052398259083465e-11,-6.8487335298264676e-11
16,7,11,82944,-5.8608352761336676e-12,-5.5124118310539154e-12
16,7,12,82944,1.7055165977200948e-10,1.1563415319435229e-25
16,8,0,82944,1.7397849375036599e-07,0
16,8,1,82944,3.5458655299756743e-09,-8.0238331872892512e-11
16,8,2,82944,3.2628479213148838e-10,-5.2133190895909129e-11
16,8,3,82944,8.9704341361421643e-11,1.8736967354411716e-10
16,8,4,82944,-9.3657699515027319e-12,-2.6618905374647036e-11
16,8,5,82944,3.3186395373410587e-11,5.5303539193045854e-11
16,8,6,82944,-1.2157234530835042e-10,9.5645627943067624e-12
16,8,7,82944,-1.3425797628513017e-10,1.6191874708419109e-10
16,8,8,82944,1.4961250405826312e-11,1.0758490144590108e-10
16,8,9,82944,-2.0818200180675155e-11,8.3946205947333022e-11
16,8,10,82944,-3.7692627789518723e-11,7.2888268695280268e-11
16,8,11,82944,1.4334685177466748e-11,-4.7087308666263085e-12
16,8,12,82944,-8.4311901987971673e-11,1.0591071211073922e-25
16,9,0,82944,1.7412330794365845e-07,0
16,9,1,82944,2.0093217141872187e-09,-7.1407896093834234e-11
16,9,2,82944,1.005174507363135e-10,-1.7787542395539455e-10
16,9,3,82944,-7.5827184629018027e-12,-2.5100744706780845e-11
16,9,4,82944,-2.409802584537412e-10,-1.2711619117154356e-10
16,9,5,82944,8.2067039972108676e-11,1.3250202536554671e-10
16,9,6,82944,1.0687801586887015e-10,-6.5462272222023554e-11
16,9,7,82944,-7.8800896857430985e-11,-7.8178671690813061e-11
16,9,8,82944,-7.7011172657495126e-11,-1.1132750825274068e-11
16,9,9,82944,2.7329442060692085e-11,6.3589105874158685e-11
16,9,10,82944,2.6490611727827074e-11,-6.2690276203947516e-11
16,9,11,82944,7.5457086448478557e-12,4.7905908335558754e-12
16,9,12,82944,7.5551090381353523e-11,1.7661758111875627e-25
16,10,0,82944,1.7400553401007642e-07,0
16,10,1,82944,1.3959844753609594e-09,-1.210877569194208e-10
16,10,2,82944,2.2585017363662242e-11,-3.6641152624787794e-11
16,10,3,82944,-9.6527879025522295e-11,-1.9130706131568962e-10
16,10,4,82944,-8.1470096294672981e-11,-2.7578050987484246e-11
16,10,5,82944,1.8094782730436783e-10,2.4963328120159314e-10
16,10,6,82944,-1.8992860860905755e-11,9.7391387017572772e-11
16,10,7,82944,5.2634617865405365e-11,-2.2927690388265671e-11
16,10,8,82944,-5.6868994657381552e-11,-6.6163226393050838e-11
16,10,9,82944,4.8727109012953656e-11,2.1162549594082466e-11
16,10,10,82944,-2.0576212444607443e-11,-8.9841256403951957e-11
16,10,11,82944,1.1132754098830828e-11,-3.6442490932248559e-11
16,10,12,82944,-1.2642230142117919e-10,8.2813799752126035e-26
17,1,0,82944,1.7774765853966575e-07,0
17,1,1,82944,1.0348124386981225e-07,-7.0016085642123161e-10
17,1,2,82944,7.6192821961317728e-08,-9.7228948303901392e-10
17,1,3,82944,5.9910748266048614e-08,-1.4371970676596891e-09
17,1,4,82944,4.7359109614289587e-08,-1.5716793068690539e-09
17,1,5,82944,3.6937047822336835e-08,-1.6387039260732926e-09
17,1,6,82944,2.8298922027469539e-08,-1.6891960404446382e-09
17,1,7,82944,2.122535050762071e-08,-1.5307616052764725e-09
17,1,8,82944,1.590694261961448e-08,-1.366147545163313e-09
17,1,9,82944,1.1910617188742302e-08,-1.0298594122435459e-09
17,1,10,82944,9.1082088263301051e-09,-6.6432523255156502e-10
17,1,11,82944,7.4626625777428994e-09,-2.9967091800155679e-10
17,1,12,82944,6.866456870738151e-09,2.6044860239962951e-25
17,2,0,82944,1.7631012026441024e-07,0
17,2,1,82944,6.3056603911799319e-08,-1.3938532978451374e-10
17,2,2,82944,3.693978806165094e-08,-3.5344208932825022e-11
17,2,3,82944,2.5069081613381549e-08,-1.9713236058066747e-11
17,2,4,82944,1.7799054294186639e-08,-1.8088878957629686e-10
17,2,5,82944,1.2589833917610777e-08,7.8787602421006037e-11
17,2,6,82944,8.6376264736732261e-09,-1.8347155878344183e-10
17,2,7,82944,5.7412889037490342e-09,-2.1584049654356383e-10
17,2,8,82944,3.8395506193674677e-09,-1.9184957176079276e-10
17,2,9,82944,2.5917065084061854e-09,-2.0011712954195581e-10
17,2,10,82944,1.7623769060338722e-09,-5.2872341023958079e-11
17,2,11,82944,1.2592063230260612e-09,-2.7168275403916931e-11
17,2,12,82944,1.0422923545569804e-09,8.285369079246906e-26
17,3,0,82944,1.7504640017884411e-07,0
17,3,1,82944,3.8764195627861619e-08,7.5689520206279309e-11
17,3,2,82944,1.8177587329623381e-08,1.9651866522509751e-10
17,3,3,82944,1.0489927787163591e-08,7.0756161576358251e-11
17,3,4,82944,6.7070198242021986e-09,1.0316583205503455e-10
17,3,5,82944,4.239682889385865e-09,2.5252305674925413e-10
17,3,6,82944,2.7686635632121929e-09,7.7447320253713011e-11
17,3,7,82944,1.8451601306591017e-09,1.2600325758077659e-11
17,3,8,82944,1.1038546221263889e-09,2.8083121292321874e-11
17,3,9,82944,6.4406392292250783e-10,4.1800695635736899e-11
17,3,10,82944,2.6332557895116607e-10,-2.0884032641872595e-11
17,3,11,82944,9.6552316679707348e-11,1.5455482418942831e-12
17,3,12,82944,1.5763238503931691e-10,-8.9036802045638401e-26
17,4,0,82944,1.7441444298693135e-07,0
17,4,1,82944,2.3929555461669055e-08,1.0816395803076405e-10
17,4,2,82944,8.9657675196887922e-09,1.0337706463498336e-10
17,4,3,82944,4.4914255549951199e-09,-9.1011371461980063e-11
17,4,4,82944,2.7007056746529664e-09,-1.2714860636221087e-10
17,4,5,82944,1.4673691837107671e-09,-1.0495306793390648e-10
17,4,6,82944,7.9180779166051086e-10,-1.2797346077011606e-10
17,4,7,82944,5.9822725562536476e-10,-1.8277788770344017e-10
17,4,8,82944,3.5492226464482556e-10,-8.6321288490303953e-11
17,4,9,82944,1.455705298872427e-10,-1.9256688621212991e-10
17,4,10,82944,4.4914245810636113e-11,-1.248274325286864e-11
17,4,11,82944,-6.2493964054807859e-11,3.9860771600589106e-11
17,4,12,82944,-1.1908359843924639e-11,-1.1084722835318892e-26
17,5,0,82944,1.7430411181947809e-07,0
17,5,1,82944,1.4865324952210087e-08,1.2832051990429962e-10
17,5,2,82944,4.4798252655321275e-09,7.122166483138497e-11
17,5,3,82944,1.8755932618692121e-09,6.036176985446676e-11
17,5,4,82944,1.0150933400961939e-09,-3.7041123853755758e-11
17,5,5,82944,4.783757738335084e-10,-9.9790710203637632e-11
17,5,6,82944,6.6577039818943155e-11,6.0933975832347716e-11
17,5,7,82944,1.3374421114888008e-10,5.901631507441086e-11
17,5,8,82944,1.2768156906506227e-10,-1.1676578361668791e-10
17,5,9,82944,1.412836868655918e-10,9.1017529991416239e-11
17,5,10,82944,6.4783306545496317e-11,-8.0974645471773872e-13
17,5,11,82944,9.7092266101270973e-11,-6.376460749792332e-11
17,5,12,82944,4.3636811282685328e-11,1.1099681975447528e-26
17,6,0,82944,1.7400656739911435e-07,0
17,6,1,82944,9.2754841729653032e-09,1.5774630832583462e-10
17,6,2,82944,2.2459198120957504e-09,3.8600193616249653e-12
17,6,3,82944,9.2122600262019892e-10,-1.4125384416604551e-11
17,6,4,82944,2.6051501560049845e-10,1.0706516169062095e-10
17,6,5,82944,1.5011624641410446e-10,1.1330775215474305e-11
17,6,6,82944,-7.4089423389034864e-11,1.0968292610663013e-10
17,6,7,82944,5.7244807777979254e-11,-4.5381736066935801e-11
17,6,8,82944,4.5246466614836688e-11,-4.9772990839105623e-11
17,6,9,82944,1.2436967946806985e-11,3.5549181547099734e-11
17,6,10,82944,8.1010571390881074e-12,-8.5905800508096153e-11
17,6,11,82944,5.2597470045329269e-11,3.4917801060259931e-11
17,6,12,82944,2.2899903561237349e-11,-3.4840834635600617e-25
17,7,0,82944,1.7454687274967029e-07,0
17,7,1,82944,5.8796845736473615e-09,4.4834349817285069e-12
17,7,2,82944,1.1878867882950121e-09,7.4714036262791713e-12
17,7,3,82944,2.7818813314274348e-10,2.6755839228549576e-10
17,7,4,82944,1.9702085660425951e-10,-4.4072770897762537e-11
17,7,5,82944,1.3181224109115127e-10,8.1287449850474916e-11
17,7,6,82944,-4.1069035498484976e-11,2.3284341498978888e-10
17,7,7,82944,9.4425780930487921e-11,-4.2341862105440585e-11
17,7,8,82944,-3.2734896286009137e-11,-4.4540726869475925e-12
17,7,9,82944,-4.5068379710523641e-11,3.5597042083326857e-11
17,7,10,82944,3.0981472494391896e-11,-2.4898585235519872e-11
17,7,11,82944,-9.600564176972869e-11,6.9446640206347509e-11
17,7,12,82944,-1.7284542227330777e-11,1.344328059560042e-26
17,8,0,82944,1.7418824176476291e-07,0
17,8,1,82944,3.5105614355585614e-09,1.5268323531035925e-10
17,8,2,82944,5.2768910177702548e-10,-5.247368796564042e-11
17,8,3,82944,3.2492167646750528e-10,2.7238021376666018e-10
17,8,4,82944,9.5796735218222773e-11,-1.1240411479388245e-10
17,8,5,82944,9.0271695266251918e-11,-6.6309286964047626e-11
17,8,6,82944,1.517257775860687e-10,-2.9198679942506579e-11
17,8,7,82944,1.7193941357273945e-11,-4.6130735903301241e-11
17,8,8,82944,9.8398862658429299e-11,4.9685848993435126e-11
17,8,9,82944,3.2328542110766539e-11,1.6366438799506971e-11
17,8,10,82944,1.4735154581357832e-10,-7.1422907645974229e-11
17,8,11,82944,-2.1484183496881168e-11,-5.3758729046766588e-11
17,8,12,82944,3.0796169767617745e-11,-3.4389068603715824e-25
17,9,0,82944,1.7444256423001212e-07,0
17,9,1,82944,2.261596548853997e-09,1.9927913890350355e-10
17,9,2,82944,4.2036011643110195e-10,1.6785479682816439e-10
17,9,3,82944,1.9872167069476219e-10,2.05438840913134e-10
17,9,4,82944,5.6277785669336095e-11,-4.3386545419958932e-11
17,9,5,82944,7.160792657692909e-11,-1.1655305353638475e-10
17,9,6,82944,7.839683163772328e-12,1.7264114281854133e-11
17,9,7,82944,-1.6004781809416534e-11,6.2883366867744669e-11
17,9,8,82944,1.4424185511213756e-11,6.3244942937441555e-11
17,9,9,82944,2.5521745069785227e-11,-7.9833459943355532e-12
17,9,10,82944,-1.7311076491427055e-11,2.2258254753690488e-12
17,9,11,82944,2.1566434661683885e-11,-3.3537671913944751e-11
17,9,12,82944,-2.0286692033038295e-13,-2.3934624205816772e-28
17,10,0,82944,1.7381177051092687e-07,0
17,10,1,82944,1.479218511961198e-09,1.4293579937442076e-10
17,10,2,82944,3.9836222548752861e-10,-8.1066853148821305e-11
17,10,3,82944,-8.7615102883083811e-11,1.6647084061434357e-10
17,10,4,82944,-5.8489756060026505e-11,9.6073147009419524e-12
17,10,5,82944,-1.5218229781129679e-10,-2.6521898525262217e-10
17,10,6,82944,-3.7375037938036588e-11,-1.5179615112911864e-10
17,10,7,82944,-1.1524817188605952e-10,1.1963677077971792e-10
17,10,8,82944,1.280236567360638e-10,4.6696195309561505e-11
17,10,9,82944,-4.8087094324935907e-11,1.3313951844116132e-11
17,10,10,82944,-3.0853644346390374e-13,-6.5071598307875609e-11
17,10,11,82944,-7.6350385495520099e-12,-7.8419331748092925e-11
17,10,12,82944,6.8977031171766176e-11,5.7979133948569698e-26
18,1,0,82944,1.7692793557545392e-07,0
18,1,1,82944,1.0258933992891424e-07,1.2397095030748e-10
18,1,2,82944,7.5289052278237389e-08,1.8734231997167348e-10
18,1,3,82944,5.9011657021335826e-08,1.3526061680616893e-10
18,1,4,82944,4.6671962571958002e-08,1.6993256485406076e-10
18,1,5,82944,3.6566564515754714e-08,3.2597861262396762e-11
18,1,6,82944,2.8153467748312208e-08,-1.1767322953622055e-10
18,1,7,82944,2.1487824161306917e-08,-3.3053683890308625e-10
18,1,8,82944,1.6134702950233492e-08,-4.5863478644206084e-10
18,1,9,82944,1.2021752481183873e-08,-4.5936088058591286e-10
18,1,10,82944,9.320905350875708e-09,-3.945489334343111e-10
18,1,11,82944,7.7224187444949425e-09,-2.0975894696636185e-10
18,1,12,82944,7.2764567902667652e-09,-3.8891769782435107e-25
18,2,0,82944,1.7601802582863512e-07,0
18,2,1,82944,6.2627735061372078e-08,-2.4698646751988462e-10
18,2,2,82944,3.6788359478505823e-08,-3.0483230213052597e-10
18,2,3,82944,2.4927304688860781e-08,-3.9303046936158134e-10
18,2,4,82944,1.7489539672251502e-08,-3.8620720541248221e-10
18,2,5,82944,1.2584238943287629e-08,-4.7503284310880189e-10
18,2,6,82944,8.6703347383722833e-09,-4.5083977328637867e-10
18,2,7,82944,5.9926497097869217e-09,-3.9577438498128764e-10
18,2,8,82944,4.0873284480792263e-09,-4.5248949937113894e-10
18,2,9,82944,2.7208675409051289e-09,-3.1735923956470882e-10
18,2,10,82944,1.9519032379804346e-09,-1.9214439769935703e-10
18,2,11,82944,1.5440080812909765e-09,-1.2560339787097261e-10
18,2,12,82944,1.3372628317985787e-09,8.6782958266257318e-26
18,3,0,82944,1.7522715215181798e-07,0
18,3,1,82944,3.847206235901395e-08,-5.2399915941883962e-11
18,3,2,82944,1.7942133493603648e-08,-1.4508612527493451e-10
18,3,3,82944,1.0895970563139521e-08,-1.4585295214814245e-10
18,3,4,82944,6.7785471653247213e-09,1.0463665773350914e-10
18,3,5,82944,4.279030237638653e-09,-7.891169506831393e-11
18,3,6,82944,2.6520929475811673e-09,-7.224579839645557e-11
18,3,7,82944,1.6179475922217713e-09,-8.423609235039198e-11
18,3,8,82944,9.9041979453492866e-10,-2.3649382059543447e-10
18,3,9,82944,4.4575540210437814e-10,-1.4313733791556847e-10
18,3,10,82944,2.2444138607144544e-10,-1.0744095065715303e-10
18,3,11,82944,1.6238896800342664e-10,-6.2322193677305506e-11
18,3,12,82944,9.398794585898139e-11,-2.2388846392524441e-26
18,4,0,82944,1.7328177329446857e-07,0
18,4,1,82944,2.3619080696202346e-08,-2.8256239446391228e-10
18,4,2,82944,9.0421000438608827e-09,-2.5237026257812241e-10
18,4,3,82944,4.7134771013164923e-09,7.6111985062183663e-11
18,4,4,82944,2.5716317567519357e-09,-1.4048234901119345e-10
18,4,5,82944,1.5103817067014536e-09,4.57178133851362e-11
18,4,6,82944,9.478642166487113e-10,-6.0707159279501858e-11
18,4,7,82944,6.2829999793464943e-10,8.0185422766544077e-12
18,4,8,82944,3.1371061065675791e-10,-1.6407308574833316e-10
18,4,9,82944,1.2829578270098694e-10,-1.7728078571721224e-10
18,4,10,82944,1.1975341315893942e-10,-1.1966321560608881e-10
18,4,11,82944,4.7532133218268032e-11,-8.3815500240321896e-11
18,4,12,82944,-6.4997404651446873e-12,2.672699702982873e-27
18,5,0,82944,1.7410994395901406e-07,0
18,5,1,82944,1.4569366751194207e-08,-2.1424335087232724e-10
18,5,2,82944,4.4450885536700717e-09,-1.036659435144498e-10
18,5,3,82944,1.768844436130446e-09,-2.2434830602003519e-10
18,5,4,82944,1.0781375900803815e-09,-2.1173512266794235e-11
18,5,5,82944,6.8825858357510908e-10,-5.2860506872500798e-11
18,5,6,82944,2.0620254161277432e-10,8.8979774578549674e-11
18,5,7,82944,6.1410046372586161e-11,2.2021541532445336e-11
18,5,8,82944,-1.9489851701773014e-11,-5.8918864223094817e-11
18,5,9,82944,4.6272899222191825e-12,-5.9502707989818739e-11
18,5,10,82944,-5.5872934161450906e-11,1.9702668763508808e-11
18,5,11,82944,-3.7162104840976622e-12,-4.1038220184296393e-13
18,5,12,82944,-8.8329472075969433e-12,-5.8201027860477784e-26
18,6,0,82944,1.7448091629776051e-07,0
18,6,1,82944,9.1334291196344926e-09,-3.7532341523952598e-10
18,6,2,82944,2.2331089312901147e-09,-3.8639758452928618e-10
18,6,3,82944,8.156199546988062e-10,-1.7875898796362532e-10
18,6,4,82944,2.7589059650064297e-10,2.5023756962079677e-10
18,6,5,82944,1.1480272204883178e-10,-1.3913372021698637e-11
18,6,6,82944,-2.903487234675928e-11,2.7538766473888326e-11
18,6,7,82944,1.9188031069624462e-11,4.2992265232934151e-11
18,6,8,82944,2.7364256223273416e-11,3.0391206825521278e-11
18,6,9,82944,-2.1306031144172946e-11,-1.3057294373794881e-10
18,6,10,82944,2.1619177565549529e-11,2.7516104999797001e-11
18,6,11,82944,1.5670621064129929e-11,-3.3949877897443452e-12
18,6,12,82944,-6.2562978747801571e-11,1.3009465531869993e-25
18,7,0,82944,1.7301340126515534e-07,0
18,7,1,82944,5.5560284871541856e-09,-2.867021407226689e-11
18,7,2,82944,1.0017764424150325e-09,-2.283370499095319e-10
18,7,3,82944,2.8869201329263784e-10,-2.2746901456950047e-10
18,7,4,82944,-8.7321086360311935e-11,1.3406202689377183e-10
18,7,5,82944,8.0454888687758837e-11,5.1742308544262362e-11
18,7,6,82944,3.9925264781669062e-11,5.4755273148011258e-11
18,7,7,82944,4.9088022873315663e-13,2.2124648359046761e-10
18,7,8,82944,-9.3241561053573524e-11,1.1032565999308739e-10
18,7,9,82944,1.9557148468099382e-11,2.703115700624505e-11
18,7,10,82944,-3.2338521108981124e-11,2.8173936932310869e-11
18,7,11,82944,5.2262848438083265e-11,3.6522015996641576e-12
18,7,12,82944,-1.0102039830498931e-10,-3.6500301913870577e-26
18,8,0,82944,1.744542351209569e-07,0
18,8,1,82944,3.2502383021943216e-09,3.7730433992667387e-11
18,8,2,82944,4.3996194100358878e-10,-2.3482675687891525e-10
18,8,3,82944,2.1026455408187554e-10,-1.8522583793723868e-10
18,8,4,82944,-9.6333549016741094e-11,1.0993979234490061e-10
18,8,5,82944,-6.3916581530771589e-11,-5.6832360632847004e-11
18,8,6,82944,-7.2991974468825176e-11,1.4638351095041996e-10
18,8,7,82944,1.8270282424711094e-11,9.965496286936857e-12
18,8,8,82944,2.535065655000541e-11,4.6155019995305692e-11
18,8,9,82944,4.5926997623562675e-11,-1.1466269678155574e-11
18,8,10,82944,-6.1142372726168374e-11,8.4031693604502837e-12
18,8,11,82944,-2.618130649512847e-11,1.5060454003097847e-10
18,8,12,82944,2.6361759945897488e-11,-7.395798879597383e-26
18,9,0,82944,1.7495874540093579e-07,0
18,9,1,82944,1.8605471342512019e-09,-5.394164960459722e-12
18,9,2,82944,1.7621037374733378e-10,9.6743249348596918e-11
18,9,3,82944,3.9292397311074667e-11,-1.3773369023481046e-10
18,9,4,82944,7.8437516814731819e-11,-1.088345983920346e-11
18,9,5,82944,-8.2244277830288109e-11,-2.2790652511208137e-11
18,9,6,82944,-2.0511482914125568e-11,2.5042515286110652e-11
18,9,7,82944,6.5750547963483981e-11,-1.6298985193237111e-11
18,9,8,82944,4.3598872773604569e-11,1.3999512702698565e-11
18,9,9,82944,2.1453361915214284e-11,-9.9477699211712941e-12
18,9,10,82944,-2.7509101767456597e-11,8.7660996024787673e-11
18,9,11,82944,-4.7026044215700252e-11,-1.5855730618484354e-11
18,9,12,82944,-1.1294249060801178e-11,-2.7390185575531567e-26
18,10,0,82944,1.7451575865000164e-07,0
18,10,1,82944,1.1087692412288264e-09,4.8948711074978948e-11
18,10,2,82944,1.2941098615202764e-10,-1.4424394923312439e-11
18,10,3,82944,8.8175633304547744e-11,-3.6106701059904285e-11
18,10,4,82944,-8.6162075172571995e-11,5.8774088569381091e-11
18,10,5,82944,-4.9049387214923091e-11,1.6476331984434726e-11
18,10,6,82944,-9.6321675793630126e-12,1.0281898560664578e-10
18,10,7,82944,1.8372163012804916e-11,2.0852835406222611e-10
18,10,8,82944,6.5900107913260998e-11,4.8705212846954864e-11
18,10,9,82944,1.031624369523894e-10,-4.660415928802928e-13
18,10,10,82944,1.4506860804181447e-10,7.1610215622003296e-11
18,10,11,82944,1.7075662358384983e-12,3.4448970340564955e-11
18,10,12,82944,-2.2811903194399108e-11,3.3448637327628938e-26
19,1,0,82944,1.7729284776201567e-07,0
19,1,1,82944,1.0243133284946713e-07,-3.6451588593969229e-10
19,1,2,82944,7.505225764812716e-08,-4.9376475956668461e-10
19,1,3,82944,5.8567822757517038e-08,-5.6030341427410138e-10
19,1,4,82944,4.5953695694712039e-08,-5.3977115354721262e-10
19,1,5,82944,3.5585493853039118e-08,-3.814611802524906e-10
19,1,6,82944,2.7185945640972051e-08,-3.5805937997608826e-10
19,1,7,82944,2.0372986777292098e-08,-3.6070635850769887e-10
19,1,8,82944,1.511937310237957e-08,-2.668460139890549e-10
19,1,9,82944,1.1281613830467483e-08,-1.851596883300102e-10
19,1,10,82944,8.6829308088776218e-09,-9.6298373646247472e-11
19,1,11,82944,7.0885500114219137e-09,-3.677371431640382e-11
19,1,12,82944,6.577805223717156e-09,7.5226523878882116e-25
19,2,0,82944,1.7540289582553265e-07,0
19,2,1,82944,6.2186898557561873e-08,-4.9660720811573002e-11
19,2,2,82944,3.6278030089070245e-08,-1.9583145636913713e-10
19,2,3,82944,2.400237937289671e-08,-3.0274573597747446e-10
19,2,4,82944,1.6679210726393539e-08,-1.7915293645079354e-10
19,2,5,82944,1.1333987724369272e-08,-7.3302410398654129e-11
19,2,6,82944,7.8213406168421769e-09,-1.7487649245880543e-10
19,2,7,82944,5.3208382141181986e-09,-1.9842860648427937e-10
19,2,8,82944,3.5783771033424823e-09,-8.5400116724855268e-11
19,2,9,82944,2.3933377751639398e-09,-4.7804812532400207e-11
19,2,10,82944,1.6255792026945305e-09,3.0918040060467201e-11
19,2,11,82944,1.2823146328937744e-09,2.5211532547183124e-11
19,2,12,82944,1.0830747260278483e-09,-3.1148918851853381e-25
19,3,0,82944,1.7480113761575084e-07,0
19,3,1,82944,3.8075653175821231e-08,-2.1977344676571876e-10
19,3,2,82944,1.7943712606144274e-08,-8.8226385448282768e-11
19,3,3,82944,1.0490712762458514e-08,-2.065468467444411e-10
19,3,4,82944,6.4056115873303515e-09,2.1501532596191065e-11
19,3,5,82944,3.9714767164486397e-09,-5.9007735175373692e-11
19,3,6,82944,2.3740355462004079e-09,1.2654435814328224e-10
19,3,7,82944,1.526871731395835e-09,3.0252990856461359e-10
19,3,8,82944,8.6555161903742456e-10,8.5202999858551237e-11
19,3,9,82944,5.223088145983023e-10,1.8353009679327338e-10
19,3,10,82944,3.7420269613992672e-10,1.5509667252229965e-10
19,3,11,82944,1.8997625553076361e-10,1.2408642008364927e-10
19,3,12,82944,1.7257361585820351e-10,-8.4227438494282088e-26
19,4,0,82944,1.7426107113034211e-07,0
19,4,1,82944,2.3515167087119485e-08,-6.7082878547375613e-11
19,4,2,82944,9.0034742663836118e-09,2.7249831065620947e-10
19,4,3,82944,4.4516609429705673e-09,-8.9687566951131049e-11
19,4,4,82944,2.6452597141341025e-09,1.104951471456781e-10
19,4,5,82944,1.6226316979172297e-09,-2.5338793328679774e-10
19,4,6,82944,7.0917778521375007e-10,-6.4385277702157191e-11
19,4,7,82944,5.2560593006949762e-10,-9.5117069298464522e-11
19,4,8,82944,3.5712773308504439e-10,-1.6485963562765834e-11
19,4,9,82944,6.480639314227204e-11,2.1827056126803677e-11
19,4,10,82944,-7.0639251474392065e-12,-2.8294173646357094e-11
19,4,11,82944,2.4054081450042431e-11,1.4867101900014133e-11
19,4,12,82944,3.6090304743586789e-11,2.1345695687554261e-25
19,5,0,82944,1.7393609183370268e-07,0
19,5,1,82944,1.4132197227523026e-08,-1.5452534611010707e-10
19,5,2,82944,4.4650068670032677e-09,-1.0179655453180676e-10
19,5,3,82944,1.7922492097845255e-09,-2.269400074990319e-11
19,5,4,82944,9.4328571934940478e-10,1.4732310229250234e-10
19,5,5,82944,2.7251868204319078e-10,3.037482368417229e-11
19,5,6,82944,9.4372146208888377e-11,-1.0239332450601289e-10
19,5,7,82944,1.2763430509744886e-10,-1.2379560157835304e-10
19,5,8,82944,9.7688396458648778e-11,-8.8476709739317043e-11
19,5,9,82944,3.1333283009587733e-11,8.3602391465983918e-11
19,5,10,82944,-1.6520539240373961e-11,4.0235795733796216e-11
19,5,11,82944,3.2721280741850212e-11,5.8631153860999603e-11
19,5,12,82944,1.7896786034597211e-11,-3.3139481764970472e-26
19,6,0,82944,1.7469406266378031e-07,0
19,6,1,82944,8.8263579477444537e-09,6.3912164997902236e-11
19,6,2,82944,2.0868144460927432e-09,8.3783804160149798e-11
19,6,3,82944,8.2908784960824087e-10,-9.362425043940344e-11
19,6,4,82944,3.718275369769101e-10,2.4008972764208587e-10
19,6,5,82944,9.1236687317979233e-11,1.5497314897308009e-10
19,6,6,82944,1.2861488952667828e-10,5.9525307162474233e-11
19,6,7,82944,8.8329269637684564e-11,1.6840017041069878e-10
19,6,8,82944,6.0807930337198912e-11,6.9424472111504452e-11
19,6,9,82944,1.1008209840903009e-10,6.5710320691501733e-11
19,6,10,82944,-1.0955797611003702e-11,7.1269672741638215e-11
19,6,11,82944,5.2924075613232683e-11,-1.1088930559635023e-11
19,6,12,82944,-1.5933360256677667e-11,-1.4300937962975521e-26
19,7,0,82944,1.7431178535207826e-07,0
19,7,1,82944,5.3953512485507646e-09,-4.2362336959081354e-11
19,7,2,82944,9.997539823230978e-10,-1.9095722662360047e-10
19,7,3,82944,4.814379102399304e-10,-2.1623918478381393e-10
19,7,4,82944,3.4070880827482284e-11,1.6171855040426445e-10
19,7,5,82944,1.0063939074983155e-10,-5.9865769864251761e-11
19,7,6,82944,1.9396319860310498e-12,-5.5102375646285321e-11
19,7,7,82944,6.386693236366018e-11,9.463886993401207e-11
19,7,8,82944,-1.1644992092600375e-10,-3.8469633003050337e-11
19,7,9,82944,7.2610208523149033e-11,8.666837375841473e-11
19,7,10,82944,-1.7371909346247239e-11,3.0172080404876957e-11
19,7,11,82944,6.6783576345444664e-12,-1.3043066793988535e-13
19,7,12,82944,4.0831552367467795e-11,-2.9149380454659102e-25
19,8,0,82944,1.7471868716191765e-07,0
19,8,1,82944,3.4354362669825411e-09,1.3757588994859931e-11
19,8,2,82944,8.1208378382353644e-10,-2.8373937720041432e-10
19,8,3,82944,-5.8860230708510351e-12,-2.7375752680018436e-10
19,8,4,82944,-4.1934263862101645e-13,1.66434484234435e-10
19,8,5,82944,1.5852196581563423e-10,1.6296772293540011e-10
19,8,6,82944,4.0047635266194074e-11,2.9761806255212236e-11
19,8,7,82944,-4.0838658186928665e-11,-7.5491200022491658e-11
19,8,8,82944,-2.4212177180057302e-11,1.1190015093342588e-10
19,8,9,82944,-3.0729053881516396e-13,4.053340136434354e-11
19,8,10,82944,3.276726488817754e-12,1.6262515795629122e-11
19,8,11,82944,6.9206512406189821e-11,-5.6223920065313924e-12
19,8,12,82944,1.8189640161017159e-10,-1.8060169877301619e-25
19,9,0,82944,1.7484941101722345e-07,0
19,9,1,82944,2.0087293952449992e-09,8.3309814448353144e-11
19,9,2,82944,5.1671846994484293e-10,1.9715535605341191e-11
19,9,3,82944,-4.3787995849215635e-11,-5.6833770724892755e-11
19,9,4,82944,-4.9528914424250295e-11,-3.6858551297012762e-10
19,9,5,82944,5.9502365310850445e-11,5.2655341472263708e-11
19,9,6,82944,-1.1444541413183641e-10,-3.5249861754308196e-11
19,9,7,82944,-8.1279380733534132e-11,-1.9064988768563729e-10
19,9,8,82944,7.3415611640683796e-11,-1.0003199585192387e-10
19,9,9,82944,2.7949854574319378e-11,6.2427618607898243e-11
19,9,10,82944,-1.5958803968413007e-11,-8.7456221519261502e-11
19,9,11,82944,4.9901345887689872e-12,8.9986849722992937e-11
19,9,12,82944,8.8512592192179075e-11,1.7911077114019551e-26
19,10,0,82944,1.751988288380285e-07,0
19,10,1,82944,1.1957118066204514e-09,2.6269464790135524e-10
19,10,2,82944,3.3722391855966316e-10,-1.0876076254894364e-10
19,10,3,82944,1.1353305952576354e-11,1.0262214017166601e-10
19,10,4,82944,-7.3188883344194958e-12,1.5556360879832674e-10
19,10,5,82944,-7.0633796944484788e-11,2.3142686559817117e-11
19,10,6,82944,1.6969236077922416e-11,3.3699042313192158e-11
19,10,7,82944,-1.9669546803392286e-10,-2.2861877831912133e-10
19,10,8,82944,2.3827411376037785e-11,-6.8869354085373035e-12
19,10,9,82944,-5.6874183043105484e-11,8.1428840793244984e-11
19,10,10,82944,-6.377301439967595e-11,-7.5178447482853882e-11
19,10,11,82944,-6.3379390588445446e-11,8.1315016374065732e-11
19,10,12,82944,2.5025542480449611e-11,-7.5174665526436186e-26
20,1,0,82944,1.7822980874412191e-07,0
20,1,1,82944,1.0376354723527445e-07,-1.6690838674218611e-10
20,1,2,82944,7.6245245900149279e-08,-3.6714069810477138e-10
20,1,3,82944,5.9740857700969292e-08,-4.7275581008525459e-10
20,1,4,82944,4.7128562353048683e-08,-5.3124367504271969e-10
20,1,5,82944,3.6843261725426963e-08,-5.2667013233328363e-10
20,1,6,82944,2.8245009117494212e-08,-4.1115874481290834e-10
20,1,7,82944,2.1292185734100025e-08,-2.6861272934963268e-10
20,1,8,82944,1.5866646116258834e-08,-1.7312322800357861e-10
20,1,9,82944,1.1760081528498545e-08,-1.8151376732820346e-10
20,1,10,82944,9.0227862770276166e-09,-1.4077502343276705e-10
20,1,11,82944,7.3970716515517334e-09,-7.2366112049387836e-11
20,1,12,82944,6.8945902208955922e-09,4.9889729605007914e-25
20,2,0,82944,1.7592857418047787e-07,0
20,2,1,82944,6.2840853025762689e-08,1.7404600930446676e-11
20,2,2,82944,3.6611766697929501e-08,-1.5903212206820889e-10
20,2,3,82944,2.486603890998938e-08,-8.6040964431182481e-11
20,2,4,82944,1.743584942142227e-08,-1.0599036923481476e-10
20,2,5,82944,1.2389118520744527e-08,-2.2650541953478836e-11
20,2,6,82944,8.8593584100375425e-09,-1.4450776778154235e-10
20,2,7,82944,6.181957593872821e-09,-7.0128371649142488e-11
20,2,8,82944,4.253179924279069e-09,-8.8437022039879521e-11
20,2,9,82944,2.9290367682030286e-09,1.2194835301845456e-11
20,2,10,82944,2.0850980533161894e-09,-3.7210571250452258e-12
20,2,11,82944,1.5090939919623499e-09,3.8831279301987911e-11
20,2,12,82944,1.4716203965198446e-09,-1.7015523258318574e-25
20,3,0,82944,1.743637135275164e-07,0
20,3,1,82944,3.8399256533214864e-08,5.5167588507874019e-11
20,3,2,82944,1.8095465710005771e-08,2.1893407521777356e-11
20,3,3,82944,1.0904973996213815e-08,1.5069534603769637e-10
20,3,4,82944,6.7417208776410347e-09,4.1987399112847702e-10
20,3,5,82944,4.3872471015882613e-09,2.2380060177609393e-10
20,3,6,82944,2.7934848540662086e-09,-7.0898150720566015e-11
20,3,7,82944,1.9338848870780751e-09,-5.0851536365944443e-11
20,3,8,82944,1.3277677103342686e-09,-2.3270297920446662e-11
20,3,9,82944,9.3155570735837737e-10,-1.0040804137008462e-10
20,3,10,82944,6.7251823445064471e-10,-6.5418489272367808e-11
20,3,11,82944,4.755542823704668e-10,-4.6613457756363645e-11
20,3,12,82944,4.5149355160377412e-10,2.7806049671107637e-25
20,4,0,82944,1.7548684449399703e-07,0
20,4,1,82944,2.3587488213766136e-08,6.382837499539188e-11
20,4,2,82944,8.8429278004388461e-09,-4.7602372227927325e-11
20,4,3,82944,4.8198153776842124e-09,2.3656667895909695e-10
20,4,4,82944,2.5384269749903929e-09,1.6138017732311896e-11
20,4,5,82944,1.7961901627760662e-09,-1.1091134809415744e-10
20,4,6,82944,1.0919723470274303e-09,-1.1887752398559439e-10
20,4,7,82944,6.7444248917399194e-10,-4.5016125983504516e-11
20,4,8,82944,4.6123488463860372e-10,-8.912217968284925e-11
20,4,9,82944,2.4311364420950537e-10,1.1408121621656112e-11
20,4,10,82944,2.4290915938053884e-10,5.756788645431177e-11
20,4,11,82944,1.1408909433713408e-10,5.1577230836417979e-11
20,4,12,82944,4.2797857425000895e-11,1.5717069895153015e-26
20,5,0,82944,1.7462284844380383e-07,0
20,5,1,82944,1.4420875384589963e-08,2.6400425360898915e-10
20,5,2,82944,4.5138386337195468e-09,1.0730357809293702e-10
20,5,3,82944,2.1905664752478373e-09,1.5649223789812411e-10
20,5,4,82944,9.4931777224350446e-10,2.310397679768709e-10
20,5,5,82944,8.6223150361720467e-10,1.3740760571299166e-11
20,5,6,82944,3.5506202747100628e-10,-1.6258239925321257e-10
20,5,7,82944,3.7830772004539437e-10,-2.0103717106380531e-10
20,5,8,82944,3.4037726067163013e-11,1.0529099633010169e-10
20,5,9,82944,8.5117324215617389e-11,-5.0526624519411595e-11
20,5,10,82944,2.9990373602901621e-11,-3.8483214778309896e-11
20,5,11,82944,-1.6723097877774054e-11,-2.3665176647750421e-11
20,5,12,82944,-4.7149641128835319e-11,4.2803086288068994e-26
20,6,0,82944,1.7482058689332172e-07,0
20,6,1,82944,9.0974394572588116e-09,1.8963041217889988e-10
20,6,2,82944,2.2236380544377836e-09,5.6089278767166075e-11
20,6,3,82944,7.6881762180065348e-10,1.8877432995427427e-10
20,6,4,82944,2.2326576445200724e-10,-1.6087142369974831e-11
20,6,5,82944,3.6455124664072697e-10,1.4351820857810395e-10
20,6,6,82944,1.6024289091737621e-10,-1.9086529261181224e-11
20,6,7,82944,2.2492088921143924e-11,5.6451678906486924e-11
20,6,8,82944,-4.2120072688748501e-11,4.359298462513171e-11
20,6,9,82944,6.1901759018535788e-11,4.9136437718197947e-11
20,6,10,82944,2.6502397200861415e-11,2.5471545834176645e-11
20,6,11,82944,-9.3194550757347951e-11,-3.0741425217541461e-11
20,6,12,82944,-3.4712075095096436e-11,-1.7689681840115746e-25
20,7,0,82944,1.7352192184987899e-07,0
20,7,1,82944,5.5603600730137558e-09,8.0218652079444396e-11
20,7,2,82944,1.1839590527146759e-09,9.9850022865442333e-12
20,7,3,82944,4.6445737581454037e-10,3.7335122778502653e-10
20,7,4,82944,-1.014549680779619e-10,-3.9092967776459976e-11
20,7,5,82944,1.0363605375078984e-10,3.2039917215750104e-10
20,7,6,82944,-1.1112654576956844e-11,1.0632127042256209e-10
20,7,7,82944,1.2111245521019138e-11,-6.6920613635798775e-12
20,7,8,82944,8.8283503457612487e-11,5.3112254676918532e-12
20,7,9,82944,1.538574883314675e-10,-1.5151493573982979e-11
20,7,10,82944,4.7402453057240827e-11,-3.5060766144674609e-11
20,7,11,82944,4.9561608583225035e-11,-9.4458244844375213e-12
20,7,12,82944,-5.9831493574070587e-11,1.2366222506338666e-26
20,8,0,82944,1.7379819708993389e-07,0
20,8,1,82944,3.5224773516761322e-09,4.5284083541610655e-11
20,8,2,82944,7.5664381410734052e-10,-5.7873159293062495e-11
20,8,3,82944,1.8254859664283584e-10,9.8046691346175961e-11
20,8,4,82944,8.8107719269821742e-11,-8.55370843593763e-11
20,8,5,82944,-7.2284171013343411e-11,4.3199193746260198e-11
20,8,6,82944,-2.5833950765611389e-10,-1.045558130881943e-12
20,8,7,82944,1.0196346098466985e-10,2.6956115997674892e-11
20,8,8,82944,1.0011175136194848e-10,1.6619194329141534e-11
20,8,9,82944,9.0500000041200119e-11,-3.1572586527649763e-11
20,8,10,82944,-5.7652881606259714e-11,4.98938211859365e-12
20,8,11,82944,8.7124682939420757e-11,5.1380661472383837e-11
20,8,12,82944,-1.2807919231004245e-10,1.3405384107274543e-25
20,9,0,82944,1.74624712601777e-07,0
20,9,1,82944,2.2733127515264612e-09,6.5394956805813204e-11
20,9,2,82944,2.8520606676309824e-10,4.7316692598354623e-11
20,9,3,82944,-4.7669095102710683e-11,3.4354475570542336e-11
20,9,4,82944,3.6873460660171779e-11,-1.464833304581508e-10
20,9,5,82944,1.7275005435933759e-10,1.3989170909731844e-10
20,9,6,82944,-1.3672151543389911e-10,-2.4650608570375421e-11
20,9,7,82944,3.2610307611958132e-12,-8.4336655825162296e-11
20,9,8,82944,2.9911596633803861e-11,-1.0430467672294658e-12
20,9,9,82944,-6.5800511689255625e-11,-1.0071607405820777e-12
20,9,10,82944,-7.167342555887657e-11,-2.6632710995344641e-11
20,9,11,82944,5.7330856240797725e-11,3.6743310626967134e-11
20,9,12,82944,-8.9650308783505688e-11,-5.0232792551957951e-26
20,10,0,82944,1.7475083011958342e-07,0
20,10,1,82944,1.3822498868189105e-09,-2.1197343674691795e-11
20,10,2,82944,3.2269024699273978e-10,-1.9438876145472894e-11
20,10,3,82944,1.5483105563104985e-10,-1.4656210816906456e-10
20,10,4,82944,2.3029059723218633e-10,-4.4108814956995992e-10
20,10,5,82944,1.3773859066227904e-10,-9.2310617212559597e-11
20,10,6,82944,-7.7756138562706897e-11,-1.5106772479565808e-10
20,10,7,82944,8.4398656535513627e-11,-2.5315248115048412e-11
20,10,8,82944,5.0177623533772734e-11,-7.911617552895463e-11
20,10,9,82944,-4.1200290038071868e-12,5.632325558545329e-12
20,10,10,82944,1.443166370084615e-10,-7.8629262772692062e-12
20,10,11,82944,6.3851359788261515e-12,2.5422836782934576e-11
20,10,12,82944,5.9255242184025112e-12,1.6115980298583294e-26
21,1,0,82944,1.7702075522899715e-07,0
21,1,1,82944,1.0281891972427973e-07,6.5376514501173006e-11
21,1,2,82944,7.5639972792627782e-08,1.299174015521087e-10
21,1,3,82944,5.9407657305074419e-08,2.7684003550431325e-10
21,1,4,82944,4.6734409143528378e-08,3.6933035792246476e-10
21,1,5,82944,3.6449801222885594e-08,3.6923216789773074e-10
21,1,6,82944,2.7904307493335091e-08,2.8542688819692821e-10
21,1,7,82944,2.1006420448384336e-08,3.256171836146626e-10
21,1,8,82944,1.5713698176133094e-08,2.4177279835178317e-10
21,1,9,82944,1.1700088010979789e-08,1.8803579904165109e-10
21,1,10,82944,9.0568519045391507e-09,1.0031727975572713e-10
21,1,11,82944,7.4951432411218858e-09,7.1435828736492818e-11
21,1,12,82944,7.0010593611287945e-09,3.7133572179316146e-25
21,2,0,82944,1.7482802712479035e-07,0
21,2,1,82944,6.251061770982209e-08,-1.2160747812070218e-10
21,2,2,82944,3.6691763752980741e-08,-1.2021173362936267e-10
21,2,3,82944,2.4876593420133005e-08,-1.0859184139534951e-10
21,2,4,82944,1.7688765436462639e-08,-2.438801127716693e-10
21,2,5,82944,1.2680207975064263e-08,-3.9606582034446349e-10
21,2,6,82944,8.8941031032360396e-09,-2.7845860550729403e-10
21,2,7,82944,6.1552053007900969e-09,-2.0003285754184928e-10
21,2,8,82944,4.0651736212196438e-09,-2.2575751470230134e-10
21,2,9,82944,2.6465045117226395e-09,-1.7513085896166977e-10
21,2,10,82944,1.7899446107094134e-09,-1.4039698865806687e-10
21,2,11,82944,1.2396111965326016e-09,8.0891196496539153e-14
21,2,12,82944,1.0325829381329643e-09,1.5042412675351554e-25
21,3,0,82944,1.7528112500151396e-07,0
21,3,1,82944,3.8769650721475318e-08,3.6531651600492992e-11
21,3,2,82944,1.8089852740763033e-08,2.2589918716593581e-10
21,3,3,82944,1.0529512324710693e-08,3.251903116117659e-10
21,3,4,82944,6.6155173837326995e-09,1.6858919346767432e-10
21,3,5,82944,4.4351002718200685e-09,-1.9627019478185049e-11
21,3,6,82944,2.7690064557799252e-09,4.1332641464791833e-12
21,3,7,82944,1.7013994528603006e-09,6.2272606799749934e-11
21,3,8,82944,1.0567868683511786e-09,-2.4994704887096326e-11
21,3,9,82944,6.102871031332862e-10,-1.7254012703249493e-11
21,3,10,82944,3.914235706814026e-10,1.1723478869707448e-11
21,3,11,82944,2.9977370050292114e-10,7.6322825715678068e-12
21,3,12,82944,1.8022915988043886e-10,1.5758955487513195e-25
21,4,0,82944,1.7370618673259863e-07,0
21,4,1,82944,2.408937515547643e-08,4.2798961309115881e-11
21,4,2,82944,9.0344923389201413e-09,4.2806915202085679e-11
21,4,3,82944,4.6794289423270523e-09,1.7217891191078478e-10
21,4,4,82944,2.6663671062399367e-09,5.4501129121125257e-11
21,4,5,82944,1.7163296731599238e-09,-2.1262057767007673e-10
21,4,6,82944,1.0411029446973125e-09,-9.244323570838081e-11
21,4,7,82944,5.8792297353970702e-10,-1.5468452068828352e-10
21,4,8,82944,3.2430166707908428e-10,-4.0870519012587892e-11
21,4,9,82944,1.4211787290004608e-10,-1.2370248244528625e-11
21,4,10,82944,1.2250905711852474e-10,8.9161408409447618e-12
21,4,11,82944,1.1862933935035281e-11,4.3351463138571586e-11
21,4,12,82944,-6.5646998462669525e-12,5.0083201150671598e-26
21,5,0,82944,1.7370730633731428e-07,0
21,5,1,82944,1.493793774336447e-08,2.8125500964534049e-10
21,5,2,82944,4.1618327785736266e-09,-1.4619455208384237e-11
21,5,3,82944,1.9911881119728775e-09,6.4285914930107767e-11
21,5,4,82944,9.9654582418185939e-10,-6.6149397839030136e-11
21,5,5,82944,4.9867690811880917e-10,-1.2579658337775766e-10
21,5,6,82944,2.1890370330142248e-10,-6.225414280262801e-11
21,5,7,82944,1.9434247178410752e-10,-3.1309101302957417e-11
21,5,8,82944,1.1815119268225334e-10,-3.627752379806153e-11
21,5,9,82944,9.5495047656690724e-11,6.6436444627901592e-11
21,5,10,82944,9.1656848958660182e-11,-5.6603022447144214e-12
21,5,11,82944,4.711085497321959e-11,3.4897624068245763e-11
21,5,12,82944,9.2591190902031555e-11,2.8222911042692278e-27
21,6,0,82944,1.7431566060537439e-07,0
21,6,1,82944,9.3464316179267228e-09,1.4177810674929097e-10
21,6,2,82944,2.1013949877372859e-09,-1.768746527365262e-10
21,6,3,82944,9.2084654705775911e-10,-6.7975033668486092e-11
21,6,4,82944,4.6155370791079795e-10,-1.1752997502728114e-10
21,6,5,82944,2.296614685439875e-10,1.3266879348856096e-10
21,6,6,82944,1.0303810498094712e-10,1.3300606433514667e-11
21,6,7,82944,-3.449918010422496e-11,5.6670451315827062e-11
21,6,8,82944,5.4322027549315232e-11,-4.428798758395526e-11
21,6,9,82944,1.2969344363924373e-11,5.4725596848858581e-13
21,6,10,82944,3.2270924246773199e-12,8.5644609454504009e-11
21,6,11,82944,1.5455421735917304e-11,-4.5886303510140127e-11
21,6,12,82944,-6.7008452604582296e-12,-2.8402420724235904e-26
21,7,0,82944,1.743233373104539e-07,0
21,7,1,82944,6.2266789507753101e-09,1.7997419019463946e-11
21,7,2,82944,1.0042808928532735e-09,-3.570287340215111e-10
21,7,3,82944,3.1864335631171619e-10,-2.8757989750795341e-11
21,7,4,82944,1.5429525400891242e-10,1.2091959487831086e-10
21,7,5,82944,-1.1046994801058096e-10,-3.6082634857291048e-11
21,7,6,82944,1.1799451521094501e-10,-7.9628739333002303e-11
21,7,7,82944,8.2698095996134193e-11,-1.4162030626195673e-10
21,7,8,82944,-9.9989048544528882e-12,3.8180675572493718e-11
21,7,9,82944,-8.6601907323683722e-11,2.803974888820331e-11
21,7,10,82944,5.9880705699222781e-11,3.2000782928471537e-13
21,7,11,82944,6.2288169303764226e-11,-2.6891915403495233e-11
21,7,12,82944,9.4759747892529296e-11,2.3647408715346973e-25
21,8,0,82944,1.7434842241276489e-07,0
21,8,1,82944,3.9389841637860597e-09,-5.5977635735417876e-11
21,8,2,82944,5.1921122713222511e-10,-2.5221406985065046e-10
21,8,3,82944,1.7140398417960704e-10,2.6352510827604213e-10
21,8,4,82944,1.5437544948556269e-10,-9.0685166690104016e-11
21,8,5,82944,7.2342451546594117e-11,-9.557373111430251e-12
21,8,6,82944,-2.8136430044954642e-11,9.7433030547378664e-12
21,8,7,82944,-1.5291352232483209e-10,-6.5494558978752974e-11
21,8,8,82944,7.8905203834965512e-11,3.1265404630444281e-11
21,8,9,82944,1.1626090764713311e-10,3.4072918772635763e-11
21,8,10,82944,5.2244943267079536e-11,3.1710620990084951e-11
21,8,11,82944,-1.3038101008185342e-11,-4.6059416997889668e-11
21,8,12,82944,4.9059309548688085e-11,2.2613233494453973e-25
21,9,0,82944,1.7434785066169158e-07,0
21,9,1,82944,2.454377740489024e-09,5.9185067570187054e-11
21,9,2,82944,2.4795114483012625e-10,-1.198435174507726e-10
21,9,3,82944,2.1183071569152952e-10,2.1520092868483905e-10
21,9,4,82944,3.3240304945456026e-10,-1.3465848381296351e-10
21,9,5,82944,6.8581225629022867e-11,-6.7877738932348913e-11
21,9,6,82944,8.7765992623789202e-11,1.1407527748206122e-10
21,9,7,82944,2.4325288304038117e-11,9.0719276389428703e-11
21,9,8,82944,7.5531197223063142e-11,-7.9410266167888715e-12
21,9,9,82944,6.4179058343226165e-11,1.0789910848892462e-10
21,9,10,82944,-1.2674907093152229e-11,3.0964343138559327e-11
21,9,11,82944,-1.5010735488532304e-11,5.2397015329110128e-11
21,9,12,82944,-4.2427257167279057e-11,1.8960211475041187e-25
21,10,0,82944,1.7469395339413267e-07,0
21,10,1,82944,1.4651330750077797e-09,6.0072235194222056e-11
21,10,2,82944,2.6237559506062003e-10,-4.9712243763177026e-11
21,10,3,82944,1.8778411033128873e-10,-4.6813280438806472e-11
21,10,4,82944,2.526610603475693e-10,-1.0601825403203593e-11
21,10,5,82944,1.7121619048665325e-10,-1.0578833500145706e-10
21,10,6,82944,7.5836538316990679e-11,5.6675133695314995e-11
21,10,7,82944,7.9476092379077655e-11,8.4639039938809553e-11
21,10,8,82944,-1.0557168234634777e-10,-1.3832021037459627e-12
21,10,9,82944,4.0562975359421142e-11,9.552920729284787e-11
21,10,10,82944,8.7106574645647332e-11,6.6735402163123716e-13
21,10,11,82944,2.1219977466982942e-11,-4.4986477977639337e-11
21,10,12,82944,-1.3142466004798756e-10,-3.1501954558889174e-25
22,1,0,82944,1.7844882251542725e-07,0
22,1,1,82944,1.0372340740748663e-07,3.5812831643738423e-10
22,1,2,82944,7.5979065038307177e-08,5.8879729762914273e-10
22,1,3,82944,5.9432196324939066e-08,8.3268032514195449e-10
22,1,4,82944,4.6672702137972589e-08,9.202450545557552e-10
22,1,5,82944,3.6035604992818089e-08,9.4947747313393858e-10
22,1,6,82944,2.7218920481627025e-08,8.7956920616640363e-10
22,1,7,82944,2.0263425159094222e-08,8.6011793287083206e-10
22,1,8,82944,1.485753938853391e-08,7.3632584004545064e-10
22,1,9,82944,1.0941212330341592e-08,5.5619211563703581e-10
22,1,10,82944,8.2355905346300291e-09,3.9466101324482798e-10
22,1,11,82944,6.6687504883396079e-09,1.9298748425788412e-10
22,1,12,82944,6.147688568648379e-09,-1.9269367037699654e-25
22,2,0,82944,1.7539234872185739e-07,0
22,2,1,82944,6.2779352228735162e-08,1.6702545021697414e-10
22,2,2,82944,3.6393691123161203e-08,2.3956168247056581e-10
22,2,3,82944,2.4758839804899793e-08,4.4811020917963197e-10
22,2,4,82944,1.7487325665438448e-08,4.3222185856968695e-10
22,2,5,82944,1.2501494336761127e-08,2.7192960931928498e-10
22,2,6,82944,8.6180286336917006e-09,2.2642224542904923e-10
22,2,7,82944,5.8894425763335953e-09,1.4253590309344814e-10
22,2,8,82944,4.03276533041626e-09,1.285046110282591e-10
22,2,9,82944,2.7810772532539908e-09,1.5542935198453461e-10
22,2,10,82944,1.9896107861161096e-09,1.5367322505841556e-10
22,2,11,82944,1.5617011678138263e-09,7.9259328688024606e-11
22,2,12,82944,1.4297185517792529e-09,1.7787414888956164e-25
22,3,0,82944,1.7531116004350192e-07,0
22,3,1,82944,3.8973077708070518e-08,2.2523532009212259e-10
22,3,2,82944,1.8193530835359675e-08,2.4596598820329997e-10
22,3,3,82944,1.0588061740844824e-08,1.7275918201074116e-10
22,3,4,82944,6.919250675418191e-09,9.7516338547941352e-11
22,3,5,82944,4.3398762977617648e-09,-2.2033495252196631e-10
22,3,6,82944,2.7175849921493454e-09,-1.6881062941486267e-10
22,3,7,82944,1.5566682801451261e-09,-1.1050218623724696e-10
22,3,8,82944,1.0437193426799611e-09,-2.9864147232447327e-11
22,3,9,82944,6.5429436481367346e-10,8.6462222385971189e-12
22,3,10,82944,2.6167411708938824e-10,6.4674509446451138e-12
22,3,11,82944,1.5759202244977536e-10,2.298269400349758e-11
22,3,12,82944,8.4056333823751149e-11,-4.8650115526348317e-25
22,4,0,82944,1.7501428047028131e-07,0
22,4,1,82944,2.4113639668720598e-08,2.0354062806957838e-11
22,4,2,82944,8.9986503670712876e-09,1.3906739251743561e-10
22,4,3,82944,4.5953376548098204e-09,1.9267953451942442e-10
22,4,4,82944,2.5211798732551917e-09,1.5320565466357664e-10
22,4,5,82944,1.3836309968494705e-09,-7.1244732767897569e-11
22,4,6,82944,7.1689004623776772e-10,-7.4218822879117572e-11
22,4,7,82944,4.0997824324938137e-10,-1.2047274225363931e-11
22,4,8,82944,3.4562837461030914e-10,4.6251321392182144e-11
22,4,9,82944,2.3526824217774711e-10,-1.5994422489607028e-10
22,4,10,82944,2.7869989780549656e-11,-4.9210404554292602e-11
22,4,11,82944,-2.7669957273158339e-11,-6.1551800751422567e-11
22,4,12,82944,-7.3932877391584727e-11,7.9542734443997745e-26
22,5,0,82944,1.7380229382838807e-07,0
22,5,1,82944,1.4815631247197109e-08,-4.5642609381027292e-11
22,5,2,82944,4.4485678355755875e-09,1.0457839174953983e-11
22,5,3,82944,2.1480417509788827e-09,-9.7285072305026495e-12
22,5,4,82944,1.2859072589188306e-09,-4.5152685898009232e-11
22,5,5,82944,6.2923213050215073e-10,1.1722187906280518e-10
22,5,6,82944,1.6414093231896026e-10,-1.1557891052640749e-10
22,5,7,82944,4.1834979524776201e-12,6.9521643362181569e-11
22,5,8,82944,1.3122048367823838e-10,4.6402844358428822e-13
22,5,9,82944,5.9058144228622668e-12,-5.4758492554738353e-11
22,5,10,82944,5.8804233772560427e-12,-3.8610475238585519e-11
22,5,11,82944,-4.2324543271950924e-11,-1.3634067622152501e-11
22,5,12,82944,-1.5372778904966116e-10,-9.5100240177778642e-26
22,6,0,82944,1.7463018114552843e-07,0
22,6,1,82944,9.4712210709665398e-09,7.4612422518561215e-13
22,6,2,82944,2.1852758076746744e-09,9.774882714526818e-11
22,6,3,82944,9.2951885582196098e-10,3.0725090597608159e-11
22,6,4,82944,2.116763633881617e-10,1.7980748784169842e-12
22,6,5,82944,2.5817763812751928e-10,9.4417559448278812e-11
22,6,6,82944,2.9127518701782425e-11,2.6548224819193729e-10
22,6,7,82944,9.6079715373467216e-12,-9.9022192079800101e-11
22,6,8,82944,1.0715303019816497e-10,-1.3612004429943932e-11
22,6,9,82944,7.9431920077406128e-11,-7.3969010376572078e-12
22,6,10,82944,-2.6526996731788835e-11,-4.9789217059061184e-11
22,6,11,82944,-7.9948735341115422e-11,1.7492423835420041e-11
22,6,12,82944,-1.119752919419114e-10,3.5044278941350058e-26
22,7,0,82944,1.7320599497657769e-07,0
22,7,1,82944,5.8126600213196825e-09,-1.3460698994291941e-10
22,7,2,82944,8.4747411795233685e-10,5.5123464950454708e-11
22,7,3,82944,5.349613845133423e-10,-1.4506813133264891e-11
22,7,4,82944,4.556880846966976e-11,-3.7409335079987959e-11
22,7,5,82944,3.0800674413837195e-10,-4.8822332740437253e-11
22,7,6,82944,9.4704549107651122e-11,2.0271871383411387e-11
22,7,7,82944,1.9616110559438891e-11,-6.4565479676493493e-11
22,7,8,82944,-1.75053196803184e-11,3.2838168585182923e-11
22,7,9,82944,-7.3618270766493663e-11,-5.9684855029593019e-11
22,7,10,82944,1.4788984795395006e-10,3.6485445006171933e-11
22,7,11,82944,-1.0879321092897476e-10,3.4122748501430965e-12
22,7,12,82944,-7.0933339213737385e-11,1.3320864965547755e-25
22,8,0,82944,1.7384939634744549e-07,0
22,8,1,82944,3.6734921931753672e-09,-1.68321952588556e-10
22,8,2,82944,5.3265506570447606e-10,-1.0040780416032445e-10
22,8,3,82944,1.9168238934220488e-10,-9.4866342546963793e-12
22,8,4,82944,-8.8967639157997188e-11,2.041055751611142e-10
22,8,5,82944,-3.5103007209309444e-11,3.7020546415192119e-11
22,8,6,82944,1.3977585444806934e-10,-1.6649563527039573e-11
22,8,7,82944,-5.3846008039073062e-11,-1.0262475864631576e-11
22,8,8,82944,6.9773176415392177e-12,5.0635939060088816e-12
22,8,9,82944,-5.0815549512512811e-11,-1.5246487509248715e-10
22,8,10,82944,1.6830145409902324e-10,-7.3635231734761491e-12
22,8,11,82944,-1.0597318601338564e-10,1.2579238362261988e-10
22,8,12,82944,-3.8218816013945244e-11,-6.8054114825205689e-26
22,9,0,82944,1.7426786655928685e-07,0
22,9,1,82944,2.2251517221920197e-09,-1.8444147653344827e-10
22,9,2,82944,1.3769698668715931e-10,8.7824829449310566e-11
22,9,3,82944,4.9833812488782311e-11,1.9166633524858474e-10
22,9,4,82944,-5.7739208981225599e-11,9.5222217749530935e-11
22,9,5,82944,-1.2250685186174492e-10,-1.0845392180418188e-10
22,9,6,82944,7.3555608399761243e-11,1.2274145570806885e-11
22,9,7,82944,-2.4449623145762144e-11,1.3262783640687567e-10
22,9,8,82944,-1.669571175670299e-10,8.4940262731657151e-11
22,9,9,82944,1.6515038523464781e-11,-5.6353094530487994e-11
22,9,10,82944,4.6281218162275646e-11,6.638023797386527e-11
22,9,11,82944,-1.8733625865358796e-11,2.9513615904403244e-11
22,9,12,82944,-2.6968327016563721e-12,1.1931410166599661e-25
22,10,0,82944,1.7532823008933305e-07,0
22,10,1,82944,1.3211289023742334e-09,-2.9435039174455359e-10
22,10,2,82944,-2.6352239152702822e-11,1.8665783996261376e-10
22,10,3,82944,-1.6036315335774986e-11,3.1077615858271111e-11
22,10,4,82944,3.2334276111900336e-12,4.898489419343659e-11
22,10,5,82944,-1.2510256140738167e-11,-1.6513826873782096e-11
22,10,6,82944,-1.1628529625475075e-10,-6.1700779618258838e-11
22,10,7,82944,5.2221982021766019e-11,2.9140698072172243e-11
22,10,8,82944,-6.3020345180001627e-12,-3.6746593673351495e-11
22,10,9,82944,-5.1400721992184864e-11,4.5764834973821031e-11
22,10,10,82944,5.3064321710550031e-13,7.9668082681866355e-11
22,10,11,82944,-6.3731224170753012e-11,-5.1284025943061109e-12
22,10,12,82944,1.9575871512920976e-12,7.7787528668904508e-26
23,1,0,82944,1.7653659009348701e-07,0
23,1,1,82944,1.0226557312748064e-07,-4.4467405944764556e-10
23,1,2,82944,7.5146556401805109e-08,-6.1498205046013856e-10
23,1,3,82944,5.8706667126101177e-08,-5.972177342753029e-10
23,1,4,82944,4.6055937513880889e-08,-6.8310242346053436e-10
23,1,5,82944,3.5565327433905514e-08,-6.9794652342495855e-10
23,1,6,82944,2.7055695195909704e-08,-6.3567358034796879e-10
23,1,7,82944,2.0143576996738634e-08,-4.7588269498791419e-10
23,1,8,82944,1.4745317495608324e-08,-3.5500482897177813e-10
23,1,9,82944,1.0777142019663623e-08,-2.9468859484983982e-10
23,1,10,82944,8.0672730425432966e-09,-1.9439486722299705e-10
23,1,11,82944,6.5229531608586926e-09,-5.8064298903253735e-11
23,1,12,82944,6.0595181982234704e-09,6.3063745678292893e-25
23,2,0,82944,1.7527929738477047e-07,0
23,2,1,82944,6.2279879887473169e-08,-2.3933165143590531e-10
23,2,2,82944,3.6511821348725584e-08,-1.1402738027196328e-11
23,2,3,82944,2.5166119932100698e-08,-1.3741466142449921e-10
23,2,4,82944,1.7888514232259795e-08,-5.874054339748327e-11
23,2,5,82944,1.2547728582737097e-08,-6.2249814542011842e-11
23,2,6,82944,8.7918910461091949e-09,-1.6375039010945398e-11
23,2,7,82944,6.1367367032710157e-09,4.9520637361478109e-11
23,2,8,82944,4.1137882435949883e-09,6.7483286101078491e-11
23,2,9,82944,2.8599316156210107e-09,6.7357673885573407e-11
23,2,10,82944,1.9841262100262337e-09,6.9050698745248023e-11
23,2,11,82944,1.5583420809870401e-09,8.9019870568762083e-11
23,2,12,82944,1.4641566965180105e-09,-2.8237870182820913e-25
23,3,0,82944,1.7373200180015413e-07,0
23,3,1,82944,3.8077910583084057e-08,-2.0825755214358208e-10
23,3,2,82944,1.7716720608538551e-08,-1.8237111333191783e-10
23,3,3,82944,1.0520051314268664e-08,6.4924335298980137e-11
23,3,4,82944,6.7894167807345253e-09,3.1699895954431865e-12
23,3,5,82944,4.2217411424498981e-09,-1.2412066597922718e-11
23,3,6,82944,2.6572920654037498e-09,-5.7454583821864627e-12
23,3,7,82944,1.8623168406685958e-09,2.1125648410715046e-11
23,3,8,82944,1.1774935722138311e-09,3.8297776731383787e-11
23,3,9,82944,7.0114554242456728e-10,2.7658078969709761e-11
23,3,10,82944,4.8710831085665317e-10,4.4833258217434514e-12
23,3,11,82944,3.6302993108925473e-10,1.2671893729821891e-11
23,3,12,82944,2.8563419839209988e-10,-1.3477187979891993e-25
23,4,0,82944,1.7368340964913729e-07,0
23,4,1,82944,2.3315348013355518e-08,-2.1264808042070873e-10
23,4,2,82944,8.751919676462773e-09,-3.4856993208129672e-11
23,4,3,82944,4.4056018771112709e-09,-2.063739681686666e-10
23,4,4,82944,2.5220165572977154e-09,-1.1344363970630552e-10
23,4,5,82944,1.5044662102041475e-09,1.0568131112472926e-10
23,4,6,82944,9.9202170497830832e-10,-1.193869844211133e-11
23,4,7,82944,5.0465731351561904e-10,-5.5270950180670275e-11
23,4,8,82944,4.5719874275164599e-10,1.0430626800101658e-10
23,4,9,82944,3.8068355473235004e-10,1.0699583603097324e-10
23,4,10,82944,2.0804980015887018e-10,2.7590476505561238e-11
23,4,11,82944,1.6219332010248834e-10,6.7418530296448635e-11
23,4,12,82944,9.6864507215245048e-11,1.5286246659448311e-25
23,5,0,82944,1.7405460253248291e-07,0
23,5,1,82944,1.4571840369895539e-08,3.6291366109667875e-11
23,5,2,82944,4.3763432806033542e-09,1.9592248365919543e-10
23,5,3,82944,1.9646951565524282e-09,-2.7163297924723562e-10
23,5,4,82944,1.0799314725719077e-09,-8.6588475112529276e-11
23,5,5,82944,4.4166422129390366e-10,-1.0673601473396948e-11
23,5,6,82944,3.5768592143423751e-10,-1.8162410754526768e-11
23,5,7,82944,2.0869077716120004e-10,-1.9521301129562497e-11
23,5,8,82944,2.4654477192579202e-10,5.8847017763772218e-12
23,5,9,82944,1.1341086111702209e-10,-2.5783553038581687e-11
23,5,10,82944,5.9844159079059881e-11,-1.7138630457248426e-11
23,5,11,82944,7.5728295065681034e-11,6.2892306151269493e-11
23,5,12,82944,1.5265605660340101e-11,-3.634472685653277e-25
23,6,0,82944,1.747969788972115e-07,0
23,6,1,82944,9.003034879466559e-09,-1.627578420350927e-10
23,6,2,82944,2.2736448288376849e-09,2.4053896115534208e-10
23,6,3,82944,8.258201491699015e-10,-1.6390163409965958e-11
23,6,4,82944,4.7333156868915522e-10,1.377843766211564e-10
23,6,5,82944,3.0917391992417465e-10,2.5332195494516622e-11
23,6,6,82944,1.7315100377289883e-10,-1.3189705628407325e-10
23,6,7,82944,6.9861879434242845e-11,-5.6475600010443441e-11
23,6,8,82944,1.1360348635120706e-10,-6.5663092405255748e-11
23,6,9,82944,-1.7748546766330157e-11,2.860412770619396e-12
23,6,10,82944,6.499347678998189e-11,1.5493487338059268e-11
23,6,11,82944,8.5581276144206367e-11,-3.1097733863609884e-11
23,6,12,82944,-2.0661528151271388e-11,1.9746064969798836e-26
23,7,0,82944,1.7461558970223748e-07,0
23,7,1,82944,5.5606112726345942e-09,-1.9443835169645895e-10
23,7,2,82944,1.2661053074845194e-09,2.056849196098741e-10
23,7,3,82944,3.6353918135428268e-10,1.2840038022503844e-10
23,7,4,82944,7.8071686087696524e-11,-6.3863370641020973e-11
23,7,5,82944,5.5510377213154048e-11,2.6488453738788127e-11
23,7,6,82944,9.0544162435299678e-11,-4.7406130645531675e-11
23,7,7,82944,-2.8039252857257125e-11,3.2864674839690976e-11
23,7,8,82944,-1.038322795485983e-10,5.224551990705078e-11
23,7,9,82944,-4.8854219323891728e-12,1.6015548185349247e-11
23,7,10,82944,2.0741682854201905e-12,2.8678610125721708e-11
23,7,11,82944,-5.9449946054289744e-11,2.8331831347515692e-11
23,7,12,82944,7.9375412725216594e-11,-3.5223788622893683e-26
23,8,0,82944,1.7439366626032988e-07,0
23,8,1,82944,3.4259060397569561e-09,5.6447640955960702e-11
23,8,2,82944,5.6865156060905682e-10,2.5620865775681451e-10
23,8,3,82944,1.3323463011279387e-10,4.8697733868584864e-12
23,8,4,82944,4.8189295192726728e-11,3.0425790646657289e-11
23,8,5,82944,6.2644093710776804e-11,-2.9094276566545779e-11
23,8,6,82944,7.0171404895637988e-11,9.2755401655867743e-12
23,8,7,82944,-1.6669040152408552e-11,1.206523274682961e-11
23,8,8,82944,4.1944454203677282e-11,-1.4038083121133873e-11
23,8,9,82944,-9.7831446245731175e-12,-2.7758232954494785e-11
23,8,10,82944,-1.5020536569480192e-12,-2.1981858802099379e-11
23,8,11,82944,8.2950383597259961e-11,-2.1038653650192671e-11
23,8,12,82944,4.4912253882928422e-11,-1.9702184825421508e-25
23,9,0,82944,1.7401185524048061e-07,0
23,9,1,82944,2.1320150734047441e-09,2.3616285821248153e-10
23,9,2,82944,2.1498201099415103e-10,-2.1145085447461984e-10
23,9,3,82944,9.3335511958862775e-11,6.8172412691346963e-11
23,9,4,82944,-9.3252146496137231e-11,-9.1162893256992788e-12
23,9,5,82944,2.5732005410310957e-11,-1.9911268596176746e-11
23,9,6,82944,-1.0140911625515356e-10,3.1545780926474043e-10
23,9,7,82944,-5.4977442438265586e-11,4.4313431040958413e-11
23,9,8,82944,1.5368638165454967e-11,-1.4549764566664363e-11
23,9,9,82944,5.3000725703643078e-11,-4.3298964839065626e-12
23,9,10,82944,1.1222428595355608e-11,-4.1816886619020879e-11
23,9,11,82944,-7.3982999250955837e-11,-6.9300666267185092e-12
23,9,12,82944,-3.0792544579372584e-11,-5.0123092191014623e-26
23,10,0,82944,1.7440779733027764e-07,0
23,10,1,82944,1.2022195083763984e-09,2.8753080320106814e-10
23,10,2,82944,1.9060471727883444e-10,1.9081660770868506e-10
23,10,3,82944,7.7932321751201855e-12,2.3092975758190616e-10
23,10,4,82944,-8.306994978658611e-11,-1.5692641760277335e-10
23,10,5,82944,1.7231086670010905e-11,2.7818005399299586e-10
23,10,6,82944,6.2210787966442717e-11,-7.6313257557598217e-12
23,10,7,82944,2.8675384458273203e-11,6.1910167750071077e-11
23,10,8,82944,-9.1637235312079457e-11,5.4158966781598658e-11
23,10,9,82944,-1.5061469094551512e-11,-7.2274847004686042e-11
23,10,10,82944,3.493841939687613e-11,-4.0140370626751923e-11
23,10,11,82944,-5.4463186649650601e-11,1.4955002859072764e-11
23,10,12,82944,-6.8189455900864183e-11,8.277390871178301e-26
24,1,0,82944,1.7720667109738987e-07,0
24,1,1,82944,1.0302674501463543e-07,2.427639654405984e-10
24,1,2,82944,7.5850029019037311e-08,3.925314848014633e-10
24,1,3,82944,5.9582444669113015e-08,4.7728624937348664e-10
24,1,4,82944,4.7067193594528957e-08,4.1759343008048341e-10
24,1,5,82944,3.6326766968220945e-08,2.3481687217169144e-10
24,1,6,82944,2.7503199651179387e-08,1.2722649627041439e-10
24,1,7,82944,2.0475387839265821e-08,1.3286628579995414e-10
24,1,8,82944,1.4935750059861223e-08,6.6105990291083853e-11
24,1,9,82944,1.0914561351490623e-08,-1.1362353506412441e-11
24,1,10,82944,8.1823137306268593e-09,-6.7283642856748411e-11
24,1,11,82944,6.5649919966271681e-09,-2.5906541314650262e-11
24,1,12,82944,6.0318693324115383e-09,6.9855195296693407e-25
24,2,0,82944,1.7498723183217612e-07,0
24,2,1,82944,6.2432388422815373e-08,1.3013764232345287e-10
24,2,2,82944,3.647875014340983e-08,1.7116237511256009e-10
24,2,3,82944,2.4831174525508593e-08,1.5861902990768164e-10
24,2,4,82944,1.7471615838753606e-08,-6.3108290054152901e-11
24,2,5,82944,1.2360584482874541e-08,-3.3139812606863819e-11
24,2,6,82944,8.5820929977400369e-09,7.1597541819588451e-11
24,2,7,82944,5.9579761636906938e-09,1.5527242268551586e-10
24,2,8,82944,3.9042987812176812e-09,2.3777629894264688e-11
24,2,9,82944,2.601325181417684e-09,-6.169001623015395e-11
24,2,10,82944,1.799449739305545e-09,-3.9136282203616814e-11
24,2,11,82944,1.4134027067665323e-09,-3.3847529193818621e-11
24,2,12,82944,1.258859673742786e-09,5.6289997709044607e-26
24,3,0,82944,1.736732952714166e-07,0
24,3,1,82944,3.8027350619021206e-08,3.3742272558824744e-11
24,3,2,82944,1.7585847000926608e-08,5.6045619360592083e-11
24,3,3,82944,1.024531797030258e-08,2.5013535996642111e-10
24,3,4,82944,6.2822475560551093e-09,-7.4643382515692764e-11
24,3,5,82944,3.9812978941159277e-09,-6.5214740192005199e-11
24,3,6,82944,2.4231775225968955e-09,-2.0689194381316963e-10
24,3,7,82944,1.5243375716126726e-09,-1.2204661672795701e-10
24,3,8,82944,8.6681743980600752e-10,-9.8197738184366778e-11
24,3,9,82944,4.1820787194217124e-10,-5.7355838021807206e-11
24,3,10,82944,2.5447784445188696e-10,5.1423006030889892e-12
24,3,11,82944,8.6519616356796848e-11,1.1825013680206656e-10
24,3,12,82944,1.8645211458506165e-11,-8.1053607596989926e-26
24,4,0,82944,1.7418453083432447e-07,0
24,4,1,82944,2.3806391200576539e-08,-9.3420974108962478e-11
24,4,2,82944,8.6185209291159573e-09,-8.5310459209210857e-11
24,4,3,82944,4.237856389360694e-09,2.2425646639880621e-10
24,4,4,82944,2.2835398966593018e-09,4.4682186614235239e-11
24,4,5,82944,1.4104455046041707e-09,-3.7951856187209986e-11
24,4,6,82944,7.0861573537290419e-10,-7.3906749690872464e-11
24,4,7,82944,3.2954555433646587e-10,1.186126308712697e-10
24,4,8,82944,2.3069822669493613e-10,-1.3920286848524878e-10
24,4,9,82944,1.1039074669726126e-10,2.7293267222454108e-11
24,4,10,82944,-9.610009916256372e-11,7.0029345319444479e-11
24,4,11,82944,-5.6610289329749752e-11,4.6572384083833831e-11
24,4,12,82944,-1.3688550589349662e-11,-2.9016742745518534e-25
24,5,0,82944,1.7487231221843082e-07,0
24,5,1,82944,1.4984118398364381e-08,-7.8184071753390647e-11
24,5,2,82944,4.3495574473473753e-09,-4.2869923566251584e-11
24,5,3,82944,2.1904534341918897e-09,1.7947232021227277e-10
24,5,4,82944,9.6620321031995125e-10,2.323079401522209e-10
24,5,5,82944,5.6236004361690356e-10,1.3033324450564262e-10
24,5,6,82944,2.2602111682879887e-10,-9.7175347018608349e-11
24,5,7,82944,1.0372709733836548e-10,-1.9958529948169505e-10
24,5,8,82944,7.8715247524871137e-11,-2.9150473956153824e-11
24,5,9,82944,-7.7498774820063338e-11,-5.3247220957332301e-11
24,5,10,82944,-2.5119802100300763e-11,1.5302690874306562e-11
24,5,11,82944,-1.3425505351911331e-10,7.6745732573591682e-11
24,5,12,82944,1.1308883239621695e-10,2.5065535199541616e-25
24,6,0,82944,1.7506611057261165e-07,0
24,6,1,82944,9.2047835861826518e-09,-1.3016404986080773e-10
24,6,2,82944,2.026686323304706e-09,2.2324096448955259e-11
24,6,3,82944,1.0856939670813374e-09,1.1525295991272896e-10
24,6,4,82944,3.5926370472177431e-10,-8.1217841670588158e-12
24,6,5,82944,7.0213566331146351e-11,1.685303948099297e-10
24,6,6,82944,1.469035749919611e-10,-7.3099141042037926e-11
24,6,7,82944,1.1478194350822233e-10,1.0915898636793218e-10
24,6,8,82944,2.5169562880771216e-11,1.1449043857724925e-10
24,6,9,82944,-3.2466927045589874e-11,1.2078613505173376e-10
24,6,10,82944,-5.0339194076590124e-11,-1.6263977740308895e-11
24,6,11,82944,-5.0589611108090823e-11,3.1446808155249869e-11
24,6,12,82944,1.477650774562417e-10,3.0337136180872761e-26
24,7,0,82944,1.7451905095776249e-07,0
24,7,1,82944,6.0356675873907368e-09,-1.0787110715076474e-10
24,7,2,82944,9.5582230196352889e-10,-1.2763065789759696e-10
24,7,3,82944,4.7173050110936753e-10,8.3929436396666952e-11
24,7,4,82944,3.0466330909830894e-10,-2.5155445177411256e-11
24,7,5,82944,-1.3936454301369228e-10,2.5464468637903612e-10
24,7,6,82944,7.8598589983838654e-11,1.3704922191210173e-10
24,7,7,82944,-1.719114358917465e-11,3.4273316168683494e-11
24,7,8,82944,-8.1828931283944079e-11,-3.2951458375717779e-11
24,7,9,82944,-9.638340479719562e-11,2.6719761017895594e-11
24,7,10,82944,1.4157261201448626e-11,-1.4032080759001303e-11
24,7,11,82944,-1.6308816215443053e-11,-8.0492247547354726e-11
24,7,12,82944,6.4276521704579442e-11,-1.5812808391976282e-25
24,8,0,82944,1.7390203804298414e-07,0
24,8,1,82944,3.7816472370271631e-09,1.8695830604033176e-12
24,8,2,82944,5.4408262483069501e-10,5.6857562709336455e-11
24,8,3,82944,1.0859897151426951e-10,1.5712250755911407e-10
24,8,4,82944,3.892929621746156e-10,9.115113088771052e-11
24,8,5,82944,-1.8908010787380276e-10,6.8312097390175379e-11
24,8,6,82944,4.7781168114502203e-11,2.3028482701125085e-10
24,8,7,82944,-3.5163155882689211e-11,4.9311965117329837e-11
24,8,8,82944,-1.9222209989866994e-10,-1.4437158693155493e-11
24,8,9,82944,-6.1877218684926531e-11,-6.861876097955669e-11
24,8,10,82944,-2.4253716669803668e-12,4.5143294223073725e-11
24,8,11,82944,4.0907499977432285e-11,8.4432530295586994e-11
24,8,12,82944,-6.5673698940064548e-11,-2.0338446918892802e-25
24,9,0,82944,1.7423583579587452e-07,0
24,9,1,82944,2.2559186465516666e-09,2.9397530600149137e-10
24,9,2,82944,5.2141852322686249e-11,-4.1514372317492189e-11
24,9,3,82944,1.3583250038931786e-10,7.5542802673090029e-11
24,9,4,82944,-1.2351492450651034e-10,-2.2927299977628944e-10
24,9,5,82944,-2.1305593241076868e-10,-1.4139656212178272e-10
24,9,6,82944,-1.5643503626879638e-11,-2.2619249324258821e-11
24,9,7,82944,-1.3033097588449497e-12,-8.2252674880632952e-11
24,9,8,82944,-4.476668720712309e-11,-5.2467578319787009e-11
24,9,9,82944,1.3131794076768008e-11,-5.5750215561076354e-12
24,9,10,82944,3.5588048064493952e-12,-5.4449710490649357e-11
24,9,11,82944,-2.6404272775338347e-12,-3.8815395202111126e-11
24,9,12,82944,5.6807365369525807e-11,-1.1125611151670498e-25
24,10,0,82944,1.7439696014536473e-07,0
24,10,1,82944,1.3985091318402703e-09,1.084823928286807e-10
24,10,2,82944,1.3839160016767576e-10,-2.911152600870605e-10
24,10,3,82944,1.0096840305470044e-12,3.3679200726433352e-11
24,10,4,82944,-9.1969277824546064e-11,-6.9836169425876426e-11
24,10,5,82944,-1.1044059735223611e-10,3.3732548956200206e-11
24,10,6,82944,-2.2410691361753539e-11,-8.0138749024125255e-11
24,10,7,82944,1.3966369205020459e-10,3.2687154086976792e-11
24,10,8,82944,-5.0696987447722198e-11,-3.9214854684652779e-12
24,10,9,82944,9.9131378337704994e-11,5.7254897868147345e-11
24,10,10,82944,1.0533004609463822e-12,3.9690916758407524e-11
24,10,11,82944,3.5769336525245137e-11,1.0744255614047264e-11
24,10,12,82944,5.9096672114748019e-11,2.3573859609714514e-25
25,1,0,82944,1.7753375774013665e-07,0
25,1,1,82944,1.0317708191682777e-07,-4.0085012970044731e-11
25,1,2,82944,7.6022784031942369e-08,-8.8108826344486398e-11
25,1,3,82944,5.9703346068169013e-08,-1.9286857192015994e-10
25,1,4,82944,4.7252621467946999e-08,-2.7952906656554559e-10
25,1,5,82944,3.6917203335969617e-08,-2.8136014233228315e-10
25,1,6,82944,2.8457242966599449e-08,-2.0653515994481709e-10
25,1,7,82944,2.1662390525950743e-08,-2.2853579559618345e-10
25,1,8,82944,1.6238629297327489e-08,-2.271929064250151e-10
25,1,9,82944,1.2142395807393371e-08,-4.7870586908328208e-11
25,1,10,82944,9.3584490643800405e-09,-1.8017316808074163e-11
25,1,11,82944,7.7643302452392673e-09,7.7462229537419791e-12
25,1,12,82944,7.2189126593520431e-09,-7.1616384727838087e-25
25,2,0,82944,1.7479782734913505e-07,0
25,2,1,82944,6.2077905724558397e-08,-8.0598616534408863e-11
25,2,2,82944,3.6480461506399214e-08,-8.1427963571644182e-11
25,2,3,82944,2.459717131037194e-08,-2.3364841127460526e-10
25,2,4,82944,1.7457284796829503e-08,3.8356475305873908e-11
25,2,5,82944,1.2123014325305354e-08,1.0231093585644692e-10
25,2,6,82944,8.5464330293199031e-09,1.889152890517944e-10
25,2,7,82944,5.8541799952930414e-09,2.7456933642595437e-10
25,2,8,82944,4.0060748725343325e-09,2.5814145067318129e-10
25,2,9,82944,2.6646601326095258e-09,2.7106121416376143e-10
25,2,10,82944,1.8739543607292194e-09,3.2389733809150266e-10
25,2,11,82944,1.4167386822927074e-09,1.4139079060759034e-10
25,2,12,82944,1.2699985712377234e-09,9.4063073128859917e-26
25,3,0,82944,1.7449231690781384e-07,0
25,3,1,82944,3.8232402584270804e-08,5.5001998476178065e-12
25,3,2,82944,1.7749396767341116e-08,7.5290689137697444e-11
25,3,3,82944,1.0315927422634871e-08,-1.5048875122216391e-10
25,3,4,82944,6.5639138486391919e-09,-7.4853370304933902e-11
25,3,5,82944,4.18794841166482e-09,-1.7307971219025077e-10
25,3,6,82944,2.8190264677438274e-09,1.1177437278943685e-11
25,3,7,82944,1.6784512289369466e-09,9.176372412942535e-11
25,3,8,82944,1.0180800274323582e-09,-1.7135396626344876e-11
25,3,9,82944,6.3926028896184984e-10,-2.8472197312206433e-12
25,3,10,82944,3.8393191107367208e-10,5.2209099945472898e-11
25,3,11,82944,3.1866630231830711e-10,-4.1893429996052002e-11
25,3,12,82944,2.2969028358083475e-10,-1.0255986472192487e-25
25,4,0,82944,1.7518292761897741e-07,0
25,4,1,82944,2.3561995000313566e-08,-8.2740005220797123e-12
25,4,2,82944,8.8231982657976312e-09,7.1501343252935724e-12
25,4,3,82944,4.3455486324773936e-09,-4.19768862205718e-11
25,4,4,82944,2.6914457526704762e-09,-1.4658274461892748e-10
25,4,5,82944,1.5445245578632829e-09,-1.0001198207093291e-10
25,4,6,82944,7.7346433977304494e-10,2.0431019877954982e-11
25,4,7,82944,4.7087877993386161e-10,-6.4304042007218463e-11
25,4,8,82944,3.5355159667628782e-10,7.2826216300035684e-11
25,4,9,82944,2.2075680930878813e-10,1.1244269953928782e-10
25,4,10,82944,8.9217394438576329e-11,2.2960605231353778e-11
25,4,11,82944,2.109800921928096e-10,3.6571050904213411e-11
25,4,12,82944,1.5214663981309072e-10,1.9072903664010241e-26
25,5,0,82944,1.7474613908180048e-07,0
25,5,1,82944,1.4514482853046871e-08,-1.2981932570157457e-10
25,5,2,82944,4.1423096539418873e-09,-1.421218864883371e-10
25,5,3,82944,1.8669731040386704e-09,1.383172785353508e-11
25,5,4,82944,1.1430771464542627e-09,-8.0010330761990651e-11
25,5,5,82944,3.4513596020185301e-10,-1.8250935296363689e-10
25,5,6,82944,1.9273589107000901e-10,-1.5559650517117053e-10
25,5,7,82944,1.882797336384244e-10,9.4357461762977993e-11
25,5,8,82944,2.4962664731294789e-10,-4.9857214988445803e-11
25,5,9,82944,3.6496234985285641e-11,-5.0467657165982444e-12
25,5,10,82944,2.2634478151108915e-11,1.0057257146758175e-10
25,5,11,82944,1.9553203137287926e-11,5.320209413183913e-11
25,5,12,82944,1.1283175287835401e-11,5.913846730853894e-26
25,6,0,82944,1.7431943439177272e-07,0
25,6,1,82944,8.9253173026717362e-09,1.5313963203260386e-10
25,6,2,82944,2.0980365481314483e-09,-2.6672003110277094e-10
25,6,3,82944,9.3161087900069059e-10,-4.2527791678358857e-11
25,6,4,82944,5.738825123079736e-10,-8.8658241086367517e-12
25,6,5,82944,8.1883743990987178e-11,-2.3920908529083371e-10
25,6,6,82944,1.0988975332829719e-10,2.6710003484923324e-11
25,6,7,82944,1.3752234428143217e-10,-4.5295788464602754e-11
25,6,8,82944,-1.6893859167894223e-11,-3.4787360021448397e-11
25,6,9,82944,1.0940464583878957e-11,1.281075448336429e-10
25,6,10,82944,1.9359872306245051e-11,2.9602570263205611e-11
25,6,11,82944,-4.7361292725098203e-11,8.305996552776775e-12
25,6,12,82944,4.3792527628304159e-11,-6.3067734782327199e-26
25,7,0,82944,1.7496983612283664e-07,0
25,7,1,82944,5.7330300732364601e-09,2.516931596153544e-10
25,7,2,82944,1.1323297251698614e-09,-5.2047065117311566e-13
25,7,3,82944,4.9426037207773108e-10,-5.5476254289176353e-12
25,7,4,82944,-7.3627072015299104e-11,-2.1882240568325957e-10
25,7,5,82944,-5.9829174216114755e-11,1.4918989407120458e-11
25,7,6,82944,-1.0219859843744348e-10,2.5788925404142927e-11
25,7,7,82944,5.6963027238280225e-11,1.4814790413796484e-10
25,7,8,82944,-9.4069939708985345e-11,9.5686739309884469e-12
25,7,9,82944,4.9040756360768255e-11,2.0154371957086057e-11
25,7,10,82944,-2.599021812930018e-11,-6.0695036028337539e-11
25,7,11,82944,2.9017068546849349e-11,-1.849825219469931e-11
25,7,12,82944,3.8126233001827861e-11,2.2338982592095653e-25
25,8,0,82944,1.7514359715947009e-07,0
25,8,1,82944,3.6642249640820141e-09,4.4259750997391742e-10
25,8,2,82944,6.5188863041964011e-10,1.1499137974967927e-10
25,8,3,82944,5.3258921197757741e-10,-1.5029802583341994e-10
25,8,4,82944,3.7251783331368777e-13,-2.1322222887702668e-10
25,8,5,82944,-1.6956592366558118e-10,-1.6678942611001721e-10
25,8,6,82944,8.5062013844472042e-12,8.2119848294124862e-11
25,8,7,82944,-1.2871708382437394e-10,-3.1810262912984407e-11
25,8,8,82944,-2.5956263762539454e-11,-4.8026350816854931e-11
25,8,9,82944,2.6899231219612072e-11,-1.646996060068958e-11
25,8,10,82944,7.8823375162935499e-12,-7.3190666009395859e-11
25,8,11,82944,-1.2160946927882315e-10,2.7182970222091463e-11
25,8,12,82944,6.4468768089068355e-12,-2.5817481310007695e-25
25,9,0,82944,1.7535722127723146e-07,0
25,9,1,82944,2.3918785760547605e-09,2.0606999908836124e-10
25,9,2,82944,2.6802656925158945e-10,2.916220420383515e-10
25,9,3,82944,9.8924182806936327e-11,-1.2814554444045161e-10
25,9,4,82944,-6.2819625421622947e-11,1.0065995332084611e-10
25,9,5,82944,6.577388402607881e-11,6.2057941276934212e-11
25,9,6,82944,1.2628015518194783e-10,-9.2452342154709809e-11
25,9,7,82944,-2.5266218246415658e-11,4.0163742462447156e-11
25,9,8,82944,-3.4802151650348545e-11,7.5487993020639113e-11
25,9,9,82944,-5.4325332792162575e-11,2.3330028580797014e-11
25,9,10,82944,4.2130892039125054e-11,5.2961934408694789e-11
25,9,11,82944,5.5984308899356088e-12,6.4124723186830348e-11
25,9,12,82944,-1.2117282575461948e-10,1.1917448302479601e-25
25,10,0,82944,1.7422639007428397e-07,0
25,10,1,82944,1.414259549030878e-09,-6.0405899883910939e-11
25,10,2,82944,3.5537645388782686e-10,-5.0116618449931992e-11
25,10,3,82944,1.2912655266547241e-10,6.8124953921098138e-12
25,10,4,82944,-1.7646402029813156e-10,4.3728056519471631e-11
25,10,5,82944,4.6168740920118985e-11,-1.095212061951826e-11
25,10,6,82944,-1.3590757612224132e-10,-4.1585172154415214e-11
25,10,7,82944,1.1838236734504995e-10,-2.7446418683482699e-11
25,10,8,82944,-6.5147221176965399e-11,-5.2431254754108382e-11
25,10,9,82944,-6.2243132856562955e-11,-4.3944100041595398e-11
25,10,10,82944,5.8815006619206685e-11,-3.0597306732472199e-11
25,10,11,82944,-1.8140319735154532e-11,-1.1362441272078381e-10
25,10,12,82944,-5.4951918307592559e-12,1.6953692145786881e-27
26,1,0,82944,1.7735992837621887e-07,0
26,1,1,82944,1.0260276827641364e-07,-2.7358679261134855e-10
26,1,2,82944,7.5068534891652551e-08,-4.1940808849819836e-10
26,1,3,82944,5.8410691901377142e-08,-5.3953491292988423e-10
26,1,4,82944,4.5917229296945681e-08,-7.084341800773505e-10
26,1,5,82944,3.563492724643621e-08,-8.1768117601938148e-10
26,1,6,82944,2.7003278984305532e-08,-6.5957230619192183e-10
26,1,7,82944,1.9967838523441363e-08,-6.2773425593672e-10
26,1,8,82944,1.4478637525940178e-08,-4.5221019984601226e-10
26,1,9,82944,1.0480833729724487e-08,-3.243269496400366e-10
26,1,10,82944,7.7388043090183312e-09,-2.2233846059824772e-10
26,1,11,82944,6.1668339437505387e-09,-1.0344957924486386e-10
26,1,12,82944,5.7400460610638213e-09,8.1202201722267702e-25
26,2,0,82944,1.7507677045579262e-07,0
26,2,1,82944,6.219969609175054e-08,-1.1679561390230551e-10
26,2,2,82944,3.6405218837644815e-08,-3.6516495207228941e-10
26,2,3,82944,2.4686195388550639e-08,-3.5008064245186369e-10
26,2,4,82944,1.7406244008068186e-08,-3.5197265124397851e-10
26,2,5,82944,1.2194484062810771e-08,-2.4086856624646439e-10
26,2,6,82944,8.637036639756876e-09,-1.6348063310005523e-10
26,2,7,82944,5.8766202631572407e-09,-3.4297339357600199e-10
26,2,8,82944,3.9308672901383739e-09,-2.1629622962073952e-10
26,2,9,82944,2.6544615856832891e-09,-2.1467623472456706e-10
26,2,10,82944,1.8636925683804046e-09,-1.3110658717801938e-10
26,2,11,82944,1.5435704174896409e-09,-6.6253202359472221e-12
26,2,12,82944,1.4428813589134316e-09,4.2902813888926568e-26
26,3,0,82944,1.7454972990553098e-07,0
26,3,1,82944,3.809495668232838e-08,-5.6375822031660185e-11
26,3,2,82944,1.776801120029729e-08,-3.1728655511109786e-10
26,3,3,82944,1.0381539127316464e-08,-3.6161985096846269e-10
26,3,4,82944,6.6060138804309871e-09,-1.5977353921093229e-10
26,3,5,82944,4.2531939860250391e-09,1.0423985012150816e-11
26,3,6,82944,2.7400876958566613e-09,-1.1833388489069535e-10
26,3,7,82944,1.7141910559415769e-09,-1.6912339460261329e-10
26,3,8,82944,1.0597584538499273e-09,-1.1946032599314044e-10
26,3,9,82944,6.6752471471785893e-10,-8.1084201475142155e-11
26,3,10,82944,4.5733281040736486e-10,-5.9449435255794e-11
26,3,11,82944,3.939984377170753e-10,3.3924409046934877e-11
26,3,12,82944,3.7370998538496823e-10,-3.3638119769258322e-26
26,4,0,82944,1.7475741598842064e-07,0
26,4,1,82944,2.3545965466358394e-08,-6.9534482435404087e-11
26,4,2,82944,8.8469205553221777e-09,-7.1676671368374083e-11
26,4,3,82944,4.4974323033820729e-09,-2.0167695958797756e-10
26,4,4,82944,2.5226637599133279e-09,-1.4752386517857428e-10
26,4,5,82944,1.5233968668668827e-09,1.6749702134905009e-12
26,4,6,82944,7.9214606649863429e-10,-8.0839104225836555e-11
26,4,7,82944,4.1201337806098945e-10,7.4045445045167299e-11
26,4,8,82944,1.3053339963299042e-10,9.2372912737508807e-11
26,4,9,82944,1.2428859955747736e-10,8.4568676677681233e-11
26,4,10,82944,5.8725780376251156e-12,3.0646170094552797e-11
26,4,11,82944,-3.8758263701769449e-12,-2.2157311067111184e-12
26,4,12,82944,7.0412803283660887e-11,1.6179805963132139e-25
26,5,0,82944,1.7560578613053446e-07,0
26,5,1,82944,1.4832077508237946e-08,6.6574423218096104e-11
26,5,2,82944,4.4834037591431995e-09,2.6554715292837753e-11
26,5,3,82944,1.941865554754012e-09,-1.059713781307817e-10
26,5,4,82944,1.2234600340525532e-09,-3.2003510006163487e-11
26,5,5,82944,4.4981509347208948e-10,3.3220232049049511e-11
26,5,6,82944,1.5609030823981274e-10,-1.4970680123037246e-10
26,5,7,82944,-5.7514123379121518e-12,9.1629419188279612e-11
26,5,8,82944,4.2055805862135052e-11,1.4108666824384623e-11
26,5,9,82944,9.5304169721243155e-12,-7.1500848931574963e-12
26,5,10,82944,-1.3264505258373757e-11,-1.9271631139548507e-11
26,5,11,82944,7.4908370827340367e-11,4.0010499702724035e-11
26,5,12,82944,4.0814406506406449e-11,-4.6672517201342708e-26
26,6,0,82944,1.7442855695533205e-07,0
26,6,1,82944,8.958064728267697e-09,2.7484785945680147e-10
26,6,2,82944,1.8778022354697083e-09,1.2007646387621223e-10
26,6,3,82944,7.5514374712810553e-10,-4.0195059731688748e-11
26,6,4,82944,3.187455808659632e-10,-4.3724680802132652e-11
26,6,5,82944,1.7868558767014265e-10,-4.259079281091135e-11
26,6,6,82944,4.2434056999242217e-11,-9.3320576678162426e-11
26,6,7,82944,1.1511749171691806e-10,-1.1061305607937436e-10
26,6,8,82944,8.9684606397267128e-11,-1.5814736330517911e-10
26,6,9,82944,-3.0308558727033505e-11,-1.9313174733071569e-11
26,6,10,82944,-2.750977846794275e-11,-2.1723800194519689e-12
26,6,11,82944,3.5066200899391575e-13,-2.9660930688789333e-11
26,6,12,82944,-9.2535778746632922e-11,-6.1217787786419274e-26
26,7,0,82944,1.7490010756218607e-07,0
26,7,1,82944,5.712752163892749e-09,-4.6858798404918795e-11
26,7,2,82944,1.1304872625058131e-09,-8.675592480497909e-11
26,7,3,82944,3.1809223445653403e-10,-1.0274999030893577e-10
26,7,4,82944,2.3724036212321412e-10,-4.1180879564218303e-11
26,7,5,82944,7.6308815855860257e-11,8.6358151070566596e-11
26,7,6,82944,3.002314363739508e-11,1.0130812391222156e-10
26,7,7,82944,-9.0620259967041209e-11,-7.9999549538090061e-11
26,7,8,82944,1.0267083359851463e-11,3.8900087993875552e-12
26,7,9,82944,-7.5945915854346278e-11,-1.027575676217395e-10
26,7,10,82944,-3.7995769117874218e-11,3.6118896350329319e-11
26,7,11,82944,1.2966299824679008e-11,-3.0610895209845632e-11
26,7,12,82944,1.7706435840387462e-11,-1.7751512952647441e-26
26,8,0,82944,1.7474428910407188e-07,0
26,8,1,82944,3.620670947362372e-09,-1.3186134082725503e-10
26,8,2,82944,5.9596297457608978e-10,2.0690579869880469e-10
26,8,3,82944,5.6050832134853289e-11,4.5705731152072536e-11
26,8,4,82944,-1.5141244042510831e-11,7.5029547805637794e-11
26,8,5,82944,-7.5186794109675928e-11,1.975038608042742e-11
26,8,6,82944,3.8402567054062004e-11,1.0114730815434024e-10
26,8,7,82944,1.3288897080039899e-10,-1.0874297784191085e-10
26,8,8,82944,-1.2528894717269611e-10,-1.0147047654381077e-10
26,8,9,82944,7.6864053281755178e-11,-1.5534255255585003e-11
26,8,10,82944,2.3345926952194202e-11,-5.3974959900441694e-11
26,8,11,82944,-9.3859681839895331e-12,-1.0336872557013754e-11
26,8,12,82944,-4.9452651836692543e-11,-1.1327060905402788e-25
26,9,0,82944,1.7396213603460301e-07,0
26,9,1,82944,2.2628340851940674e-09,1.0996676866474414e-10
26,9,2,82944,3.0787648725237981e-10,2.7099765747743813e-10
26,9,3,82944,-1.431146980984387e-10,1.4417176326743191e-10
26,9,4,82944,1.1691794448699485e-10,-5.2130675486234077e-11
26,9,5,82944,-2.532268458509142e-10,3.7713806698615754e-11
26,9,6,82944,7.5902547483228e-11,1.8109534773863328e-11
26,9,7,82944,6.1875981119547526e-11,-6.4397991782633126e-11
26,9,8,82944,-2.5268167257532944e-11,-6.5947975192490877e-11
26,9,9,82944,-7.7146027795002395e-11,3.1548741754275983e-11
26,9,10,82944,1.9324970551444069e-13,9.8368932160170907e-12
26,9,11,82944,6.9731835882751893e-11,-6.6138184049907789e-11
26,9,12,82944,1.1517736409187382e-11,-2.1980461867012693e-25
26,10,0,82944,1.7439368074567206e-07,0
26,10,1,82944,1.4209028712916271e-09,1.0292749789851495e-10
26,10,2,82944,1.904393750937741e-10,-1.0555412670646934e-10
26,10,3,82944,4.5279821009593359e-12,-2.4708339117282548e-11
26,10,4,82944,8.8678748684131318e-11,-1.0315026196549512e-11
26,10,5,82944,-1.4105080470864679e-10,-2.5975410939971174e-11
26,10,6,82944,5.9183156834939498e-11,7.4282675053551887e-12
26,10,7,82944,1.1522230953599196e-10,1.7664375023642968e-10
26,10,8,82944,3.6737110760794547e-11,-5.751636282562959e-11
26,10,9,82944,-5.3504373845883813e-11,-1.6044067525777154e-11
26,10,10,82944,3.2054824581202342e-11,4.3607328562031603e-11
26,10,11,82944,-1.9859899091713152e-11,-5.2126467462618385e-12
26,10,12,82944,-2.9097792497706277e-11,-1.2027148663422929e-26
27,1,0,82944,1.7835464107383079e-07,0
27,1,1,82944,1.0333894965214108e-07,3.9324974638845447e-10
27,1,2,82944,7.6011671820787701e-08,5.810939053062834e-10
27,1,3,82944,5.9666705329655022e-08,7.2543985162221108e-10
27,1,4,82944,4.7120953658765644e-08,7.4049445807377378e-10
27,1,5,82944,3.6696625344226941e-08,7.6244497205631601e-10
27,1,6,82944,2.8173676167712617e-08,7.6768315653330125e-10
27,1,7,82944,2.1156363733516455e-08,7.6310978676914922e-10
27,1,8,82944,1.5683952838847149e-08,6.3268105666944463e-10
27,1,9,82944,1.1572753215721841e-08,4.5303121540456191e-10
27,1,10,82944,8.7004781444558959e-09,3.1197231966556623e-10
27,1,11,82944,7.0406223154750499e-09,1.1903567760922076e-10
27,1,12,82944,6.5031640943806343e-09,1.2127773812688217e-24
27,2,0,82944,1.7607497649602338e-07,0
27,2,1,82944,6.2223096215793467e-08,1.5037057539577511e-10
27,2,2,82944,3.6332888627539171e-08,1.7645772975014071e-10
27,2,3,82944,2.4591683238878797e-08,4.3109170120514925e-10
27,2,4,82944,1.7355507068618869e-08,3.1557791502207743e-10
27,2,5,82944,1.2171984041723076e-08,1.63263246519218e-10
27,2,6,82944,8.5551671964664745e-09,2.0872975169112484e-10
27,2,7,82944,5.978161302559305e-09,3.0900982532509283e-11
27,2,8,82944,4.0186919580749567e-09,-1.3297622426243888e-11
27,2,9,82944,2.6604781814548722e-09,1.5469040482211185e-11
27,2,10,82944,1.8305914775135835e-09,-2.598915440170866e-11
27,2,11,82944,1.367667681669599e-09,-1.9454834453903031e-11
27,2,12,82944,1.2676753097551931e-09,-1.4173286633877832e-25
27,3,0,82944,1.7540890559538785e-07,0
27,3,1,82944,3.814688937060953e-08,-1.4807510277916106e-11
27,3,2,82944,1.7719463688809234e-08,1.2683690580656783e-10
27,3,3,82944,1.0374087063251322e-08,1.7739924231709466e-10
27,3,4,82944,6.7518072444995273e-09,5.967815681175053e-11
27,3,5,82944,4.3499751753403319e-09,-1.6498009057081637e-10
27,3,6,82944,2.8438950522031362e-09,1.6793718209672008e-11
27,3,7,82944,1.8390545946913635e-09,-1.1726972811752991e-11
27,3,8,82944,1.2392825512221065e-09,-3.2075506141558705e-11
27,3,9,82944,7.5019165255425813e-10,2.660194482809946e-11
27,3,10,82944,5.2055542189908869e-10,-6.4110867426744832e-11
27,3,11,82944,4.1059733206678216e-10,-2.0182158982266677e-11
27,3,12,82944,3.6695185673319655e-10,1.0090438654768921e-25
27,4,0,82944,1.7470930344881287e-07,0
27,4,1,82944,2.3481985242273257e-08,-1.9793484860516432e-11
27,4,2,82944,8.9267856755542989e-09,2.1950496107989487e-11
27,4,3,82944,4.6027966638817637e-09,1.543576267967792e-10
27,4,4,82944,2.3656470672063298e-09,-3.4972984503486906e-11
27,4,5,82944,1.4351326836411642e-09,-1.3686390134035688e-10
27,4,6,82944,9.3999658194398769e-10,9.4800691229368566e-11
27,4,7,82944,5.3005509169109298e-10,-4.0569781618023249e-11
27,4,8,82944,3.6232825621824711e-10,-1.0531874683657423e-10
27,4,9,82944,7.9986324987801482e-11,-1.1905611902458767e-10
27,4,10,82944,5.9798541558537056e-11,-1.3084099746129455e-10
27,4,11,82944,-2.8531761722018548e-12,3.7194627021059165e-12
27,4,12,82944,-1.0419720884865324e-10,-2.5031627815250042e-26
27,5,0,82944,1.7471284494481541e-07,0
27,5,1,82944,1.4620675585215933e-08,1.5443001860571009e-11
27,5,2,82944,4.3403221370720856e-09,1.6275292459291674e-10
27,5,3,82944,1.8337863382378492e-09,9.7721684437860589e-11
27,5,4,82944,7.3950847558131688e-10,-1.1712261683806684e-11
27,5,5,82944,4.0528320593877258e-10,-9.372252574660251e-11
27,5,6,82944,2.5753773163458839e-10,-1.4869273836434721e-10
27,5,7,82944,8.4313535606454687e-11,3.937391183066744e-12
27,5,8,82944,-6.1361041305232058e-11,-1.318004112085378e-10
27,5,9,82944,-6.0778310368341022e-11,-2.333647293508516e-11
27,5,10,82944,-1.871564669141778e-11,4.3436976887705733e-12
27,5,11,82944,-4.4660619020722922e-11,-2.3839234061626806e-11
27,5,12,82944,4.9648433382673253e-11,-7.0921283349860821e-26
27,6,0,82944,1.7497237154735789e-07,0
27,6,1,82944,9.0721605232582426e-09,-9.1608660019413654e-11
27,6,2,82944,2.1899534797920349e-09,2.5595774326838383e-10
27,6,3,82944,5.7493906545553069e-10,5.5866989139738978e-11
27,6,4,82944,3.8211491956663122e-10,1.3886189507660847e-10
27,6,5,82944,2.12770807025465e-10,1.2645858460233871e-10
27,6,6,82944,2.7648119113503701e-10,1.0140828085570445e-10
27,6,7,82944,1.4025926948774203e-10,-3.0749371858207274e-11
27,6,8,82944,7.7872601155717765e-11,7.2583057594472692e-11
27,6,9,82944,-8.6027283829794491e-11,6.2001063246155553e-11
27,6,10,82944,-5.0699355792071894e-11,5.1829467752633396e-11
27,6,11,82944,6.0365121229649658e-12,5.5320662617475202e-12
27,6,12,82944,3.4521952929878817e-11,3.7736924164504447e-26
27,7,0,82944,1.743662536017311e-07,0
27,7,1,82944,5.6833815496765438e-09,-5.4176143786166526e-13
27,7,2,82944,1.0490670649045395e-09,-1.5411355698741254e-10
27,7,3,82944,2.8336323760499056e-10,6.339997806439125e-11
27,7,4,82944,3.220133321240714e-10,-4.7136761549268841e-11
27,7,5,82944,2.0286675263930151e-10,1.3558988124064335e-10
27,7,6,82944,1.9555062006609014e-10,2.7411582732879507e-11
27,7,7,82944,-1.431069844042998e-10,1.5902382204579879e-11
27,7,8,82944,1.4030090316629355e-10,-1.9162113489806143e-11
27,7,9,82944,2.3814166843303397e-11,-4.3153477356466762e-11
27,7,10,82944,-8.310185572456531e-11,4.5783275019931291e-11
27,7,11,82944,5.1046110738513027e-11,4.4645386304786081e-12
27,7,12,82944,2.5375363329002735e-11,4.2134911362323277e-26
27,8,0,82944,1.7481793444722275e-07,0
27,8,1,82944,3.3470120718578984e-09,-1.1538164053330974e-10
27,8,2,82944,5.6239032681255792e-10,-1.6259698213408925e-10
27,8,3,82944,3.1400544944397987e-10,1.1451641073720407e-10
27,8,4,82944,-1.5636494580726782e-11,-2.6273977484802913e-10
27,8,5,82944,7.1584251819811498e-11,-6.0198567076722297e-11
27,8,6,82944,1.9365114684242622e-10,8.3349904311132069e-11
27,8,7,82944,-1.4345772659217936e-10,1.3051286497946665e-10
27,8,8,82944,1.1933118876099182e-11,-1.1414256323609944e-11
27,8,9,82944,1.1259217987173874e-11,2.7579788030301324e-13
27,8,10,82944,-3.873942583023807e-11,5.9561831627434686e-12
27,8,11,82944,4.82807339753022e-11,7.3175422873945572e-11
27,8,12,82944,-7.8784551122928224e-11,-1.7512166710589273e-26
27,9,0,82944,1.7376467004018019e-07,0
27,9,1,82944,2.2839044315656325e-09,-1.1099786867343788e-10
27,9,2,82944,1.7379892365380031e-10,-2.4565097464665101e-10
27,9,3,82944,2.033170578053827e-10,9.4913391750767048e-11
27,9,4,82944,1.1075310523839705e-10,-4.9928740833255626e-11
27,9,5,82944,-3.0502987186789606e-11,-8.2773685774308937e-11
27,9,6,82944,-1.8965848548659986e-11,-1.4814086814477233e-10
27,9,7,82944,-1.0072300318555245e-10,-5.6268883377477609e-11
27,9,8,82944,2.1025996807268242e-11,4.3031689135610385e-11
27,9,9,82944,-5.9736701119918617e-11,9.2387085348019771e-11
27,9,10,82944,-2.9151346824359965e-11,1.0424863166788859e-10
27,9,11,82944,-1.3823359859449021e-12,7.1168026690992341e-12
27,9,12,82944,1.4634054294830121e-11,-1.225652214539534e-25
27,10,0,82944,1.7248759282091662e-07,0
27,10,1,82944,1.3168687719834624e-09,-1.4927488047818923e-10
27,10,2,82944,-3.9090628426387422e-11,6.4717527642736679e-11
27,10,3,82944,7.6908691905375272e-11,1.2303641463976644e-10
27,10,4,82944,-5.7422051212605995e-11,-9.5305792814035684e-11
27,10,5,82944,1.4786213340055588e-10,4.2232119210453083e-11
27,10,6,82944,1.6244671135864803e-10,-1.788901748343883e-10
27,10,7,82944,-1.6719366537553859e-10,-7.6583667985534319e-13
27,10,8,82944,-5.8358828379027096e-11,8.8516519122358878e-11
27,10,9,82944,2.001546004263808e-11,-8.322627650628577e-11
27,10,10,82944,7.902343489395891e-11,1.8935960590814475e-11
27,10,11,82944,4.8450669588685097e-11,-6.4444686900344095e-11
27,10,12,82944,3.6595564915015141e-11,1.2511824803590718e-25
28,1,0,82944,1.767307678151646e-07,0
28,1,1,82944,1.0235041330116459e-07,-3.8838422151925491e-10
28,1,2,82944,7.4581300063860832e-08,-7.7610706525627273e-10
28,1,3,82944,5.7994589061218064e-08,-1.0802704715260391e-09
28,1,4,82944,4.5287054721816872e-08,-1.0714531794912665e-09
28,1,5,82944,3.5128951025409206e-08,-9.9243810271720906e-10
28,1,6,82944,2.6756783358724091e-08,-9.6938119468206245e-10
28,1,7,82944,2.0070055625568568e-08,-8.2305436646222844e-10
28,1,8,82944,1.4938138086267277e-08,-6.9867985514265276e-10
28,1,9,82944,1.1133425393638825e-08,-5.6415380514336224e-10
28,1,10,82944,8.6048727529373993e-09,-4.1082486680771182e-10
28,1,11,82944,7.0383392842451877e-09,-1.9893274156688593e-10
28,1,12,82944,6.5143221649076597e-09,-9.7447827901965844e-25
28,2,0,82944,1.7545333229664469e-07,0
28,2,1,82944,6.242662122976205e-08,-1.7932977180946103e-10
28,2,2,82944,3.6262121286114766e-08,-2.600194488111439e-10
28,2,3,82944,2.4367617116769431e-08,7.5697020011753981e-12
28,2,4,82944,1.663031053417792e-08,7.9331622382210013e-11
28,2,5,82944,1.1523427661267457e-08,1.8280251491528716e-10
28,2,6,82944,8.072859389717525e-09,5.8091443375747145e-11
28,2,7,82944,5.4089122276120713e-09,5.2010596054030975e-12
28,2,8,82944,3.6664896417475173e-09,-5.6582576910892532e-11
28,2,9,82944,2.4876982645915738e-09,-3.3600214478307444e-11
28,2,10,82944,1.800667715803436e-09,-2.7284903643065632e-11
28,2,11,82944,1.3138351900570396e-09,5.3316406564040827e-11
28,2,12,82944,1.186716413989161e-09,-9.003407805421409e-26
28,3,0,82944,1.7538641825836229e-07,0
28,3,1,82944,3.8499265108509111e-08,1.523481441943859e-10
28,3,2,82944,1.7657467830372389e-08,2.8294244310272462e-10
28,3,3,82944,1.0182898594104542e-08,2.7989110137696749e-10
28,3,4,82944,6.1984017672309664e-09,2.8096315033021148e-10
28,3,5,82944,4.0400840621615432e-09,3.5096555604647284e-10
28,3,6,82944,2.5636186991595215e-09,1.5354376818750137e-10
28,3,7,82944,1.4935952731501398e-09,5.0324783744031814e-12
28,3,8,82944,9.5080301093729472e-10,-4.2458816642918534e-11
28,3,9,82944,5.9858502618814917e-10,2.1727826632640968e-11
28,3,10,82944,3.4123690543424311e-10,1.7301891343521879e-11
28,3,11,82944,3.3280584484849516e-10,-6.0050280647447468e-12
28,3,12,82944,3.9038113258286859e-10,7.0367795165101315e-26
28,4,0,82944,1.7444749031112929e-07,0
28,4,1,82944,2.3531812053544101e-08,1.4752202074718829e-10
28,4,2,82944,8.7200089215071302e-09,-7.3835988865210265e-11
28,4,3,82944,4.5270537698533955e-09,-5.3349905513313035e-11
28,4,4,82944,2.4197962205103597e-09,-1.2056686268298934e-12
28,4,5,82944,1.3037199979547386e-09,1.5227217714626085e-10
28,4,6,82944,8.5504863057931114e-10,6.3394251227658579e-11
28,4,7,82944,4.0625635811897099e-10,1.0869163446643649e-11
28,4,8,82944,2.2756222978798655e-10,-5.5338589071234241e-11
28,4,9,82944,1.4633648366914936e-10,-2.7435367571687794e-11
28,4,10,82944,1.591473659714136e-10,-3.4956843586680888e-11
28,4,11,82944,1.191472089960084e-10,9.8054594368682105e-11
28,4,12,82944,3.3068268993693379e-11,-1.8912342226629555e-25
28,5,0,82944,1.7534693973203772e-07,0
28,5,1,82944,1.4648411094097691e-08,2.0664863960134898e-10
28,5,2,82944,4.2444304689883964e-09,7.836058310946343e-11
28,5,3,82944,2.0660455589610727e-09,-6.2779710443300258e-11
28,5,4,82944,1.0286919511969788e-09,5.7054787959179337e-12
28,5,5,82944,5.4765463869269725e-10,2.7982251471120596e-11
28,5,6,82944,2.9503660304396179e-10,3.9439461793909496e-11
28,5,7,82944,-5.4037140574378997e-11,-1.3055291320494356e-10
28,5,8,82944,4.979626524642161e-11,4.5756964189558122e-11
28,5,9,82944,-7.5702247851792654e-11,6.1779979690375925e-11
28,5,10,82944,8.4799769456554788e-11,-1.4531409666608082e-11
28,5,11,82944,3.8578257883039292e-11,3.7961389449173113e-11
28,5,12,82944,8.5313160810893015e-11,-1.2090974327971773e-25
28,6,0,82944,1.7488104112169696e-07,0
28,6,1,82944,9.0396324348043527e-09,1.4688693114713965e-10
28,6,2,82944,2.2557155373790631e-09,-1.2487968269734463e-10
28,6,3,82944,6.1830096588142751e-10,7.6528273696050589e-11
28,6,4,82944,2.8052402355626757e-10,2.1320072200018789e-10
28,6,5,82944,7.163032684694587e-11,4.4105611422165451e-11
28,6,6,82944,-9.1739005754425895e-12,7.6841210292331603e-11
28,6,7,82944,-4.9903210093545366e-11,3.4093513472948923e-11
28,6,8,82944,1.5344393354944751e-10,-1.8813066471495011e-11
28,6,9,82944,-4.5885291070725802e-11,2.3320769639187114e-11
28,6,10,82944,-2.639643292150266e-11,1.0074401213526985e-11
28,6,11,82944,6.1347559139226435e-13,1.230232143480521e-11
28,6,12,82944,-1.6733982927328592e-11,-1.9746064969798839e-27
28,7,0,82944,1.7484547279739861e-07,0
28,7,1,82944,5.8334547068224949e-09,7.7692674777801443e-11
28,7,2,82944,9.2469260941096839e-10,-2.1220905272137566e-10
28,7,3,82944,2.6335309044684151e-10,1.9683312702526466e-10
28,7,4,82944,1.2018773529606104e-10,2.1996060233220441e-11
28,7,5,82944,7.8256094235375152e-11,-1.0349203360158814e-10
28,7,6,82944,1.3208091452061318e-10,-9.1150566748928287e-11
28,7,7,82944,-4.8481799216238766e-11,1.1650255165674136e-10
28,7,8,82944,-2.146533708867122e-11,4.8347655407342136e-11
28,7,9,82944,-4.0303882063129679e-11,4.352792992363827e-11
28,7,10,82944,1.2407605461069949e-11,5.4966696709207769e-11
28,7,11,82944,-1.622319357067282e-11,-8.005160191285844e-11
28,7,12,82944,3.0579378676689442e-11,1.60541491860516e-25
28,8,0,82944,1.7410748114287327e-07,0
28,8,1,82944,3.6499551235144111e-09,3.391893857539007e-11
28,8,2,82944,3.8040262549488144e-10,-7.9892800268754221e-11
28,8,3,82944,9.9018632268621769e-11,-4.8691635843430772e-11
28,8,4,82944,-3.7953403905802296e-11,5.1466783518812742e-11
28,8,5,82944,1.2091114301100214e-10,5.4287953820074512e-11
28,8,6,82944,1.6779785662901542e-10,6.7272083532957079e-12
28,8,7,82944,-6.1014392965330793e-11,-1.2762331976646481e-10
28,8,8,82944,4.43726299160118e-11,-4.148454946125046e-11
28,8,9,82944,-1.1953064640155842e-10,2.3159309786246296e-11
28,8,10,82944,-7.5955937000685024e-11,-3.4851776514027906e-11
28,8,11,82944,-2.2874785108532921e-11,1.070977505570632e-11
28,8,12,82944,1.5845260991340269e-11,-1.735260254921716e-26
28,9,0,82944,1.7507887307417946e-07,0
28,9,1,82944,2.2658399018751569e-09,3.8956002401813994e-11
28,9,2,82944,1.1319652898468199e-10,-2.7281079224668305e-10
28,9,3,82944,-5.1118789959344861e-11,7.3461830295995086e-11
28,9,4,82944,-1.2889614547517807e-10,9.2067416037751224e-11
28,9,5,82944,-3.0431125167395786e-11,-1.2438696075988603e-10
28,9,6,82944,1.6938022186007837e-10,-3.0154823985995426e-12
28,9,7,82944,2.5316533338821775e-11,-1.8109776298922104e-10
28,9,8,82944,2.4149442491766483e-11,-7.0687819112615049e-11
28,9,9,82944,5.795074981189121e-11,1.9100088832909103e-11
28,9,10,82944,1.2325007361596728e-12,7.1935136773337238e-11
28,9,11,82944,-1.8654721519493228e-11,-6.0998213945420438e-11
28,9,12,82944,9.2689701841534026e-11,1.7655774455824173e-25
28,10,0,82944,1.753277809524423e-07,0
28,10,1,82944,1.5850158202430155e-09,-2.3203380087684045e-10
28,10,2,82944,-9.8288431887222095e-11,1.5530518109502067e-10
28,10,3,82944,-7.2290214692988922e-11,-5.3312065451265305e-11
28,10,4,82944,-7.2425924249286828e-11,-4.2773653364104549e-11
28,10,5,82944,2.4709209679257519e-10,-3.1830393196641578e-11
28,10,6,82944,-5.0613739319189405e-11,8.4474008209106109e-11
28,10,7,82944,2.7256743137363944e-12,-9.1511804546456706e-11
28,10,8,82944,-5.0165820574812477e-11,-1.3231604586994647e-10
28,10,9,82944,7.6062531021347878e-11,-3.6366443099251781e-11
28,10,10,82944,9.1528823170634622e-11,8.1706014324983334e-11
28,10,11,82944,-6.6755736817197193e-11,8.7271791905827232e-11
28,10,12,82944,-5.2419509659344686e-14,2.4327301634193453e-25
29,1,0,82944,1.7664845769508177e-07,0
29,1,1,82944,1.0274593779461954e-07,-1.6943922248481962e-10
29,1,2,82944,7.5621167282770193e-08,-2.3688385411881475e-10
29,1,3,82944,5.9231012325227604e-08,-1.8176442743911046e-10
29,1,4,82944,4.6479205575506423e-08,-2.435488072722743e-10
29,1,5,82944,3.6179937283334189e-08,-2.8799939050258285e-10
29,1,6,82944,2.7582068385501933e-08,-2.0678046401048825e-10
29,1,7,82944,2.0719237541141697e-08,-1.6455153921168263e-10
29,1,8,82944,1.5395660828139128e-08,-1.9807933741793091e-10
29,1,9,82944,1.1405967232100574e-08,-1.4506409387267032e-10
29,1,10,82944,8.7398077632282723e-09,-7.4028478767358874e-11
29,1,11,82944,7.2042860501261613e-09,-5.4784670127826939e-11
29,1,12,82944,6.6775570634225528e-09,3.0327163420787003e-25
29,2,0,82944,1.7534208816539338e-07,0
29,2,1,82944,6.2572639378795782e-08,-1.0898272598751502e-10
29,2,2,82944,3.6670780063623769e-08,-2.6884500137180854e-10
29,2,3,82944,2.5039015504081617e-08,-7.6240098917604318e-11
29,2,4,82944,1.7771167963101939e-08,-1.1951557792489646e-10
29,2,5,82944,1.2676473718596856e-08,2.4208640156151912e-11
29,2,6,82944,8.9164775285904592e-09,-5.468907621801276e-11
29,2,7,82944,6.200999158820763e-09,-1.5326068627056123e-10
29,2,8,82944,4.1947347913439117e-09,-9.5508593832240241e-11
29,2,9,82944,2.8186130998051686e-09,-2.3700017575590385e-11
29,2,10,82944,2.0781645088722007e-09,8.7771934804183469e-12
29,2,11,82944,1.6940815938695448e-09,-1.5572297545645276e-11
29,2,12,82944,1.4812711022544511e-09,-4.0631517779395411e-25
29,3,0,82944,1.7533985053877399e-07,0
29,3,1,82944,3.8489255327577161e-08,-2.3719556736677359e-10
29,3,2,82944,1.8012252632388423e-08,-2.0102772070746538e-10
29,3,3,82944,1.0777010002098355e-08,1.1746695742333034e-10
29,3,4,82944,6.8070832004954632e-09,7.1591853822051096e-11
29,3,5,82944,4.3222862657602565e-09,-3.2905986601067308e-12
29,3,6,82944,3.0041443148253452e-09,-9.2377152037709593e-11
29,3,7,82944,1.9754921345887902e-09,-4.7769873005124317e-11
29,3,8,82944,1.2085699909978708e-09,4.6165008255817968e-12
29,3,9,82944,8.5346059595970284e-10,-1.5909877899752037e-11
29,3,10,82944,6.7875154522300946e-10,4.4278763959644519e-11
29,3,11,82944,5.7202008813138798e-10,7.8526657517347411e-11
29,3,12,82944,4.6373988756922303e-10,5.9607187032569525e-26
29,4,0,82944,1.7484425945448123e-07,0
29,4,1,82944,2.3938828355644685e-08,-1.266578124878162e-10
29,4,2,82944,9.1248195690135572e-09,-2.2643725173385822e-10
29,4,3,82944,4.7521728029741492e-09,-2.6817514338170932e-11
29,4,4,82944,2.641885144998038e-09,-1.1022705507683264e-10
29,4,5,82944,1.4930685809791719e-09,-1.3918195986922502e-11
29,4,6,82944,8.5256364587369577e-10,-1.2629394035343343e-10
29,4,7,82944,5.3182768060236204e-10,4.6351999516913924e-13
29,4,8,82944,3.3515664822302644e-10,-8.8771187424864378e-11
29,4,9,82944,1.0866847790506188e-10,-1.4531031966888313e-10
29,4,10,82944,1.5533375659950426e-10,-1.1698159438958219e-11
29,4,11,82944,1.492969531474547e-10,3.7324816215928818e-12
29,4,12,82944,9.3363723596463407e-11,1.4201210362117952e-26
29,5,0,82944,1.7429595117886948e-07,0
29,5,1,82944,1.4567887554162704e-08,1.4291403935685625e-10
29,5,2,82944,4.4873807180963755e-09,-2.0007880117369174e-10
29,5,3,82944,1.9371615209225919e-09,9.1119043002644782e-11
29,5,4,82944,1.2824700506375427e-09,-1.4090572078996967e-12
29,5,5,82944,5.4277701708901641e-10,1.78458954304577e-10
29,5,6,82944,3.3276782931015565e-10,-2.1911963402158917e-11
29,5,7,82944,3.4201823870183957e-11,1.1180492498734965e-11
29,5,8,82944,2.1109917176708082e-10,-1.0186440743413017e-10
29,5,9,82944,1.3800099246476403e-10,-1.3888387874837605e-11
29,5,10,82944,-3.2812292211652932e-11,1.2614869455542702e-11
29,5,11,82944,5.8105206412376676e-11,-6.805648578742223e-11
29,5,12,82944,-1.0802195975818332e-10,-6.414479287158895e-26
29,6,0,82944,1.7512132777130586e-07,0
29,6,1,82944,9.0827649244414671e-09,3.7275754614538183e-10
29,6,2,82944,2.3555113009409492e-09,-3.6157846731499822e-11
29,6,3,82944,7.7376590862086553e-10,1.1357689875869386e-10
29,6,4,82944,4.1976006310594079e-10,1.1529034827578155e-10
29,6,5,82944,2.378300537943588e-10,2.1431805368454107e-10
29,6,6,82944,7.7370341526121866e-11,1.0043506367746047e-11
29,6,7,82944,4.3479687850903999e-11,6.8523085351208691e-11
29,6,8,82944,-6.2385170443697452e-11,1.1996369244810775e-11
29,6,9,82944,-1.9626842757653433e-11,4.5816399203021547e-11
29,6,10,82944,7.1390682441725619e-12,4.6848769586742872e-11
29,6,11,82944,-8.9973738518074759e-11,-7.3464607880614193e-11
29,6,12,82944,-7.2735320928040773e-11,4.9225543783296497e-26
29,7,0,82944,1.745762916462771e-07,0
29,7,1,82944,5.6976422380462476e-09,2.9746502809509471e-10
29,7,2,82944,1.17725738991867e-09,5.8356955727679004e-11
29,7,3,82944,3.5792254370525793e-10,4.4256314498135463e-11
29,7,4,82944,1.9914509653601034e-10,4.3355024934336539e-11
29,7,5,82944,-1.0852199745510812e-10,7.905177617213324e-11
29,7,6,82944,-5.3722611966718083e-11,1.2738066493865915e-10
29,7,7,82944,7.9986487991157932e-11,-1.5600011827887806e-10
29,7,8,82944,-5.2648345778906373e-11,-1.5187313018404182e-10
29,7,9,82944,1.8353853187175525e-11,-3.0400547591725272e-11
29,7,10,82944,1.9783029933604205e-11,2.4002863677433708e-11
29,7,11,82944,-3.1121901766171949e-11,-2.737594815216509e-12
29,7,12,82944,4.6970044754481276e-12,2.3410057025305956e-25
29,8,0,82944,1.7403031306300353e-07,0
29,8,1,82944,3.5500374280602489e-09,3.0885945170490169e-10
29,8,2,82944,6.6388915269884984e-10,1.5665500587939999e-10
29,8,3,82944,9.815346476616803e-11,2.0933732782706642e-10
29,8,4,82944,1.9583756432234365e-11,-1.3541766444160746e-10
29,8,5,82944,5.8603266269311339e-11,2.201769267950188e-10
29,8,6,82944,-2.1793948005767241e-10,-4.4603277496160837e-11
29,8,7,82944,-1.4304629876989389e-10,-1.6946658551580137e-10
29,8,8,82944,8.2870413429486876e-11,-1.2091544767097453e-10
29,8,9,82944,1.0243053461818151e-10,9.3829944900958926e-12
29,8,10,82944,2.5261800585377775e-12,3.8299084320893901e-11
29,8,11,82944,1.916840425317188e-11,1.5279797221250212e-11
29,8,12,82944,-2.351794831886815e-11,1.7226945772136623e-25
29,9,0,82944,1.7309473438999304e-07,0
29,9,1,82944,2.1302339106650961e-09,5.3184120232542731e-11
29,9,2,82944,2.25250763130926e-10,1.4463187329299524e-10
29,9,3,82944,7.1324737515195596e-11,8.1315704173580347e-11
29,9,4,82944,1.5608694810573831e-10,7.9095766183832531e-11
29,9,5,82944,-8.1941153617007309e-11,1.0575632525064447e-10
29,9,6,82944,-1.8217860349342325e-10,1.8844781100170879e-12
29,9,7,82944,-5.9720211826676783e-11,-1.4602749640884802e-11
29,9,8,82944,-1.1061019254873798e-10,-1.2750405887625729e-10
29,9,9,82944,-1.8844104504085216e-11,-3.4049607698093094e-11
29,9,10,82944,-2.0832572784076511e-11,-4.0433650605147212e-11
29,9,11,82944,-4.9744138906453407e-11,-4.6205749062370662e-11
29,9,12,82944,4.8821391156621801e-12,-1.4679902846234287e-26
29,10,0,82944,1.740434600381255e-07,0
29,10,1,82944,1.2870533438700352e-09,-1.1742288931749487e-10
29,10,2,82944,-1.8409048487371751e-11,7.7194055575480088e-11
29,10,3,82944,-2.809247183551336e-11,-2.54107021834963e-11
29,10,4,82944,6.5084993382388625e-12,1.8031095102315222e-10
29,10,5,82944,-2.7460840468110503e-11,1.3259352862261639e-10
29,10,6,82944,-1.2875237677200329e-10,-1.7033863218753367e-10
29,10,7,82944,-8.2820202831805436e-11,1.0557921734534653e-10
29,10,8,82944,1.9965425629630562e-11,-1.4394295155527529e-11
29,10,9,82944,-3.5141311504107015e-11,2.6097876644169433e-11
29,10,10,82944,-5.274205861426532e-11,-1.0671585065526579e-10
29,10,11,82944,-1.1316001384460577e-11,-6.8350966176727116e-11
29,10,12,82944,4.987810034163523e-11,-9.7294247396645181e-26
30,1,0,82944,1.7852845702207538e-07,0
30,1,1,82944,1.0345371082397127e-07,-1.3580347959821475e-10
30,1,2,82944,7.5890377208189374e-08,-1.611004613749886e-10
30,1,3,82944,5.9402805459724498e-08,-2.0357196957130081e-10
30,1,4,82944,4.6725202064735824e-08,-1.4085487967630275e-10
30,1,5,82944,3.6438455130068356e-08,-1.4499672685452633e-10
30,1,6,82944,2.7832353757109518e-08,-2.3336304871002026e-10
30,1,7,82944,2.0853173403263688e-08,-1.0922691357149067e-10
30,1,8,82944,1.5529074434075421e-08,-5.0061564768252373e-11
30,1,9,82944,1.1495443359957072e-08,-8.6170668918424511e-11
30,1,10,82944,8.8619541648278937e-09,-6.1193849412169213e-11
30,1,11,82944,7.3099369625996965e-09,-3.0750413590691068e-11
30,1,12,82944,6.7655916260104112e-09,-1.5707894955874118e-24
30,2,0,82944,1.7573193775888007e-07,0
30,2,1,82944,6.2568979985952478e-08,-8.5812738623879874e-11
30,2,2,82944,3.6499347011415572e-08,5.1116232966558151e-11
30,2,3,82944,2.521218121038817e-08,-8.8018562866592845e-12
30,2,4,82944,1.7957415840469802e-08,3.1106026957645435e-11
30,2,5,82944,1.2950209191579317e-08,3.1554833172235322e-12
30,2,6,82944,9.1563029065542036e-09,-2.5812650862992322e-12
30,2,7,82944,6.4117609086178766e-09,-4.6576539373153977e-11
30,2,8,82944,4.424312834213421e-09,-3.5861579632370844e-13
30,2,9,82944,2.8782755607464786e-09,1.0816387391169182e-10
30,2,10,82944,1.9408544363795007e-09,1.5421975039536039e-10
30,2,11,82944,1.4925941716064979e-09,5.594535655953265e-11
30,2,12,82944,1.2472549476864626e-09,-6.5022395759135563e-26
30,3,0,82944,1.7436563439866999e-07,0
30,3,1,82944,3.8212311250856333e-08,3.4912402864062253e-11
30,3,2,82944,1.7749072814508112e-08,1.0112802706881528e-10
30,3,3,82944,1.0618241273989327e-08,-2.8228781750998231e-11
30,3,4,82944,6.6657447279425958e-09,-7.5413482338388339e-11
30,3,5,82944,4.2440827190869467e-09,3.3007224761132455e-11
30,3,6,82944,2.6849758836481074e-09,1.4741795357131072e-10
30,3,7,82944,1.6790954799873175e-09,-6.2630926530604309e-11
30,3,8,82944,1.0641120249917999e-09,-2.8856518305523241e-11
30,3,9,82944,6.492024661507044e-10,-3.0587776008300205e-11
30,3,10,82944,4.1494818193674787e-10,-1.8462057204718308e-11
30,3,11,82944,3.4605852261645077e-10,3.4688882490191601e-12
30,3,12,82944,2.6209665850846857e-10,-3.0020002410145687e-25
30,4,0,82944,1.7350107911154107e-07,0
30,4,1,82944,2.3897797926099537e-08,-1.6028233494173898e-10
30,4,2,82944,8.9484218458042502e-09,1.4982506626172873e-10
30,4,3,82944,4.4577880968229692e-09,-1.2496981065524152e-10
30,4,4,82944,2.3552901635366809e-09,-3.7026506515037781e-10
30,4,5,82944,1.440599168048063e-09,-1.9051246474410459e-10
30,4,6,82944,7.0571884317044672e-10,-7.7209286977211038e-11
30,4,7,82944,3.8562180310693904e-10,-1.300329074103529e-10
30,4,8,82944,1.7502612304684415e-10,-2.1012819483104404e-10
30,4,9,82944,-9.2930506270354833e-12,-2.373298536144282e-11
30,4,10,82944,1.1299508391185765e-11,-1.1228241215730931e-10
30,4,11,82944,9.4627007264127259e-11,2.8980223872890186e-11
30,4,12,82944,1.6061602679553522e-10,-1.3353027116824321e-25
30,5,0,82944,1.7335057418656842e-07,0
30,5,1,82944,1.4633784051888553e-08,-1.0290578033309728e-11
30,5,2,82944,4.4749054473251791e-09,-3.2766330308302804e-11
30,5,3,82944,1.8423095666012056e-09,-1.3812902296983474e-10
30,5,4,82944,8.9793784492147669e-10,1.2672366934864279e-10
30,5,5,82944,3.7070199989207215e-10,-3.3195461382747439e-11
30,5,6,82944,3.2999371872391715e-10,-6.3128749200803743e-11
30,5,7,82944,5.1864174176262438e-11,-2.229266001902342e-10
30,5,8,82944,1.5410459828383841e-10,-2.0289047155589885e-10
30,5,9,82944,7.0512762007517032e-11,3.0838655460946906e-11
30,5,10,82944,1.4043317838221771e-10,-4.7694568361257554e-11
30,5,11,82944,2.4491903524372012e-11,-2.4889616192870688e-11
30,5,12,82944,9.9838767979091473e-11,7.0527359326473428e-26
30,6,0,82944,1.740909713666611e-07,0
30,6,1,82944,8.8405005258879002e-09,6.862073824988527e-11
30,6,2,82944,2.1472781354894723e-09,-1.1865077018072961e-11
30,6,3,82944,8.8784426433112095e-10,-1.0075025073295937e-10
30,6,4,82944,8.1022955161507094e-11,-9.3114077736483603e-11
30,6,5,82944,8.4178789785112474e-11,-7.2299579332309944e-11
30,6,6,82944,1.4986178621805566e-10,2.2308119520189871e-11
30,6,7,82944,1.4213370112314412e-10,-1.9616059888217319e-11
30,6,8,82944,7.8233565099092031e-11,-1.001442399536886e-11
30,6,9,82944,5.7784972758217376e-11,-1.0406369370089235e-11
30,6,10,82944,-3.6361119626365792e-11,-6.8420235878805854e-11
30,6,11,82944,-4.7763122253909536e-11,-6.3866808703842646e-11
30,6,12,82944,7.9600178602150419e-11,1.5064851385544507e-25
30,7,0,82944,1.7386243360514885e-07,0
30,7,1,82944,5.5673481803308582e-09,-1.5233759904330624e-11
30,7,2,82944,9.8986947792922569e-10,3.934207634255721e-10
30,7,3,82944,4.6132303900394076e-10,4.7549145081392672e-10
30,7,4,82944,7.4149862904333101e-11,1.9209564211259243e-10
30,7,5,82944,4.9001770310112307e-12,-2.5179706231990757e-10
30,7,6,82944,8.1700102831883658e-11,1.6675008531664821e-11
30,7,7,82944,1.0990927384155493e-10,-2.7165011113786258e-11
30,7,8,82944,4.460189891022204e-11,-3.4760988047710487e-12
30,7,9,82944,8.9437316216378162e-11,-2.9332885399902472e-11
30,7,10,82944,9.4816045850532241e-13,4.3744077181994847e-11
30,7,11,82944,-5.0274952741556149e-11,-1.4981285107580659e-11
30,7,12,82944,4.2320242344341453e-11,-2.4931900214392471e-26
30,8,0,82944,1.741385377356287e-07,0
30,8,1,82944,3.7828923833611241e-09,6.1126886329662247e-11
30,8,2,82944,4.968737626778058e-10,6.2381034642685562e-11
30,8,3,82944,1.2950211111667833e-10,1.0737857631153884e-10
30,8,4,82944,-1.3733119953312934e-10,5.5919346971470997e-11
30,8,5,82944,8.6392809325820005e-11,-2.5148982858364153e-10
30,8,6,82944,-9.5516335964586409e-11,1.0375011395233283e-10
30,8,7,82944,3.4823288505244762e-11,1.4085653557793115e-10
30,8,8,82944,-1.0575578579491623e-11,-1.0086383959769101e-10
30,8,9,82944,-4.5512572393118689e-11,-1.002223855009233e-11
30,8,10,82944,1.7607128533054009e-11,-9.8064667814630067e-11
30,8,11,82944,2.7552319360230541e-11,2.7434424997722511e-11
30,8,12,82944,6.4523841055929353e-11,9.194884799067944e-26
30,9,0,82944,1.7402626256193836e-07,0
30,9,1,82944,2.348398041179456e-09,-9.6263456370546118e-11
30,9,2,82944,3.2322159986861869e-10,1.1585323065453746e-10
30,9,3,82944,9.4901563729579149e-11,6.0700911516973624e-11
30,9,4,82944,-1.4845266309351192e-10,1.2299564975077795e-10
30,9,5,82944,-6.1917292858928197e-11,-1.3582486038530703e-10
30,9,6,82944,-2.2554471488419764e-11,-3.2991040881703505e-11
30,9,7,82944,-6.9222736962975581e-11,9.8832916902537347e-11
30,9,8,82944,3.0912033042234838e-11,2.8379793754394855e-11
30,9,9,82944,-8.8974892417587651e-12,-3.6254667003524814e-11
30,9,10,82944,-4.0943452443524744e-11,3.1049075409118608e-11
30,9,11,82944,4.833562121004253e-12,8.3999258617367031e-11
30,9,12,82944,-1.452832163443679e-11,-1.5198486370693649e-26
30,10,0,82944,1.7412881495727193e-07,0
30,10,1,82944,1.4400714977039088e-09,-1.2752252090570419e-10
30,10,2,82944,1.493679195887925e-10,1.2067337207515201e-10
30,10,3,82944,2.3723940296015341e-10,1.0944622298320976e-10
30,10,4,82944,5.331637607236433e-11,1.4121787032849485e-10
30,10,5,82944,-8.9489538659198697e-11,2.1721462189388615e-11
30,10,6,82944,-2.5958274513352057e-10,1.0370203903702501e-10
30,10,7,82944,1.9498822809423949e-11,1.7598951322696794e-11
30,10,8,82944,-3.3566459311777141e-11,-3.5405547470165185e-12
30,10,9,82944,-2.1363541393829934e-11,-9.5104957819210984e-11
30,10,10,82944,-9.2217438274417556e-13,-3.418784687038342e-11
30,10,11,82944,2.7489280489321691e-11,3.8829660746201384e-12
30,10,12,82944,1.0937160812304338e-10,1.0539212858627986e-25
31,1,0,82944,1.7730329424961716e-07,0
31,1,1,82944,1.0294362007884362e-07,-2.5545792707832192e-10
31,1,2,82944,7.5986408386392595e-08,-4.5098486198114954e-10
31,1,3,82944,5.9602768592345473e-08,-4.6749770906937303e-10
31,1,4,82944,4.7067090574698067e-08,-4.3576953604946636e-10
31,1,5,82944,3.673619491537694e-08,-5.0662741674677819e-10
31,1,6,82944,2.808495146735575e-08,-4.816975185155784e-10
31,1,7,82944,2.1122650264472777e-08,-4.0378012792236119e-10
31,1,8,82944,1.5691817644009497e-08,-4.5741943461048207e-10
31,1,9,82944,1.1626176585139989e-08,-3.4026258363967631e-10
31,1,10,82944,8.8107212518460636e-09,-1.8701010896152699e-10
31,1,11,82944,7.174314156703898e-09,-3.0828985526303856e-11
31,1,12,82944,6.68710541735284e-09,-5.4241842106432265e-25
31,2,0,82944,1.754566677988676e-07,0
31,2,1,82944,6.2755118904629202e-08,-2.0308096514325837e-10
31,2,2,82944,3.7264167865696662e-08,-2.1543122375268247e-10
31,2,3,82944,2.5333973057310774e-08,-1.7184517857714521e-10
31,2,4,82944,1.80123643970347e-08,-3.5828562289070589e-10
31,2,5,82944,1.2785778709284024e-08,-4.1013940998714546e-10
31,2,6,82944,8.9688892234030077e-09,-2.9352553341054591e-10
31,2,7,82944,6.1993264973030037e-09,-1.8708627351517045e-10
31,2,8,82944,4.2076218628752827e-09,-1.1399975681987549e-10
31,2,9,82944,2.7881260306364438e-09,-1.1197263459383377e-10
31,2,10,82944,1.9402627136863399e-09,-6.9357954081783375e-11
31,2,11,82944,1.4300949992039959e-09,1.9270713738591866e-11
31,2,12,82944,1.2662734177149662e-09,5.2482647227304728e-25
31,3,0,82944,1.7456129414106305e-07,0
31,3,1,82944,3.8863282431023289e-08,-1.6340417031452831e-10
31,3,2,82944,1.8518167448401939e-08,3.6783513096295572e-11
31,3,3,82944,1.1013708140121211e-08,6.2093335414102764e-12
31,3,4,82944,7.1049874516842984e-09,1.2918613386602197e-10
31,3,5,82944,4.429650951742146e-09,-7.6372000435025684e-13
31,3,6,82944,3.0529652978238522e-09,1.4219603002147294e-10
31,3,7,82944,1.9499174360183033e-09,2.2262643521718103e-10
31,3,8,82944,1.265037037055672e-09,2.1992843997242158e-10
31,3,9,82944,7.886300175771464e-10,4.7298681679203076e-11
31,3,10,82944,5.3268052795084692e-10,6.9693885162420384e-11
31,3,11,82944,4.0549006922717416e-10,-3.4208855721191111e-12
31,3,12,82944,3.5361813126712185e-10,-1.5181532678547865e-25
31,4,0,82944,1.7416983038152841e-07,0
31,4,1,82944,2.3687572657381161e-08,1.6148417349488651e-10
31,4,2,82944,9.0667086273558282e-09,1.2712450716123014e-10
31,4,3,82944,4.8438265179530167e-09,-8.6048075756375448e-11
31,4,4,82944,2.8626393583004652e-09,1.8610325755894216e-12
31,4,5,82944,1.5840821820388105e-09,1.9044480620849748e-10
31,4,6,82944,1.0096466373053343e-09,2.3693492217528202e-10
31,4,7,82944,4.7278966930938324e-10,1.0091649071527609e-10
31,4,8,82944,3.8380425620814608e-10,9.0488477317402845e-11
31,4,9,82944,2.1707425940850585e-10,1.8406935099374838e-11
31,4,10,82944,1.5671285622937487e-10,-3.9892345527823096e-11
31,4,11,82944,1.9918994819847473e-10,-9.5095221812827204e-12
31,4,12,82944,2.0144429504318726e-10,2.9359805692468573e-26
31,5,0,82944,1.7468354211047997e-07,0
31,5,1,82944,1.4464638940412342e-08,-1.8973597808174411e-10
31,5,2,82944,4.4731032315610535e-09,-3.4851737014626946e-11
31,5,3,82944,2.1091389552928679e-09,1.1373618804089471e-11
31,5,4,82944,1.0719229310521946e-09,-9.779059439221424e-11
31,5,5,82944,4.4921890651928512e-10,-2.331225913096891e-10
31,5,6,82944,1.9504447268987874e-10,8.2158613276299105e-12
31,5,7,82944,8.5264868134203505e-11,1.652784229278478e-10
31,5,8,82944,2.0349056913812997e-12,2.2834313142848035e-11
31,5,9,82944,9.2213252898017734e-12,-1.1273048367818143e-10
31,5,10,82944,1.2604737600523171e-11,-4.4194007840622088e-11
31,5,11,82944,-6.9620169513118502e-11,-5.2085521272508369e-11
31,5,12,82944,-6.3342938767767552e-11,-2.8362529683892879e-26
31,6,0,82944,1.7391659271641712e-07,0
31,6,1,82944,8.9822210657774022e-09,4.6273376215349489e-11
31,6,2,82944,2.1296627552619253e-09,9.8078331037394223e-11
31,6,3,82944,8.6026617574156007e-10,-1.0932887900857098e-11
31,6,4,82944,5.2028012058693583e-10,-1.6026967367577114e-10
31,6,5,82944,1.4834925399751764e-10,-7.5976224170628966e-11
31,6,6,82944,1.4662693546297491e-10,9.8882322690101645e-11
31,6,7,82944,-1.0300664736501366e-10,-5.9678529535351982e-11
31,6,8,82944,-1.8775687428779682e-11,4.5899784698748278e-12
31,6,9,82944,-6.9801647421772483e-12,6.2276277251804745e-11
31,6,10,82944,-4.6876867762891807e-12,9.4049668726528361e-12
31,6,11,82944,-1.2446711623416169e-11,-2.0263146248130092e-11
31,6,12,82944,1.2329716252558232e-11,9.0167463720361092e-26
31,7,0,82944,1.7473095211592767e-07,0
31,7,1,82944,5.7354059190799632e-09,-3.9718174444872117e-11
31,7,2,82944,9.6264546970703482e-10,-4.7107963837388758e-11
31,7,3,82944,3.2820398379237228e-10,-1.8712314374784544e-10
31,7,4,82944,1.6328061738617316e-10,-2.1085448880044979e-10
31,7,5,82944,1.7314001191884856e-10,-6.5064470846215836e-11
31,7,6,82944,1.4772239156448519e-11,9.5863767480680873e-12
31,7,7,82944,5.9448279245963196e-11,-1.0405074872699826e-10
31,7,8,82944,-1.5595041336169906e-10,-1.0794188238140023e-11
31,7,9,82944,-1.2134126197894868e-10,-1.0363817689729434e-10
31,7,10,82944,-6.3351371922718929e-11,-6.840527505029817e-11
31,7,11,82944,-1.099231495425685e-11,-6.7177030837966388e-11
31,7,12,82944,-3.1941783040792764e-11,-2.0743340978374535e-27
31,8,0,82944,1.7461135421151346e-07,0
31,8,1,82944,3.6931574228725697e-09,2.3539867387853549e-10
31,8,2,82944,5.3863201980485138e-10,-2.2342673545709761e-10
31,8,3,82944,1.7896655415888877e-10,-6.7357827659240569e-11
31,8,4,82944,1.3732047751435784e-10,-2.1807171966842662e-11
31,8,5,82944,-1.0179564387528035e-11,-1.8917472000209309e-10
31,8,6,82944,-6.5057283342256429e-11,-1.0260164658416558e-10
31,8,7,82944,2.1161865890412087e-11,9.4088433710757308e-12
31,8,8,82944,3.2807031055567939e-12,5.377388016465844e-11
31,8,9,82944,-4.3367492425527034e-11,3.3844250280105677e-11
31,8,10,82944,1.3549309365371631e-11,2.4138465436051933e-11
31,8,11,82944,6.4835039726280467e-11,9.504971402855686e-12
31,8,12,82944,-4.2169516480609623e-11,-1.7743534744578835e-25
31,9,0,82944,1.7455111908723827e-07,0
31,9,1,82944,2.2347997649332418e-09,5.2365877080401586e-10
31,9,2,82944,3.2118725599669911e-10,3.4806784979061092e-11
31,9,3,82944,1.9879913023703166e-10,1.0476022789673862e-11
31,9,4,82944,2.0147113837234065e-10,-1.0125820883967769e-10
31,9,5,82944,-1.4851120624033045e-10,4.6555781938785856e-11
31,9,6,82944,2.9018626487694702e-11,-4.0336921466939313e-11
31,9,7,82944,-3.4738800337348714e-11,-4.4523772525831689e-11
31,9,8,82944,-1.1461200345185691e-11,8.7824468770205975e-13
31,9,9,82944,-3.9168949964548228e-11,-9.2499861079632039e-11
31,9,10,82944,-1.7686968157859051e-11,4.38079386968284e-11
31,9,11,82944,4.9484582140238932e-12,-2.2429671413007258e-11
31,9,12,82944,-3.324071986126355e-12,3.2760516881711706e-27
31,10,0,82944,1.7535987412596065e-07,0
31,10,1,82944,1.2952584470302095e-09,2.5196752459779125e-11
31,10,2,82944,3.1333512989688283e-10,-1.6610395879639923e-12
31,10,3,82944,-1.3831025946974226e-10,8.3112540161227186e-11
31,10,4,82944,1.3141203859111207e-10,8.8682943715774387e-11
31,10,5,82944,-7.4186132263673121e-11,-1.2211862675897415e-10
31,10,6,82944,-6.6808757198858911e-11,5.2033749156875617e-11
31,10,7,82944,1.0711426623287833e-10,-6.425516540766781e-11
31,10,8,82944,5.585116217018428e-11,1.688073534517512e-10
31,10,9,82944,5.5546007984954379e-12,-1.8928037608107001e-11
31,10,10,82944,-8.8073576840179739e-11,8.9005729155474016e-12
31,10,11,82944,-4.7385561617446768e-12,4.1364636036028498e-11
31,10,12,82944,4.4752621541585845e-11,-8.8358654359806925e-26
32,1,0,82944,1.7629813101867999e-07,0
32,1,1,82944,1.0238146457427844e-07,-3.0402786051941583e-10
32,1,2,82944,7.5344910057851975e-08,-4.0691488126251721e-10
32,1,3,82944,5.9141303963126913e-08,-5.6600100686094766e-10
32,1,4,82944,4.6431078261868718e-08,-6.2643422776761551e-10
32,1,5,82944,3.6163613254301854e-08,-5.4831275040342373e-10
32,1,6,82944,2.7473727239833899e-08,-4.4809696546241548e-10
32,1,7,82944,2.0528190350490744e-08,-3.3433023192696471e-10
32,1,8,82944,1.4954735772717617e-08,-2.6789590224367619e-10
32,1,9,82944,1.0884709857509272e-08,-1.4306086820431917e-10
32,1,10,82944,8.0166145081495814e-09,-8.6707850814486159e-11
32,1,11,82944,6.3377704882599313e-09,-1.791517849731451e-11
32,1,12,82944,5.7979446602312115e-09,7.1029986434795578e-25
32,2,0,82944,1.7595644040288164e-07,0
32,2,1,82944,6.2798451927444074e-08,-9.383847469949512e-11
32,2,2,82944,3.70201460038509e-08,2.1807929424244266e-10
32,2,3,82944,2.5270215910834549e-08,3.0852932431540481e-10
32,2,4,82944,1.8001174047031388e-08,4.7274802740131042e-10
32,2,5,82944,1.2880753821426773e-08,4.3520230555387687e-10
32,2,6,82944,8.9884267598699128e-09,3.3262073479789765e-10
32,2,7,82944,6.2393282608928678e-09,2.699891433010608e-10
32,2,8,82944,4.3154745770992698e-09,2.0827369471335973e-10
32,2,9,82944,2.8145135732738274e-09,1.9993729826083237e-10
32,2,10,82944,1.936329117302987e-09,1.4623286188707721e-10
32,2,11,82944,1.3230289616613092e-09,1.0548873594077486e-10
32,2,12,82944,1.165572337559355e-09,-4.7071427604772987e-25
32,3,0,82944,1.7467453378613241e-07,0
32,3,1,82944,3.8553386763522677e-08,6.8950458006169085e-11
32,3,2,82944,1.7967976814283766e-08,2.2391659694060074e-10
32,3,3,82944,1.0731089354463389e-08,3.5854571290769907e-10
32,3,4,82944,7.0033109775128698e-09,2.6422724200887903e-10
32,3,5,82944,4.5509623798229333e-09,1.9884101926904696e-10
32,3,6,82944,2.9449494242245017e-09,2.7367483910646042e-10
32,3,7,82944,1.6110855957078422e-09,2.0403329122892046e-10
32,3,8,82944,1.0292002583126132e-09,2.2838786232125554e-10
32,3,9,82944,4.6067707922232343e-10,1.0287009038867761e-10
32,3,10,82944,3.2817821956617523e-10,4.8446170958642318e-11
32,3,11,82944,2.5478671721244562e-10,1.6377545743137279e-11
32,3,12,82944,1.8287527301711917e-10,1.2015181351320019e-25
32,4,0,82944,1.7373336031009735e-07,0
32,4,1,82944,2.3735926764949093e-08,-8.8449995171421207e-11
32,4,2,82944,8.7366807911857205e-09,2.0796031862345049e-10
32,4,3,82944,4.4457110872520411e-09,1.6009098666273196e-10
32,4,4,82944,2.6788206056763882e-09,1.5050398787292962e-10
32,4,5,82944,1.3941494649997067e-09,5.6086838886909025e-11
32,4,6,82944,8.4208730774042489e-10,1.6989310563157232e-10
32,4,7,82944,4.2415011230477939e-10,1.617359438312188e-10
32,4,8,82944,3.7032274091047162e-10,5.8960359447247046e-12
32,4,9,82944,1.4181985951269242e-10,1.0519362187420944e-10
32,4,10,82944,1.8465578954210484e-10,2.4930943257813e-11
32,4,11,82944,1.4499162479354886e-10,-6.0209426743763244e-11
32,4,12,82944,8.4898949146141947e-11,-6.1452147648434566e-26
32,5,0,82944,1.7440303803086994e-07,0
32,5,1,82944,1.4736761333243274e-08,-1.7387434965866599e-10
32,5,2,82944,3.7368802602640554e-09,2.0742083358225145e-10
32,5,3,82944,1.8837092900844893e-09,-7.4937048115663583e-11
32,5,4,82944,1.0013537108204106e-09,3.864508989249785e-11
32,5,5,82944,5.2315067484550521e-10,2.6521320916134555e-10
32,5,6,82944,1.5979795022079392e-10,3.4293808339343674e-12
32,5,7,82944,2.3774659811515434e-10,-1.6861452730520812e-11
32,5,8,82944,9.801917678531327e-11,-4.5441289667176548e-11
32,5,9,82944,1.5187835105820405e-10,-2.8414316462310545e-11
32,5,10,82944,-4.0712389735844709e-11,-5.0818931184914981e-11
32,5,11,82944,-1.6944598585034361e-11,-2.2546852364812258e-11
32,5,12,82944,1.0092794069920132e-10,-2.1971985020939798e-25
32,6,0,82944,1.7367558143834528e-07,0
32,6,1,82944,9.3504726537756033e-09,-1.7886667536200262e-11
32,6,2,82944,2.1617445979192394e-09,8.7734748303909289e-11
32,6,3,82944,6.9653455699811691e-10,-2.2667147772947862e-11
32,6,4,82944,3.8079065081956971e-10,1.2884464676710615e-10
32,6,5,82944,2.0976753273314371e-10,-7.7556693728895774e-11
32,6,6,82944,1.4470326184217806e-11,-5.0614964716175633e-11
32,6,7,82944,-4.553113828872804e-11,7.590489620614221e-11
32,6,8,82944,-1.5434176839249928e-12,-3.7976339727085271e-11
32,6,9,82944,1.2050701321637438e-10,1.6641650643157954e-11
32,6,10,82944,-2.9598477004323162e-11,6.9002442184752346e-13
32,6,11,82944,6.7598778382901036e-11,4.2782304675069502e-11
32,6,12,82944,9.9538264381339848e-12,-2.0591755025071029e-25
32,7,0,82944,1.7415045821586325e-07,0
32,7,1,82944,5.7722077614553707e-09,-5.8006642661094929e-11
32,7,2,82944,9.4151275346138777e-10,2.2354889818553244e-10
32,7,3,82944,2.7547475871323307e-10,1.6446196683230627e-10
32,7,4,82944,-1.6782061444312308e-11,9.5123639837877639e-11
32,7,5,82944,-5.0511323018318254e-11,-4.2541973122386378e-11
32,7,6,82944,1.1606540684080292e-10,-1.2752361426517091e-10
32,7,7,82944,-6.0528016880748081e-11,5.0371287217012252e-11
32,7,8,82944,-5.9702301252273755e-12,8.6165450428412422e-11
32,7,9,82944,-9.7930343124321679e-13,7.5506873050423176e-11
32,7,10,82944,5.7555675570325588e-12,3.7881231110493354e-11
32,7,11,82944,4.1087065969461251e-11,3.0424796110177659e-11
32,7,12,82944,5.0234183942919338e-11,5.8161136820134758e-26
32,8,0,82944,1.7450865423738395e-07,0
32,8,1,82944,3.6209437564834529e-09,-2.7036450738571924e-11
32,8,2,82944,6.1173045695719161e-10,1.855425541532859e-10
32,8,3,82944,6.5329333643913803e-11,3.1738502544098724e-10
32,8,4,82944,-6.3794084546697599e-11,-2.7356334586032151e-11
32,8,5,82944,3.4505202610862693e-11,-1.233877989955735e-10
32,8,6,82944,1.0302679889128613e-10,7.1421937459520024e-11
32,8,7,82944,-3.7801971303382347e-11,7.0391752118291111e-11
32,8,8,82944,3.6444490650614251e-12,6.3654192086696526e-12
32,8,9,82944,4.3424426268633224e-11,-4.2116069633861936e-11
32,8,10,82944,3.7246810935241014e-11,7.9617769582657264e-13
32,8,11,82944,-1.2683388712365444e-11,-9.6203831644602541e-12
32,8,12,82944,3.6164541551806537e-11,5.0262710832215224e-27
32,9,0,82944,1.7389946865387404e-07,0
32,9,1,82944,2.0672660865457705e-09,-8.1709318478980758e-11
32,9,2,82944,3.8800600930390766e-10,1.1283099749957179e-10
32,9,3,82944,2.7054600372994311e-10,1.5692229127067176e-11
32,9,4,82944,-1.5390649087620907e-10,1.9684425704024188e-10
32,9,5,82944,1.4556693783650315e-10,6.5229834666121385e-11
32,9,6,82944,3.7554762711281395e-11,8.0360725617209983e-11
32,9,7,82944,-1.5426562245846211e-10,-7.5035245072147658e-11
32,9,8,82944,7.6731358903256296e-11,3.1894787662167809e-11
32,9,9,82944,4.8974862090994432e-11,9.2891321716151424e-11
32,9,10,82944,2.9822312204523473e-11,4.3775037326238477e-11
32,9,11,82944,2.5058940699231282e-13,-4.6705175678949775e-11
32,9,12,82944,9.9311305880056532e-12,-5.9370333980532791e-26
32,10,0,82944,1.7408142667011984e-07,0
32,10,1,82944,1.2229455019890007e-09,2.1305250945935787e-10
32,10,2,82944,1.5896747916954599e-10,-4.182673011260575e-11
32,10,3,82944,1.474699667749888e-10,-2.2664074581671777e-11
32,10,4,82944,-4.9405314109784829e-11,1.0932655984823628e-10
32,10,5,82944,-4.8960177883532961e-11,1.5467404979329335e-10
32,10,6,82944,-1.1100865491911919e-10,-3.8125566709267465e-11
32,10,7,82944,2.8498617117515444e-12,-5.5459273223447083e-11
32,10,8,82944,-1.0311111586926764e-10,-1.9455459428659546e-10
32,10,9,82944,-4.0563828921171788e-11,-2.8535518394549959e-11
32,10,10,82944,5.8658643710813638e-12,4.4412345479537004e-11
32,10,11,82944,-3.9798471445203873e-11,4.1115231282431769e-11
32,10,12,82944,-1.5320225422243147e-10,-4.2813059048154753e-26
33,1,0,82944,1.7701377997166576e-07,0
33,1,1,82944,1.0256229086563261e-07,-7.950761632959646e-11
33,1,2,82944,7.522243457337972e-08,4.3592419660200282e-11
33,1,3,82944,5.9062666064831674e-08,1.4340955203661307e-12
33,1,4,82944,4.6724485572621127e-08,-9.5348650922561731e-11
33,1,5,82944,3.6446027234621608e-08,-1.1606104911556649e-10
33,1,6,82944,2.8071159760368594e-08,-2.2160050057206637e-10
33,1,7,82944,2.1322317310212396e-08,-3.1367249183207446e-10
33,1,8,82944,1.6109204050310095e-08,-3.1142051413686564e-10
33,1,9,82944,1.2176435407035759e-08,-2.8331924312224842e-10
33,1,10,82944,9.4738609328091078e-09,-2.1800701139757135e-10
33,1,11,82944,7.9553037081630037e-09,-1.0886149757677962e-10
33,1,12,82944,7.4861977530025756e-09,-1.3433307835514665e-25
33,2,0,82944,1.7593103130353925e-07,0
33,2,1,82944,6.2297951853778467e-08,1.6327445867232671e-10
33,2,2,82944,3.6235170727323926e-08,1.6933958859465743e-10
33,2,3,82944,2.4660226878347454e-08,1.9069112320103077e-11
33,2,4,82944,1.7656457456710334e-08,2.0338515895883614e-10
33,2,5,82944,1.2672785824477113e-08,1.6243286816197437e-10
33,2,6,82944,8.9661113172788085e-09,1.7416277816374972e-10
33,2,7,82944,6.1839544791578011e-09,7.1430462358536901e-11
33,2,8,82944,4.4256879907258925e-09,3.1585222301690979e-11
33,2,9,82944,3.1297348014986416e-09,-1.5450192408435769e-11
33,2,10,82944,2.2431529493871776e-09,-5.5202985350298625e-11
33,2,11,82944,1.7043822062355715e-09,3.3303120018176617e-11
33,2,12,82944,1.5793661747991034e-09,-5.9198303869053484e-26
33,3,0,82944,1.7550926570548741e-07,0
33,3,1,82944,3.8702703596175432e-08,1.5467348973021404e-10
33,3,2,82944,1.7920021795614819e-08,1.5086936733812537e-10
33,3,3,82944,1.0699668409431221e-08,-2.7877927380592946e-12
33,3,4,82944,7.0079706573249444e-09,1.0783750916484469e-10
33,3,5,82944,4.4937756206954038e-09,-6.8146537246990809e-11
33,3,6,82944,2.879104993014533e-09,-2.2128675256154718e-10
33,3,7,82944,1.8889846476064177e-09,-4.6470130773834061e-11
33,3,8,82944,1.3457304255434266e-09,-8.761290992529027e-11
33,3,9,82944,8.2320437973181965e-10,-3.0446880807756115e-11
33,3,10,82944,4.6730513735312303e-10,3.4397363879814511e-11
33,3,11,82944,3.2764132457931872e-10,5.8077204558890464e-11
33,3,12,82944,3.2591781035710453e-10,2.5195181080656455e-25
33,4,0,82944,1.7338655296138589e-07,0
33,4,1,82944,2.3659853655785396e-08,-8.8074536661861362e-12
33,4,2,82944,8.9004519698944047e-09,1.579022015833299e-10
33,4,3,82944,4.5712498317287973e-09,9.4567597011228814e-11
33,4,4,82944,2.6000423450889199e-09,1.4209784720317193e-10
33,4,5,82944,1.6760553177649075e-09,1.3539516586900968e-10
33,4,6,82944,8.064564077786453e-10,-3.0054060226804549e-11
33,4,7,82944,5.5799526516775557e-10,8.725892027124488e-11
33,4,8,82944,2.2819848104427571e-10,-3.6135413361980226e-11
33,4,9,82944,2.441457493802669e-10,-5.9725203626826159e-11
33,4,10,82944,1.2982127967861935e-10,-8.0158277277854335e-12
33,4,11,82944,1.0489014447182473e-10,3.4883872586259806e-11
33,4,12,82944,4.9850404399338652e-11,-1.6188781447209321e-25
33,5,0,82944,1.7386724628369849e-07,0
33,5,1,82944,1.4577385752555695e-08,-3.3350201304709168e-10
33,5,2,82944,4.2912185170551204e-09,1.9896502074675615e-10
33,5,3,82944,1.9227491439492569e-09,4.4703736248687401e-10
33,5,4,82944,1.0341546880287544e-09,1.6838643293112452e-10
33,5,5,82944,5.9121715070947671e-10,2.9315933069238804e-11
33,5,6,82944,2.2223003292928596e-10,5.5341153110547777e-11
33,5,7,82944,2.3835822040168847e-11,2.3865517565230149e-10
33,5,8,82944,-6.0269277778751261e-11,4.4828266314724654e-11
33,5,9,82944,1.5812052016820804e-10,1.0008732186014893e-10
33,5,10,82944,2.4226770375076563e-11,5.4928379252869972e-11
33,5,11,82944,-1.8578280483944843e-11,8.9437372623509331e-11
33,5,12,82944,-2.0124564852833628e-11,-7.9263497161596546e-26
33,6,0,82944,1.73801109979086e-07,0
33,6,1,82944,8.8498456455221747e-09,-1.7969842417199017e-11
33,6,2,82944,2.2580744365271535e-09,3.1869569791249315e-12
33,6,3,82944,7.9422869689695524e-10,-7.7470043673746646e-11
33,6,4,82944,5.9928915882204692e-10,1.9617682462793435e-11
33,6,5,82944,3.5893705930960506e-10,-5.4827749520309717e-11
33,6,6,82944,-3.2310848932893785e-11,-6.6358984375904331e-11
33,6,7,82944,-3.1511424588105328e-11,1.5799754365194858e-10
33,6,8,82944,-3.9942193711352409e-12,-2.264278288571797e-11
33,6,9,82944,-5.5184531862836694e-11,-1.1572894292050134e-11
33,6,10,82944,-5.4319256499333693e-11,1.0762335900801241e-10
33,6,11,82944,1.9689865842881992e-11,2.8838780130418263e-11
33,6,12,82944,8.9426885021297872e-11,4.4199272700074975e-26
33,7,0,82944,1.7430367492944156e-07,0
33,7,1,82944,5.3529613863653215e-09,-4.0171647602066205e-12
33,7,2,82944,1.0843322728012243e-09,-1.6144723807766674e-10
33,7,3,82944,1.3284816836032728e-10,-1.3988119788137886e-10
33,7,4,82944,2.7801098878375558e-10,1.227929524188874e-11
33,7,5,82944,1.495302781041206e-10,2.3689381165187253e-11
33,7,6,82944,-1.1224109934513949e-10,-2.4428510433241571e-11
33,7,7,82944,-5.6664018569767959e-11,-1.9957227635306282e-11
33,7,8,82944,3.1080813620879882e-11,-1.1936448381838668e-11
33,7,9,82944,1.9536420073690134e-11,5.9599442843880181e-11
33,7,10,82944,-2.4404401828823637e-11,2.5441282546168794e-11
33,7,11,82944,-9.3326925876772628e-11,-7.8523414732324856e-12
33,7,12,82944,1.3148125428103723e-10,2.8362529683892879e-26
33,8,0,82944,1.7418617699741274e-07,0
33,8,1,82944,3.3036541331149391e-09,-2.1454204817208529e-10
33,8,2,82944,8.0597007400707678e-10,8.1851324294535821e-13
33,8,3,82944,1.1431876086141562e-10,1.5359647105825603e-10
33,8,4,82944,-2.6241764335875959e-11,-1.3758604340141246e-11
33,8,5,82944,-1.3863651908860847e-11,2.210027607720179e-10
33,8,6,82944,-6.9367306137299042e-11,-5.803166160680512e-11
33,8,7,82944,-3.1470652171164888e-11,-7.5293744365812169e-11
33,8,8,82944,7.2688674854565299e-11,9.7133655797835723e-11
33,8,9,82944,3.3943937060067677e-11,3.1180606166215498e-11
33,8,10,82944,-8.7137548233061836e-11,5.0998115658072554e-11
33,8,11,82944,3.1925994880832976e-11,5.7390143727254597e-11
33,8,12,82944,5.58751302092246e-11,-6.3406808625242931e-26
33,9,0,82944,1.7429945866603644e-07,0
33,9,1,82944,1.8321360428094544e-09,-2.3321018732282264e-10
33,9,2,82944,5.3753111504646088e-10,1.0111083879620756e-10
33,9,3,82944,4.2436686319915589e-11,2.4785770202084143e-10
33,9,4,82944,-1.1278931474410402e-10,-1.5821767303818854e-10
33,9,5,82944,1.2504023572087902e-11,9.5080987861589676e-11
33,9,6,82944,-4.6485855444174603e-11,1.2240085393052425e-11
33,9,7,82944,1.2739614081284575e-11,-2.6147285914259342e-11
33,9,8,82944,8.4258623313870712e-11,4.6114843248595627e-11
33,9,9,82944,1.404204030917983e-11,1.212519549209489e-10
33,9,10,82944,-8.5730001869846076e-11,-1.9305769564144148e-12
33,9,11,82944,3.2310632325940219e-11,7.4618158786335539e-12
33,9,12,82944,6.8108980521881629e-11,1.8756767169291743e-25
33,10,0,82944,1.7379723462626634e-07,0
33,10,1,82944,1.2528314679711202e-09,-1.0991810887124467e-10
33,10,2,82944,5.6318346894306538e-10,1.969225497100805e-10
33,10,3,82944,1.5018362239822838e-10,4.1615424086953209e-11
33,10,4,82944,-1.1394275254984659e-10,-2.2955477046888976e-10
33,10,5,82944,-1.584331906451147e-10,5.6538447498602968e-11
33,10,6,82944,-3.1180985032082028e-11,2.3053380160562783e-10
33,10,7,82944,1.0704282278475408e-10,1.2103409483004595e-11
33,10,8,82944,1.0290007816792033e-10,-6.4023859868571761e-11
33,10,9,82944,2.4311226106164894e-11,-4.7398420038410149e-11
33,10,10,82944,-3.9850040430223264e-12,3.7187247411285565e-11
33,10,11,82944,5.4872565830939807e-11,-8.3498593532863417e-13
33,10,12,82944,6.2001820489334973e-11,3.8435017370507435e-26
34,1,0,82944,1.7667411886459204e-07,0
34,1,1,82944,1.0272231328031123e-07,2.9212556534170986e-10
34,1,2,82944,7.5170476576997941e-08,3.7981040197643809e-10
34,1,3,82944,5.8679315358003342e-08,4.6094950082130442e-10
34,1,4,82944,4.5880850777254728e-08,3.613159795270057e-10
34,1,5,82944,3.5556737029249408e-08,3.1596404025745626e-10
34,1,6,82944,2.7123389074623747e-08,2.587687508417531e-10
34,1,7,82944,2.0286774369959661e-08,1.4639067807197677e-10
34,1,8,82944,1.5011860950250871e-08,9.0612566953946577e-11
34,1,9,82944,1.1139706117582614e-08,3.736855784660617e-11
34,1,10,82944,8.5066191513732669e-09,-1.0643220633378225e-11
34,1,11,82944,7.0247532513574704e-09,-2.8453531074202693e-12
34,1,12,82944,6.5620294140237651e-09,-1.6985604978061302e-24
34,2,0,82944,1.7432733390166547e-07,0
34,2,1,82944,6.2315123085102454e-08,2.9871738243252794e-11
34,2,2,82944,3.6066433221939661e-08,-2.6201905426619957e-11
34,2,3,82944,2.4267383874564487e-08,1.1044734536753532e-10
34,2,4,82944,1.7076885601172292e-08,-1.6381319880165426e-10
34,2,5,82944,1.1990746527700709e-08,-9.6382398837071104e-11
34,2,6,82944,8.3777953111653996e-09,-1.2881114815040978e-10
34,2,7,82944,5.7678220632167111e-09,-1.6452370544160283e-10
34,2,8,82944,3.997856496354109e-09,-1.2393418641495909e-10
34,2,9,82944,2.6376586247247972e-09,-4.3046288737463155e-11
34,2,10,82944,1.8380676136476628e-09,2.4375880504770413e-11
34,2,11,82944,1.3981413059646092e-09,6.868038722119997e-12
34,2,12,82944,1.2896709510259127e-09,-4.0854408967312078e-25
34,3,0,82944,1.7393306419209404e-07,0
34,3,1,82944,3.8162161793714337e-08,6.1915657787235154e-11
34,3,2,82944,1.7489147388398414e-08,2.7880513104542995e-12
34,3,3,82944,1.00572659743569e-08,4.3742419751639444e-11
34,3,4,82944,6.430251291067673e-09,1.0293293402455138e-10
34,3,5,82944,4.0511447475553008e-09,7.5103279703620305e-11
34,3,6,82944,2.4717153743335364e-09,1.4030228520727977e-10
34,3,7,82944,1.4963848463328207e-09,3.8690329800378242e-11
34,3,8,82944,7.6124636580580407e-10,1.9625053422746035e-10
34,3,9,82944,4.976045414595095e-10,1.2508090976677303e-10
34,3,10,82944,3.9787253567794168e-10,6.1928927194685908e-11
34,3,11,82944,2.3452527927100927e-10,5.5494163851542277e-11
34,3,12,82944,2.6484511594499432e-10,-1.2837934058394971e-25
34,4,0,82944,1.7415892242926881e-07,0
34,4,1,82944,2.3541918847571773e-08,2.2970056816571014e-10
34,4,2,82944,8.6358206499353693e-09,-2.0422384173926258e-11
34,4,3,82944,4.2574037220191039e-09,2.303193363108928e-10
34,4,4,82944,2.4357203940489306e-09,2.4840153127604783e-10
34,4,5,82944,1.4549599827243518e-09,1.2110516618096416e-10
34,4,6,82944,7.4106958877269449e-10,1.3181779983870496e-10
34,4,7,82944,3.2247924042849686e-10,-1.3135838667888249e-11
34,4,8,82944,1.2031047786202193e-10,3.2310929109025315e-11
34,4,9,82944,7.5809888021295268e-11,1.6982635167138279e-10
34,4,10,82944,1.7395815659016791e-11,1.5584932950717384e-11
34,4,11,82944,4.2955487368932685e-11,1.7308773152730918e-11
34,4,12,82944,6.3462351178105285e-11,-5.9278085949739546e-26
34,5,0,82944,1.7392958846714442e-07,0
34,5,1,82944,1.4418709016870016e-08,2.5553705321468186e-10
34,5,2,82944,4.1793453290530628e-09,-3.4779068686614244e-11
34,5,3,82944,1.9035692282648426e-09,3.8722816215778582e-10
34,5,4,82944,1.0836039818048134e-09,1.5044022572897759e-10
34,5,5,82944,6.4018529745357183e-10,6.2633756028550854e-11
34,5,6,82944,1.6361256548783415e-10,2.4506688977247954e-10
34,5,7,82944,1.7922138760932531e-10,-8.3326226126007451e-11
34,5,8,82944,-3.6221384728029009e-11,-2.2707455601740339e-11
34,5,9,82944,-2.4029144718935871e-11,5.6856015622051955e-11
34,5,10,82944,-1.0352165667617482e-11,-4.295113864598506e-11
34,5,11,82944,4.4527788331308418e-11,1.6041613205102529e-11
34,5,12,82944,4.2699196935579562e-11,-5.6645277287099695e-26
34,6,0,82944,1.7494295176571637e-07,0
34,6,1,82944,9.0122193400967748e-09,2.2520709402933041e-10
34,6,2,82944,2.0519646304780088e-09,2.2601770221131558e-10
34,6,3,82944,5.759076462520098e-10,-7.0477222312617762e-11
34,6,4,82944,3.3728189986012545e-10,1.8213169254236948e-11
34,6,5,82944,2.4167932809049729e-10,-7.1431501409763032e-11
34,6,6,82944,1.1791917980742947e-10,-7.3872588266060971e-11
34,6,7,82944,4.692958650338756e-11,4.3475558078079229e-11
34,6,8,82944,3.6735335944275837e-11,5.461533398572823e-12
34,6,9,82944,-1.1642585202012239e-11,5.9050193563833984e-11
34,6,10,82944,-3.3688480214913527e-11,4.9662130676806578e-11
34,6,11,82944,-4.7959525378412763e-11,3.5650222965485069e-11
34,6,12,82944,8.3517367136431304e-11,6.8173787946234777e-26
34,7,0,82944,1.7418269075746856e-07,0
34,7,1,82944,5.6689658925875982e-09,1.0019041544948053e-10
34,7,2,82944,1.1448220845474642e-09,4.7342621872821152e-11
34,7,3,82944,-2.6200077636600335e-11,2.7137090278972492e-10
34,7,4,82944,6.6069025323871658e-11,6.9856446178318112e-11
34,7,5,82944,5.4564408489367652e-11,-8.8416333044299425e-11
34,7,6,82944,-1.7816317266684299e-12,-8.6870703699488604e-11
34,7,7,82944,1.4722782100695842e-10,1.474131452588567e-10
34,7,8,82944,-7.9896071537897125e-11,3.405795639253012e-12
34,7,9,82944,-7.996539199833385e-11,9.6751795182736057e-12
34,7,10,82944,-4.6628007275317572e-11,-1.6881190142185458e-11
34,7,11,82944,-1.0078836885147845e-10,9.7296638614104665e-11
34,7,12,82944,-6.5739320214088165e-11,1.9283328901819714e-25
34,8,0,82944,1.7483976548046307e-07,0
34,8,1,82944,3.3983293848538209e-09,-4.5236706136463393e-11
34,8,2,82944,4.9553656742458035e-10,-6.4654222610720253e-11
34,8,3,82944,1.5813019246404383e-10,1.2409012969662393e-10
34,8,4,82944,-2.9895734345724603e-11,-1.4822807665688363e-10
34,8,5,82944,-1.2287586853810912e-10,3.890175331900978e-12
34,8,6,82944,1.5787778119343475e-11,1.089248394286535e-10
34,8,7,82944,5.9211991825727683e-11,3.6064689177426592e-11
34,8,8,82944,5.3328524349338224e-11,-3.4257132011700464e-12
34,8,9,82944,4.7034885117242894e-11,4.1964300039219745e-11
34,8,10,82944,-1.3111685619960745e-10,1.1133818261203287e-11
34,8,11,82944,-6.6777804761807663e-11,-8.4853504782687902e-11
34,8,12,82944,-1.6142901921581482e-11,1.6474999661670547e-26
34,9,0,82944,1.7469877173769133e-07,0
34,9,1,82944,2.0403308132815775e-09,-2.8283293947239599e-10
34,9,2,82944,2.3823787591691285e-10,-5.9279282615736821e-11
34,9,3,82944,-1.1548424900962406e-12,-1.2256012037246594e-10
34,9,4,82944,2.6780458646182791e-10,-1.0402799730528347e-10
34,9,5,82944,-5.1489292882889947e-11,-6.4175896818053425e-11
34,9,6,82944,6.7174052602853197e-11,2.0104163667509733e-10
34,9,7,82944,-8.666675256307232e-12,-6.3777559771518522e-11
34,9,8,82944,-5.2391329997862266e-11,-1.4652553725435578e-11
34,9,9,82944,3.0001162985545238e-11,-9.8856255982236592e-13
34,9,10,82944,5.590511388692096e-11,2.9540695689748505e-11
34,9,11,82944,7.3349167452984474e-11,3.3899281100924312e-11
34,9,12,82944,-6.1968307386377801e-11,5.0182928751529166e-26
34,10,0,82944,1.7339291315226658e-07,0
34,10,1,82944,1.3498216496128076e-09,-1.8540533510079285e-10
34,10,2,82944,2.9261917767392855e-10,4.5571771461586639e-11
34,10,3,82944,1.8205634574658659e-10,1.1889291191560283e-10
34,10,4,82944,2.9210484478717318e-10,6.4568392356736909e-11
34,10,5,82944,8.0864078623203503e-11,-2.660332231582367e-11
34,10,6,82944,8.2500428907301056e-11,1.6104211887478808e-10
34,10,7,82944,6.4736649273456629e-11,-4.439479137332342e-11
34,10,8,82944,8.4023566356730846e-12,-7.3176927978011998e-11
34,10,9,82944,5.6555338257622726e-11,-4.7337242731923589e-12
34,10,10,82944,7.145917937953969e-11,5.7426232688434654e-11
34,10,11,82944,-4.17251657137912e-11,3.3764911717237478e-11
34,10,12,82944,-5.5773248774468405e-11,1.0770580892617547e-27
35,1,0,82944,1.7654243332662372e-07,0
35,1,1,82944,1.0243501941258778e-07,2.0512263466425841e-11
35,1,2,82944,7.5242392274082616e-08,-1.4150367341671706e-11
35,1,3,82944,5.8973432785634732e-08,1.5191379408957009e-10
35,1,4,82944,4.6518638094045087e-08,2.0723113535146419e-10
35,1,5,82944,3.629228037105099e-08,3.5074537547178771e-10
35,1,6,82944,2.7791365296532419e-08,3.416786261314459e-10
35,1,7,82944,2.0924277142389324e-08,2.8954272038826517e-10
35,1,8,82944,1.5690226515713809e-08,7.3138747638676426e-11
35,1,9,82944,1.1760161674396777e-08,-6.0744061580093142e-13
35,1,10,82944,9.0578538891940091e-09,1.7610328430689075e-12
35,1,11,82944,7.4633627487301398e-09,2.0644650178128552e-11
35,1,12,82944,6.9751856055401489e-09,3.4533673624959301e-25
35,2,0,82944,1.7569614986659464e-07,0
35,2,1,82944,6.2260542969763439e-08,1.784166807000675e-10
35,2,2,82944,3.6398721022303047e-08,1.8003873294611504e-10
35,2,3,82944,2.453280273958857e-08,-2.7011486878653064e-11
35,2,4,82944,1.7208243847182868e-08,2.5099984626797744e-12
35,2,5,82944,1.2096902689251654e-08,-1.8992418219327848e-10
35,2,6,82944,8.221983953724129e-09,-1.7495108077192425e-10
35,2,7,82944,5.5715503323226945e-09,-1.1076042174813798e-10
35,2,8,82944,3.6503527161539543e-09,-1.1544961041591766e-10
35,2,9,82944,2.3234236995875257e-09,-3.7240287814576496e-11
35,2,10,82944,1.3940528625102217e-09,1.8807363176335178e-11
35,2,11,82944,9.0612258947640514e-10,7.3855229537638275e-11
35,2,12,82944,7.5777218485082343e-10,-3.9859127510753533e-25
35,3,0,82944,1.743632227899943e-07,0
35,3,1,82944,3.8106999844971529e-08,1.2417351954240527e-10
35,3,2,82944,1.7914038782621207e-08,-1.5327229024783776e-10
35,3,3,82944,1.0380452253644107e-08,-2.5565617139513395e-11
35,3,4,82944,6.5853872961155103e-09,4.3307012399525842e-11
35,3,5,82944,4.3730171323691699e-09,-4.794431851174588e-12
35,3,6,82944,2.8615178068312516e-09,-1.4088611385381484e-10
35,3,7,82944,1.7698157486657478e-09,-5.3549362257949616e-11
35,3,8,82944,1.063277779375085e-09,-1.499035211393924e-10
35,3,9,82944,6.8690722337268541e-10,1.942919777486226e-13
35,3,10,82944,5.1503639620234329e-10,2.9006842609665878e-11
35,3,11,82944,3.7552813559608916e-10,-1.511510798552239e-11
35,3,12,82944,3.9726053483905323e-10,2.9611119246629651e-25
35,4,0,82944,1.7492262096856657e-07,0
35,4,1,82944,2.3880676965047983e-08,1.6273955332860512e-10
35,4,2,82944,8.8640679293836186e-09,-1.2144250580260292e-10
35,4,3,82944,4.5177450686508376e-09,5.9220351657254585e-11
35,4,4,82944,2.2776637666636516e-09,-2.1229794360166961e-11
35,4,5,82944,1.3996689924696299e-09,1.4382206282025943e-10
35,4,6,82944,8.265450542982423e-10,6.2654590258177978e-12
35,4,7,82944,4.9644326563320113e-10,7.7812986324873343e-11
35,4,8,82944,2.0974837915623619e-10,-1.9575732207379559e-12
35,4,9,82944,4.9258943615889659e-11,1.2274022550115945e-10
35,4,10,82944,1.1258590795781415e-10,8.9568229082742275e-13
35,4,11,82944,-3.9223261720153823e-11,3.1309103936811466e-11
35,4,12,82944,4.5746284941293878e-11,2.6794811798411877e-25
35,5,0,82944,1.7473376836046931e-07,0
35,5,1,82944,1.4666444247865828e-08,7.2669029542079445e-11
35,5,2,82944,4.6784830636725344e-09,-3.579128771116329e-11
35,5,3,82944,2.1497808909784683e-09,9.9637753271574193e-11
35,5,4,82944,8.2775016892972051e-10,7.9218548662686507e-11
35,5,5,82944,7.1677064727024111e-10,1.6081272110501443e-10
35,5,6,82944,3.2790477048363557e-10,1.0829605923655302e-10
35,5,7,82944,2.6553516907952767e-10,-3.203848585568576e-12
35,5,8,82944,9.6545633160638047e-11,-7.6402630235337326e-11
35,5,9,82944,8.2423431848969139e-11,2.3692649000247817e-11
35,5,10,82944,-7.9413548542839739e-12,-7.8441277088092095e-11
35,5,11,82944,2.515927069264943e-11,-9.3833254799163968e-12
35,5,12,82944,-4.3411509049512176e-11,1.8986140651264155e-25
35,6,0,82944,1.7431401430684995e-07,0
35,6,1,82944,9.0679890294094342e-09,3.2709215612669303e-10
35,6,2,82944,2.3049161718515913e-09,1.9601949144151614e-10
35,6,3,82944,8.1732679416163932e-10,1.3429594880996831e-10
35,6,4,82944,2.9221803344842365e-10,1.941047052014054e-11
35,6,5,82944,2.7949810672601073e-10,-1.6426637449248553e-11
35,6,6,82944,2.6670905483699799e-10,-9.2939751351652104e-11
35,6,7,82944,8.1806425072732024e-11,-1.5668592859178363e-11
35,6,8,82944,-1.1874668869515766e-11,-5.1036888583582112e-11
35,6,9,82944,1.1712488079770986e-11,-3.6283641839819808e-11
35,6,10,82944,8.1230455777243691e-12,-4.3846882071291122e-11
35,6,11,82944,-4.7406608114184917e-11,1.6373307224797172e-11
35,6,12,82944,1.6540882979512886e-11,2.321658547964227e-26
35,7,0,82944,1.7485452970059326e-07,0
35,7,1,82944,5.4253670429453382e-09,1.6479474390700846e-10
35,7,2,82944,1.3318410250762031e-09,6.0274110438613796e-11
35,7,3,82944,2.7861759609045783e-10,2.0855209872864671e-10
35,7,4,82944,3.5036835537455846e-10,2.5994214570481312e-10
35,7,5,82944,5.5340337510321021e-11,-1.9136914420591637e-11
35,7,6,82944,2.6727466340795954e-10,-5.7489151243163009e-11
35,7,7,82944,-6.8785393535340706e-11,3.5669496827209646e-11
35,7,8,82944,-1.7181433526461438e-12,2.50232607175248e-11
35,7,9,82944,1.1343539857102757e-11,2.9949692994679498e-11
35,7,10,82944,1.867838897682757e-11,-3.7646963980313333e-11
35,7,11,82944,-3.7516916454527985e-11,5.101767059480205e-11
35,7,12,82944,-3.1602134554095726e-11,7.331973215048538e-26
35,8,0,82944,1.7492076469096525e-07,0
35,8,1,82944,3.5936809536641912e-09,9.2468351555620025e-11
35,8,2,82944,6.6575382763023549e-10,1.1080969172513187e-10
35,8,3,82944,-1.0936868844986152e-10,-1.2514428566590483e-10
35,8,4,82944,1.9412437671002252e-10,-1.0391654324139424e-11
35,8,5,82944,5.5290290490350318e-12,-1.2345964109470587e-10
35,8,6,82944,1.7037717786264883e-10,-6.6050207436546136e-11
35,8,7,82944,3.6709208957778095e-11,6.2402808721889404e-11
35,8,8,82944,-7.0585454835285456e-11,3.7158915526927212e-11
35,8,9,82944,9.7078347530383073e-12,-5.6048676889623502e-11
35,8,10,82944,1.6440773366404671e-11,2.1198221299860332e-11
35,8,11,82944,2.3560545561977637e-11,-2.9307071928169635e-11
35,8,12,82944,2.5275028600013724e-11,-1.1077741903258863e-25
35,9,0,82944,1.7503606710905876e-07,0
35,9,1,82944,2.0281726718432998e-09,7.6367142629866612e-11
35,9,2,82944,1.6977053369429287e-10,5.5595693395610672e-11
35,9,3,82944,-6.2554071028028832e-11,-1.2792705226968923e-10
35,9,4,82944,1.4923343523409137e-10,1.1471119961599053e-10
35,9,5,82944,-1.9980598619427025e-10,1.0281735545707261e-11
35,9,6,82944,4.4582837036867148e-11,-1.0660585262320353e-10
35,9,7,82944,6.0357128811346885e-11,-1.4359000400349874e-10
35,9,8,82944,3.122219297473759e-11,-6.5300255372023804e-11
35,9,9,82944,-1.593596337569611e-11,-5.26732452252325e-12
35,9,10,82944,-1.0018643561731501e-11,2.1608665376863318e-11
35,9,11,82944,5.5947240905416164e-11,1.0530957000922548e-11
35,9,12,82944,1.5125083705394748e-11,-3.4076921213031629e-26
35,10,0,82944,1.7437954579756008e-07,0
35,10,1,82944,1.0759422577705159e-09,1.2175840588953858e-10
35,10,2,82944,1.500413098007097e-10,9.307646117343321e-12
35,10,3,82944,5.6366579613500445e-11,-1.7637522173905425e-10
35,10,4,82944,2.4231123049962167e-11,-8.5092950449898582e-11
35,10,5,82944,-1.3361665204674496e-10,4.0855403186679075e-11
35,10,6,82944,1.26085344241789e-12,1.6187152342095521e-11
35,10,7,82944,-1.3256009782663558e-10,-9.1398635261380087e-11
35,10,8,82944,-3.3539147757827832e-11,5.0499400301615018e-11
35,10,9,82944,-5.5161233101135962e-11,-1.1469361570763628e-10
35,10,10,82944,2.9368692370700357e-11,9.1123055300977825e-11
35,10,11,82944,3.8721980362870631e-11,1.5937506419141137e-11
35,10,12,82944,1.522187653408292e-10,2.4044324566760101e-25
36,1,0,82944,1.7828091712803355e-07,0
36,1,1,82944,1.0362856919066572e-07,9.5391110006998298e-11
36,1,2,82944,7.6290962217416072e-08,1.9097788470139497e-10
36,1,3,82944,5.9764522456195712e-08,3.9396039017964252e-10
36,1,4,82944,4.7021796065545749e-08,4.6486056529317568e-10
36,1,5,82944,3.6637478498029227e-08,2.8977335422188989e-10
36,1,6,82944,2.8116263632855154e-08,2.9392806238364401e-10
36,1,7,82944,2.1259101548041991e-08,2.5216052869619406e-10
36,1,8,82944,1.5910507550222932e-08,7.7874710715639924e-11
36,1,9,82944,1.1854658847674617e-08,3.4447473934807198e-11
36,1,10,82944,9.1483126785819305e-09,-1.9066843700990141e-12
36,1,11,82944,7.5134848274149409e-09,-2.0867382698828111e-11
36,1,12,82944,7.0044184684671079e-09,7.0060634154459999e-25
36,2,0,82944,1.7672296119487126e-07,0
36,2,1,82944,6.3006201042273366e-08,1.2829660278132363e-10
36,2,2,82944,3.6771665324842789e-08,1.5409286138437625e-10
36,2,3,82944,2.5036848473564324e-08,5.0979361637389295e-10
36,2,4,82944,1.7540090448891935e-08,2.9341902090522452e-10
36,2,5,82944,1.2286050305077715e-08,3.9958236591832865e-10
36,2,6,82944,8.4502956696192951e-09,4.1954143060201811e-10
36,2,7,82944,5.8298523608946081e-09,3.4090881394818573e-10
36,2,8,82944,3.9166913035328773e-09,4.6684560628475362e-10
36,2,9,82944,2.7112102731597807e-09,3.9290523051544404e-10
36,2,10,82944,1.9340208305378093e-09,2.620119063547891e-10
36,2,11,82944,1.541469000568388e-09,1.676903437323879e-10
36,2,12,82944,1.3675670619997631e-09,7.8066765951305707e-26
36,3,0,82944,1.7549030346068648e-07,0
36,3,1,82944,3.8515721228022162e-08,-1.6564218914852834e-10
36,3,2,82944,1.809318766411993e-08,9.2302530317145642e-11
36,3,3,82944,1.0770819784154963e-08,1.4395350779494745e-10
36,3,4,82944,6.6543160856734777e-09,-4.9847435620276078e-11
36,3,5,82944,4.1415036401580807e-09,9.4971594066707152e-11
36,3,6,82944,2.6734383138609788e-09,1.0477366861155059e-10
36,3,7,82944,1.7396181022639194e-09,4.7201520529772471e-11
36,3,8,82944,1.0245971768070888e-09,4.6929977275367178e-11
36,3,9,82944,5.7236552357688433e-10,9.2364161631117827e-11
36,3,10,82944,3.4757917951204416e-10,8.0807803028708966e-11
36,3,11,82944,1.5155141120277483e-10,1.5028573452337154e-11
36,3,12,82944,1.4717031950097127e-10,-2.0103588418873227e-25
36,4,0,82944,1.7497657622726211e-07,0
36,4,1,82944,2.3787209066573289e-08,-3.9589145375941271e-11
36,4,2,82944,8.6988121235021636e-09,-6.7900316677493215e-11
36,4,3,82944,4.5811297372423973e-09,2.7771194991549597e-10
36,4,4,82944,2.6129101216725596e-09,-8.106694175985254e-11
36,4,5,82944,1.3949026597784943e-09,1.4620288685378405e-10
36,4,6,82944,9.112448785447892e-10,1.0760761835443706e-10
36,4,7,82944,5.9095881065508172e-10,5.6968918785643835e-11
36,4,8,82944,2.6861261207553782e-10,-5.7290425458901241e-11
36,4,9,82944,1.339294792641375e-10,5.6995654780694635e-11
36,4,10,82944,7.8049613737663315e-11,1.0299715208532379e-11
36,4,11,82944,-1.1298889416113961e-11,3.0204686234704964e-11
36,4,12,82944,-3.0037045760016233e-12,-6.891177219258079e-27
36,5,0,82944,1.7403066500558828e-07,0
36,5,1,82944,1.4773240158030831e-08,1.5716282487347484e-10
36,5,2,82944,4.3433463505400348e-09,1.626786343218597e-10
36,5,3,82944,2.0003934968593654e-09,2.1338477328849439e-10
36,5,4,82944,1.1076064521709872e-09,-3.1346227688671212e-12
36,5,5,82944,7.016247952104587e-10,2.2612848945157979e-10
36,5,6,82944,2.3351803340778534e-10,2.2091226468985481e-10
36,5,7,82944,6.5657667978042562e-11,4.1893766319134812e-12
36,5,8,82944,1.3721192330582076e-10,-5.4983915968714723e-11
36,5,9,82944,6.0527950892269713e-11,7.7166678378699142e-12
36,5,10,82944,3.8277086261258011e-11,-2.2158176132153077e-11
36,5,11,82944,2.500206174164493e-11,1.7802700906410347e-12
36,5,12,82944,-5.056309863950105e-11,7.5054992405407099e-26
36,6,0,82944,1.7312675530618764e-07,0
36,6,1,82944,9.2267351578274675e-09,9.7886318293649742e-11
36,6,2,82944,2.1748961453370415e-09,1.1744574128392391e-10
36,6,3,82944,6.1734040194432141e-10,-8.4269860627222682e-11
36,6,4,82944,3.1615937232918562e-10,1.1360107202349911e-10
36,6,5,82944,2.3453361100392742e-10,1.7162747526485261e-10
36,6,6,82944,7.0633624257472545e-11,3.1472479278446693e-11
36,6,7,82944,1.5587832866205928e-11,-1.240927111479792e-10
36,6,8,82944,1.5616966556529903e-10,4.0860916769331136e-11
36,6,9,82944,-3.863118748328121e-11,6.7753779422231606e-11
36,6,10,82944,1.6066170063816834e-11,-1.9780858781650426e-11
36,6,11,82944,4.3188018460057863e-11,-1.9798644425724795e-11
36,6,12,82944,-7.0199520326873232e-12,-2.3980498902211256e-25
36,7,0,82944,1.7421378507744432e-07,0
36,7,1,82944,5.4812626538321968e-09,3.1779201559179663e-10
36,7,2,82944,9.2272607856521872e-10,2.8382662015254056e-10
36,7,3,82944,1.3685883229139131e-10,8.8170313771315662e-11
36,7,4,82944,2.3224272799972655e-10,9.5693964919114663e-11
36,7,5,82944,1.6350921315195633e-11,-1.5574304545903405e-10
36,7,6,82944,6.2692007572609634e-11,-7.3609014725110161e-11
36,7,7,82944,-3.5335163507689e-11,-1.2375749968606024e-10
36,7,8,82944,-2.1823329979068891e-12,5.1153363559568021e-11
36,7,9,82944,-7.430674786767964e-12,4.3417163691523276e-12
36,7,10,82944,-1.7602806505702083e-11,1.1158425642973916e-11
36,7,11,82944,-5.9039917417309678e-12,5.8902445970243329e-11
36,7,12,82944,2.4647695466877945e-11,3.6869294037043587e-26
36,8,0,82944,1.7432048550857052e-07,0
36,8,1,82944,3.3526473645577857e-09,1.2199534115702389e-10
36,8,2,82944,5.0520236309430942e-10,8.7399718961401144e-11
36,8,3,82944,5.5795027458175266e-11,5.874491305300251e-11
36,8,4,82944,2.1589690977982557e-10,-3.8926178931941343e-11
36,8,5,82944,1.46233282726448e-10,-1.4191386757412543e-10
36,8,6,82944,-3.4825163569603843e-12,-5.3928158868780609e-11
36,8,7,82944,-9.5178379630717503e-11,1.1476921846399468e-10
36,8,8,82944,2.4714503103441685e-11,5.9072858941615484e-11
36,8,9,82944,-4.5448095892888481e-11,3.357783994709674e-12
36,8,10,82944,-2.2394120028067162e-11,-3.2138978900803406e-11
36,8,11,82944,-8.6996934797375677e-11,-4.755798575325746e-11
36,8,12,82944,1.1967774788963018e-10,-3.8893764334452254e-26
36,9,0,82944,1.7409697916740251e-07,0
36,9,1,82944,1.9458514424991273e-09,1.675195170184322e-10
36,9,2,82944,3.4584983769095687e-10,1.6426332600478758e-11
36,9,3,82944,-2.9901877863999959e-11,1.5359625277023473e-10
36,9,4,82944,-7.3284547003251568e-11,1.281105798000012e-10
36,9,5,82944,5.8686240447478598e-11,1.4792434842393334e-10
36,9,6,82944,-5.7604609239528758e-12,4.0421232313596728e-11
36,9,7,82944,4.1123194888794373e-11,6.7531567129738683e-11
36,9,8,82944,3.4532836205541049e-11,7.1351930796860715e-11
36,9,9,82944,6.9563111694660148e-11,-6.4633032101658694e-11
36,9,10,82944,6.0040478366739945e-11,-1.2703282049823358e-10
36,9,11,82944,-2.8566792904162394e-11,3.5972004432735466e-11
36,9,12,82944,1.8280466131717143e-11,-1.9568549840272363e-25
36,10,0,82944,1.7414298424759164e-07,0
36,10,1,82944,9.6049458762991644e-10,-6.3590549478873918e-11
36,10,2,82944,2.7279956204342463e-10,6.1675031431931472e-12
36,10,3,82944,2.0837823640488027e-10,3.1451713259703719e-10
36,10,4,82944,1.7061075707882931e-10,8.5239496052485567e-11
36,10,5,82944,-8.1978293184179054e-11,-1.5431723372370338e-10
36,10,6,82944,3.5378879554805841e-11,-1.4690708278504677e-10
36,10,7,82944,8.2998807196983473e-11,5.9718691209305493e-11
36,10,8,82944,-7.1569028241768736e-11,-1.1148245599029058e-11
36,10,9,82944,3.1526198139800641e-11,-5.9869238331980404e-11
36,10,10,82944,-5.9459639058014996e-11,9.0203860404582065e-11
36,10,11,82944,3.566076490456346e-11,-6.9053253739133922e-12
36,10,12,82944,-1.614839069756611e-11,1.4831488799537794e-25
37,1,0,82944,1.7720484061463374e-07,0
37,1,1,82944,1.0245353575759587e-07,-8.2139484910876323e-11
37,1,2,82944,7.5221207914486858e-08,-1.0346618397634753e-10
37,1,3,82944,5.905750847933672e-08,-9.7383001314295595e-11
37,1,4,82944,4.6541997615999354e-08,-8.5600152861060099e-11
37,1,5,82944,3.6332713479130125e-08,-2.2459180099038087e-10
37,1,6,82944,2.7801030063461076e-08,-2.5359934272106645e-10
37,1,7,82944,2.1168802689804848e-08,-3.2880059869372881e-10
37,1,8,82944,1.5816125513774651e-08,-3.3556905539469072e-10
37,1,9,82944,1.1886699518552643e-08,-2.8566447784120064e-10
37,1,10,82944,9.2243852725747366e-09,-2.013703090139765e-10
37,1,11,82944,7.7196803122462465e-09,-8.9084304312169802e-11
37,1,12,82944,7.2179547623172679e-09,8.7161923149516073e-25
37,2,0,82944,1.7616319753345461e-07,0
37,2,1,82944,6.3125821490947514e-08,8.9418059954494039e-12
37,2,2,82944,3.7491850821135432e-08,-3.7451236539247113e-11
37,2,3,82944,2.5595605691938623e-08,-9.3536598625457106e-11
37,2,4,82944,1.8222772999439275e-08,-9.7644679249277926e-11
37,2,5,82944,1.3015941480180228e-08,-2.014351218658769e-10
37,2,6,82944,9.1422884385999211e-09,-8.8024773129102608e-11
37,2,7,82944,6.4335502775056013e-09,-6.7595494652272575e-11
37,2,8,82944,4.4453754949954862e-09,-1.622629951973392e-11
37,2,9,82944,3.0891459016030989e-09,1.654422704343515e-11
37,2,10,82944,2.207091850960883e-09,-9.1912591022446488e-11
37,2,11,82944,1.6770994843290899e-09,-8.880415906300509e-11
37,2,12,82944,1.5210808101017881e-09,-9.0903702733692098e-25
37,3,0,82944,1.746888089932933e-07,0
37,3,1,82944,3.8592590088063576e-08,-1.2768466786980996e-10
37,3,2,82944,1.8385135710695119e-08,1.5098624060017549e-10
37,3,3,82944,1.0737016405263372e-08,1.5297455646546723e-10
37,3,4,82944,7.0188859508855083e-09,4.1316690043660226e-12
37,3,5,82944,4.5964102641581999e-09,-1.4643506122275534e-10
37,3,6,82944,3.0924747223274688e-09,-2.5193960217360977e-11
37,3,7,82944,1.8764944351486886e-09,1.0282417237029069e-10
37,3,8,82944,1.1977270517863106e-09,2.2338680109064377e-10
37,3,9,82944,9.5941287864480302e-10,1.1922796057565737e-10
37,3,10,82944,5.7561454872571197e-10,2.8310376082171286e-11
37,3,11,82944,4.8941275443651034e-10,-5.5976461995603086e-11
37,3,12,82944,5.3512757704253273e-10,2.210761455810609e-25
37,4,0,82944,1.7560436473141143e-07,0
37,4,1,82944,2.4012733928307779e-08,1.8716013496917693e-10
37,4,2,82944,9.4697416799901256e-09,1.8066283473633118e-10
37,4,3,82944,5.0003824919552331e-09,-5.4902848392857233e-11
37,4,4,82944,2.7316916254778869e-09,-4.8658918356456901e-11
37,4,5,82944,1.4762299405395066e-09,1.2393811678678376e-10
37,4,6,82944,9.2452784321058678e-10,9.969143144940079e-11
37,4,7,82944,4.9064423762202018e-10,1.4004622117297668e-10
37,4,8,82944,1.750798897288981e-10,1.5351352770475374e-10
37,4,9,82944,2.1476183888326473e-10,1.7491992662389307e-10
37,4,10,82944,1.2457067318807671e-10,1.624464510589347e-10
37,4,11,82944,7.8980978286177225e-11,7.7220534930141933e-11
37,4,12,82944,2.4150325163046978e-11,-1.6046170977982994e-26
37,5,0,82944,1.7465681904530867e-07,0
37,5,1,82944,1.458880010661227e-08,8.7084943502217295e-11
37,5,2,82944,4.5670134794940725e-09,9.0876951802413731e-11
37,5,3,82944,2.0481020135705773e-09,-2.4125798507431646e-10
37,5,4,82944,1.0879475948639535e-09,-3.6796424180318978e-11
37,5,5,82944,4.9364830531366487e-10,1.0718854695779642e-10
37,5,6,82944,3.1390767583411072e-10,-1.6200400932831062e-11
37,5,7,82944,2.5253207580310464e-10,-6.7615159768708816e-11
37,5,8,82944,-5.4463492451064152e-11,-5.1585218182991324e-11
37,5,9,82944,1.7662959461766173e-10,9.4314247474750449e-11
37,5,10,82944,4.1694909678092148e-11,1.264984436194809e-10
37,5,11,82944,-4.2019363697456295e-11,-2.9478345296434473e-11
37,5,12,82944,-1.5297638796373537e-10,-5.5797592679810352e-27
37,6,0,82944,1.7461985528210336e-07,0
37,6,1,82944,9.08046988680549e-09,-1.6116570378995922e-10
37,6,2,82944,2.3140897455531578e-09,2.4152592874041812e-10
37,6,3,82944,8.5343392661149851e-10,-3.3579911849901334e-11
37,6,4,82944,4.9945346599830897e-10,-1.7217374124172859e-10
37,6,5,82944,2.9466898665529165e-10,2.5076486648830247e-10
37,6,6,82944,9.0258404355515264e-11,-6.6030167618902019e-12
37,6,7,82944,1.8211016219131869e-10,-5.1549606362302373e-11
37,6,8,82944,5.5068155367939016e-12,1.2004131172694586e-10
37,6,9,82944,2.1630407858362135e-11,7.1440464239701054e-11
37,6,10,82944,-5.7026908043960605e-11,1.2962772367647108e-10
37,6,11,82944,-2.4574391965797905e-11,1.9686486505964421e-11
37,6,12,82944,-9.4144274633725165e-11,5.1454455662463184e-26
37,7,0,82944,1.7446461068398862e-07,0
37,7,1,82944,5.7449329594009793e-09,-1.308847337388954e-10
37,7,2,82944,1.3063226609988925e-09,1.8335566506873406e-10
37,7,3,82944,1.3165521665183121e-10,-1.6339264434509625e-10
37,7,4,82944,2.7844222980373178e-10,-8.5838817827616375e-11
37,7,5,82944,1.8171654117990186e-10,2.7104836697778023e-10
37,7,6,82944,-1.3213758365691272e-11,-2.3202893712948529e-12
37,7,7,82944,1.1590152033041597e-10,-5.6027511114194329e-11
37,7,8,82944,-4.2268778355593286e-11,8.3436346223250098e-11
37,7,9,82944,-2.2031127857702732e-11,7.688288752968125e-12
37,7,10,82944,1.1050777261764172e-11,-1.3676867435111118e-12
37,7,11,82944,-5.1406257913603497e-11,-1.1483411187093498e-12
37,7,12,82944,7.4332599255408181e-11,7.3940536465823753e-26
37,8,0,82944,1.7436781876668668e-07,0
37,8,1,82944,3.5064456928066905e-09,-4.7925601127989297e-11
37,8,2,82944,8.5566829296367981e-10,2.2645917749209995e-10
37,8,3,82944,-1.7262733082793673e-10,-1.0196288483569913e-10
37,8,4,82944,1.2735525953192756e-10,5.4370728155417727e-11
37,8,5,82944,-6.6387016895792814e-11,1.9970807048981537e-10
37,8,6,82944,-2.4289491558113711e-11,-5.5210789390376703e-11
37,8,7,82944,-1.2867906135085412e-10,-2.9815978999524131e-11
37,8,8,82944,-7.8131101999698837e-11,-6.2862634965547209e-11
37,8,9,82944,6.255035285905129e-11,4.0428893065888358e-11
37,8,10,82944,1.3298092162353543e-11,2.3361429445210217e-11
37,8,11,82944,-6.6783769889909401e-12,3.5556651861152298e-12
37,8,12,82944,1.4362028589812052e-10,-4.9479849165483302e-26
37,9,0,82944,1.7466242055246074e-07,0
37,9,1,82944,1.944067873014853e-09,-2.5764004516766304e-10
37,9,2,82944,6.8648632889978461e-10,-2.0529601441878246e-11
37,9,3,82944,6.8730661616811721e-11,1.4583696061985709e-10
37,9,4,82944,1.0090750493235933e-10,-1.1481227596102389e-10
37,9,5,82944,3.4216085390371818e-12,2.4496225327029887e-10
37,9,6,82944,-1.0936810821558159e-10,1.045747676025367e-10
37,9,7,82944,3.9367371058062744e-11,-7.2241363527509884e-11
37,9,8,82944,-1.0833665777712675e-10,1.4863723829086032e-10
37,9,9,82944,4.4520052417873735e-11,-9.8944818850027356e-12
37,9,10,82944,4.524164231881722e-11,-7.2469721947464257e-13
37,9,11,82944,1.1298071967747285e-10,-4.5030645812799072e-11
37,9,12,82944,1.2658683545963143e-10,2.5510320299366377e-26
37,10,0,82944,1.7482933774869217e-07,0
37,10,1,82944,1.163539177253513e-09,-1.1992202960422462e-11
37,10,2,82944,2.6316280733412185e-10,-1.0473649062971911e-10
37,10,3,82944,-3.7414804425952945e-11,2.6585033306328534e-10
37,10,4,82944,5.0260544170983383e-11,8.2510562415789491e-11
37,10,5,82944,6.1325358072110121e-11,1.8601337510551198e-11
37,10,6,82944,-8.5920915860544003e-11,-4.4481720768702215e-11
37,10,7,82944,4.9223197328296194e-11,6.3840981084150541e-12
37,10,8,82944,-6.2133478949439562e-11,-9.2420166619297712e-12
37,10,9,82944,-4.8253289553454457e-12,-7.8371351017712891e-11
37,10,10,82944,-7.7796040293411982e-11,-2.5277617042782511e-11
37,10,11,82944,8.2647894904320355e-12,-2.6092199907982836e-11
37,10,12,82944,-2.1674797582707358e-11,3.0157626499329132e-25
38,1,0,82944,1.7782870752973641e-07,0
38,1,1,82944,1.0333426365540624e-07,-3.1439181158070047e-10
38,1,2,82944,7.5801111379015054e-08,-5.2375983423875576e-10
38,1,3,82944,5.9483714288423831e-08,-7.5148783896501358e-10
38,1,4,82944,4.6921960054090838e-08,-8.3449199022575439e-10
38,1,5,82944,3.6463208677285169e-08,-8.7319763876868394e-10
38,1,6,82944,2.8003911689557643e-08,-8.758209809794656e-10
38,1,7,82944,2.1075620796690915e-08,-7.6305935731171635e-10
38,1,8,82944,1.5668568722006954e-08,-6.1619968055678553e-10
38,1,9,82944,1.1582071280056353e-08,-5.6899232521614977e-10
38,1,10,82944,8.7325694282795561e-09,-3.816926531773833e-10
38,1,11,82944,7.0983447746077356e-09,-2.2854833117744627e-10
38,1,12,82944,6.5683865492587722e-09,6.6562189916376446e-25
38,2,0,82944,1.7518879799725588e-07,0
38,2,1,82944,6.2522188585180774e-08,-1.5181226175446781e-10
38,2,2,82944,3.6362078037150842e-08,8.1816399716807787e-11
38,2,3,82944,2.4794593673130456e-08,8.4733493001232649e-11
38,2,4,82944,1.7643138624566496e-08,-1.8110546786401908e-10
38,2,5,82944,1.2572359574419961e-08,-2.929437826937965e-10
38,2,6,82944,8.8728341040193859e-09,-3.1632423055509855e-10
38,2,7,82944,6.022257574791801e-09,-3.1794845470121943e-10
38,2,8,82944,4.2465944438348075e-09,-2.7655616965657924e-10
38,2,9,82944,2.8734514496781505e-09,-2.0465896830747463e-10
38,2,10,82944,2.0173038969116489e-09,-1.4484590986477569e-10
38,2,11,82944,1.5864022228465067e-09,-1.5825790286225904e-10
38,2,12,82944,1.408995197039604e-09,-2.8761440087323154e-26
38,3,0,82944,1.7552566543993982e-07,0
38,3,1,82944,3.8768391398450958e-08,1.6969293475446009e-11
38,3,2,82944,1.7801427358197742e-08,-2.3570050248579812e-11
38,3,3,82944,1.0604508802479974e-08,4.3380287844160227e-11
38,3,4,82944,7.0050816568501739e-09,2.0991069197615607e-11
38,3,5,82944,4.4061575188558596e-09,7.5466045341506631e-11
38,3,6,82944,2.9077434398745297e-09,-3.5586709533842667e-11
38,3,7,82944,1.8667871703631244e-09,4.434325384936242e-11
38,3,8,82944,1.1324694129370981e-09,4.3057776237604988e-11
38,3,9,82944,7.1645268698252395e-10,-5.9043985160716078e-11
38,3,10,82944,5.0692999715040976e-10,-3.3252069722392203e-11
38,3,11,82944,4.2269786771514281e-10,-4.6259332932845833e-11
38,3,12,82944,2.5254209825154645e-10,1.1669126576344252e-25
38,4,0,82944,1.7427776449670516e-07,0
38,4,1,82944,2.4070635792730125e-08,1.3127781779607274e-10
38,4,2,82944,8.9852075448734835e-09,-1.4086209875625228e-10
38,4,3,82944,4.8325653218548907e-09,6.0967744567074458e-11
38,4,4,82944,2.9259845815534708e-09,-8.0655654070879421e-11
38,4,5,82944,1.5722554616411099e-09,-3.0873385512715021e-10
38,4,6,82944,1.0333181983457105e-09,-1.2021373669060689e-10
38,4,7,82944,6.9275383839395559e-10,-7.984098261217386e-11
38,4,8,82944,3.4231702501677439e-10,-1.0910241991875874e-10
38,4,9,82944,1.7802026779889551e-10,-8.5690178439605941e-11
38,4,10,82944,5.0678263900773203e-11,-9.7541178045850629e-12
38,4,11,82944,1.5039741131001443e-11,-6.0550319267562229e-11
38,4,12,82944,4.3325880185798834e-11,1.1053807279053045e-25
38,5,0,82944,1.7432520669693421e-07,0
38,5,1,82944,1.5125388918136396e-08,-7.8006369333348399e-11
38,5,2,82944,4.1493173119322647e-09,-1.008360903588707e-10
38,5,3,82944,1.8883184732934431e-09,-7.1058916286297867e-12
38,5,4,82944,9.8146887195908097e-10,-5.4926412692435871e-11
38,5,5,82944,6.2508000980751023e-10,-1.4363451282983816e-10
38,5,6,82944,4.14972507437299e-10,-1.7460710580397691e-11
38,5,7,82944,1.7450882778797179e-10,-5.0539841532120854e-11
38,5,8,82944,6.7041652468994223e-11,-9.8837506540761893e-11
38,5,9,82944,1.0179587250103483e-10,-9.5586662810821916e-11
38,5,10,82944,6.3383916632037078e-11,2.7050392791652768e-12
38,5,11,82944,1.4168106540753928e-10,1.0569252134382953e-11
38,5,12,82944,4.6559603936164749e-11,-4.8108594653691715e-26
38,6,0,82944,1.7327152181666171e-07,0
38,6,1,82944,9.181857781586604e-09,1.9211353419456987e-10
38,6,2,82944,1.8405349550282394e-09,-1.5703919318553382e-10
38,6,3,82944,6.4359800829923617e-10,-3.8536966100614531e-11
38,6,4,82944,3.1044548363654025e-10,7.2844130216829106e-12
38,6,5,82944,1.5258921605481108e-10,-3.8002967642254052e-11
38,6,6,82944,1.8721434597867749e-10,-6.9924668252495443e-11
38,6,7,82944,6.1731708597643363e-11,-2.2225575809241254e-11
38,6,8,82944,1.8401565043641763e-10,2.6805991142298188e-13
38,6,9,82944,6.2613774476006135e-11,-6.2223296660232865e-11
38,6,10,82944,5.4448379581493079e-11,2.1901597193754609e-12
38,6,11,82944,-1.7268633158274204e-11,9.775989823707848e-11
38,6,12,82944,-9.4084159983914259e-12,7.9363224762454114e-26
38,7,0,82944,1.7478931126688053e-07,0
38,7,1,82944,5.4495517921382449e-09,2.2287834208065233e-10
38,7,2,82944,1.0013297715241449e-09,-3.3623829154508418e-12
38,7,3,82944,2.119625793942498e-10,-1.3683122644650729e-10
38,7,4,82944,1.7456260115743006e-10,1.571751543534147e-10
38,7,5,82944,-5.9494804656511733e-11,2.5366470265264475e-10
38,7,6,82944,5.9981755658503992e-11,1.3347842712172719e-10
38,7,7,82944,5.2468630765142084e-11,-2.6540771343713809e-11
38,7,8,82944,-5.8440146025606031e-12,3.1722565564893081e-11
38,7,9,82944,-2.8999610471015315e-11,-1.4152321165821479e-11
38,7,10,82944,5.4632806837386536e-11,2.7176053776869878e-11
38,7,11,82944,4.3778262266074785e-12,7.0990388823976228e-11
38,7,12,82944,-1.129480506243478e-11,-2.5420565458594563e-25
38,8,0,82944,1.7399796832380617e-07,0
38,8,1,82944,3.3896166109146141e-09,-4.5313589835672533e-11
38,8,2,82944,4.7270389214843185e-10,-2.6014350581226835e-10
38,8,3,82944,1.0457750520156608e-10,5.6061028418662252e-11
38,8,4,82944,2.299197471372469e-10,1.5719811839252657e-11
38,8,5,82944,8.969342917122022e-11,9.7159586457981908e-11
38,8,6,82944,-3.0696324571290853e-10,1.1885279743468937e-10
38,8,7,82944,8.9237192435161989e-11,-1.2540914723928098e-10
38,8,8,82944,1.0733261556584865e-11,-1.1360708665285605e-10
38,8,9,82944,-2.1585149159890924e-11,-9.1945668558240786e-11
38,8,10,82944,4.9558418182786901e-11,-4.4751127689196306e-11
38,8,11,82944,-1.4372649419959239e-11,-3.2817562980213024e-11
38,8,12,82944,3.3408271190317788e-11,1.3814267270790582e-25
38,9,0,82944,1.7488154638324417e-07,0
38,9,1,82944,1.9589087958652126e-09,9.5904317523543448e-11
38,9,2,82944,3.4088283869081582e-10,7.492910372565161e-11
38,9,3,82944,2.6950669655961942e-10,-9.8461821259729658e-11
38,9,4,82944,1.2089440264845628e-10,-1.4997812673628572e-11
38,9,5,82944,3.0278924988467323e-11,6.6133950922376668e-11
38,9,6,82944,-8.4837887152269504e-11,1.0256550723515875e-10
38,9,7,82944,1.4248893748315187e-10,7.6319771366360227e-12
38,9,8,82944,-9.1286741407949518e-11,-3.8696778840028635e-11
38,9,9,82944,4.5094297329250811e-11,-4.4762849053126256e-11
38,9,10,82944,-1.1991939231495811e-10,6.9312694731443293e-11
38,9,11,82944,-1.3000710459610545e-11,1.2284234193175332e-11
38,9,12,82944,3.1158202431271914e-11,-5.0980749558389729e-26
38,10,0,82944,1.7378959540146922e-07,0
38,10,1,82944,1.2024572367838485e-09,2.3990381745108392e-10
38,10,2,82944,4.2848841443190487e-10,1.4780810115640372e-11
38,10,3,82944,3.9363878440065743e-11,-3.7681130770005325e-11
38,10,4,82944,2.305566763186256e-10,-1.2703613871167822e-10
38,10,5,82944,-1.8565369470118986e-10,-4.1369886238438072e-12
38,10,6,82944,-6.5245034621087888e-11,6.2818035832407637e-11
38,10,7,82944,-3.6078137404367705e-11,-6.4983524271588828e-11
38,10,8,82944,5.0256648878698311e-13,-1.3212998150614137e-11
38,10,9,82944,-2.7231912646133693e-11,6.4869267083259103e-11
38,10,10,82944,-5.444987037673895e-11,-3.637525643927004e-12
38,10,11,82944,-1.4516059368597835e-11,-7.5227790691162586e-11
38,10,12,82944,-5.5500505543824649e-11,-3.7736924164504447e-26
39,1,0,82944,1.7627916143047722e-07,0
39,1,1,82944,1.0217242711321821e-07,3.9411709035794783e-12
39,1,2,82944,7.4747272777349739e-08,-1.3297782835886613e-10
39,1,3,82944,5.8466455418364129e-08,-1.7596263204353237e-10
39,1,4,82944,4.6081878661610026e-08,-2.5587834552357355e-10
39,1,5,82944,3.6015271735059869e-08,-2.3378177107477786e-10
39,1,6,82944,2.7579273414510114e-08,-1.7474662843011568e-10
39,1,7,82944,2.0601958784898456e-08,-2.5390286068129329e-10
39,1,8,82944,1.5326823433251366e-08,-2.3424333792601806e-10
39,1,9,82944,1.1456737013147454e-08,-2.0164007513273913e-10
39,1,10,82944,8.8172856887153876e-09,-1.6120599216104079e-10
39,1,11,82944,7.2557055400681476e-09,-8.676933451189937e-11
39,1,12,82944,6.7104650745851995e-09,1.9403002022848796e-25
39,2,0,82944,1.7482499107039585e-07,0
39,2,1,82944,6.2207292322330893e-08,-3.5035468168662938e-11
39,2,2,82944,3.6379720706384174e-08,6.5866990305216237e-12
39,2,3,82944,2.4951351182502274e-08,-3.43242652759448e-11
39,2,4,82944,1.7903993433376546e-08,-8.6805145932911721e-11
39,2,5,82944,1.2918671363407074e-08,-3.8966550353282488e-11
39,2,6,82944,9.170609955762306e-09,1.2346651021351984e-11
39,2,7,82944,6.4351878606759864e-09,1.0262839088354271e-11
39,2,8,82944,4.4495466409059221e-09,4.7138236616594602e-11
39,2,9,82944,3.0814904253258149e-09,5.272167994003804e-11
39,2,10,82944,2.2589424704881214e-09,9.256686238705363e-12
39,2,11,82944,1.7404717090142851e-09,-4.1513374753284378e-11
39,2,12,82944,1.5207854546546384e-09,5.9930304459348051e-25
39,3,0,82944,1.7469595196505484e-07,0
39,3,1,82944,3.8429712870469351e-08,-6.5664637830908745e-11
39,3,2,82944,1.8046050589732946e-08,6.0649914772830446e-11
39,3,3,82944,1.0641029848332425e-08,6.7682655250616138e-11
39,3,4,82944,6.8584786185189622e-09,-1.1304944116337111e-10
39,3,5,82944,4.4820168831850738e-09,1.9365199811390007e-11
39,3,6,82944,3.0668834121797679e-09,-1.0113243319808535e-10
39,3,7,82944,1.905322694778478e-09,-1.8802554334712198e-11
39,3,8,82944,1.2401238643315322e-09,-3.0761711909610076e-11
39,3,9,82944,7.388790456332287e-10,-3.1660270704611771e-12
39,3,10,82944,5.4650090619431617e-10,5.9210338292003517e-12
39,3,11,82944,3.5145529684262146e-10,1.1220404891702523e-11
39,3,12,82944,2.7941683265323837e-10,2.7863891679605028e-26
39,4,0,82944,1.7411281542063575e-07,0
39,4,1,82944,2.3718884597906255e-08,-5.4676255608760911e-11
39,4,2,82944,9.0537413109089206e-09,7.8778753599419687e-12
39,4,3,82944,4.6373772579029406e-09,8.3105339548380539e-11
39,4,4,82944,2.7347092677040239e-09,-6.465583271258757e-11
39,4,5,82944,1.4485293617118437e-09,6.7652030408043804e-11
39,4,6,82944,1.0970631579021909e-09,-1.497468497885075e-10
39,4,7,82944,6.0764457622081166e-10,-5.9305813157640313e-11
39,4,8,82944,3.9205751875624669e-10,-2.6141635733978829e-11
39,4,9,82944,2.9450426773201708e-10,7.9055160502110982e-11
39,4,10,82944,6.4790715724116321e-11,2.8942341930967067e-11
39,4,11,82944,7.4493409313536778e-11,7.9943226554797222e-11
39,4,12,82944,1.9919244267852434e-11,-4.4279054780761032e-26
39,5,0,82944,1.7497258383264788e-07,0
39,5,1,82944,1.4780895215475072e-08,-1.9238878649055993e-10
39,5,2,82944,4.3565799893824799e-09,9.6739780475999903e-11
39,5,3,82944,2.2075817405884115e-09,7.3666998700312376e-12
39,5,4,82944,1.165323822809248e-09,2.1811086286623835e-10
39,5,5,82944,5.5493347970517562e-10,1.4146917502338582e-10
39,5,6,82944,2.5671388112520609e-10,-3.5771953034992014e-11
39,5,7,82944,2.3419781553601496e-10,1.9343122882136987e-11
39,5,8,82944,1.0466202854575518e-10,3.2648930215863994e-11
39,5,9,82944,-1.7379546860250129e-11,1.6087523687817848e-12
39,5,10,82944,-1.1855647633780206e-11,2.6547031542282843e-11
39,5,11,82944,6.9025324628107084e-12,-1.8084827383313704e-11
39,5,12,82944,-2.6197260588042461e-11,-4.4757747264877363e-26
39,6,0,82944,1.7438029291881846e-07,0
39,6,1,82944,9.0125130109663301e-09,1.8575573578439553e-11
39,6,2,82944,2.0795574332359729e-09,-1.0803032858723928e-10
39,6,3,82944,9.9703120703041708e-10,-1.8677436948089722e-10
39,6,4,82944,5.4403755043142759e-10,2.0585772946324206e-10
39,6,5,82944,2.662082099272599e-11,6.3224334060170381e-11
39,6,6,82944,2.7502538135822558e-10,-2.7771095977145811e-11
39,6,7,82944,1.0468994835999192e-10,-7.3895179935574218e-11
39,6,8,82944,1.3846236650945466e-10,4.3804260176636938e-13
39,6,9,82944,8.7429184935920906e-11,3.0896784689207703e-11
39,6,10,82944,8.1141172483218947e-12,-6.9426696554259548e-11
39,6,11,82944,1.1544705291431189e-11,-7.0748340692313712e-11
39,6,12,82944,-5.0376838463007771e-11,2.6537514588199348e-25
39,7,0,82944,1.7418619003635579e-07,0
39,7,1,82944,5.5463716123868434e-09,2.8733166700179417e-11
39,7,2,82944,1.2834020941369914e-09,1.1955882629385013e-10
39,7,3,82944,6.3627511825498472e-10,3.5495102824080886e-11
39,7,4,82944,2.0011495106596676e-10,1.1953322704464464e-11
39,7,5,82944,-6.5120549582053901e-11,4.4362392782387154e-11
39,7,6,82944,1.9318678676478723e-10,-4.6819365293168068e-11
39,7,7,82944,-1.0684729899749727e-11,4.0895102648433382e-11
39,7,8,82944,1.246696249642574e-10,6.1487458441635043e-11
39,7,9,82944,6.6738867679680844e-12,-8.858516972042278e-11
39,7,10,82944,3.4840253043897089e-11,-2.4802953527618482e-12
39,7,11,82944,-1.4637239347437477e-11,-4.8503102922759886e-11
39,7,12,82944,3.710531850902161e-11,5.8280809941163846e-26
39,8,0,82944,1.7440423125722746e-07,0
39,8,1,82944,3.6203595331631522e-09,-3.4573763326054051e-11
39,8,2,82944,4.7781654438119014e-10,-9.1979001792021404e-11
39,8,3,82944,3.3605031744890165e-10,-5.5404390313316084e-11
39,8,4,82944,-6.1470697954829784e-11,-1.1868454302034708e-10
39,8,5,82944,-1.050039808380063e-10,-5.9190103915174567e-11
39,8,6,82944,6.9774461182189055e-11,-2.4059805187107099e-10
39,8,7,82944,4.416585093977763e-11,1.9182820209779141e-11
39,8,8,82944,1.2074043352115299e-10,-2.4686207612186434e-11
39,8,9,82944,1.4906886532249874e-10,-1.090900419039677e-10
39,8,10,82944,-2.849450228347154e-11,-3.8428336309960718e-11
39,8,11,82944,5.5014740892918344e-11,-6.7373532046936844e-11
39,8,12,82944,1.4398725296343656e-11,-1.7711621912304413e-26
39,9,0,82944,1.7428120668601823e-07,0
39,9,1,82944,2.4453691820815039e-09,-1.2929209029379385e-10
39,9,2,82944,3.1485449942894055e-10,4.4272315242104908e-12
39,9,3,82944,7.3980733113047051e-12,-1.0676342731768902e-10
39,9,4,82944,-1.5904187375202928e-10,-1.8488661568214598e-10
39,9,5,82944,-3.2102624884606234e-10,-1.2255124708872177e-10
39,9,6,82944,-1.619114059060211e-10,4.2239148085800111e-11
39,9,7,82944,-8.4708074667378233e-11,7.0701671665577478e-11
39,9,8,82944,1.8702536577007576e-11,8.8793240649266164e-12
39,9,9,82944,-2.3787472143821199e-11,-8.7106444626738484e-12
39,9,10,82944,-3.4677418199406465e-12,8.667074500400528e-11
39,9,11,82944,2.2843664821460339e-11,-2.9365766913223038e-11
39,9,12,82944,-6.7180851041976485e-12,-9.8640570008222378e-26
39,10,0,82944,1.7398075579786958e-07,0
39,10,1,82944,1.4311167812321867e-09,1.2217407039310457e-10
39,10,2,82944,4.0184145002571992e-10,-8.7147884823080366e-11
39,10,3,82944,5.8898308138025015e-11,-1.3478901346573318e-11
39,10,4,82944,1.7608476248135776e-11,-2.9942546097282185e-10
39,10,5,82944,-1.7589180724731187e-10,-5.6760240961804182e-12
39,10,6,82944,-1.1098858535292457e-10,2.8604388696553707e-11
39,10,7,82944,-1.2684689622507308e-11,-4.9924590197510307e-12
39,10,8,82944,4.3907365372922641e-11,1.7268927773836959e-11
39,10,9,82944,-2.0884061778432408e-11,5.8558388945848734e-11
39,10,10,82944,-3.9495384081935552e-11,-1.9882511489801945e-11
39,10,11,82944,-2.9797909896475036e-11,-1.9137408046570428e-11
39,10,12,82944,-3.1527461018103159e-11,6.795438722434812e-26
40,1,0,82944,1.7598945715769122e-07,0
40,1,1,82944,1.0234333995017286e-07,-1.3421612091826164e-10
40,1,2,82944,7.5141625795541684e-08,-2.1601578439835991e-10
40,1,3,82944,5.884726850717407e-08,-3.4915839319051609e-10
40,1,4,82944,4.6048917920356521e-08,-4.2768211184495016e-10
40,1,5,82944,3.5650063877516183e-08,-4.252431510767929e-10
40,1,6,82944,2.7267364315858449e-08,-2.8782252241789903e-10
40,1,7,82944,2.0389525159699049e-08,-2.3236794721766242e-10
40,1,8,82944,1.5042861334944207e-08,-1.8191235500488064e-10
40,1,9,82944,1.1162261743506201e-08,-1.3609802810800451e-10
40,1,10,82944,8.5244386157844804e-09,-1.3123383921370469e-10
40,1,11,82944,6.9735752816705714e-09,-9.2212093971694246e-11
40,1,12,82944,6.4920646002051245e-09,5.2382919626447162e-25
40,2,0,82944,1.7442592725103566e-07,0
40,2,1,82944,6.2211039149223776e-08,1.5362110095015825e-10
40,2,2,82944,3.6430909982558038e-08,1.9054140025125707e-10
40,2,3,82944,2.4698113028973473e-08,2.2263523690375596e-10
40,2,4,82944,1.7631073475100966e-08,2.05612191888105e-10
40,2,5,82944,1.2452491620396005e-08,1.4453780019445558e-10
40,2,6,82944,8.5831050558629563e-09,1.8403761383355906e-10
40,2,7,82944,5.9645670296455883e-09,3.641138348926257e-11
40,2,8,82944,4.0956252424291595e-09,-3.9172546184657126e-11
40,2,9,82944,2.6486171138899426e-09,-2.6896502684071299e-11
40,2,10,82944,1.8351596383395436e-09,-3.3376921363969646e-11
40,2,11,82944,1.2960365701374623e-09,1.6637535674330036e-13
40,2,12,82944,1.1386162011653792e-09,-3.28552581025264e-25
40,3,0,82944,1.7519799396836036e-07,0
40,3,1,82944,3.8352711742844424e-08,-3.1056263118695263e-11
40,3,2,82944,1.7832078968437576e-08,-1.305026283374008e-10
40,3,3,82944,1.0386292153700099e-08,-1.4658655878816493e-10
40,3,4,82944,6.6180322581216013e-09,-5.5725820277423248e-11
40,3,5,82944,4.1761033945621473e-09,-7.6731397224992534e-11
40,3,6,82944,2.6941531532352337e-09,-1.7377156614505933e-10
40,3,7,82944,1.7364823432150557e-09,-1.5433109434661535e-10
40,3,8,82944,8.0855066647264994e-10,-9.9507637545269227e-11
40,3,9,82944,4.4520255416675272e-10,-5.4714465934892702e-11
40,3,10,82944,2.5970221432200946e-10,-3.2352013556820367e-11
40,3,11,82944,2.2948747870664306e-10,1.7406039468201451e-11
40,3,12,82944,1.7442372198229996e-10,-1.254373763586514e-25
40,4,0,82944,1.7451898084087958e-07,0
40,4,1,82944,2.3929412135738361e-08,-1.2836633155879858e-10
40,4,2,82944,8.887134942810872e-09,-1.0047143878039822e-10
40,4,3,82944,4.6179191300634172e-09,-4.4677799580977532e-11
40,4,4,82944,2.6595182684429788e-09,1.9221902290203376e-10
40,4,5,82944,1.6148481757046509e-09,-7.2605879445711509e-12
40,4,6,82944,1.0009482382026436e-09,4.8885995677581496e-11
40,4,7,82944,5.4750653669972348e-10,2.6555523457334598e-12
40,4,8,82944,4.052272328273397e-10,-3.4657596763990141e-11
40,4,9,82944,2.3691571001508805e-10,4.9795665973553966e-12
40,4,10,82944,-9.5520489039589369e-12,-3.7551705301348448e-11
40,4,11,82944,5.027800324137804e-11,5.510748644019286e-12
40,4,12,82944,-8.6798619811761518e-12,3.5299581599545437e-25
40,5,0,82944,1.7469646800877369e-07,0
40,5,1,82944,1.5014845802908413e-08,2.73517924288128e-11
40,5,2,82944,4.4978793143843916e-09,-1.016558721234921e-11
40,5,3,82944,2.1137778901765708e-09,4.1959443144112232e-11
40,5,4,82944,1.2023497703619506e-09,9.7923574384959548e-11
40,5,5,82944,5.2207435886932147e-10,-1.0263937922409423e-10
40,5,6,82944,3.1650339808690474e-10,4.2427986095476446e-11
40,5,7,82944,1.7447262888619557e-10,7.998285285191212e-11
40,5,8,82944,4.6889665961691767e-11,6.0990608724734271e-11
40,5,9,82944,8.1281398990321356e-11,8.7559089503035698e-12
40,5,10,82944,6.3916265769670408e-11,9.6333387896904263e-11
40,5,11,82944,-2.7520451580439933e-11,2.0002435357443547e-11
40,5,12,82944,-2.8410422343557208e-11,1.0455441673907627e-25
40,6,0,82944,1.7451469833490842e-07,0
40,6,1,82944,9.1073219111048717e-09,1.1346782879898767e-10
40,6,2,82944,2.2312491599758398e-09,-7.112203153463136e-11
40,6,3,82944,9.5427723980401242e-10,1.4383945600663912e-10
40,6,4,82944,6.0523363014880072e-10,1.3075790938908782e-10
40,6,5,82944,1.3792133687086689e-10,-1.0701841088593349e-10
40,6,6,82944,9.9530308801168084e-11,-8.3961879690021978e-12
40,6,7,82944,8.8385254738471507e-11,-8.4743946905596197e-11
40,6,8,82944,3.0393441708771233e-11,-6.2503346272833347e-11
40,6,9,82944,-2.6288291440236562e-11,-6.695164914480284e-11
40,6,10,82944,1.5145224336337187e-10,2.1598831249302729e-12
40,6,11,82944,-1.8638440716240419e-12,-7.4893460945064312e-11
40,6,12,82944,-2.4616551253839352e-11,-2.6116165474576114e-26
40,7,0,82944,1.749198414488329e-07,0
40,7,1,82944,5.5073051829541698e-09,-6.3366688874210455e-11
40,7,2,82944,8.6382110242350515e-10,-1.4320675962243933e-10
40,7,3,82944,4.4244298645346499e-10,1.8800115734515358e-10
40,7,4,82944,4.5295195438649952e-10,1.6140438427652163e-11
40,7,5,82944,7.4736165928655842e-11,3.8665800636558249e-11
40,7,6,82944,1.765315328926794e-10,-2.0020650881769662e-10
40,7,7,82944,2.1077615177434739e-11,4.1348021614135715e-11
40,7,8,82944,-6.0989121093320101e-12,-1.5111424513517299e-10
40,7,9,82944,-2.8956916142596715e-11,5.5513483937159333e-11
40,7,10,82944,4.5553152369648809e-12,-2.6207411800626636e-11
40,7,11,82944,5.8162081544590527e-11,6.4002036674861427e-11
40,7,12,82944,8.6095355680049214e-11,8.645385718342734e-26
40,8,0,82944,1.7397358956945605e-07,0
40,8,1,82944,3.2285166513182721e-09,-1.6324126853214067e-10
40,8,2,82944,1.9694161388003356e-10,2.3263212824249881e-11
40,8,3,82944,1.5528528800572911e-10,1.1525124847122807e-10
40,8,4,82944,1.791654949019054e-10,2.3822739808790875e-10
40,8,5,82944,-2.4479193492330971e-11,-1.0853245042578574e-10
40,8,6,82944,6.2356371029120089e-11,8.5624048138057279e-11
40,8,7,82944,4.7749574185404731e-11,7.2383397809064494e-11
40,8,8,82944,1.046026755464707e-11,-6.4859095741286476e-12
40,8,9,82944,3.0544398825260685e-11,9.5276573367421348e-11
40,8,10,82944,5.7151458094961445e-11,2.81014437765572e-12
40,8,11,82944,3.9326038808453937e-11,-7.507377985073353e-11
40,8,12,82944,3.792878602811876e-11,1.3973831432162692e-25
40,9,0,82944,1.7426399708703011e-07,0
40,9,1,82944,2.0779966535361837e-09,-5.8937182146214417e-11
40,9,2,82944,3.0641401763292889e-10,-1.8230298094197689e-11
40,9,3,82944,1.5016533973447104e-11,-2.7199434796110624e-10
40,9,4,82944,1.2107030840792709e-10,1.2838466648755659e-12
40,9,5,82944,1.9478530781854419e-11,2.1679629482162567e-11
40,9,6,82944,1.8732363373777139e-10,-2.289237846823065e-11
40,9,7,82944,-7.1004173692770224e-11,-3.1941529800152834e-11
40,9,8,82944,9.3426457230566142e-13,1.4034227945393281e-11
40,9,9,82944,5.4414637380674926e-11,-1.1485955172549475e-11
40,9,10,82944,-3.5036037526556349e-11,2.0109208462946757e-12
40,9,11,82944,-2.2949336259223466e-12,-8.717859243055077e-11
40,9,12,82944,-4.3675136380926884e-11,-5.4810289431320407e-26
40,10,0,82944,1.7439647252771038e-07,0
40,10,1,82944,1.2382501083943668e-09,1.3875137392794119e-10
40,10,2,82944,1.6792940261441222e-10,-2.1410410569422431e-10
40,10,3,82944,8.5558658368770004e-11,-5.1458177339922079e-10
40,10,4,82944,5.3693019709530975e-11,-1.9218328923123902e-10
40,10,5,82944,4.5354385321478099e-11,-3.6802246444619689e-11
40,10,6,82944,-1.3760098117550194e-10,-1.2303728528443996e-10
40,10,7,82944,-1.9872271148396781e-11,2.346458111354137e-11
40,10,8,82944,9.9043740648571214e-11,-3.4206775239333598e-11
40,10,9,82944,2.9361720600229567e-13,1.0792952669270572e-10
40,10,10,82944,-2.2713929131651156e-11,3.5927457028309007e-11
40,10,11,82944,-3.4770290028658706e-11,2.4042740362185022e-11
40,10,12,82944,-6.7200155794862088e-11,4.3635811755229705e-26
41,1,0,82944,1.7644881851822198e-07,0
41,1,1,82944,1.0213085560402432e-07,-2.4368735938052189e-10
41,1,2,82944,7.4688076921496816e-08,-2.9129626373900687e-10
41,1,3,82944,5.8311565285985034e-08,-3.1293955526730976e-10
41,1,4,82944,4.5587460401419916e-08,-1.98299018727867e-10
41,1,5,82944,3.5144091389166124e-08,-2.6843988729985519e-10
41,1,6,82944,2.6532106745414745e-08,-2.3120164031452248e-10
41,1,7,82944,1.9688408171258867e-08,-2.3664887620807909e-10
41,1,8,82944,1.4355724561272085e-08,-1.7115924038876347e-10
41,1,9,82944,1.0378059323039077e-08,-1.3389201819938421e-10
41,1,10,82944,7.6258171891175634e-09,-1.0788574503840719e-10
41,1,11,82944,6.0514888364940441e-09,-5.0475468703029751e-11
41,1,12,82944,5.5542580185896245e-09,-7.4532419776913428e-25
41,2,0,82944,1.7560765532668066e-07,0
41,2,1,82944,6.225404375109689e-08,9.0222908465985162e-12
41,2,2,82944,3.662285940839609e-08,-1.8569076434880506e-10
41,2,3,82944,2.4603849558753345e-08,-9.9257530136415147e-11
41,2,4,82944,1.7241252996333545e-08,-8.7973560102635945e-11
41,2,5,82944,1.214590105262684e-08,-2.0643758070367906e-11
41,2,6,82944,8.2689881446587887e-09,-3.6667659573350083e-11
41,2,7,82944,5.6883273699868735e-09,-3.4351832440449785e-11
41,2,8,82944,3.8258724330796058e-09,-9.5850637953165296e-11
41,2,9,82944,2.4192777075935598e-09,-6.7505146297625889e-11
41,2,10,82944,1.5630776698493912e-09,-6.1009085934404442e-11
41,2,11,82944,1.1239412977545721e-09,-5.7267998479363703e-11
41,2,12,82944,9.1886791539639557e-10,-1.4628044493788352e-25
41,3,0,82944,1.7491993872452887e-07,0
41,3,1,82944,3.8316001932297826e-08,-1.2147366165195354e-11
41,3,2,82944,1.7732057539524165e-08,-3.4823075000913629e-10
41,3,3,82944,1.0537298990986947e-08,-1.7049361286325596e-10
41,3,4,82944,6.7083508283285377e-09,-3.9082028823243249e-11
41,3,5,82944,4.3710537961203108e-09,-1.9083012472405374e-12
41,3,6,82944,2.7615768506993578e-09,-1.616283142136534e-11
41,3,7,82944,1.856882555763994e-09,2.8774541561333567e-11
41,3,8,82944,1.1214333681273605e-09,-3.143169108504783e-11
41,3,9,82944,6.7770072332823062e-10,3.7453901138355367e-11
41,3,10,82944,4.4119239034802652e-10,1.0424324570682755e-10
41,3,11,82944,3.3214164668535567e-10,2.4074677391651372e-11
41,3,12,82944,2.642909077936261e-10,-2.6447759747427533e-25
41,4,0,82944,1.7494013676317398e-07,0
41,4,1,82944,2.3872034774009444e-08,-1.4489078975378512e-11
41,4,2,82944,9.0089412111102277e-09,-3.6403035206650535e-10
41,4,3,82944,4.5424025498761243e-09,-1.8461521582582206e-10
41,4,4,82944,2.8450598198458223e-09,-1.9483743763618514e-10
41,4,5,82944,1.7110059547868301e-09,8.7256663625718665e-11
41,4,6,82944,9.6459438445059808e-10,-3.2977686194071656e-11
41,4,7,82944,5.6857614456644601e-10,5.5903579768074616e-11
41,4,8,82944,3.0504670860845858e-10,8.502302622930803e-12
41,4,9,82944,1.3891787590780223e-10,1.1484519682343533e-10
41,4,10,82944,4.4156622453821936e-11,2.6247007407988575e-11
41,4,11,82944,8.2105175308984e-11,-1.704549443828807e-11
41,4,12,82944,1.519148965256396e-11,-2.3585078964810989e-25
41,5,0,82944,1.7535065670311468e-07,0
41,5,1,82944,1.488830531160193e-08,-2.8701752487994338e-11
41,5,2,82944,4.3679822546011383e-09,-1.1476403569416447e-10
41,5,3,82944,2.1066563839817284e-09,1.4499481578668172e-10
41,5,4,82944,9.9005019211433333e-10,-1.3519983654492556e-11
41,5,5,82944,6.7672257775205886e-10,3.7809609620046345e-11
41,5,6,82944,2.7255072941705325e-10,6.1338764007615712e-11
41,5,7,82944,1.8638462605223899e-10,7.5452102033350869e-11
41,5,8,82944,2.142449668189997e-10,-2.1752470114950598e-11
41,5,9,82944,7.2750817279190822e-11,1.8521921938017074e-10
41,5,10,82944,-5.4206390377470936e-12,2.2748223351000875e-11
41,5,11,82944,-1.1983561944453925e-10,2.3134587065373089e-11
41,5,12,82944,1.8316678975234529e-11,-2.4333534609247052e-26
41,6,0,82944,1.7503787087541783e-07,0
41,6,1,82944,8.952928492210041e-09,6.3077285793601649e-11
41,6,2,82944,2.3490128810330083e-09,4.3225548619347358e-11
41,6,3,82944,8.7317840610214828e-10,1.568696909561432e-10
41,6,4,82944,4.7264495872379711e-10,-2.4685767861646334e-11
41,6,5,82944,4.153882184631758e-10,1.3283729676030042e-10
41,6,6,82944,1.9394618688303345e-10,1.3453940861372958e-10
41,6,7,82944,1.700781965448945e-12,-8.2699316321476768e-11
41,6,8,82944,1.481373651602834e-11,-6.1340357403780549e-11
41,6,9,82944,5.0156418505576291e-11,-1.210789416417572e-11
41,6,10,82944,-6.0316432788926883e-11,-1.5004005757916861e-10
41,6,11,82944,-1.894114077037454e-11,5.2189652638531853e-11
41,6,12,82944,-1.8746484452534059e-11,7.0108503402871634e-26
41,7,0,82944,1.7351334555635388e-07,0
41,7,1,82944,5.6973049104266721e-09,9.443402735663544e-11
41,7,2,82944,8.66905604164581e-10,9.0731257072084475e-11
41,7,3,82944,4.3699387869517529e-10,1.9534594135831508e-10
41,7,4,82944,3.9765928624014259e-10,9.3839879892358397e-11
41,7,5,82944,1.1105830804982297e-10,3.6341344935048274e-11
41,7,6,82944,1.2372553513480357e-10,3.0348312522451164e-11
41,7,7,82944,-1.6644322268974001e-11,-9.2677956291984668e-11
41,7,8,82944,3.3516988832539131e-11,5.9282899226508496e-11
41,7,9,82944,-7.051296160278906e-11,3.1529614577584055e-11
41,7,10,82944,-8.5353629026392906e-11,-7.7581176137038339e-11
41,7,11,82944,-6.1928507145116053e-12,-1.3646387848790991e-11
41,7,12,82944,9.061809790294896e-11,2.5131355416107611e-26
41,8,0,82944,1.7446048808415356e-07,0
41,8,1,82944,3.6868218937483535e-09,-1.7763703661647676e-10
41,8,2,82944,6.043889572951366e-10,-2.6761890328564164e-12
41,8,3,82944,1.4757249767630595e-10,1.1510237730712563e-10
41,8,4,82944,3.3352933747643298e-10,-2.7361652649475886e-10
41,8,5,82944,2.4446023307025841e-11,2.9142229498982419e-11
41,8,6,82944,-2.0876650376522551e-11,-8.4299637265326569e-11
41,8,7,82944,5.3163328550049144e-11,6.1517257044204943e-11
41,8,8,82944,-3.5353445854707475e-11,6.7982644416341802e-11
41,8,9,82944,-1.7576116272822139e-12,8.0674582131632714e-12
41,8,10,82944,3.8717581127841561e-11,7.6297723601179548e-11
41,8,11,82944,-2.4553609974336788e-11,4.0881131161025691e-11
41,8,12,82944,5.0032446540804439e-11,-8.097881189634675e-27
41,9,0,82944,1.7432805286286614e-07,0
41,9,1,82944,2.1459535307668856e-09,-9.5160513178694008e-11
41,9,2,82944,3.645801560249788e-10,1.7361066256284322e-10
41,9,3,82944,-1.1089887317306565e-10,2.4691008808896108e-10
41,9,4,82944,3.4023495027377558e-10,-1.4507277341618849e-10
41,9,5,82944,-7.5890278282104327e-11,1.270801862857001e-11
41,9,6,82944,1.4161900764098052e-10,-7.1089974290817621e-11
41,9,7,82944,-4.2679898827533325e-12,-1.6783644599048845e-10
41,9,8,82944,1.7806567798835476e-10,7.0974952924922462e-11
41,9,9,82944,-2.5394282532414102e-11,1.6404465332216567e-11
41,9,10,82944,-5.497879601664004e-12,1.0750790639564703e-10
41,9,11,82944,4.2105874533019199e-11,1.2222674573125267e-11
41,9,12,82944,1.5665607901141565e-11,7.178392709727881e-26
41,10,0,82944,1.7499312814127249e-07,0
41,10,1,82944,1.4387712305347949e-09,-1.1995851679076028e-10
41,10,2,82944,1.9280022251977554e-10,3.4835274173568161e-10
41,10,3,82944,-5.0840529751523996e-11,-3.9211549136491924e-11
41,10,4,82944,1.5861604646599654e-10,-2.9514213823395357e-10
41,10,5,82944,-2.0661969723890551e-10,1.0077602384139512e-10
41,10,6,82944,-1.8058411203589166e-11,-4.2985895211439191e-11
41,10,7,82944,-2.2798960994838938e-11,-3.2310875285708052e-11
41,10,8,82944,-3.72417139501761e-11,-7.5806322010183799e-12
41,10,9,82944,2.0935027709122694e-11,-6.776575860689171e-11
41,10,10,82944,-3.1372139260031539e-11,-1.4654160714348899e-11
41,10,11,82944,-4.1124481448885435e-11,5.3550012460397286e-12
41,10,12,82944,-3.1900261762480448e-11,1.1001948926607109e-25
42,1,0,82944,1.7836525192132508e-07,0
42,1,1,82944,1.0329316976055642e-07,4.3687442053199294e-10
42,1,2,82944,7.5978517883803537e-08,7.314126283319604e-10
42,1,3,82944,5.9622036040234079e-08,8.7957378701252319e-10
42,1,4,82944,4.7011645722074902e-08,1.0615245667120195e-09
42,1,5,82944,3.6476139942598827e-08,9.7334748317016835e-10
42,1,6,82944,2.7923413534875565e-08,9.2023549749065945e-10
42,1,7,82944,2.0953707879873397e-08,7.3043141403883487e-10
42,1,8,82944,1.5386258523289053e-08,5.6169065350312608e-10
42,1,9,82944,1.1331029976818661e-08,4.242342421778932e-10
42,1,10,82944,8.5427876568636272e-09,2.9887057361266338e-10
42,1,11,82944,6.9281595436882931e-09,2.050885629436167e-10
42,1,12,82944,6.385042427240099e-09,5.4558975877159333e-25
42,2,0,82944,1.7560259245761692e-07,0
42,2,1,82944,6.2808940102548424e-08,1.745681621567002e-10
42,2,2,82944,3.6569067068997411e-08,2.3930622602895348e-11
42,2,3,82944,2.4915658878584077e-08,2.3096366397474211e-10
42,2,4,82944,1.7554275601707243e-08,-1.7968323524510362e-11
42,2,5,82944,1.252687895472657e-08,1.3291642494587001e-10
42,2,6,82944,8.7293664698026031e-09,2.2290669501543115e-10
42,2,7,82944,6.0934032636510922e-09,1.318415851803426e-10
42,2,8,82944,4.1018465507049208e-09,2.484664259254134e-10
42,2,9,82944,2.8826042584313768e-09,1.8152922075560486e-10
42,2,10,82944,1.9968486988572584e-09,2.0438942993111757e-10
42,2,11,82944,1.5167410034066827e-09,1.3524587196313178e-10
42,2,12,82944,1.3223596344166717e-09,1.9817868842416289e-25
42,3,0,82944,1.7530092144674026e-07,0
42,3,1,82944,3.8749167978622145e-08,5.51296145911599e-12
42,3,2,82944,1.7995803478796264e-08,1.7853331391137878e-10
42,3,3,82944,1.0761493760420119e-08,2.809146313554634e-10
42,3,4,82944,6.9432906217056235e-09,3.8097101483137413e-11
42,3,5,82944,4.6459727326880944e-09,-9.1541543295277714e-11
42,3,6,82944,3.0429674517182017e-09,7.230603359436127e-11
42,3,7,82944,2.1605408922296146e-09,8.4662963471687045e-11
42,3,8,82944,1.3740538274213216e-09,4.6315441440933996e-11
42,3,9,82944,1.0649678246386985e-09,2.7865439189534838e-11
42,3,10,82944,7.5890812303756822e-10,-4.2597301481387808e-12
42,3,11,82944,5.4183679473746048e-10,-1.9624459399024751e-12
42,3,12,82944,4.9824095528034365e-10,1.6925768417546761e-25
42,4,0,82944,1.742602556986576e-07,0
42,4,1,82944,2.3695482694457948e-08,-2.0622321538507505e-10
42,4,2,82944,8.6870387255316702e-09,-1.5754025229795281e-10
42,4,3,82944,4.6687527537924156e-09,1.3390615125559921e-10
42,4,4,82944,2.6059609061789009e-09,1.8709519613403345e-10
42,4,5,82944,1.4465622788563972e-09,2.0979628930138981e-10
42,4,6,82944,9.4046551875211332e-10,5.8620099775033711e-11
42,4,7,82944,4.147624889497934e-10,5.2672109776399517e-11
42,4,8,82944,2.1760126835780332e-10,3.8770881541058299e-11
42,4,9,82944,6.7257788147926672e-11,4.4397619011851138e-11
42,4,10,82944,4.7509648054996599e-11,3.6029948710951797e-11
42,4,11,82944,-5.5411954936240243e-11,-8.441023423075311e-11
42,4,12,82944,-1.0850822356284924e-10,5.0821185397017617e-26
42,5,0,82944,1.7478795825176527e-07,0
42,5,1,82944,1.4684531955522772e-08,-2.2629222414635458e-10
42,5,2,82944,4.3609865876906757e-09,3.5859543932119888e-10
42,5,3,82944,1.9141911187835614e-09,-9.391758047354182e-11
42,5,4,82944,1.2017273233430074e-09,-1.5491423258223684e-10
42,5,5,82944,6.3120568129763258e-10,-1.4949809514905554e-10
42,5,6,82944,4.6096896626396501e-10,-1.6205728988896613e-10
42,5,7,82944,1.4187760611272278e-10,-1.2164805913913946e-11
42,5,8,82944,5.5572185942823136e-12,-1.4417506229753953e-11
42,5,9,82944,-5.0196327994964583e-12,-4.5491246486836928e-11
42,5,10,82944,-3.1721698675799988e-11,4.7163948727403689e-11
42,5,11,82944,-1.647731425742624e-11,-2.2404072237117607e-11
42,5,12,82944,-1.166444480796499e-10,5.5528328157494919e-26
42,6,0,82944,1.7469534898565839e-07,0
42,6,1,82944,8.9459208308478901e-09,-3.9817785177873833e-10
42,6,2,82944,2.0640429252410052e-09,1.8279239658533671e-10
42,6,3,82944,7.3552794732504598e-10,-1.4880069795628916e-10
42,6,4,82944,4.1885276537715379e-10,-8.1136375259553455e-11
42,6,5,82944,1.6570377853216303e-10,7.9294328229716686e-11
42,6,6,82944,1.5480809395805916e-10,1.3009527511315519e-10
42,6,7,82944,-2.2998450735557068e-11,5.583801663835136e-11
42,6,8,82944,9.0820281797013507e-11,7.4079822294825722e-11
42,6,9,82944,-1.4199785197182412e-11,6.3130267422291999e-11
42,6,10,82944,-1.9338068798681429e-12,8.8749927464737462e-11
42,6,11,82944,-4.5103325187018853e-11,-7.4458304615958748e-11
42,6,12,82944,-6.5521256823748962e-11,-1.4564218829239507e-25
42,7,0,82944,1.7414785591429777e-07,0
42,7,1,82944,5.6631052543220357e-09,-4.2024880904941877e-10
42,7,2,82944,1.1273966347264748e-09,-3.5120850428243297e-11
42,7,3,82944,4.5702799469504672e-10,-1.8472477148571177e-10
42,7,4,82944,2.4838816322305909e-10,6.9305741776621403e-11
42,7,5,82944,9.3458438286342653e-11,1.0138516533828332e-10
42,7,6,82944,1.6129542369539905e-11,2.7951832329883899e-11
42,7,7,82944,-1.9391135859406672e-10,1.3238256943687582e-10
42,7,8,82944,7.1462304061954642e-11,1.9357949355844785e-12
42,7,9,82944,5.0305831068678605e-11,-5.2841005550918748e-11
42,7,10,82944,4.6422130573953849e-11,-8.2294435360197196e-11
42,7,11,82944,-8.8272316231180439e-11,-8.5633483999738272e-12
42,7,12,82944,-2.0302420548162561e-11,-6.7834714103319033e-26
42,8,0,82944,1.7421615640476948e-07,0
42,8,1,82944,3.6880958722694839e-09,-5.8208396911019698e-10
42,8,2,82944,4.4825004080467432e-10,-1.1834509865668947e-10
42,8,3,82944,5.4849157685858506e-11,-4.6409455467701442e-12
42,8,4,82944,3.3739990520250049e-11,-7.3728541367006038e-12
42,8,5,82944,8.5346743000547149e-11,2.192561501217618e-10
42,8,6,82944,-1.6973382705814768e-10,1.6106062295561487e-10
42,8,7,82944,-6.7653451358715896e-11,6.1861735453878222e-11
42,8,8,82944,-1.7424862771086731e-11,-1.4223433020821627e-12
42,8,9,82944,4.5288411029684526e-11,3.7199223198236815e-11
42,8,10,82944,5.7838888216550277e-11,-4.4271224400905939e-11
42,8,11,82944,-3.9289899060488966e-11,-3.8066603778551816e-11
42,8,12,82944,-4.7190539060870672e-11,9.9932042439327903e-26
42,9,0,82944,1.7507345609177137e-07,0
42,9,1,82944,2.2625203717417904e-09,-4.910920458567756e-10
42,9,2,82944,2.4222655360043921e-10,-4.8773249482334216e-11
42,9,3,82944,-2.2775130195995458e-11,3.3590014608127049e-11
42,9,4,82944,9.0260821778431792e-11,-6.6648135315151471e-11
42,9,5,82944,-1.0455619431222122e-10,9.6144365905225281e-12
42,9,6,82944,-3.5377660268168769e-10,8.4674394805112655e-11
42,9,7,82944,5.8579020273097777e-12,4.0070547338139895e-11
42,9,8,82944,-3.9470805958999249e-11,9.2321595586150871e-12
42,9,9,82944,-7.1434413859929417e-11,4.1235254534521958e-11
42,9,10,82944,-7.611992089205623e-11,-8.8200097847081842e-11
42,9,11,82944,-1.7297140219874589e-11,-9.4412674339450825e-11
42,9,12,82944,3.2588878692990067e-11,1.8469551678821943e-25
42,10,0,82944,1.752493407402785e-07,0
42,10,1,82944,1.4927491984307941e-09,-2.325304342042905e-10
42,10,2,82944,-1.950150984517802e-11,-6.4317031442802722e-11
42,10,3,82944,5.0668187837240749e-11,2.1341744096700419e-10
42,10,4,82944,2.9800240150389602e-12,-1.7166387659633373e-10
42,10,5,82944,1.0649352779853173e-10,6.5495680913735041e-11
42,10,6,82944,4.2480186029352261e-11,2.012472360590194e-10
42,10,7,82944,4.5413994430809738e-11,2.5688349741382801e-10
42,10,8,82944,-1.1115268715372305e-11,4.8050302356785059e-11
42,10,9,82944,-2.4232728640771695e-11,3.9050440562469018e-11
42,10,10,82944,-1.9121288072563461e-11,1.5101014011594787e-11
42,10,11,82944,6.5842294062647049e-11,-2.9565869754964075e-11
42,10,12,82944,-1.0451003061329688e-11,1.5249347447131011e-25
43,1,0,82944,1.7763558430699813e-07,0
43,1,1,82944,1.0306918605851319e-07,-4.4295539400606655e-10
43,1,2,82944,7.5316545371766509e-08,-7.1177784768996458e-10
43,1,3,82944,5.8624308071530869e-08,-1.0399704405047352e-09
43,1,4,82944,4.603626251345473e-08,-1.1739311854998521e-09
43,1,5,82944,3.5481996591150897e-08,-1.1224461626722515e-09
43,1,6,82944,2.7036928733762113e-08,-9.7172696301014377e-10
43,1,7,82944,2.0121541505183048e-08,-8.846624782441249e-10
43,1,8,82944,1.4887160462171217e-08,-7.4467224295653327e-10
43,1,9,82944,1.106089248709066e-08,-5.9545152569160211e-10
43,1,10,82944,8.5227521233299079e-09,-4.0883671718502365e-10
43,1,11,82944,7.0950194524704928e-09,-2.0678081036570236e-10
43,1,12,82944,6.5938850708618556e-09,5.4333591499221229e-25
43,2,0,82944,1.7486645585922004e-07,0
43,2,1,82944,6.1927823730970696e-08,-1.2277894943950559e-10
43,2,2,82944,3.6246017421924218e-08,1.0670948186243743e-10
43,2,3,82944,2.4776996498147001e-08,1.0621561956243614e-10
43,2,4,82944,1.7520090168243924e-08,-3.887570288777251e-11
43,2,5,82944,1.2410493957246393e-08,9.944916935207801e-11
43,2,6,82944,8.7280475584757557e-09,-8.7393201428516235e-12
43,2,7,82944,5.975769156335517e-09,-1.4249789165984239e-10
43,2,8,82944,4.1632530127432263e-09,-1.5927724108218303e-10
43,2,9,82944,2.7884102648137542e-09,-1.0754413654206951e-10
43,2,10,82944,1.9368348614498151e-09,-6.0644988755883338e-11
43,2,11,82944,1.493724257405369e-09,-3.4794720762660778e-11
43,2,12,82944,1.3780728353649425e-09,2.416200313577203e-25
43,3,0,82944,1.7438551301050873e-07,0
43,3,1,82944,3.814662045656524e-08,1.0844143951536559e-10
43,3,2,82944,1.7843538072302599e-08,1.0264640171206429e-10
43,3,3,82944,1.0646049514643541e-08,3.0812026656182159e-10
43,3,4,82944,6.7825384853319002e-09,-1.3964686377780675e-10
43,3,5,82944,4.3756669776174798e-09,-8.1921331486930426e-11
43,3,6,82944,2.9421101325866234e-09,2.962589166853579e-10
43,3,7,82944,1.8949268956544464e-09,1.4583414131830353e-10
43,3,8,82944,1.125515479142484e-09,1.5269417928372745e-10
43,3,9,82944,7.371231247251802e-10,7.3140162046935516e-11
43,3,10,82944,4.3647539172546341e-10,2.4597939309109069e-11
43,3,11,82944,3.9056904470968681e-10,1.0364984052007785e-10
43,3,12,82944,3.6813298533054816e-10,-3.6360683272669983e-26
43,4,0,82944,1.7541280320454497e-07,0
43,4,1,82944,2.3748675146025574e-08,3.7711578488708288e-12
43,4,2,82944,8.8677652300199875e-09,-1.4572752161232965e-12
43,4,3,82944,4.671967228836737e-09,1.7153485515499596e-10
43,4,4,82944,2.6854457605404316e-09,-2.9143273138588623e-11
43,4,5,82944,1.26848721625366e-09,-4.5083065985557188e-11
43,4,6,82944,9.173351177017759e-10,8.9034709540471915e-11
43,4,7,82944,5.0681206412927849e-10,-3.4581395956875388e-11
43,4,8,82944,2.6546858246381546e-10,2.8553543644775666e-11
43,4,9,82944,1.4874590458927648e-10,3.296750669229243e-11
43,4,10,82944,1.4527689748475855e-10,2.7585319865761319e-11
43,4,11,82944,1.7818650841492342e-11,-1.894309270840432e-11
43,4,12,82944,4.3621224696768224e-11,4.4877420385906448e-27
43,5,0,82944,1.7548689523142963e-07,0
43,5,1,82944,1.4864211403865302e-08,-1.7466668561379117e-10
43,5,2,82944,4.2282912647187047e-09,8.1448048036225623e-11
43,5,3,82944,1.77760646359e-09,1.1847579824117107e-11
43,5,4,82944,8.4439453506898919e-10,5.9208414427602355e-11
43,5,5,82944,4.2707648243763206e-10,-8.3223631255686769e-12
43,5,6,82944,3.8473907247605484e-10,5.132022503842098e-11
43,5,7,82944,1.0585926202373446e-10,-1.3464100734296661e-11
43,5,8,82944,5.2856766714824825e-11,-9.9728181052905546e-11
43,5,9,82944,1.0671897074345451e-10,1.8602094181544547e-10
43,5,10,82944,2.2120156477141248e-11,-2.7717471418935712e-11
43,5,11,82944,2.1212923738508215e-11,-2.9560463804085286e-11
43,5,12,82944,-6.5306604048006767e-11,-2.2396824600593044e-25
43,6,0,82944,1.7452458761033864e-07,0
43,6,1,82944,9.0038807162489829e-09,-4.9543375635240826e-12
43,6,2,82944,2.0535597865470472e-09,-1.9850912325532541e-10
43,6,3,82944,7.9085004293441473e-10,-8.7585181880186729e-11
43,6,4,82944,3.8056521119646079e-10,1.6205500783100831e-10
43,6,5,82944,8.4213528485672499e-11,-1.4673484953822085e-10
43,6,6,82944,7.3475915756888525e-11,-1.5141060891228544e-10
43,6,7,82944,-1.3660056651491843e-10,-6.8581769629344476e-11
43,6,8,82944,4.1503100546576106e-11,1.7178081033261e-11
43,6,9,82944,-3.0944516716972181e-11,-9.6688700522852713e-11
43,6,10,82944,-1.2098668832671653e-11,8.856810334675813e-12
43,6,11,82944,-3.5087534201343693e-12,-4.8305352486706685e-11
43,6,12,82944,-1.072905931424737e-10,-2.0050234152414426e-26
43,7,0,82944,1.7420132707995902e-07,0
43,7,1,82944,5.7519641945535154e-09,-1.1977637704863969e-10
43,7,2,82944,9.2323818480407668e-10,1.3411500407377801e-10
43,7,3,82944,3.7608170390031585e-10,-2.0313335317406991e-10
43,7,4,82944,4.3225183241948042e-11,6.7253465865646169e-11
43,7,5,82944,-2.0571795997656096e-10,-1.0578884899539421e-10
43,7,6,82944,3.1761275441360511e-12,-1.2959495380835744e-10
43,7,7,82944,-9.4922907125620017e-14,4.8442480606736805e-11
43,7,8,82944,2.0533898311360118e-11,-4.7447517289534188e-11
43,7,9,82944,-4.4284360537680689e-11,2.1239041488644453e-11
43,7,10,82944,3.4007142413653739e-11,3.6242543388818687e-11
43,7,11,82944,-7.7035446126261128e-11,-5.513428358245659e-11
43,7,12,82944,1.031678576173317e-10,-1.7380526277457281e-25
43,8,0,82944,1.7393858449926672e-07,0
43,8,1,82944,3.5503121443704778e-09,-1.5419924528716807e-10
43,8,2,82944,5.8694231351012841e-10,9.6351017394461866e-11
43,8,3,82944,-5.4149986741279244e-11,1.6099320707799499e-10
43,8,4,82944,2.4638799912754376e-10,1.3846356632519873e-10
43,8,5,82944,-2.7888775052280458e-10,-3.7488219947878921e-11
43,8,6,82944,-6.0177108505752047e-11,-3.0256204502046022e-11
43,8,7,82944,-5.6156708725057297e-11,4.2605221188004275e-11
43,8,8,82944,2.2035581579318082e-10,-3.7132077766349572e-11
43,8,9,82944,4.983428581635222e-11,-9.794283257209894e-11
43,8,10,82944,4.0888586450870385e-11,2.7680549029590188e-11
43,8,11,82944,2.7175643706544439e-11,-6.8354430160592437e-11
43,8,12,82944,-1.5692026205317349e-11,9.7713103320246975e-26
43,9,0,82944,1.7443621250380889e-07,0
43,9,1,82944,2.3054899546245584e-09,-1.8340174269078767e-10
43,9,2,82944,5.4098663506861568e-10,9.2556558776695045e-11
43,9,3,82944,1.0295757188942466e-10,1.3824771148257101e-10
43,9,4,82944,5.7349962986461767e-11,-1.7041733777895172e-10
43,9,5,82944,-3.0071269545920859e-11,-1.0081974916889393e-10
43,9,6,82944,5.5838740523318904e-11,-3.2678200934637422e-11
43,9,7,82944,-1.0594983282206852e-10,-1.1963711344180696e-12
43,9,8,82944,2.5140810916631663e-10,9.4701051622837325e-11
43,9,9,82944,5.4746105896086876e-11,-2.3092830387513718e-11
43,9,10,82944,-1.6855941797080121e-11,-5.5454480703383193e-11
43,9,11,82944,4.8455955082867281e-11,1.0828805542388551e-11
43,9,12,82944,-3.2701888619660809e-11,2.9240132571439492e-26
43,10,0,82944,1.7455670560315909e-07,0
43,10,1,82944,1.5283973401553039e-09,1.5025833193823837e-11
43,10,2,82944,3.8411353414349864e-10,-6.7675604440275594e-11
43,10,3,82944,5.8503123656923518e-11,8.1863995629110148e-11
43,10,4,82944,3.1056541549989527e-11,-6.8339910833861084e-11
43,10,5,82944,-6.9521575386186943e-12,1.04390524915269e-11
43,10,6,82944,7.976242653278571e-11,-3.2002246250096782e-11
43,10,7,82944,4.4701687928497626e-11,-1.2883345669334934e-10
43,10,8,82944,2.0303450667958414e-10,5.8482348255480457e-11
43,10,9,82944,2.0832331776219352e-11,-2.9751819315580691e-11
43,10,10,82944,8.5191937701271218e-11,-8.49372881828535e-11
43,10,11,82944,1.3446666494442234e-11,-4.8992793818744377e-12
43,10,12,82944,4.2097768418444467e-11,3.6121337030611814e-26
44,1,0,82944,1.7651843901388888e-07,0
44,1,1,82944,1.0211284995455394e-07,-1.9692065079702342e-10
44,1,2,82944,7.4730373012360538e-08,-1.7499938394619084e-10
44,1,3,82944,5.8530583086891319e-08,-1.0220050061490352e-10
44,1,4,82944,4.6302175550599367e-08,-1.0415657008518987e-10
44,1,5,82944,3.6228959814305827e-08,-1.1456288079805775e-10
44,1,6,82944,2.7788735436496294e-08,-1.0720922857102972e-10
44,1,7,82944,2.1050398283005048e-08,-1.0040794528042838e-10
44,1,8,82944,1.5771561387338416e-08,-6.0829346833964433e-11
44,1,9,82944,1.1774004725305074e-08,-1.5320436543019274e-11
44,1,10,82944,9.12661584361566e-09,6.5986351795738749e-13
44,1,11,82944,7.595032200063481e-09,9.1812689751687456e-12
44,1,12,82944,7.0394969471427823e-09,5.9583252408363707e-25
44,2,0,82944,1.7621592574865668e-07,0
44,2,1,82944,6.234594108786002e-08,1.4779871992362306e-10
44,2,2,82944,3.631240868227316e-08,2.3556573040156227e-10
44,2,3,82944,2.4755379327616698e-08,1.5672788345890208e-10
44,2,4,82944,1.7370863981227626e-08,8.9606927832175405e-11
44,2,5,82944,1.2286186778827098e-08,1.0872069441129688e-10
44,2,6,82944,8.7229062576941004e-09,2.441058493666438e-10
44,2,7,82944,6.031023467539098e-09,2.1097815662736415e-10
44,2,8,82944,4.1489742594985047e-09,1.2767316347200837e-10
44,2,9,82944,2.6894710131146059e-09,1.4769234723336756e-10
44,2,10,82944,1.8532325479317273e-09,1.5883917199649901e-10
44,2,11,82944,1.3160376393717695e-09,1.5480057393264202e-10
44,2,12,82944,1.1467465737294491e-09,2.6906506711372357e-25
44,3,0,82944,1.7495886728178864e-07,0
44,3,1,82944,3.8291767541080059e-08,1.8928337238354891e-11
44,3,2,82944,1.7707727698416197e-08,4.8775260838794108e-11
44,3,3,82944,1.0609767709441329e-08,-1.629797198951368e-10
44,3,4,82944,6.5272625319539189e-09,-1.7406307834738372e-10
44,3,5,82944,4.2393113293450229e-09,-2.4377614982479909e-10
44,3,6,82944,2.8230212742794149e-09,-2.1516174197585136e-10
44,3,7,82944,1.7960994873219521e-09,-8.2507173548833985e-11
44,3,8,82944,1.1826848540419711e-09,-1.3846594033660588e-11
44,3,9,82944,7.3494023770244389e-10,-2.0449594225017434e-11
44,3,10,82944,5.678521575644563e-10,6.5053990510275687e-11
44,3,11,82944,4.8222590118540052e-10,-4.2309209670586349e-11
44,3,12,82944,4.5233823147976763e-10,-2.452900070692789e-25
44,4,0,82944,1.7415161313189807e-07,0
44,4,1,82944,2.3520575231240563e-08,3.0299390964570974e-11
44,4,2,82944,8.7702180899000901e-09,3.5031944848721506e-11
44,4,3,82944,4.5211332592163487e-09,-9.8451148967997524e-12
44,4,4,82944,2.6559927235470214e-09,6.0323589714524948e-11
44,4,5,82944,1.5313334550319663e-09,-2.5261990234036075e-11
44,4,6,82944,9.4154456144927305e-10,2.4590762668776697e-10
44,4,7,82944,6.1726549114690324e-10,8.5193719742295868e-11
44,4,8,82944,3.4242615497634109e-10,1.1116076073308598e-10
44,4,9,82944,8.341524252642511e-11,1.1014803665953174e-10
44,4,10,82944,1.5973678879771583e-10,5.6150026613906532e-11
44,4,11,82944,7.7147924631387585e-11,-7.3527277310584621e-11
44,4,12,82944,3.9746287937964021e-11,9.2038602831451244e-26
44,5,0,82944,1.7412111395951041e-07,0
44,5,1,82944,1.4488825992893216e-08,-1.5721508092809691e-10
44,5,2,82944,4.3268665459365233e-09,-6.9169106054614761e-11
44,5,3,82944,2.2106022710099836e-09,-4.7952804570649787e-11
44,5,4,82944,9.1411557057341272e-10,-4.7475485468169924e-11
44,5,5,82944,3.7949739418371621e-10,4.0481686083978745e-11
44,5,6,82944,2.7428376909690923e-10,4.5786543673751449e-11
44,5,7,82944,2.192334564187916e-10,1.3560646639264845e-10
44,5,8,82944,-2.4148552163012771e-11,1.2228203155065422e-11
44,5,9,82944,-1.5420988295747169e-11,3.0481051191992646e-11
44,5,10,82944,8.1853027206481034e-11,8.96625133506689e-11
44,5,11,82944,8.1520639503198479e-11,6.0156526839690516e-12
44,5,12,82944,-1.549012742163768e-11,1.2394146234578786e-25
44,6,0,82944,1.7420363041745341e-07,0
44,6,1,82944,8.9076632967049472e-09,-1.127426017133642e-10
44,6,2,82944,2.1276517922740826e-09,-9.3374521530092377e-11
44,6,3,82944,9.0607616783127837e-10,1.5443936836035602e-12
44,6,4,82944,3.6051343200243646e-10,-4.2853216187518847e-11
44,6,5,82944,7.0122124859971743e-11,8.5173281264939396e-12
44,6,6,82944,1.033654646500138e-10,8.9378094886124576e-11
44,6,7,82944,-3.5289832855696806e-11,3.201127226704197e-12
44,6,8,82944,-1.6922529054691794e-11,2.7317218019787584e-12
44,6,9,82944,-2.9163406286087176e-12,-8.8106435838854325e-11
44,6,10,82944,2.8032546302223842e-11,2.015887082089642e-11
44,6,11,82944,5.7905843381053791e-11,-2.0525892130547156e-11
44,6,12,82944,2.3185927121171343e-11,-2.0426705845651753e-26
44,7,0,82944,1.7435356185461564e-07,0
44,7,1,82944,5.399966062099545e-09,-6.5209799335050302e-11
44,7,2,82944,1.0031020139002251e-09,1.3065111464885463e-10
44,7,3,82944,2.6611081791283064e-10,-3.1905536581160527e-11
44,7,4,82944,9.4613751859039885e-11,3.617996500671673e-11
44,7,5,82944,1.1110219474331406e-10,-1.6562096584377636e-10
44,7,6,82944,5.9877957902602897e-11,1.0977498853504549e-10
44,7,7,82944,6.1826168448566649e-11,1.0143762882830696e-10
44,7,8,82944,-9.3372616883994292e-11,6.0382023848537421e-11
44,7,9,82944,-7.9704432157359278e-11,-1.477701511426353e-11
44,7,10,82944,-6.110087350727582e-11,1.3308056330771997e-10
44,7,11,82944,-8.0871737457496874e-12,-2.7354400866374894e-11
44,7,12,82944,-8.4296444589114747e-11,-1.4940191884472544e-25
44,8,0,82944,1.7474572729746332e-07,0
44,8,1,82944,3.1610525481838426e-09,-1.3641857944682639e-10
44,8,2,82944,4.4459845836339649e-10,7.3537909358227909e-11
44,8,3,82944,9.0538716641065466e-11,1.1426302476777183e-10
44,8,4,82944,1.0903650032773315e-10,-1.3670256068897316e-10
44,8,5,82944,-1.7432964846035933e-11,5.8307894588886928e-11
44,8,6,82944,-8.7193881229633503e-11,-3.9405025386371599e-11
44,8,7,82944,2.8123718472098632e-11,-3.7571680861808981e-12
44,8,8,82944,-6.4907166084969858e-11,-1.119705518219327e-10
44,8,9,82944,1.5315819436464005e-10,-6.2029747451226592e-11
44,8,10,82944,4.6404421321685004e-11,4.3677156041263883e-11
44,8,11,82944,5.2747503705797995e-11,1.5292255367725816e-11
44,8,12,82944,-3.8602888052851963e-11,7.9782080686055906e-28
44,9,0,82944,1.7481182168590177e-07,0
44,9,1,82944,2.0970463613112949e-09,-1.8631070199988299e-10
44,9,2,82944,1.1847625437714905e-14,2.8873197531272773e-10
44,9,3,82944,3.009284159164566e-10,1.4919405077429045e-10
44,9,4,82944,2.1750856632498204e-10,-1.7978004207809646e-10
44,9,5,82944,-3.1097075988999196e-11,-7.6388211018777583e-11
44,9,6,82944,-1.5414989271060692e-10,1.7922379473593999e-11
44,9,7,82944,3.3678402178904732e-11,-9.8376421988144256e-11
44,9,8,82944,-2.601222982096236e-11,1.220055036357235e-10
44,9,9,82944,4.6545318145855628e-11,3.7813423651072666e-11
44,9,10,82944,-1.1959849925572557e-11,4.5542508652825162e-11
44,9,11,82944,8.9952428300294444e-11,2.9137407931037234e-11
44,9,12,82944,9.1661398784231536e-11,-2.2130551906303336e-25
44,10,0,82944,1.7399035686425742e-07,0
44,10,1,82944,1.2639836162630888e-09,7.7250884012023236e-11
44,10,2,82944,3.3049470655005911e-10,-2.5791592471358093e-11
44,10,3,82944,3.0407435816300272e-10,-9.0795135209048137e-11
44,10,4,82944,-3.95812112586815e-11,2.5809289015545221e-11
44,10,5,82944,-1.6550967504630434e-10,2.9114339481277777e-10
44,10,6,82944,-2.2560700646053281e-10,-6.5424518111932687e-11
44,10,7,82944,7.9569689533305944e-11,4.378976026645639e-11
44,10,8,82944,3.5478796861701115e-12,-6.1298146524078088e-11
44,10,9,82944,8.0628451801816348e-11,-3.9363091427501372e-11
44,10,10,82944,8.2951969117448391e-13,1.2037852857800474e-10
44,10,11,82944,-5.7180974403386054e-11,4.075214167424327e-11
44,10,12,82944,-4.3561699662799747e-11,-6.795438722434812e-26
45,1,0,82944,1.7722218327506344e-07,0
45,1,1,82944,1.02775226899337e-07,2.3460247842269761e-10
45,1,2,82944,7.5427522840627398e-08,4.822858098686692e-10
45,1,3,82944,5.9036144941914957e-08,7.0394895112751832e-10
45,1,4,82944,4.6426131757857359e-08,7.153946149999686e-10
45,1,5,82944,3.6124101121736868e-08,8.6258723566189742e-10
45,1,6,82944,2.7456310574282969e-08,7.8942265642972284e-10
45,1,7,82944,2.0471966616437352e-08,6.0021488518012828e-10
45,1,8,82944,1.5151352042993166e-08,4.7185689509109666e-10
45,1,9,82944,1.1137245511253026e-08,2.8558400963931207e-10
45,1,10,82944,8.3691580137333781e-09,1.9609805703494591e-10
45,1,11,82944,6.7782123969167251e-09,9.279734430503386e-11
45,1,12,82944,6.2846724655274063e-09,-4.5451228069340692e-25
45,2,0,82944,1.7481502997802547e-07,0
45,2,1,82944,6.2188342057692232e-08,9.5145313773172741e-11
45,2,2,82944,3.6134264566407196e-08,5.6562767477709054e-11
45,2,3,82944,2.438812153735187e-08,1.6284924908626536e-10
45,2,4,82944,1.7146387949265534e-08,3.3168467478140137e-10
45,2,5,82944,1.2053900152285735e-08,2.1681724168017458e-10
45,2,6,82944,8.4111797107121422e-09,2.9002650297579502e-10
45,2,7,82944,5.9412396663206328e-09,2.0262696754838636e-10
45,2,8,82944,4.0686015517209032e-09,1.7505829654366863e-10
45,2,9,82944,2.7473528848733594e-09,2.0827850825988471e-10
45,2,10,82944,1.9473197232778503e-09,1.7667669097445414e-10
45,2,11,82944,1.4815148365809044e-09,1.3728896572554223e-10
45,2,12,82944,1.3472209397087024e-09,3.1653540512192681e-26
45,3,0,82944,1.7452189859715072e-07,0
45,3,1,82944,3.8508453967170646e-08,6.8011179837070922e-11
45,3,2,82944,1.7888150967646818e-08,1.8867618873586273e-10
45,3,3,82944,1.0619895362664755e-08,1.0853900621215109e-10
45,3,4,82944,6.6619334586094321e-09,2.0971211867040749e-10
45,3,5,82944,4.3652554058190312e-09,1.6211973189577838e-10
45,3,6,82944,2.722908555897014e-09,1.082959724087291e-10
45,3,7,82944,1.8704096072001207e-09,6.0780379843285006e-11
45,3,8,82944,1.1793641068132586e-09,1.3141548689447632e-10
45,3,9,82944,6.6955685061475592e-10,1.1060249852154254e-10
45,3,10,82944,3.7597648313130008e-10,1.1401693514299425e-10
45,3,11,82944,2.1307947463902569e-10,2.5631462532286459e-11
45,3,12,82944,2.8532386322861144e-10,8.8558109561522066e-27
45,4,0,82944,1.7384215043217719e-07,0
45,4,1,82944,2.3538707485477773e-08,-8.4940374765908374e-11
45,4,2,82944,8.9046942918691201e-09,1.6781685359458482e-11
45,4,3,82944,4.832980602793239e-09,-3.0914901789037189e-10
45,4,4,82944,2.5193314421161778e-09,-1.1302491492697407e-10
45,4,5,82944,1.5509803063241033e-09,-3.9218189184185576e-11
45,4,6,82944,8.2030208627654052e-10,1.1848624314485065e-10
45,4,7,82944,6.2050595822079298e-10,-5.8186938045819209e-12
45,4,8,82944,4.8212015071777143e-10,5.961105453689767e-11
45,4,9,82944,1.9964474276417176e-10,7.0087629112660773e-12
45,4,10,82944,1.0782111460210058e-12,8.3559828226684373e-11
45,4,11,82944,5.1869539941122315e-11,8.3142596179259832e-11
45,4,12,82944,7.2813313610719193e-11,-1.7525131298700755e-25
45,5,0,82944,1.7433671623159033e-07,0
45,5,1,82944,1.4633468710282682e-08,-1.3496434768734676e-10
45,5,2,82944,4.4681230404945344e-09,-1.6604147306626753e-11
45,5,3,82944,2.195843775709164e-09,-5.082727030873226e-11
45,5,4,82944,1.0496787316754251e-09,1.2024454832106036e-10
45,5,5,82944,5.6641357561569526e-10,6.2817651814755446e-11
45,5,6,82944,2.8272061164175526e-10,4.2842749962358722e-11
45,5,7,82944,1.0499537427592175e-10,6.717964089463902e-11
45,5,8,82944,4.7672589471293589e-11,2.2488044287237333e-11
45,5,9,82944,8.6429077075099362e-11,4.4362634016714055e-11
45,5,10,82944,5.2588649279953183e-11,8.1599630192824901e-11
45,5,11,82944,3.5317961936315914e-11,-2.3770409378142372e-11
45,5,12,82944,-3.8790907737040065e-12,-1.8601192111953935e-25
45,6,0,82944,1.7398976241710374e-07,0
45,6,1,82944,9.1669896574006421e-09,-1.9464313060582909e-10
45,6,2,82944,2.2064229902939264e-09,3.6552629548878162e-11
45,6,3,82944,1.1129235306276224e-09,1.8139442128340326e-10
45,6,4,82944,3.2892150760990907e-10,1.0455744925187871e-10
45,6,5,82944,2.6229310943318966e-11,-1.2787482323158267e-10
45,6,6,82944,8.9060279369430352e-11,-6.03462640149389e-11
45,6,7,82944,-1.1752241774331514e-10,-2.723927492292014e-11
45,6,8,82944,5.2411995027842018e-11,8.50615700363989e-12
45,6,9,82944,1.3936768768973551e-11,9.1525780508267098e-11
45,6,10,82944,2.1939173804252867e-11,-2.579641400315429e-11
45,6,11,82944,9.8045411705359559e-11,-1.8725519407951748e-10
45,6,12,82944,-2.4987864893766891e-11,-3.4076921213031629e-26
45,7,0,82944,1.7351061708368848e-07,0
45,7,1,82944,5.6670254477983118e-09,-8.1353086371208758e-11
45,7,2,82944,1.1129143466443989e-09,9.5589223566084426e-11
45,7,3,82944,3.7034379293918356e-10,-2.1183063187701917e-11
45,7,4,82944,4.9902747766964552e-11,2.3368667364638668e-10
45,7,5,82944,5.9989231548333278e-11,-3.453972073541382e-11
45,7,6,82944,2.9859108832670574e-11,7.3820062299450685e-11
45,7,7,82944,3.7453522415300432e-11,-1.6323521649475149e-10
45,7,8,82944,6.3026420971789725e-11,7.5993621605210137e-11
45,7,9,82944,-2.7021181216177618e-11,6.7377183864883776e-11
45,7,10,82944,-3.6072062645523135e-11,1.5630694410893964e-11
45,7,11,82944,-3.6028076507858625e-11,-9.2987206738296937e-11
45,7,12,82944,-3.8153000961715386e-11,-3.0444841989798937e-25
45,8,0,82944,1.7381056674808156e-07,0
45,8,1,82944,3.5648556802985839e-09,6.7592607176239665e-11
45,8,2,82944,4.9374526095718803e-10,-2.5119011407557385e-10
45,8,3,82944,-6.2572790341435424e-11,-1.4408811501669844e-10
45,8,4,82944,-8.7715390715016353e-11,-2.2760740656073577e-11
45,8,5,82944,-1.1283015345258624e-10,1.7875290033560418e-10
45,8,6,82944,8.8444411917001135e-12,7.2240725352453826e-11
45,8,7,82944,6.2263753626666722e-11,1.4120036628904149e-10
45,8,8,82944,5.7236811890736261e-11,8.0930756365026296e-11
45,8,9,82944,-8.7073111229768759e-11,4.6598331827169587e-11
45,8,10,82944,-1.5285282304361048e-11,5.9951668895157182e-11
45,8,11,82944,-3.872875510870059e-12,-3.7839785111447279e-11
45,8,12,82944,1.6381179793439533e-12,1.4065580824951658e-25
45,9,0,82944,1.7481117015619274e-07,0
45,9,1,82944,2.2495849670298538e-09,2.0271744518258693e-10
45,9,2,82944,1.6447598810966468e-10,-4.2045453812042158e-10
45,9,3,82944,2.6709961250161871e-10,-9.135406697686398e-11
45,9,4,82944,1.7508187301549407e-10,8.9057864479654128e-11
45,9,5,82944,-8.7321112231976558e-11,8.6791849711144187e-11
45,9,6,82944,-1.0956194419621765e-12,1.2848560765931141e-10
45,9,7,82944,-1.261019371972322e-11,1.4874608326461363e-11
45,9,8,82944,-6.811941398483251e-11,-3.7334902106642375e-11
45,9,9,82944,-2.8634938909947361e-11,9.6572125733427611e-12
45,9,10,82944,-6.3504889182283737e-12,5.8940327750910289e-11
45,9,11,82944,3.2606268058845482e-11,-1.977257971128852e-11
45,9,12,82944,-1.0121424539782183e-10,-5.9357868030425597e-26
45,10,0,82944,1.7350842770790787e-07,0
45,10,1,82944,1.4421639477935492e-09,5.68591721271222e-11
45,10,2,82944,-1.6761629141936004e-11,5.9719579731824535e-11
45,10,3,82944,-1.0242440123603893e-10,-8.0910778554537273e-11
45,10,4,82944,1.605610241817771e-11,-1.2972154911530314e-11
45,10,5,82944,-4.7395881524305872e-11,8.8619572337481223e-11
45,10,6,82944,-3.5055946239884367e-11,1.0260013665943258e-12
45,10,7,82944,6.6631084437727772e-11,-8.1735593272936905e-11
45,10,8,82944,3.0922357145873894e-11,8.8221769721210673e-11
45,10,9,82944,-1.0254071072447685e-10,-1.6702885490554993e-11
45,10,10,82944,2.9795128337643114e-11,2.444623972911545e-11
45,10,11,82944,-7.3876852955260884e-11,-4.1240734675746285e-12
45,10,12,82944,2.7112049241691817e-11,1.0993970718538504e-25
46,1,0,82944,1.7679632534736583e-07,0
46,1,1,82944,1.024139662793556e-07,-1.1145560458043369e-10
46,1,2,82944,7.4950164070580971e-08,-1.6965700167934705e-10
46,1,3,82944,5.8558165434332598e-08,-6.2334462652270606e-11
46,1,4,82944,4.5786424871048396e-08,-2.30688157882565e-10
46,1,5,82944,3.5283414705549863e-08,-3.6211599597050768e-10
46,1,6,82944,2.6582735826466629e-08,-3.9972128594841895e-10
46,1,7,82944,1.9746966003715593e-08,-3.696723975103638e-10
46,1,8,82944,1.4404912184696299e-08,-3.4412418427690459e-10
46,1,9,82944,1.043918229870268e-08,-3.1862493861590175e-10
46,1,10,82944,7.7697539586569658e-09,-2.3686346018554453e-10
46,1,11,82944,6.1890655629866176e-09,-1.3140633998122615e-10
46,1,12,82944,5.6695621668270389e-09,-3.4222523510283683e-25
46,2,0,82944,1.7614154172619789e-07,0
46,2,1,82944,6.2539453894725207e-08,-3.0391524584846799e-10
46,2,2,82944,3.6562654825674479e-08,-2.9521659555558115e-10
46,2,3,82944,2.4853403040761135e-08,-2.354953764005319e-10
46,2,4,82944,1.7457064522057338e-08,-3.9138712583087862e-10
46,2,5,82944,1.2011039762834003e-08,-4.8074985610932592e-10
46,2,6,82944,7.9690650797404502e-09,-4.3345694012126115e-10
46,2,7,82944,5.3335091569197205e-09,-4.1465371003593065e-10
46,2,8,82944,3.4131584036043669e-09,-4.3710017630336711e-10
46,2,9,82944,2.1635293951686524e-09,-3.8334639754530949e-10
46,2,10,82944,1.3865622970747311e-09,-2.2313819191747101e-10
46,2,11,82944,8.630658600978454e-10,-1.1346752662972462e-10
46,2,12,82944,6.9074159711113492e-10,7.1911079788372209e-26
46,3,0,82944,1.7482232624270032e-07,0
46,3,1,82944,3.8391863076589212e-08,5.3044272249311315e-11
46,3,2,82944,1.7970298670807624e-08,1.5950295223098273e-10
46,3,3,82944,1.0696623459395104e-08,3.1747669466308338e-10
46,3,4,82944,6.8560650801972585e-09,3.1519224163819825e-10
46,3,5,82944,4.2755224521339817e-09,4.2097398222127679e-10
46,3,6,82944,2.666400114344466e-09,2.4424178915421179e-10
46,3,7,82944,1.731914197232051e-09,2.9527311247170387e-10
46,3,8,82944,9.6679359021363242e-10,1.2679487645741156e-11
46,3,9,82944,5.7047277887179417e-10,4.2729106306888767e-12
46,3,10,82944,3.4871163847624671e-10,5.2152764177165842e-11
46,3,11,82944,1.8073287189384846e-10,2.0605794623805052e-11
46,3,12,82944,2.5870887053958444e-11,-1.581978932403631e-25
46,4,0,82944,1.760968310383894e-07,0
46,4,1,82944,2.3872113790838164e-08,6.0004934518783425e-11
46,4,2,82944,8.754035463572501e-09,9.6890047318201566e-11
46,4,3,82944,4.6989501750097449e-09,4.4256610222593785e-11
46,4,4,82944,2.8374437857406491e-09,1.8623478660455278e-10
46,4,5,82944,1.708787746283213e-09,6.6192178572087207e-11
46,4,6,82944,1.0015766064086814e-09,1.6223817183139742e-11
46,4,7,82944,4.9673227856303954e-10,3.7946967889273186e-11
46,4,8,82944,2.0152710454438277e-10,4.6595781568648039e-11
46,4,9,82944,1.3898219920045153e-10,6.3331288489164134e-11
46,4,10,82944,-3.317976947021251e-11,2.278161646671022e-11
46,4,11,82944,3.3377125452525071e-11,3.3682053966112663e-11
46,4,12,82944,-8.4456115938143878e-11,2.6475683475667652e-25
46,5,0,82944,1.7473527506246156e-07,0
46,5,1,82944,1.4758986679940156e-08,2.6418585924334988e-10
46,5,2,82944,4.5318291042519224e-09,2.9444375319774653e-10
46,5,3,82944,1.8809321240572299e-09,4.4141907647325489e-11
46,5,4,82944,9.749938554269297e-10,1.1309419292212458e-11
46,5,5,82944,5.6514147708111469e-10,5.9657827714344475e-11
46,5,6,82944,6.5612744341261492e-11,1.2725225576029165e-10
46,5,7,82944,2.7367364217780908e-11,1.2764614632711318e-10
46,5,8,82944,-8.5020796634242972e-11,-5.1969850682727865e-11
46,5,9,82944,-8.7036516065963042e-12,8.3636407101548952e-11
46,5,10,82944,8.5235882392864025e-11,6.9260996432986226e-11
46,5,11,82944,1.3567142930084494e-12,1.7313488476144063e-11
46,5,12,82944,-6.1019265282160828e-11,-2.1700725946607206e-26
46,6,0,82944,1.7487345888764675e-07,0
46,6,1,82944,9.167453039293659e-09,2.4236821472891313e-10
46,6,2,82944,2.3713606611631264e-09,-1.1059947957639085e-10
46,6,3,82944,7.7517101422835339e-10,5.1999332375422167e-11
46,6,4,82944,3.5708284573856639e-10,-1.3023978680371593e-10
46,6,5,82944,2.4854955077932371e-10,6.2630006944449903e-11
46,6,6,82944,3.8944345803461936e-11,2.3992803306671214e-11
46,6,7,82944,1.5735813985384515e-10,4.2562940693865138e-11
46,6,8,82944,3.0857555764071683e-11,2.9051149787279161e-11
46,6,9,82944,-8.5722004143508232e-11,3.1981564993785083e-11
46,6,10,82944,2.1374298405207744e-11,-8.0325585874648136e-12
46,6,11,82944,6.4961083965517584e-13,-2.7500805293121484e-11
46,6,12,82944,-6.9934808865515181e-11,7.0028721322185572e-26
46,7,0,82944,1.7446112596943489e-07,0
46,7,1,82944,5.7275132721999275e-09,1.154781085781338e-11
46,7,2,82944,1.1831130686477914e-09,-3.8721800718218216e-10
46,7,3,82944,2.3897263703895126e-10,2.1066683150429634e-11
46,7,4,82944,-1.3924008599029326e-11,-1.9673807482063684e-10
46,7,5,82944,1.317045791221347e-10,1.3898664573067373e-10
46,7,6,82944,6.0331086484599684e-11,1.9984588359389281e-11
46,7,7,82944,-1.001339907995242e-11,-4.1128666387196256e-11
46,7,8,82944,-1.0268927337323382e-10,6.0664743523035586e-11
46,7,9,82944,8.3894959251033568e-11,4.1329659008758065e-12
46,7,10,82944,-1.2835269211791845e-11,2.2526440828925833e-11
46,7,11,82944,-7.2277638280874865e-11,2.3858305600603014e-11
46,7,12,82944,-4.7070734438787303e-11,-1.1108657459524709e-25
46,8,0,82944,1.7469414669766003e-07,0
46,8,1,82944,3.3598413555367718e-09,6.7655541298728375e-11
46,8,2,82944,6.1290577186878059e-10,-3.234569089844085e-10
46,8,3,82944,-1.8001106668336756e-11,2.5247931952493365e-11
46,8,4,82944,1.1541594638110641e-10,-1.5816732141539227e-10
46,8,5,82944,-2.4319837534644489e-11,5.7967850657180218e-11
46,8,6,82944,-1.6739008355665963e-10,7.0535557546212003e-11
46,8,7,82944,2.0531219766042706e-10,5.0768848919660623e-11
46,8,8,82944,-4.4149442064434505e-11,-2.7692504590102298e-11
46,8,9,82944,-3.7993349282342325e-11,9.1887221623756166e-11
46,8,10,82944,2.9120284916448407e-11,5.7116208562602138e-11
46,8,11,82944,1.331298855298992e-11,-2.2367669103058007e-11
46,8,12,82944,-1.0890267349235145e-10,2.7589640777246708e-25
46,9,0,82944,1.7390587520098132e-07,0
46,9,1,82944,1.9527634435537005e-09,1.0012638411887488e-10
46,9,2,82944,-1.0970451662004758e-10,-5.9142260009278476e-10
46,9,3,82944,-1.71286213526114e-10,-2.781302472283971e-13
46,9,4,82944,-1.139829530128553e-10,-1.831212666638627e-10
46,9,5,82944,-1.2401571775374091e-10,1.604429421813374e-10
46,9,6,82944,-4.0551122988913189e-11,-3.6686653302236436e-12
46,9,7,82944,1.2831775329034127e-10,-8.9215376521567797e-11
46,9,8,82944,2.1139721506029899e-11,-7.2272917256894778e-11
46,9,9,82944,-6.9275304630974362e-11,1.4205164416825413e-10
46,9,10,82944,-3.4399719220250575e-11,3.3437093079790151e-11
46,9,11,82944,4.3286835323658767e-12,3.8992948182546006e-11
46,9,12,82944,3.5332254472205938e-11,2.9111733285335372e-26
46,10,0,82944,1.7502852239483357e-07,0
46,10,1,82944,1.3971398865448045e-09,-1.2009724759397787e-10
46,10,2,82944,-1.1455652105324819e-10,-1.3475805990040456e-10
46,10,3,82944,1.2449204459792403e-10,-6.713806647227189e-11
46,10,4,82944,-2.561165003957441e-10,-2.4694774852309866e-11
46,10,5,82944,-8.8305874317147522e-11,3.9271720266956983e-11
46,10,6,82944,-6.9411674669299266e-11,1.0238436594398889e-10
46,10,7,82944,-7.9492028979989782e-13,-5.3330178375321607e-11
46,10,8,82944,5.2270532602122153e-11,3.7478029297527907e-12
46,10,9,82944,-5.6967803229164084e-11,5.5786569843906611e-11
46,10,10,82944,7.9728707256152156e-11,8.6928576412706654e-11
46,10,11,82944,2.0370752630284366e-11,1.6842725185778348e-11
46,10,12,82944,-4.2237178324390988e-11,-1.3606833861006836e-25
47,1,0,82944,1.7684306067167134e-07,0
47,1,1,82944,1.0258638176057784e-07,3.072500491489103e-11
47,1,2,82944,7.5141084181393109e-08,2.1366841351594179e-10
47,1,3,82944,5.8552665102895628e-08,3.0110244153393286e-10
47,1,4,82944,4.6058747844456185e-08,4.0214164214308578e-10
47,1,5,82944,3.5666358144772673e-08,5.0229113540946301e-10
47,1,6,82944,2.7040003863067933e-08,5.0411985262569581e-10
47,1,7,82944,2.014796792279965e-08,5.0413253153155788e-10
47,1,8,82944,1.4694016884988604e-08,4.6702450200368176e-10
47,1,9,82944,1.0799709374214116e-08,4.305211128832768e-10
47,1,10,82944,8.1007961587134209e-09,3.0462296676517101e-10
47,1,11,82944,6.5640050690364857e-09,1.7331984408404237e-10
47,1,12,82944,6.1226785444850559e-09,2.478430336512327e-25
47,2,0,82944,1.7572102589805938e-07,0
47,2,1,82944,6.2788424555951884e-08,7.2870957348785816e-11
47,2,2,82944,3.679560080519607e-08,8.7340687123456805e-11
47,2,3,82944,2.5029161206527657e-08,1.9638535427354107e-11
47,2,4,82944,1.7856911031035384e-08,-2.1739230984290588e-10
47,2,5,82944,1.2750285810188797e-08,-6.1459093345346239e-11
47,2,6,82944,8.8788352615458921e-09,-1.490383133765129e-10
47,2,7,82944,6.2173649028853069e-09,-7.2040539249419135e-11
47,2,8,82944,4.0709978917436554e-09,-2.172102424874143e-10
47,2,9,82944,2.724849368661848e-09,-1.342280850009036e-10
47,2,10,82944,1.8558841805562666e-09,-7.7031594500700186e-11
47,2,11,82944,1.4229654287975182e-09,-5.4218294996674882e-11
47,2,12,82944,1.3232487034664126e-09,5.1910210798382281e-25
47,3,0,82944,1.7445775148791627e-07,0
47,3,1,82944,3.854797532198369e-08,-1.176973161482154e-10
47,3,2,82944,1.7605771256031112e-08,-2.4135674529162703e-10
47,3,3,82944,1.0242577993181481e-08,-2.589372209019364e-10
47,3,4,82944,6.482039092500562e-09,-2.7178086324478146e-10
47,3,5,82944,4.1684253518810546e-09,-5.56389896189248e-11
47,3,6,82944,2.6705797464367777e-09,-9.3806181725458215e-11
47,3,7,82944,1.5566916349355933e-09,8.4970054457890866e-11
47,3,8,82944,1.1231958422520076e-09,3.2165566585949572e-11
47,3,9,82944,7.4119035464811058e-10,5.2711061363423725e-11
47,3,10,82944,3.9254629232443508e-10,5.4767875356333073e-13
47,3,11,82944,2.6043609962908532e-10,6.2657287089808742e-11
47,3,12,82944,2.8031840507233146e-10,-1.3408375935300272e-26
47,4,0,82944,1.7440568224872701e-07,0
47,4,1,82944,2.3796209150502396e-08,-1.5262328616063517e-10
47,4,2,82944,8.8145187755346332e-09,-7.8161113300552774e-11
47,4,3,82944,4.6381317942757883e-09,-1.6406655294458927e-10
47,4,4,82944,2.5072332152938085e-09,-2.1126428461186337e-10
47,4,5,82944,1.6292822882016488e-09,-1.0236774289255195e-10
47,4,6,82944,9.7041112798387116e-10,-7.4376530240802997e-11
47,4,7,82944,5.9062733131716327e-10,9.2744699894472763e-11
47,4,8,82944,4.1313809784870433e-10,8.5345420965339511e-11
47,4,9,82944,3.6709634588828461e-10,6.5396801892150645e-11
47,4,10,82944,4.5001756666826531e-11,-4.2496897666117417e-12
47,4,11,82944,-2.2746143403551092e-11,-3.4832458467854306e-11
47,4,12,82944,-1.5720500231918117e-10,5.6206475843326394e-26
47,5,0,82944,1.7393588754683258e-07,0
47,5,1,82944,1.4683492225067076e-08,2.7601309704102158e-10
47,5,2,82944,4.5068116137801935e-09,-3.3411992444204311e-10
47,5,3,82944,2.1326727947952016e-09,-9.4841979320072282e-11
47,5,4,82944,8.725250398159026e-10,6.723342334694898e-11
47,5,5,82944,3.9965101959790896e-10,-1.7410327221921287e-11
47,5,6,82944,3.5743339377325104e-10,-8.188383762330965e-11
47,5,7,82944,2.583326024729548e-10,1.099566588502212e-10
47,5,8,82944,1.3716562349573171e-10,-1.5499536989473148e-10
47,5,9,82944,1.0288421795611848e-10,7.5929039482404196e-12
47,5,10,82944,-7.8698415050112598e-11,-6.4884208703733457e-11
47,5,11,82944,-2.2532900711688323e-11,8.4806031338212212e-11
47,5,12,82944,-3.8858187671272249e-11,6.2429478136838747e-27
47,6,0,82944,1.7541116583223758e-07,0
47,6,1,82944,9.1954394234581242e-09,1.1681194487995377e-10
47,6,2,82944,2.2859449553322689e-09,-2.7912637866252764e-10
47,6,3,82944,7.577269553831175e-10,-1.943172741151362e-10
47,6,4,82944,3.017394774122675e-10,3.5033848982823465e-11
47,6,5,82944,2.2383383215971628e-10,-2.0244418861297564e-10
47,6,6,82944,1.3236156308278922e-10,-8.7618763841704825e-11
47,6,7,82944,1.1700025066111406e-10,-1.3320165706163921e-10
47,6,8,82944,-1.5117598991906957e-11,-9.4330515963618405e-12
47,6,9,82944,-8.1815585957837098e-11,-1.3591361106298572e-11
47,6,10,82944,-1.8267384592018631e-10,1.1378892768868748e-11
47,6,11,82944,4.4349016279971481e-11,-7.1178542714119749e-11
47,6,12,82944,6.2667087634874659e-11,1.3382446759077302e-25
47,7,0,82944,1.7424658972253623e-07,0
47,7,1,82944,5.6083807039577724e-09,7.1248110700089101e-11
47,7,2,82944,9.5686574041750605e-10,-5.7866305353322239e-11
47,7,3,82944,2.4260771226217932e-10,-2.9002743729992191e-10
47,7,4,82944,5.0538235348383157e-11,1.8391969645784289e-10
47,7,5,82944,1.5378110537444494e-10,-8.5857952682352424e-11
47,7,6,82944,-7.0561361081180194e-11,4.09798063858999e-11
47,7,7,82944,2.9170212110544274e-10,7.4421459974946899e-11
47,7,8,82944,7.5233945492459248e-12,9.5745831567231153e-11
47,7,9,82944,5.981852283878617e-11,4.6140984142653876e-11
47,7,10,82944,5.7381877604815296e-12,-4.3228507783183774e-11
47,7,11,82944,5.415306778995346e-11,1.5621547244604669e-11
47,7,12,82944,-1.0474914014449088e-11,-4.8238240534806556e-26
47,8,0,82944,1.7491080176972075e-07,0
47,8,1,82944,3.6485664119293068e-09,3.0119416178261444e-10
47,8,2,82944,5.3502371684409762e-10,2.0338900526545614e-10
47,8,3,82944,-2.0920415963958175e-11,-6.5924308435010054e-11
47,8,4,82944,1.7432222856612962e-10,1.0743315475375201e-10
47,8,5,82944,-6.9565437444990129e-11,-8.1170728925737085e-11
47,8,6,82944,4.6440617371976663e-11,3.5550710083836305e-11
47,8,7,82944,-4.2965826759940964e-11,3.0493882546469079e-11
47,8,8,82944,-6.4353788558439679e-11,-1.5716794400474016e-11
47,8,9,82944,3.5280610782010512e-11,2.3052152476045317e-11
47,8,10,82944,-9.4804596769187331e-12,-2.3231665868417306e-11
47,8,11,82944,-1.1416230020762977e-11,-1.6369868784537861e-11
47,8,12,82944,1.8703324316864423e-11,2.9040677369724354e-26
47,9,0,82944,1.7469868057187302e-07,0
47,9,1,82944,2.2444861848682204e-09,5.9092667034896268e-10
47,9,2,82944,2.1034588978186246e-10,4.0547019899162404e-10
47,9,3,82944,-1.9242766810373818e-11,2.1251810326486616e-11
47,9,4,82944,6.4366378339257798e-11,2.4756441999970926e-10
47,9,5,82944,4.2759244405779666e-11,-6.5641447633546388e-11
47,9,6,82944,-4.4929402770459937e-11,-3.3716337516324458e-11
47,9,7,82944,-3.9343286056078215e-12,-5.1740822879980853e-11
47,9,8,82944,5.2447009837297467e-11,8.7731032675282743e-12
47,9,9,82944,7.6985920945866459e-11,-1.2226581228853845e-11
47,9,10,82944,-7.3403846992738521e-11,3.4511472692856668e-11
47,9,11,82944,-2.1704939017704164e-11,9.5851987435239601e-11
47,9,12,82944,1.8889165716404287e-10,-3.6181173591126358e-26
47,10,0,82944,1.7392446418806154e-07,0
47,10,1,82944,1.4098499069595135e-09,4.2603780363843998e-10
47,10,2,82944,4.0670383797073643e-10,4.4925035538249426e-10
47,10,3,82944,-1.9635877019247431e-10,-5.5533072645372089e-11
47,10,4,82944,2.3597632593640088e-10,2.9193741837890634e-10
47,10,5,82944,3.410206270490581e-11,1.7721063104363944e-11
47,10,6,82944,4.5178092190512578e-11,-2.6109860736697669e-11
47,10,7,82944,4.9065700051406003e-11,5.7952168050301637e-11
47,10,8,82944,-4.4194796070816878e-11,1.0213884859698359e-10
47,10,9,82944,7.4158172850612245e-11,4.0505223177160128e-11
47,10,10,82944,5.5401568161539208e-11,4.2358536104035783e-11
47,10,11,82944,-2.6383258569409653e-11,6.3581912732917469e-11
47,10,12,82944,-8.0461312389775124e-11,1.7959943638439762e-25
48,1,0,82944,1.7690748134669263e-07,0
48,1,1,82944,1.0243346565958508e-07,-2.016978756671676e-10
48,1,2,82944,7.4654372740804574e-08,-3.5704948990646818e-10
48,1,3,82944,5.7994533063190204e-08,-7.5917780920820878e-10
48,1,4,82944,4.5574369434681556e-08,-7.7690411478619563e-10
48,1,5,82944,3.5305964192926987e-08,-6.3341089271883909e-10
48,1,6,82944,2.6819389316107778e-08,-5.5107515304280376e-10
48,1,7,82944,2.0054359796946417e-08,-3.5491077424791338e-10
48,1,8,82944,1.4835727165087789e-08,-2.6744703644372699e-10
48,1,9,82944,1.1050169384106366e-08,-1.4576075994500841e-10
48,1,10,82944,8.3930394783522603e-09,2.8258018961051076e-12
48,1,11,82944,6.8207177536603434e-09,1.1034408206116933e-11
48,1,12,82944,6.3554457206084492e-09,5.146941480259182e-26
48,2,0,82944,1.7525294151472145e-07,0
48,2,1,82944,6.2585170722653817e-08,2.4847393263990703e-11
48,2,2,82944,3.6495006756066895e-08,1.551425096183392e-11
48,2,3,82944,2.467793481394829e-08,-3.0765609053517661e-11
48,2,4,82944,1.7413660699644636e-08,-5.27702760163787e-11
48,2,5,82944,1.2275744165883359e-08,9.3460110498502624e-11
48,2,6,82944,8.3845413345458331e-09,3.0230939931869846e-10
48,2,7,82944,5.7958696884617884e-09,2.3033576243774685e-10
48,2,8,82944,3.8416815967711112e-09,2.0350398316071545e-10
48,2,9,82944,2.5824453987079523e-09,7.4599320022029798e-11
48,2,10,82944,1.7881997110562983e-09,1.2534387859669155e-10
48,2,11,82944,1.3446455438164046e-09,1.0343247607547154e-10
48,2,12,82944,1.27396085558507e-09,-2.210761455810609e-25
48,3,0,82944,1.7514440855974806e-07,0
48,3,1,82944,3.880501973079386e-08,-3.590093066007095e-10
48,3,2,82944,1.8089190029668059e-08,-2.2840494157246408e-10
48,3,3,82944,1.0767847369396759e-08,-1.041881609642518e-10
48,3,4,82944,6.9087999698921973e-09,-1.4725661524250108e-10
48,3,5,82944,4.6559297752354611e-09,-2.1186884301019609e-10
48,3,6,82944,2.9777039488159846e-09,-1.4310925511191803e-10
48,3,7,82944,1.8065465933323737e-09,-3.0722784865522317e-11
48,3,8,82944,1.1451672790650834e-09,2.5794297388891583e-11
48,3,9,82944,7.1095573348240721e-10,3.2747689650712512e-11
48,3,10,82944,4.7692581529388651e-10,1.668765546022539e-12
48,3,11,82944,3.2328920390730848e-10,-2.1504063460953918e-11
48,3,12,82944,2.8313872602274402e-10,-3.9681612381227057e-26
48,4,0,82944,1.7475566083122839e-07,0
48,4,1,82944,2.4104109756367388e-08,6.5707701106513937e-11
48,4,2,82944,8.9906154260774453e-09,3.3935962393124329e-11
48,4,3,82944,4.6401887895454035e-09,-1.5780307340250707e-10
48,4,4,82944,2.8080221326236099e-09,-2.7185285304477662e-11
48,4,5,82944,1.7280206769409413e-09,1.1552004399139062e-10
48,4,6,82944,9.5280897316188228e-10,1.9212147907157481e-10
48,4,7,82944,6.6696687037512179e-10,1.3382663987312716e-10
48,4,8,82944,3.4027301177813135e-10,1.1047955793664074e-10
48,4,9,82944,1.6990803028670522e-10,9.5887538813385003e-11
48,4,10,82944,1.8543256974256953e-10,8.4664557249193519e-11
48,4,11,82944,1.100607105860836e-10,-2.8590080233146619e-11
48,4,12,82944,9.4899528292862703e-11,-9.1430264466220077e-26
48,5,0,82944,1.7417458875875724e-07,0
48,5,1,82944,1.4755057762124246e-08,8.0507897258762319e-11
48,5,2,82944,4.5480785292048389e-09,6.4962017726053371e-11
48,5,3,82944,2.0785011375442541e-09,9.7759745831367072e-11
48,5,4,82944,1.1075198281942097e-09,5.4061122283717128e-11
48,5,5,82944,7.6708934455387271e-10,-2.208050183982343e-11
48,5,6,82944,3.5998992440788834e-10,4.1579341094402893e-11
48,5,7,82944,2.3881894912579565e-10,1.27061300826586e-10
48,5,8,82944,1.1699779547714591e-10,-7.1476382166914062e-11
48,5,9,82944,7.9870589929932926e-11,5.3840684391097946e-11
48,5,10,82944,2.2340991950204061e-11,-1.2793458269753325e-10
48,5,11,82944,-2.4766034615289387e-11,-4.3406555766622775e-11
48,5,12,82944,-6.4924272669226886e-11,1.6155871338926322e-26
48,6,0,82944,1.7382471602310874e-07,0
48,6,1,82944,9.2741972534197367e-09,8.2358378658744688e-11
48,6,2,82944,2.258335470369486e-09,1.6219055472317509e-10
48,6,3,82944,8.0677673692465284e-10,3.7749359791879107e-11
48,6,4,82944,3.1991607921278506e-10,1.4147432671894189e-10
48,6,5,82944,2.3249105515150739e-10,-1.6044437986647484e-10
48,6,6,82944,-3.0713813368255413e-11,-8.6159064479813874e-11
48,6,7,82944,9.5401937002958736e-11,1.3840942306580083e-11
48,6,8,82944,1.2164106632498843e-11,-1.2645926430623685e-10
48,6,9,82944,-7.9539152505470161e-11,-1.1907664682198598e-10
48,6,10,82944,-3.4498031950369588e-11,-5.1876991268850496e-11
48,6,11,82944,-4.6920578297566621e-11,-2.9786005073632809e-11
48,6,12,82944,5.9659184430644048e-12,-3.856865235565658e-25
48,7,0,82944,1.7454134651578881e-07,0
48,7,1,82944,5.7528173382088332e-09,-1.9710603674105947e-10
48,7,2,82944,1.0723456467892591e-09,8.4664810613851566e-11
48,7,3,82944,4.1472831260533251e-10,-8.8891271814475163e-11
48,7,4,82944,-1.9693140490036448e-10,-1.9443064669416702e-10
48,7,5,82944,-1.6823898719446067e-10,1.1228239548760549e-10
48,7,6,82944,-5.2536233610883058e-11,-6.9432168354343389e-11
48,7,7,82944,-5.2340634537277584e-11,1.5496456327486121e-10
48,7,8,82944,9.42012537402426e-11,-7.0954996068813362e-11
48,7,9,82944,-5.8217325447242993e-12,1.2313192787891479e-10
48,7,10,82944,-8.9405942245134368e-11,-2.0397941065358153e-11
48,7,11,82944,-8.2966181698517759e-11,-4.8769267593969033e-11
48,7,12,82944,-6.5987915752206165e-11,1.1967312102908387e-25
48,8,0,82944,1.7353643751739856e-07,0
48,8,1,82944,3.3972397299163791e-09,-5.1083303345104747e-11
48,8,2,82944,3.2867050481383911e-10,1.6700084244214052e-10
48,8,3,82944,3.8877474461209907e-10,-2.8548085673484043e-10
48,8,4,82944,-5.789465406971646e-11,4.5814523122092558e-11
48,8,5,82944,-1.6666535584520764e-10,-7.0016092275025069e-11
48,8,6,82944,-1.4057266271617098e-11,8.1869809103194837e-13
48,8,7,82944,-1.1040798146084009e-10,7.3832198204015614e-11
48,8,8,82944,5.4681283464763443e-11,-6.7495846258782336e-11
48,8,9,82944,2.0642919582741663e-11,1.3253282658741742e-10
48,8,10,82944,2.2143434513498349e-11,1.0548795402614772e-11
48,8,11,82944,-7.9507797387958467e-11,-2.2200889938449754e-11
48,8,12,82944,7.3674303023158988e-11,-1.3931945839802514e-26
48,9,0,82944,1.7462819423353914e-07,0
48,9,1,82944,2.1450998922728765e-09,1.0452181662333329e-11
48,9,2,82944,1.4601686042493165e-10,9.1984520441519207e-11
48,9,3,82944,3.420761265427622e-12,-1.7152991869590453e-10
48,9,4,82944,-6.3296310648102685e-11,-1.8251942438776315e-10
48,9,5,82944,-9.4475532942355996e-12,-2.9152853666089581e-10
48,9,6,82944,-2.9650533212101995e-11,1.5402455745164495e-10
48,9,7,82944,-2.4697011186917589e-11,-2.6505359335396503e-11
48,9,8,82944,2.5409470340557807e-11,-1.8164835776218511e-11
48,9,9,82944,5.071694005743964e-11,-6.1677849280007687e-11
48,9,10,82944,3.8050383986535925e-11,-3.6763942037711718e-11
48,9,11,82944,-3.4240579974767031e-11,-1.8219204374571362e-11
48,9,12,82944,1.0288849518038279e-10,-4.328177877218533e-27
48,10,0,82944,1.7456586846261012e-07,0
48,10,1,82944,1.1201874874996756e-09,-1.5572771698124295e-11
48,10,2,82944,2.6028764272683048e-10,7.9264551919925773e-11
48,10,3,82944,1.9171342697845112e-10,-4.9569508950590205e-11
48,10,4,82944,1.9422542335156197e-11,-1.2204446696019633e-10
48,10,5,82944,5.141203351055595e-11,7.4031361673809674e-11
48,10,6,82944,2.0400677159499601e-10,-4.5844255522910917e-11
48,10,7,82944,-1.1119866380521627e-11,-2.0529496774460317e-11
48,10,8,82944,1.3283399049044561e-10,1.1639947048552715e-11
48,10,9,82944,-3.3146450016930243e-13,1.8741766229805789e-11
48,10,10,82944,6.9122394444995164e-11,-1.5736579320094775e-10
48,10,11,82944,-9.6811284668208431e-14,1.2223840235929379e-10
48,10,12,82944,-7.9833077983720843e-11,-9.1375414285748404e-26
49,1,0,82944,1.7682501133906246e-07,0
49,1,1,82944,1.0294972232275513e-07,-1.0683219479674039e-10
49,1,2,82944,7.5404419439835545e-08,-9.1575158566674844e-11
49,1,3,82944,5.8710629394175245e-08,-1.4992338304735485e-10
49,1,4,82944,4.6029560930196695e-08,-2.6005821157525067e-10
49,1,5,82944,3.579430433099578e-08,-2.489929943622274e-10
49,1,6,82944,2.7252760770555675e-08,-1.3087353486389122e-10
49,1,7,82944,2.0565089092250664e-08,-8.7071647082072916e-11
49,1,8,82944,1.5264667178590115e-08,-8.2659524555920429e-11
49,1,9,82944,1.1414806717959356e-08,-1.7487499073096144e-11
49,1,10,82944,8.7280563431682932e-09,3.0598942401037847e-11
49,1,11,82944,7.125298495520679e-09,1.6079283416513789e-11
49,1,12,82944,6.6334844835546547e-09,1.1374930153814421e-25
49,2,0,82944,1.7471049738728129e-07,0
49,2,1,82944,6.2356852029417322e-08,-1.7824546868846154e-10
49,2,2,82944,3.5990095195191762e-08,-9.7510032229427073e-11
49,2,3,82944,2.3963690716814098e-08,-4.1221143813595788e-12
49,2,4,82944,1.6839806491364923e-08,-9.63135190624789e-11
49,2,5,82944,1.1825526877749332e-08,-2.5699146089072747e-10
49,2,6,82944,8.0260796849324708e-09,-2.6023498520369133e-10
49,2,7,82944,5.3855806938105679e-09,-2.4202312504582423e-10
49,2,8,82944,3.6313151866974178e-09,-2.2611632327221252e-10
49,2,9,82944,2.4590786760184704e-09,-2.6329692720982046e-10
49,2,10,82944,1.7212416633256663e-09,-2.6992915738757472e-10
49,2,11,82944,1.1806260085295639e-09,-1.7417617234012803e-10
49,2,12,82944,8.9260848463055462e-10,-2.4996723154949893e-25
49,3,0,82944,1.7451218393912795e-07,0
49,3,1,82944,3.8430801156901347e-08,3.1622888566906736e-11
49,3,2,82944,1.7712539335155684e-08,6.6561151259129862e-11
49,3,3,82944,1.0194498308519067e-08,-9.5704611338943843e-11
49,3,4,82944,6.3014799900878952e-09,5.4349739883738379e-11
49,3,5,82944,3.8963655860885514e-09,-5.1711453553921943e-11
49,3,6,82944,2.4845405071634597e-09,-1.1879498931014384e-10
49,3,7,82944,1.5672711128939498e-09,-9.8886695544410955e-11
49,3,8,82944,9.4927911486162772e-10,-9.0767518938248056e-11
49,3,9,82944,5.1553780901151992e-10,-1.7262082210814178e-10
49,3,10,82944,3.657897440039551e-10,-9.5948886534691569e-11
49,3,11,82944,2.0235362836180387e-10,4.9332990585180775e-11
49,3,12,82944,2.0974772356610453e-10,8.9834622852498952e-26
49,4,0,82944,1.7435686773777038e-07,0
49,4,1,82944,2.3907128287277704e-08,2.4329105759292069e-11
49,4,2,82944,8.835152867159062e-09,-4.6941579663503188e-11
49,4,3,82944,4.4952412313981149e-09,3.5552682235743734e-12
49,4,4,82944,2.543014676810222e-09,1.4544092225756705e-10
49,4,5,82944,1.4246340193342426e-09,-1.1460874030217403e-10
49,4,6,82944,9.2227364771272648e-10,-5.1310584532415101e-11
49,4,7,82944,4.7289101747733922e-10,-3.8683723888163178e-11
49,4,8,82944,3.7646576107727632e-10,4.8865519473078635e-11
49,4,9,82944,1.8817010284640491e-10,-7.1602063362666081e-11
49,4,10,82944,6.4970568426222932e-11,-1.7028625033733695e-11
49,4,11,82944,1.0997715266119903e-10,3.8484769551689576e-11
49,4,12,82944,9.6657275352998062e-11,2.1658840354247027e-25
49,5,0,82944,1.745016987401853e-07,0
49,5,1,82944,1.4871328199779897e-08,6.4632409319580792e-11
49,5,2,82944,4.596047575105325e-09,-4.1969950751991286e-11
49,5,3,82944,2.1411354719171323e-09,8.4077097211767439e-12
49,5,4,82944,1.1472967672391725e-09,-2.022842197750211e-10
49,5,5,82944,7.562551381962301e-10,-1.0304337014131669e-10
49,5,6,82944,3.201704490420418e-10,-1.1493021036137281e-11
49,5,7,82944,8.8762475396709876e-11,1.656410651169965e-10
49,5,8,82944,6.2324321111122401e-12,1.4618244599345311e-11
49,5,9,82944,-1.0098023747462981e-11,1.0596192769473997e-11
49,5,10,82944,8.2982451335733734e-11,-4.3129367591237857e-11
49,5,11,82944,9.8096887278345302e-11,-1.6398499874502522e-11
49,5,12,82944,3.6170930283391183e-11,2.6898528503303749e-25
49,6,0,82944,1.7465568943029677e-07,0
49,6,1,82944,9.0214915681361704e-09,1.2276799402728323e-10
49,6,2,82944,2.2889804490304842e-09,-1.902333280621077e-10
49,6,3,82944,9.2338211699855158e-10,-1.9586808901764767e-11
49,6,4,82944,4.390452286096681e-10,-1.1140542796680923e-10
49,6,5,82944,3.3032530519678323e-10,-1.1612692302151126e-10
49,6,6,82944,1.6143879976309906e-10,-1.5817314911591947e-10
49,6,7,82944,7.4749908855163188e-11,4.9546264774701021e-14
49,6,8,82944,2.3644055430743273e-11,-9.5625431926381155e-11
49,6,9,82944,-3.8456772834778066e-11,-5.3162541685907657e-11
49,6,10,82944,1.3881154645001447e-11,-4.9514183774485411e-11
49,6,11,82944,4.625016894034578e-12,-1.997550468387449e-11
49,6,12,82944,1.0444015830932984e-10,-4.1486681956749074e-26
49,7,0,82944,1.7468458565190666e-07,0
49,7,1,82944,5.3127135655215304e-09,1.634338309321254e-10
49,7,2,82944,1.1176864503968978e-09,-2.2002883792587317e-10
49,7,3,82944,6.2302330672284777e-10,-1.0283893987115627e-10
49,7,4,82944,2.6554788911593494e-10,-3.2582355046908457e-10
49,7,5,82944,4.3717747986910078e-11,-9.0605515229309226e-11
49,7,6,82944,3.882477309536587e-11,-1.5483223294624025e-11
49,7,7,82944,-9.0489667150785536e-11,3.6717845636404205e-12
49,7,8,82944,1.6411617089826332e-12,-5.9722315223541244e-11
49,7,9,82944,-6.3123104805408902e-11,-1.2048164446927753e-10
49,7,10,82944,4.5299247269284228e-11,1.1591032459056075e-10
49,7,11,82944,7.291607106435869e-11,8.190590008818924e-12
49,7,12,82944,2.5576579202127292e-11,1.8130477835906207e-25
49,8,0,82944,1.7420983670619295e-07,0
49,8,1,82944,3.4566821027679998e-09,1.8429654418054628e-10
49,8,2,82944,5.1971734593787351e-10,-1.109212092561826e-10
49,8,3,82944,3.1996100136891113e-10,9.4394629989236591e-11
49,8,4,82944,9.148898026846102e-11,6.5834730468910618e-11
49,8,5,82944,2.0681979228489276e-10,8.5521583392352103e-11
49,8,6,82944,6.4285032799554325e-11,8.6500132511385489e-11
49,8,7,82944,-2.2086797576461126e-11,3.4516923411239105e-11
49,8,8,82944,-5.7000177432875352e-11,5.0193347215515869e-11
49,8,9,82944,6.5673618791944243e-11,5.0961952138882337e-12
49,8,10,82944,6.8467382843163963e-11,-3.6166890644808591e-11
49,8,11,82944,2.5251893680974766e-11,-5.4249472476130556e-11
49,8,12,82944,-1.6858446689233115e-11,1.7029485122438634e-25
49,9,0,82944,1.7398015014855048e-07,0
49,9,1,82944,2.1008509137671744e-09,7.4282726559836172e-11
49,9,2,82944,9.0014346513999069e-11,1.0559207392176264e-10
49,9,3,82944,3.6551173738397796e-11,-7.9123628599021098e-11
49,9,4,82944,-5.2679797802757955e-11,-4.120018458411449e-12
49,9,5,82944,-9.5814728988011483e-12,-1.4645844557301779e-10
49,9,6,82944,1.5107281480554096e-10,1.1500874031617236e-10
49,9,7,82944,8.9708621605820662e-11,-6.4411260848612168e-11
49,9,8,82944,4.3475188190983139e-11,2.2321101618936894e-11
49,9,9,82944,1.2079648651980152e-10,-5.4040425681072445e-11
49,9,10,82944,1.1336384852467837e-11,3.531416926688686e-11
49,9,11,82944,8.0309298572997549e-11,6.6129288490634979e-11
49,9,12,82944,8.6125325219696702e-11,8.1534793271127705e-26
49,10,0,82944,1.7429917919276559e-07,0
49,10,1,82944,1.4306964431134442e-09,-3.2564114613212025e-11
49,10,2,82944,2.5745342352496944e-10,1.3746827512966391e-10
49,10,3,82944,5.1317599266161195e-11,1.0847613876929042e-10
49,10,4,82944,-1.8488751277193496e-10,-6.0173927973156532e-12
49,10,5,82944,-1.4538518093717476e-11,6.4175537466011847e-12
49,10,6,82944,1.6754409152418667e-10,2.3168013134110586e-10
49,10,7,82944,7.69211272409527e-11,-6.1128263106258884e-11
49,10,8,82944,-1.6925172478472962e-11,-9.2827569023246803e-11
49,10,9,82944,-1.4035671338919789e-11,4.9326149757370497e-11
49,10,10,82944,8.4549641850215732e-11,-5.3674106533906218e-12
49,10,11,82944,1.8469626734867491e-11,-9.503364816320552e-11
49,10,12,82944,7.9095162043378271e-11,-9.3783835846458717e-26
50,1,0,82944,1.7698155743892707e-07,0
50,1,1,82944,1.0270372782558323e-07,-3.8172848406809757e-11
50,1,2,82944,7.5730731084705487e-08,-8.4643298262118797e-11
50,1,3,82944,5.9388007150466027e-08,-1.9956133674341733e-10
50,1,4,82944,4.679529629441392e-08,-2.9263035660677154e-10
50,1,5,82944,3.6399930677364736e-08,-3.7348283458940817e-10
50,1,6,82944,2.7922052381202576e-08,-3.4611278770831553e-10
50,1,7,82944,2.1084233111481967e-08,-2.0769005923666609e-10
50,1,8,82944,1.5700234357835114e-08,-1.3434257570089135e-10
50,1,9,82944,1.1791378768439104e-08,-9.3608663845847427e-11
50,1,10,82944,9.1764021995510971e-09,-5.2415476983987229e-11
50,1,11,82944,7.6125978012237054e-09,-1.3048909885331283e-11
50,1,12,82944,7.113789325258979e-09,-7.5160703662316122e-25
50,2,0,82944,1.7536653663689624e-07,0
50,2,1,82944,6.2400482720526781e-08,1.4792875404589856e-10
50,2,2,82944,3.6569162410524735e-08,2.1045853086564266e-10
50,2,3,82944,2.4646152296568509e-08,4.171601374795498e-10
50,2,4,82944,1.7284220571249328e-08,1.4674602545439361e-10
50,2,5,82944,1.1984427993497058e-08,8.7029174819644791e-12
50,2,6,82944,8.2367065188384912e-09,-9.4533341431639121e-11
50,2,7,82944,5.5163704296914489e-09,-1.2037729574979326e-10
50,2,8,82944,3.5664705172482524e-09,-9.072770118638759e-11
50,2,9,82944,2.3995283510287817e-09,2.9983448814800339e-11
50,2,10,82944,1.5293393588308181e-09,1.0396377480914206e-10
50,2,11,82944,1.1222940817021793e-09,2.349499179875249e-12
50,2,12,82944,1.0563286934313323e-09,-8.2674181110925441e-26
50,3,0,82944,1.7558211620727882e-07,0
50,3,1,82944,3.8890345142168928e-08,1.4910125296203352e-10
50,3,2,82944,1.8255322687228122e-08,1.4647887125930806e-10
50,3,3,82944,1.0900079625798803e-08,1.4152276916089261e-10
50,3,4,82944,6.7099795232477592e-09,2.8441503444021891e-10
50,3,5,82944,4.3829346188391229e-09,2.7322692401881071e-10
50,3,6,82944,2.7528701569185691e-09,1.7339622224054344e-10
50,3,7,82944,1.7238531737638071e-09,9.7079383332604259e-11
50,3,8,82944,1.2043789254467462e-09,7.3975611392172551e-11
50,3,9,82944,7.0856904547249379e-10,5.5540333661866584e-11
50,3,10,82944,5.452357442933534e-10,6.0566816643446791e-11
50,3,11,82944,3.5070432951805272e-10,-1.9094651073833096e-11
50,3,12,82944,3.2796429277938808e-10,-7.2606679804353762e-26
50,4,0,82944,1.7486490535535883e-07,0
50,4,1,82944,2.408697237259333e-08,3.1432036592121384e-11
50,4,2,82944,9.4957132062928467e-09,7.0289251660221493e-11
50,4,3,82944,4.8731333586997608e-09,6.9293371756259971e-11
50,4,4,82944,2.7669915464699718e-09,-6.4202472215653547e-11
50,4,5,82944,1.504772781325122e-09,3.5932634134757933e-11
50,4,6,82944,1.0397277350927956e-09,1.8435427467317808e-10
50,4,7,82944,6.0215120031280425e-10,2.6322185072408244e-11
50,4,8,82944,3.5068139949679719e-10,-9.1163482409081596e-11
50,4,9,82944,1.9128834143743695e-10,-9.5863241498875118e-11
50,4,10,82944,1.2313820276693936e-10,-4.5277846354628609e-11
50,4,11,82944,2.2846530113813953e-10,-5.0236203016781224e-11
50,4,12,82944,1.5717005259754482e-10,-3.2060429123691569e-25
50,5,0,82944,1.7500733313832809e-07,0
50,5,1,82944,1.4872522932047978e-08,1.1029592245804927e-10
50,5,2,82944,4.6050163455669422e-09,6.155520643764458e-11
50,5,3,82944,2.3072208735637978e-09,8.0874748797473612e-11
50,5,4,82944,1.4420544259379543e-09,3.2561728901700811e-10
50,5,5,82944,7.9498404541316101e-10,-1.1760689381947543e-11
50,5,6,82944,5.4864155890493633e-10,4.2165160523083227e-11
50,5,7,82944,3.4172481065164721e-10,-1.3617710086404784e-10
50,5,8,82944,2.2375012190479529e-10,3.4658780224619932e-11
50,5,9,82944,4.3330423942205898e-11,-2.3828004625532476e-11
50,5,10,82944,-4.8179759115613902e-11,3.3298642428596237e-11
50,5,11,82944,5.6198322948396e-11,4.9734757732872541e-11
50,5,12,82944,-1.1395381258479865e-11,-2.6348032146569965e-26
50,6,0,82944,1.7528832992750193e-07,0
50,6,1,82944,9.1083198530060717e-09,-6.0215414669636622e-11
50,6,2,82944,2.2597335382219716e-09,2.9277123886557329e-12
50,6,3,82944,1.0275750021106716e-09,1.6194169007562997e-10
50,6,4,82944,4.3993652722807696e-10,2.8789359258278626e-10
50,6,5,82944,1.6786151085818203e-10,-4.1194051543049398e-11
50,6,6,82944,8.1156965127146287e-11,1.7529379617408068e-11
50,6,7,82944,9.7878001022550086e-11,1.2305623158480231e-11
50,6,8,82944,1.0222953881787059e-10,-4.5403828381473448e-11
50,6,9,82944,1.6290645265547516e-10,-7.7760472409065561e-13
50,6,10,82944,-3.8773549232794363e-11,-1.078519911562872e-11
50,6,11,82944,3.822485654502591e-11,5.7186382009131231e-11
50,6,12,82944,-3.9166713191529291e-11,1.4188744412010756e-25
50,7,0,82944,1.756452694203719e-07,0
50,7,1,82944,5.7294473134565211e-09,1.0370107943390321e-10
50,7,2,82944,1.0138842408998996e-09,-1.5522616870839448e-10
50,7,3,82944,3.5097034720391243e-10,2.5053491243913846e-10
50,7,4,82944,1.1570948282592441e-10,5.8480468320258057e-11
50,7,5,82944,-8.6953579398373672e-11,7.7917611754335919e-11
50,7,6,82944,1.1336250386491549e-10,9.5625395602476438e-11
50,7,7,82944,1.5508600847177859e-10,-9.1348505496074259e-11
50,7,8,82944,-8.2379776512141306e-11,-9.1109064969042228e-11
50,7,9,82944,7.7081583410383259e-11,-3.6989716006237883e-11
50,7,10,82944,1.4466433530725309e-11,9.7077365880604299e-12
50,7,11,82944,3.8358718560607721e-11,3.320476423875567e-11
50,7,12,82944,-2.9748763630640971e-11,-7.4396790239747131e-26
50,8,0,82944,1.748126175773213e-07,0
50,8,1,82944,3.6398342174922647e-09,-1.404995484319776e-10
50,8,2,82944,5.4356306186428076e-10,-1.8307068534131012e-10
50,8,3,82944,3.1868112969532637e-10,1.7516946691553161e-11
50,8,4,82944,-8.4904120557518776e-11,1.8058261546273567e-11
50,8,5,82944,2.1898437370240172e-10,3.0997373185201059e-10
50,8,6,82944,2.7832311095863773e-10,-2.3095447977568977e-11
50,8,7,82944,8.8583878211414914e-11,1.9264345829907102e-12
50,8,8,82944,-2.3118984437624726e-11,-1.0250570005240396e-11
50,8,9,82944,-1.2881081076610383e-10,-2.3007525979160632e-11
50,8,10,82944,-2.1512780448139551e-11,3.4247404648960034e-12
50,8,11,82944,-2.1735738082275635e-11,5.5357937455019537e-12
50,8,12,82944,4.8826505974047396e-11,5.7981627138591127e-26
50,9,0,82944,1.7381284432166154e-07,0
50,9,1,82944,2.2717134874344073e-09,-4.0700648968351926e-11
50,9,2,82944,9.4644539097952633e-11,1.1892189791995594e-10
50,9,3,82944,1.9411632028061383e-10,2.0191454479124669e-10
50,9,4,82944,3.830124225222906e-10,-6.2675570876984019e-11
50,9,5,82944,-1.2707502716460888e-10,1.2822333181559625e-10
50,9,6,82944,1.8286588551554891e-13,-9.8439690192186717e-11
50,9,7,82944,1.1178739807922972e-10,-8.0476375368623913e-11
50,9,8,82944,3.8184317248022619e-11,3.3762793968569042e-11
50,9,9,82944,-2.1534440099370089e-11,-3.9185586312539106e-11
50,9,10,82944,2.4943510100022725e-11,-2.2540704199413971e-11
50,9,11,82944,-2.794118038391996e-11,-1.5631776570919047e-11
50,9,12,82944,7.3527691699274303e-11,1.2747181941614584e-25
50,10,0,82944,1.7380560454634171e-07,0
50,10,1,82944,1.5708644750445584e-09,1.8118189975839806e-11
50,10,2,82944,-9.1692666300617878e-11,9.8493021415344103e-11
50,10,3,82944,-1.2857224367315936e-11,1.7400069736812564e-10
50,10,4,82944,-1.3210692802675312e-10,2.0940210145881655e-10
50,10,5,82944,-4.7067470712407027e-11,-8.1024852349169278e-11
50,10,6,82944,1.1291129522159974e-10,-2.2984188957372884e-11
50,10,7,82944,2.242193107402582e-11,8.4158292044113781e-12
50,10,8,82944,1.6007776496726236e-11,-6.2381486175228054e-11
50,10,9,82944,1.0302778745182843e-11,1.2263491180445763e-11
50,10,10,82944,7.0555132413737668e-11,-1.0653970842923756e-12
50,10,11,82944,2.5243985068540785e-11,-9.1631670423211715e-11
50,10,12,82944,3.3425682767768833e-11,-1.2369214334364394e-25
51,1,0,82944,1.7684649466394536e-07,0
51,1,1,82944,1.0257712399850597e-07,4.8970416348058183e-10
51,1,2,82944,7.5390150264291727e-08,8.2251018655346999e-10
51,1,3,82944,5.9246834096931732e-08,1.0586843675397706e-09
51,1,4,82944,4.7002624203420706e-08,1.2045034115328774e-09
51,1,5,82944,3.6696110351045561e-08,1.2956642301236599e-09
51,1,6,82944,2.8138229658117624e-08,1.343920114294373e-09
51,1,7,82944,2.1117953693384872e-08,1.3214521932415077e-09
51,1,8,82944,1.5696296178577497e-08,1.0967120835256489e-09
51,1,9,82944,1.1738557068239525e-08,8.0799517643342057e-10
51,1,10,82944,9.0507878227849229e-09,5.8617925094412017e-10
51,1,11,82944,7.5626399962677485e-09,2.6191354644637804e-10
51,1,12,82944,7.0623194551956702e-09,5.8965938559055345e-25
51,2,0,82944,1.7500933240564007e-07,0
51,2,1,82944,6.2239980156033078e-08,1.2950306369327709e-10
51,2,2,82944,3.6427044085188142e-08,1.4031119310142337e-10
51,2,3,82944,2.4774097820238514e-08,2.9801256448366491e-10
51,2,4,82944,1.7787703840559354e-08,4.2593909153759094e-10
51,2,5,82944,1.2699444397844415e-08,2.8350237865015137e-10
51,2,6,82944,8.8519487875968443e-09,2.6284815789098417e-10
51,2,7,82944,5.9638836892318122e-09,1.8428808002325339e-10
51,2,8,82944,4.0066905191473639e-09,1.6480799113209822e-10
51,2,9,82944,2.6811558133219367e-09,8.724698074426957e-11
51,2,10,82944,1.872913609529144e-09,8.4774657480174625e-11
51,2,11,82944,1.4499629862198166e-09,8.3508230165684151e-11
51,2,12,82944,1.2936970742602421e-09,-3.3600223280932448e-25
51,3,0,82944,1.7428631305164881e-07,0
51,3,1,82944,3.839459048175375e-08,-4.3782295476687317e-11
51,3,2,82944,1.8109030858580101e-08,-3.4110112007261701e-11
51,3,3,82944,1.0791418049600284e-08,1.9012763481307293e-10
51,3,4,82944,6.9231729528249135e-09,1.0837814121001432e-11
51,3,5,82944,4.5418701321884954e-09,1.2711368111033283e-10
51,3,6,82944,2.9541307530755115e-09,1.5380378860436984e-10
51,3,7,82944,1.9197106416638239e-09,1.7017263405495747e-10
51,3,8,82944,1.2307037601662247e-09,1.6928026369011357e-11
51,3,9,82944,7.7758036948932372e-10,1.0442735249811431e-10
51,3,10,82944,4.7263950315425152e-10,6.1653317040268881e-11
51,3,11,82944,4.4677948959491661e-10,4.4161732616421737e-11
51,3,12,82944,4.173583599568211e-10,2.0705195171046516e-25
51,4,0,82944,1.7440665401300314e-07,0
51,4,1,82944,2.3888730454282212e-08,1.9351364015534487e-10
51,4,2,82944,9.1564300759650522e-09,2.7176822145559129e-10
51,4,3,82944,4.6788288450340974e-09,1.4592091205414058e-10
51,4,4,82944,2.7573839950148342e-09,1.0082797952877133e-11
51,4,5,82944,1.4884364514122885e-09,1.0893615779072751e-10
51,4,6,82944,9.0864096333881767e-10,1.3281718675414869e-10
51,4,7,82944,3.5131138767780721e-10,-2.9756669028845945e-11
51,4,8,82944,1.9671468510945574e-10,1.4914895834665819e-10
51,4,9,82944,9.0239478416407592e-11,4.1503783604304498e-11
51,4,10,82944,2.7097133305580705e-11,2.5602137138064109e-11
51,4,11,82944,1.6262670417000543e-11,8.8132927144928367e-12
51,4,12,82944,6.3955490812147302e-11,1.6355575859643606e-25
51,5,0,82944,1.7425415771135236e-07,0
51,5,1,82944,1.4606892237884033e-08,2.5747489954068046e-10
51,5,2,82944,4.4639970135171265e-09,1.1570668484331391e-10
51,5,3,82944,1.9585333694422956e-09,-3.2700830187031173e-11
51,5,4,82944,1.0952615977248264e-09,-4.2289130032531358e-11
51,5,5,82944,4.7219957077950537e-10,2.7546003795487082e-10
51,5,6,82944,4.712384702754339e-10,8.3441226610358811e-11
51,5,7,82944,6.4880864615345882e-11,1.0453957551521698e-10
51,5,8,82944,2.9948716270453874e-11,1.6152430465576602e-11
51,5,9,82944,1.0985323593255129e-10,-4.1903597343250629e-11
51,5,10,82944,3.4654779212465105e-11,6.5440222087311106e-11
51,5,11,82944,3.7912823981908297e-11,4.1924490131338726e-12
51,5,12,82944,-1.7417876964999622e-11,-2.6328086626398449e-27
51,6,0,82944,1.7448536712964046e-07,0
51,6,1,82944,9.0363732904154919e-09,1.7245839106226581e-10
51,6,2,82944,2.1862911151067216e-09,-1.5937183872816249e-10
51,6,3,82944,8.8658019485836672e-10,-1.9550073073801283e-11
51,6,4,82944,1.551479367831693e-10,-1.8785906295497733e-10
51,6,5,82944,1.755666217977547e-10,2.0412371930628743e-11
51,6,6,82944,1.3894269623771578e-10,9.2599389396599705e-11
51,6,7,82944,-1.8750037127979848e-11,1.6054713024196572e-10
51,6,8,82944,6.0221075572103031e-12,9.4363664374719945e-11
51,6,9,82944,-2.0822583766371516e-11,-9.0772246712261668e-11
51,6,10,82944,-4.8653059535535214e-11,6.2003857182819907e-11
51,6,11,82944,2.5832220390219027e-11,6.105096879121674e-11
51,6,12,82944,-2.3064004531620353e-11,-6.2549151257867836e-26
51,7,0,82944,1.7454262734731543e-07,0
51,7,1,82944,5.5113258579715629e-09,4.2229530070803727e-10
51,7,2,82944,1.0521254099893343e-09,1.0905622937550298e-10
51,7,3,82944,5.0970402303042439e-10,4.4288931667832546e-11
51,7,4,82944,-2.6385559027932397e-11,-2.6524442511274401e-10
51,7,5,82944,1.0092196805573454e-10,-2.595177130493872e-11
51,7,6,82944,-1.2772828309155174e-10,-4.3455725887071977e-11
51,7,7,82944,-7.6710043337787712e-11,-3.4961481706421733e-11
51,7,8,82944,1.814636027991839e-11,-3.8742151000337536e-11
51,7,9,82944,-3.4216107008573741e-11,7.5393177766696161e-11
51,7,10,82944,8.1936294150400393e-11,-6.574633818176866e-11
51,7,11,82944,-2.2700196268625996e-11,2.9875531680091185e-11
51,7,12,82944,3.6945321837017935e-11,8.1163307957933249e-26
51,8,0,82944,1.7384695453216687e-07,0
51,8,1,82944,3.3843271723951354e-09,1.6363670478430135e-10
51,8,2,82944,4.3764973473124663e-10,-8.2754711266498449e-11
51,8,3,82944,2.094202344280584e-10,5.9733637074885213e-11
51,8,4,82944,6.2144461231400391e-11,-8.3944600060273086e-11
51,8,5,82944,4.8915627292646503e-11,8.3959469324256684e-11
51,8,6,82944,-9.2133284898206364e-11,4.3983332776943224e-11
51,8,7,82944,-6.5641987773384891e-11,-2.5210487006817758e-11
51,8,8,82944,5.4340639970248295e-12,-7.0724139686431845e-11
51,8,9,82944,1.4070016155707545e-11,3.3188553700320079e-11
51,8,10,82944,6.402643761948894e-11,4.0725439756229824e-11
51,8,11,82944,-3.0253972319734967e-11,-1.4899072389484925e-11
51,8,12,82944,-5.7977625360426674e-11,3.7003926298201304e-26
51,9,0,82944,1.750266421229634e-07,0
51,9,1,82944,2.0236043951296855e-09,1.5863533806155097e-10
51,9,2,82944,3.1588251143102041e-10,9.6642847711001374e-11
51,9,3,82944,-6.5644330299978714e-11,1.2977698975716061e-11
51,9,4,82944,-7.4880324166970488e-11,-2.2425429512784136e-11
51,9,5,82944,3.4662614363790986e-11,-3.220524913869649e-11
51,9,6,82944,-1.0671245053817777e-10,3.1905772301235041e-11
51,9,7,82944,4.0046745661658516e-11,-4.8564370575696937e-11
51,9,8,82944,7.4884154840438493e-11,-5.4211712363014609e-11
51,9,9,82944,2.3540770317687221e-11,5.0899164429606263e-11
51,9,10,82944,-2.0001209765286182e-11,3.1232311914855548e-11
51,9,11,82944,-7.0946226129078191e-11,-3.9971645401247988e-11
51,9,12,82944,-2.2253060440199514e-11,-7.6211832575354912e-26
51,10,0,82944,1.7490071605465643e-07,0
51,10,1,82944,1.0508312613576236e-09,-3.3571769718406556e-11
51,10,2,82944,1.7480911688091307e-10,-7.8687465537151311e-12
51,10,3,82944,5.1986397314662679e-11,1.3289045099091218e-10
51,10,4,82944,6.4791064006352279e-11,1.2447405468795763e-13
51,10,5,82944,5.6342072768535901e-11,5.7644207030793788e-11
51,10,6,82944,-6.4564233976542753e-12,1.441148352351391e-11
51,10,7,82944,4.7346356376483469e-11,8.5364760078287085e-11
51,10,8,82944,2.8865070662609989e-11,1.1438530673139764e-10
51,10,9,82944,-5.2335753888189313e-11,7.2317762236471527e-11
51,10,10,82944,3.5631849357333725e-11,4.3033228850036687e-11
51,10,11,82944,2.7636163270312145e-11,-5.2525108757013394e-11
51,10,12,82944,-5.3228218563843266e-12,4.4877420385906448e-27
52,1,0,82944,1.7777626054137868e-07,0
52,1,1,82944,1.0339031554540043e-07,-3.785871355877799e-10
52,1,2,82944,7.6090222701567492e-08,-8.1032862405197534e-10
52,1,3,82944,5.9696944867082631e-08,-1.1137820053178427e-09
52,1,4,82944,4.7108764120216196e-08,-1.236009195081366e-09
52,1,5,82944,3.6764952982295371e-08,-1.3218992775453184e-09
52,1,6,82944,2.8166258798764793e-08,-1.2485903540278322e-09
52,1,7,82944,2.1191690282695538e-08,-1.09077343251743e-09
52,1,8,82944,1.5818240550420323e-08,-8.5746877490414906e-10
52,1,9,82944,1.1882077780814957e-08,-7.0188356209069672e-10
52,1,10,82944,9.1396685458296321e-09,-4.4971017525595263e-10
52,1,11,82944,7.5179189747633107e-09,-2.0156976370602898e-10
52,1,12,82944,7.0137974510062412e-09,6.7445277821970227e-25
52,2,0,82944,1.7526703121995641e-07,0
52,2,1,82944,6.247364290831711e-08,1.4011512822632174e-10
52,2,2,82944,3.6863794036417783e-08,7.4773366238676046e-11
52,2,3,82944,2.4955714404868676e-08,1.9306409724769092e-10
52,2,4,82944,1.7617151444127733e-08,1.7630466854771987e-10
52,2,5,82944,1.2456888493681104e-08,2.865167746896205e-10
52,2,6,82944,8.7564505783286394e-09,3.9127976566326542e-10
52,2,7,82944,5.9902144961525298e-09,2.3660180593182048e-10
52,2,8,82944,4.1220772448501466e-09,2.415915394134767e-10
52,2,9,82944,2.7721505759003691e-09,1.1661690380567447e-10
52,2,10,82944,1.940890332466516e-09,4.9379627220565325e-11
52,2,11,82944,1.4556103739826417e-09,-9.4301417291752144e-11
52,2,12,82944,1.288442674105642e-09,5.7738291792498665e-25
52,3,0,82944,1.7371432199353181e-07,0
52,3,1,82944,3.814280558628877e-08,-1.0901255244906614e-10
52,3,2,82944,1.7866983823787897e-08,-2.122060407253066e-10
52,3,3,82944,1.0530934042986847e-08,5.8066988893945054e-12
52,3,4,82944,6.8037117471330152e-09,1.0394308111769214e-10
52,3,5,82944,4.4642224241093718e-09,8.7987785510576062e-11
52,3,6,82944,2.6923709526346283e-09,4.0488206763753494e-11
52,3,7,82944,1.7774074875577204e-09,1.7751400277865433e-10
52,3,8,82944,1.1894138800413469e-09,1.2030052861642423e-10
52,3,9,82944,7.0782808777453932e-10,3.1666648804364583e-11
52,3,10,82944,4.8536127514958647e-10,1.367098523897542e-10
52,3,11,82944,3.9485066265082872e-10,1.4216597041348949e-10
52,3,12,82944,3.682632477202687e-10,4.3696645591752818e-25
52,4,0,82944,1.7413516866511083e-07,0
52,4,1,82944,2.3667014911386805e-08,-4.9699258077482743e-11
52,4,2,82944,8.6998402929442872e-09,-5.4147619879742374e-11
52,4,3,82944,4.4973297954425688e-09,-8.5614208723195726e-11
52,4,4,82944,2.6544896652482791e-09,-8.1565382050842106e-11
52,4,5,82944,1.5698352281960951e-09,-1.1635678010485445e-10
52,4,6,82944,8.4256812658706051e-10,-1.1629485247923417e-10
52,4,7,82944,6.2070703468453032e-10,-1.2043390497735515e-10
52,4,8,82944,3.3483772866165959e-10,-7.9354936732905813e-11
52,4,9,82944,1.4772710585198121e-10,1.3768505532413342e-11
52,4,10,82944,8.2286009345725214e-11,-3.907000301162536e-11
52,4,11,82944,-9.7759942535048243e-12,-9.9248881320952272e-12
52,4,12,82944,2.6497765630885394e-11,-5.8021518178934164e-26
52,5,0,82944,1.7465780987735545e-07,0
52,5,1,82944,1.4661000875914992e-08,-7.0093463130204112e-11
52,5,2,82944,4.2114412779611942e-09,2.0014764163858189e-10
52,5,3,82944,1.9521711707259998e-09,1.9639226935647315e-11
52,5,4,82944,1.0544972677948532e-09,-2.7729017954844687e-10
52,5,5,82944,6.5071843073766885e-10,-4.0540007767244211e-11
52,5,6,82944,2.3843825330481693e-10,-2.3012323714104404e-10
52,5,7,82944,1.2071460560882753e-10,-8.3128875064763684e-11
52,5,8,82944,2.1284686165142511e-12,-8.6871167285991468e-11
52,5,9,82944,1.3523218143236945e-10,5.9293792967540213e-11
52,5,10,82944,4.5692299542832968e-11,3.6413102138579669e-11
52,5,11,82944,2.8814302045660015e-11,-8.3716618590326241e-11
52,5,12,82944,1.0929070585629876e-10,2.3899719545516625e-26
52,6,0,82944,1.735272175397086e-07,0
52,6,1,82944,8.8414244803342715e-09,1.3412959004332706e-10
52,6,2,82944,2.4912692146953111e-09,7.1130943195354118e-12
52,6,3,82944,1.0262758252490757e-09,2.0074664386876124e-10
52,6,4,82944,5.5649540876490862e-10,1.2217577778652596e-11
52,6,5,82944,2.3769042393366856e-10,6.5264465318285866e-11
52,6,6,82944,-9.9840638347790448e-11,9.5338139536479175e-11
52,6,7,82944,4.1480945500363379e-12,8.1598764985195211e-11
52,6,8,82944,-5.7540609265585598e-11,-2.8270155019373318e-11
52,6,9,82944,-4.5641507528925774e-11,1.7916959465515925e-10
52,6,10,82944,4.9472945260898341e-11,-7.2474020402581804e-12
52,6,11,82944,-5.3302305669078421e-11,3.9190621443874079e-11
52,6,12,82944,-2.0896325900624339e-11,1.0719719816180187e-25
52,7,0,82944,1.7436999734382225e-07,0
52,7,1,82944,5.6127177347567493e-09,1.2119734347870095e-10
52,7,2,82944,1.1787888626870308e-09,1.5149899734090564e-10
52,7,3,82944,5.0703903328770147e-10,-1.215512967942303e-11
52,7,4,82944,1.613217704015746e-10,1.9139427767481052e-11
52,7,5,82944,1.3274323922708216e-10,-6.0015248528547708e-12
52,7,6,82944,1.0486992545719518e-11,5.6748027132458418e-11
52,7,7,82944,6.2847072281544852e-11,8.9844545699686169e-11
52,7,8,82944,1.557653921962244e-10,8.9026981492764633e-11
52,7,9,82944,8.0000529252608233e-13,-3.0479937345504046e-11
52,7,10,82944,6.6437287231256121e-11,2.5735166715472521e-11
52,7,11,82944,-1.5959779788548225e-11,4.0899343111183942e-11
52,7,12,82944,1.1169079849476156e-11,-3.3398773527200154e-26
52,8,0,82944,1.7472746226766832e-07,0
52,8,1,82944,3.3709683967708439e-09,-2.7610012914618197e-11
52,8,2,82944,3.9038405745365067e-10,5.3390535358819829e-11
52,8,3,82944,2.659572026596251e-10,-2.1847278662967138e-10
52,8,4,82944,-1.8003643826529973e-10,3.4243411605921826e-11
52,8,5,82944,3.9145241827628009e-11,9.0759521119599272e-11
52,8,6,82944,-2.1721308413449736e-10,-1.119009038238595e-10
52,8,7,82944,-2.9363332216278223e-11,1.1296366634076728e-10
52,8,8,82944,-1.3317740085881095e-11,2.541503341800728e-12
52,8,9,82944,2.8394497642563567e-11,3.7173961073193445e-12
52,8,10,82944,2.1352559685508878e-11,6.7994793636792597e-11
52,8,11,82944,-7.5104537602586917e-11,-1.621328474391406e-11
52,8,12,82944,-7.9893851491551318e-11,4.7071427604772989e-26
52,9,0,82944,1.7495039024402336e-07,0
52,9,1,82944,1.9968740917098619e-09,-1.4179393669632463e-11
52,9,2,82944,3.2583546840790885e-10,2.0184422193854871e-11
52,9,3,82944,1.1322918658552435e-10,4.1039102149166901e-11
52,9,4,82944,-1.1218086985509042e-10,-5.8219879040395373e-11
52,9,5,82944,2.2416780419838758e-11,1.3379203626697122e-10
52,9,6,82944,5.0992131844534551e-11,7.7799276486765528e-12
52,9,7,82944,5.3381245010507128e-11,6.7533541934247621e-11
52,9,8,82944,-1.2752067876847677e-10,-7.395276528288711e-11
52,9,9,82944,3.6681148240358911e-11,-5.2185936365866854e-11
52,9,10,82944,4.4920138861520286e-11,6.5359591485007766e-12
52,9,11,82944,4.8531177492291282e-11,-3.5262028757542775e-11
52,9,12,82944,-9.6586791531371108e-11,-7.7707746588218457e-26
52,10,0,82944,1.7506202653244001e-07,0
52,10,1,82944,1.3881795967343e-09,3.9515884680110341e-10
52,10,2,82944,-2.1458750900828081e-11,1.414634605534375e-10
52,10,3,82944,-9.8774603472553e-12,-1.932286390805346e-10
52,10,4,82944,-2.8332941998474115e-10,-8.3743947431665234e-11
52,10,5,82944,-1.3441781698122606e-10,-2.6108710964001986e-10
52,10,6,82944,1.0213286380512663e-10,1.1191038098953373e-10
52,10,7,82944,1.2101982644717826e-10,9.4536194200352351e-11
52,10,8,82944,3.3643167229019763e-11,-8.0931682032288698e-11
52,10,9,82944,-2.6004600648140652e-11,-3.5132571561239826e-11
52,10,10,82944,8.1344375338046659e-12,1.2783093215804535e-11
52,10,11,82944,8.3318003072098529e-11,3.2847452239084566e-11
52,10,12,82944,-2.6433374701935366e-11,3.0506673102330627e-26
53,1,0,82944,1.7596058488664756e-07,0
53,1,1,82944,1.0225808142914299e-07,-4.5563869747764873e-10
53,1,2,82944,7.5227453362496939e-08,-8.0629888803969487e-10
53,1,3,82944,5.8716666517809818e-08,-1.044478766172658e-09
53,1,4,82944,4.6120517953700536e-08,-1.2097229051210801e-09
53,1,5,82944,3.578615381332891e-08,-1.221779118706343e-09
53,1,6,82944,2.7246381132992144e-08,-1.2452998953516811e-09
53,1,7,82944,2.0462541677387248e-08,-1.1690963578316543e-09
53,1,8,82944,1.5267998788110474e-08,-9.216112938534688e-10
53,1,9,82944,1.1497714779286923e-08,-7.4234177714210082e-10
53,1,10,82944,8.920759388460485e-09,-4.8150686598831531e-10
53,1,11,82944,7.4692481771890573e-09,-2.4573061987707921e-10
53,1,12,82944,6.9841965613015641e-09,-2.7492905004414866e-25
53,2,0,82944,1.7433178529017503e-07,0
53,2,1,82944,6.259076990982799e-08,-8.2715260374282144e-11
53,2,2,82944,3.6810194134693908e-08,-4.4016984037842199e-11
53,2,3,82944,2.5100683165432333e-08,-2.3558900220330434e-10
53,2,4,82944,1.7815586920297693e-08,3.9734206442812064e-11
53,2,5,82944,1.2823637316375248e-08,1.5435417005478369e-10
53,2,6,82944,9.0628618560472276e-09,1.4425863467703508e-10
53,2,7,82944,6.1960241846215866e-09,1.8167398622214557e-11
53,2,8,82944,4.1620521466943501e-09,4.3905611467661758e-11
53,2,9,82944,3.0755616069474649e-09,3.9897483015509411e-11
53,2,10,82944,2.2486714523587265e-09,5.2248718114691155e-11
53,2,11,82944,1.7262294485016868e-09,-1.229525594182971e-11
53,2,12,82944,1.5893359150949997e-09,-3.6210094595375049e-25
53,3,0,82944,1.7463215426649697e-07,0
53,3,1,82944,3.8612725605632883e-08,-1.221286963771593e-10
53,3,2,82944,1.8100578386489996e-08,-3.2976230233202312e-10
53,3,3,82944,1.0681509298551087e-08,-6.201041555167582e-11
53,3,4,82944,6.7779516461019162e-09,-6.463997954457604e-11
53,3,5,82944,4.5077063122247166e-09,8.7177061144433961e-11
53,3,6,82944,2.7358857928842752e-09,1.3584442256755366e-11
53,3,7,82944,1.5854003402471729e-09,-1.5885656992615519e-11
53,3,8,82944,1.0299330810923189e-09,-3.5485597070212017e-11
53,3,9,82944,5.7594929968213222e-10,-2.7302683818318639e-11
53,3,10,82944,3.0440658460427501e-10,4.777718221218842e-11
53,3,11,82944,1.6977129355321934e-10,5.804843122406454e-11
53,3,12,82944,6.1645785367322144e-11,1.2944642591312571e-25
53,4,0,82944,1.748392719009423e-07,0
53,4,1,82944,2.4154278592976967e-08,-1.9835062610425082e-10
53,4,2,82944,9.0193957944887851e-09,-1.2416288036702882e-10
53,4,3,82944,4.7987657596540169e-09,-3.2343657427444802e-12
53,4,4,82944,2.6409989580459928e-09,2.31612154685482e-11
53,4,5,82944,1.5829235450678728e-09,-7.1840720637391772e-11
53,4,6,82944,9.4347008648066148e-10,1.0363015506271019e-10
53,4,7,82944,4.113125298729219e-10,5.6995658250945419e-11
53,4,8,82944,1.8056197376046955e-10,5.0679393065761503e-11
53,4,9,82944,3.320003278268734e-10,2.0544747059221251e-11
53,4,10,82944,1.4258806447479106e-10,1.9212502087780039e-11
53,4,11,82944,1.3239532849858184e-10,-6.2089073561551453e-11
53,4,12,82944,1.3478423244570837e-10,-1.5015984861124298e-25
53,5,0,82944,1.7516475431379635e-07,0
53,5,1,82944,1.4936913887920772e-08,-3.0362818006650407e-11
53,5,2,82944,4.712676539033821e-09,-4.0703461437792984e-11
53,5,3,82944,2.0432130511885669e-09,1.0215653333964993e-10
53,5,4,82944,1.113302416944861e-09,1.2418985338340253e-10
53,5,5,82944,6.6510600747468956e-10,3.2853491554641972e-11
53,5,6,82944,3.7143798601207505e-10,1.0834444515724879e-10
53,5,7,82944,1.5935606892345791e-10,2.1502388620537634e-10
53,5,8,82944,1.5321263587075097e-11,1.3304413895168775e-10
53,5,9,82944,2.0428762442561319e-11,3.7013713546805457e-12
53,5,10,82944,-3.1090359383999438e-11,7.9125752822095125e-11
53,5,11,82944,1.8700296003196107e-11,-2.3203537245904929e-11
53,5,12,82944,1.2837258012594737e-11,2.8821276647837698e-26
53,6,0,82944,1.7407322627078751e-07,0
53,6,1,82944,9.3297019021228275e-09,5.2624415049385918e-11
53,6,2,82944,2.1933292849540761e-09,1.0385821984622032e-10
53,6,3,82944,8.2333436310089391e-10,1.1013075131108489e-10
53,6,4,82944,4.3176926939725133e-10,6.5027562443939933e-11
53,6,5,82944,4.0556077630106534e-10,-5.0889250932540732e-11
53,6,6,82944,9.9223907406093175e-11,1.3165751281482654e-10
53,6,7,82944,2.0692241535645883e-10,8.1132740385236261e-11
53,6,8,82944,-5.0118816949181764e-11,4.3462890060836302e-11
53,6,9,82944,-9.1886557303925048e-12,8.3269162073075143e-12
53,6,10,82944,-6.238109130648124e-12,-2.0799732809798209e-11
53,6,11,82944,-5.9300656820039842e-11,-2.6739142258627315e-12
53,6,12,82944,-1.3037666583931864e-10,-7.6750361619985782e-26
53,7,0,82944,1.7452525881575117e-07,0
53,7,1,82944,5.5985720412083608e-09,6.4758972718262012e-11
53,7,2,82944,1.1367855740162554e-09,-2.638358645085159e-11
53,7,3,82944,4.015906584331185e-10,-1.724574507913565e-11
53,7,4,82944,3.3334394162381224e-10,1.2198314010647495e-10
53,7,5,82944,1.6608567350988056e-10,6.0101052228874469e-11
53,7,6,82944,-6.410263549795613e-11,-1.775781336582988e-11
53,7,7,82944,-1.5016735990389256e-11,6.6101853812716726e-11
53,7,8,82944,-1.3973150500411117e-10,5.5939991449259191e-11
53,7,9,82944,-1.0336044386729833e-10,-2.7721293045182081e-11
53,7,10,82944,-6.9210059375222465e-11,1.2134801460683097e-10
53,7,11,82944,-1.2011690821146862e-11,4.020861151173587e-11
53,7,12,82944,-1.3108153381130656e-11,-7.7029598902386982e-26
53,8,0,82944,1.7433500285520564e-07,0
53,8,1,82944,3.5859600588414138e-09,8.6622704706802534e-11
53,8,2,82944,5.2213473853807289e-10,7.0732577212377322e-11
53,8,3,82944,2.4796975145185645e-10,1.422131274034646e-10
53,8,4,82944,7.9419205824302821e-11,4.2387682779008284e-11
53,8,5,82944,5.8773139416826796e-11,-1.5146477403923355e-10
53,8,6,82944,-1.1204119267057089e-10,-1.0473129642592867e-10
53,8,7,82944,-1.0327013149756968e-10,5.2771856220134038e-12
53,8,8,82944,-1.6213655243577629e-10,1.4894809345814411e-10
53,8,9,82944,1.1105633143614637e-10,3.3144252308501695e-11
53,8,10,82944,-5.8961371668918077e-11,-1.2346780701194453e-11
53,8,11,82944,-7.9658602580271617e-12,-4.0373429703161863e-11
53,8,12,82944,-2.4608440151094624e-11,-5.9532391331926345e-26
53,9,0,82944,1.7434253227927249e-07,0
53,9,1,82944,2.0889863401601501e-09,-1.3393542711987486e-12
53,9,2,82944,6.3890030358313303e-10,1.0263954107967919e-10
53,9,3,82944,1.3183684680634924e-10,2.3913823739498717e-10
53,9,4,82944,-1.5681520458276485e-10,-7.3508483638103742e-12
53,9,5,82944,2.8709197903833901e-11,-1.1461696625048917e-10
53,9,6,82944,-1.3881239931127417e-10,1.6518590242252698e-10
53,9,7,82944,-6.3590597085769982e-11,3.1840671389027549e-11
53,9,8,82944,-2.8888341331768316e-11,-7.3148047166523275e-11
53,9,9,82944,8.6732316145467969e-11,-4.1869803454187681e-11
53,9,10,82944,-2.1534256513241459e-11,-2.3216484864597654e-11
53,9,11,82944,-3.3846473453308519e-11,3.9521366482691892e-11
53,9,12,82944,-1.764573126611496e-11,6.9889102680984978e-26
53,10,0,82944,1.7480512636151037e-07,0
53,10,1,82944,1.236568168900005e-09,6.9432266681346372e-11
53,10,2,82944,3.5388359157218826e-10,3.0967685699779877e-10
53,10,3,82944,-9.5565397905813343e-11,-8.1254345168570295e-11
53,10,4,82944,-1.9644894269650518e-10,-5.4359357367753874e-11
53,10,5,82944,7.0709995010980471e-11,1.4419654479354137e-12
53,10,6,82944,-6.1177591072228921e-11,8.462428358976729e-11
53,10,7,82944,8.0039902932951394e-11,-2.2765882241559341e-11
53,10,8,82944,-7.0522041492523072e-12,3.2536380449992711e-11
53,10,9,82944,3.8797263593732286e-11,7.02415092740444e-11
53,10,10,82944,5.0217132933698876e-13,1.1042713636975389e-12
53,10,11,82944,2.4804452214380353e-11,3.219222410222157e-11
53,10,12,82944,-5.620153325639237e-11,7.6211832575354912e-26
54,1,0,82944,1.7601003472494997e-07,0
54,1,1,82944,1.0186173383458011e-07,-1.5019304792652938e-10
54,1,2,82944,7.4413703931690239e-08,-2.0887209036046993e-10
54,1,3,82944,5.7871455655485081e-08,-2.247853028707957e-10
54,1,4,82944,4.5536248850685497e-08,-2.5700424621264557e-10
54,1,5,82944,3.5425230798524927e-08,-2.4975453706181771e-10
54,1,6,82944,2.7022302571355148e-08,-2.8309966443580295e-10
54,1,7,82944,2.0249835760901346e-08,-2.1235040186460957e-10
54,1,8,82944,1.5124063843327983e-08,-6.1972594149837039e-11
54,1,9,82944,1.141459214020598e-08,-2.5054695873122779e-11
54,1,10,82944,8.8043014242343562e-09,-3.3580118514073162e-11
54,1,11,82944,7.3385583092755396e-09,-4.0135664837196724e-11
54,1,12,82944,6.8509707862341283e-09,1.028750039406348e-24
54,2,0,82944,1.7417030629557106e-07,0
54,2,1,82944,6.1510940912078693e-08,-1.1045734795066957e-10
54,2,2,82944,3.5765294111964128e-08,-1.1693954793146433e-11
54,2,3,82944,2.458848237344331e-08,1.1876913824139002e-10
54,2,4,82944,1.7432428295227971e-08,2.886685669144094e-10
54,2,5,82944,1.2240676714188273e-08,1.8613782789654494e-10
54,2,6,82944,8.686609930191333e-09,9.456503656367289e-11
54,2,7,82944,5.991083025298197e-09,4.4498964795151945e-11
54,2,8,82944,4.0673580462809878e-09,4.6233766260348378e-11
54,2,9,82944,2.7889023181969284e-09,6.4494058290491567e-11
54,2,10,82944,1.9406811964359578e-09,-4.0342540076760434e-11
54,2,11,82944,1.5152308597736282e-09,2.0243977978138639e-12
54,2,12,82944,1.4314321376393238e-09,-2.8522093845264985e-26
54,3,0,82944,1.7464287524844883e-07,0
54,3,1,82944,3.8144733700808061e-08,7.7515604222711791e-11
54,3,2,82944,1.7920393446051571e-08,3.178153622762687e-11
54,3,3,82944,1.0651697303247433e-08,7.202661889988031e-11
54,3,4,82944,6.8501697124207427e-09,2.5241024092753788e-10
54,3,5,82944,4.4770590215743932e-09,1.6000212291660596e-10
54,3,6,82944,2.8863720844636084e-09,1.6236128924987289e-11
54,3,7,82944,1.8774433927533799e-09,1.5418586890461811e-10
54,3,8,82944,1.278188581103953e-09,-1.551210718825699e-11
54,3,9,82944,7.2305133511379322e-10,-8.6356861484527184e-13
54,3,10,82944,3.9917524827049758e-10,2.3159111529564244e-11
54,3,11,82944,2.129897648742391e-10,-5.041046318721772e-11
54,3,12,82944,1.113648828219464e-10,-1.1181458608150735e-25
54,4,0,82944,1.7472359817639723e-07,0
54,4,1,82944,2.3951694649226339e-08,4.6756599993040655e-11
54,4,2,82944,9.1060811148501982e-09,-4.7928404348475696e-10
54,4,3,82944,4.7752177680023433e-09,-3.6377464379636524e-10
54,4,4,82944,2.5599970233965225e-09,-3.3514641096924869e-10
54,4,5,82944,1.5489537277599947e-09,-2.3486151734537946e-10
54,4,6,82944,8.0931944655046627e-10,-7.7561863144529802e-11
54,4,7,82944,5.0235728471890388e-10,8.5573043920620227e-11
54,4,8,82944,2.9258378320542287e-10,-1.9044935685758443e-11
54,4,9,82944,2.1249607638690817e-10,-6.003910729980775e-11
54,4,10,82944,1.1769286407587416e-10,-4.3918089800969434e-11
54,4,11,82944,-3.0724311152408595e-11,-4.348157331143019e-11
54,4,12,82944,-5.1814795149268834e-11,-7.459624544146228e-26
54,5,0,82944,1.7430540237191425e-07,0
54,5,1,82944,1.4766644957225359e-08,1.1336400633315791e-10
54,5,2,82944,4.4414211884741796e-09,-1.8610494472282407e-10
54,5,3,82944,1.9881240516465973e-09,-9.6588381176239452e-11
54,5,4,82944,1.0466490855763088e-09,-1.0511471908950801e-10
54,5,5,82944,4.1519592034847102e-10,-9.1760486678172954e-11
54,5,6,82944,4.0934620321233359e-10,-8.5740322471299516e-11
54,5,7,82944,1.8340397187827776e-10,-8.6829860161112755e-12
54,5,8,82944,4.8582578826009257e-11,6.1448975953336475e-11
54,5,9,82944,1.1521419439908803e-10,1.1280479372104101e-10
54,5,10,82944,1.4138972239498634e-10,4.9939722693471382e-11
54,5,11,82944,4.6103135176570214e-11,3.6690036094486443e-11
54,5,12,82944,3.0053105766755125e-11,-4.5954478475168202e-26
54,6,0,82944,1.7479687435774973e-07,0
54,6,1,82944,9.0636221046577643e-09,-1.8838559482216631e-10
54,6,2,82944,2.3401128811484304e-09,-1.2245151623414141e-10
54,6,3,82944,7.4653858932025597e-10,-8.6253350038340281e-11
54,6,4,82944,4.3648620623203202e-10,-3.405086555398739e-11
54,6,5,82944,2.273649915660833e-10,-2.3586050483396895e-10
54,6,6,82944,-2.1107724960408422e-11,-2.0918463724005078e-11
54,6,7,82944,-9.3115894903325902e-11,1.1814514323732514e-10
54,6,8,82944,-1.0792756861981508e-11,1.0545586088659787e-11
54,6,9,82944,1.4901532453333244e-10,3.9008326247780207e-11
54,6,10,82944,6.3340357389294981e-11,-5.9556051914158774e-12
54,6,11,82944,-5.0825711480987489e-11,-8.0842423497666519e-11
54,6,12,82944,-1.5023496655017817e-11,-4.9863800428784941e-26
54,7,0,82944,1.7429173915593463e-07,0
54,7,1,82944,5.6327577360985941e-09,-1.0328551726884182e-10
54,7,2,82944,1.183782009010052e-09,4.0811278855872232e-11
54,7,3,82944,5.5047800042133471e-10,-4.0401083056609543e-10
54,7,4,82944,2.9080161882080988e-10,5.8638542714576208e-11
54,7,5,82944,2.2158225771234628e-10,3.3604272251190928e-11
54,7,6,82944,1.1253050801772242e-10,-4.8819987054015416e-11
54,7,7,82944,-1.40220340130921e-10,9.708890313344714e-11
54,7,8,82944,-1.971449679736109e-10,1.8988772949591306e-11
54,7,9,82944,3.8224208248517895e-11,4.1937248789545853e-11
54,7,10,82944,5.427709674863462e-11,1.2658608131882837e-10
54,7,11,82944,-3.5788497657535961e-11,-5.1429003346278054e-11
54,7,12,82944,-4.0316208427151979e-12,1.6826040816689192e-25
54,8,0,82944,1.739915586321387e-07,0
54,8,1,82944,3.6331485813332186e-09,-8.9136371862300883e-12
54,8,2,82944,6.5349284155253324e-10,-1.9603030900086832e-10
54,8,3,82944,2.2474659731868792e-10,-3.1144943728755921e-10
54,8,4,82944,1.4498352410882863e-10,-1.3056900901833516e-11
54,8,5,82944,2.7472432963315802e-11,-2.0634221783915363e-10
54,8,6,82944,2.492531496577804e-11,1.8197115136940102e-10
54,8,7,82944,1.1579301787083049e-11,7.8819928558806557e-11
54,8,8,82944,1.650443844438628e-11,-8.3910344335711525e-11
54,8,9,82944,4.313624091886199e-11,-3.332936122858624e-11
54,8,10,82944,5.6904023218704662e-11,2.3815215317435187e-12
54,8,11,82944,6.0301593321451107e-11,9.984347616673153e-11
54,8,12,82944,-3.4916285289578951e-11,3.1613649471849656e-26
54,9,0,82944,1.743571953028584e-07,0
54,9,1,82944,2.1310057154843913e-09,-3.8337163217515741e-10
54,9,2,82944,1.1524013511431693e-10,-4.3813326670893142e-11
54,9,3,82944,2.6195749242846233e-11,-1.9150538811421258e-11
54,9,4,82944,-4.3810675630399557e-11,1.3036713395570931e-10
54,9,5,82944,1.6283385825484777e-10,-7.6987410702540509e-11
54,9,6,82944,-6.638659050069749e-11,1.3088208951368157e-10
54,9,7,82944,9.3912270846687322e-11,1.8932403265482998e-11
54,9,8,82944,-1.088474953050977e-10,-1.541773694452658e-10
54,9,9,82944,-8.5677791429687932e-11,-6.6870541474545704e-11
54,9,10,82944,1.648530230913721e-11,-6.3168579895450104e-11
54,9,11,82944,7.7648648474079323e-12,8.9436710789990706e-11
54,9,12,82944,3.6916086652323293e-11,2.0060206912500184e-25
54,10,0,82944,1.747123329117664e-07,0
54,10,1,82944,1.3122118488947098e-09,-1.6374478846514536e-10
54,10,2,82944,1.7716704525413482e-11,-3.4262434268976083e-10
54,10,3,82944,1.5182889233987312e-10,3.2095909792546794e-11
54,10,4,82944,-3.5770748697137954e-11,3.4772939516036448e-11
54,10,5,82944,-6.6890663189273105e-11,-1.0604227224874797e-10
54,10,6,82944,4.985265909194869e-11,2.4003841459578174e-11
54,10,7,82944,-3.1452418719891331e-11,-3.6649696277132004e-11
54,10,8,82944,-8.13550015337034e-11,-1.138700424042827e-10
54,10,9,82944,2.8587563977837693e-11,6.2174475110014668e-11
54,10,10,82944,-3.5174440217326278e-11,-4.1727905224713313e-11
54,10,11,82944,-9.3536147206389605e-12,7.4927359311972031e-12
54,10,12,82944,4.2051502294214767e-11,8.7047236408529871e-26
55,1,0,82944,1.7763646225721566e-07,0
55,1,1,82944,1.0331685899453714e-07,-1.1354026972608491e-10
55,1,2,82944,7.5979809135208009e-08,-3.0728541032257242e-10
55,1,3,82944,5.9644354139875965e-08,-3.0384703205797867e-10
55,1,4,82944,4.7160301993402332e-08,-1.8072851647076408e-10
55,1,5,82944,3.6920728972082992e-08,-1.9595898419197021e-10
55,1,6,82944,2.8277168323104731e-08,-8.9274983888012722e-11
55,1,7,82944,2.1320854990887808e-08,-1.7668407893861942e-11
55,1,8,82944,1.5885344449318285e-08,4.7758789972009957e-11
55,1,9,82944,1.199359256305269e-08,9.7758572158940296e-11
55,1,10,82944,9.1944789578114859e-09,5.5638513434614293e-11
55,1,11,82944,7.5499933799452932e-09,5.0038827604109993e-11
55,1,12,82944,6.9671397544937905e-09,5.0797250772811797e-25
55,2,0,82944,1.7579890242507116e-07,0
55,2,1,82944,6.2967684969197111e-08,-2.340696195465776e-10
55,2,2,82944,3.6927527126454445e-08,-4.5812470156007521e-10
55,2,3,82944,2.4986304310535441e-08,-2.8761679637000251e-10
55,2,4,82944,1.7857841379039011e-08,-2.4952947984034016e-10
55,2,5,82944,1.2957252156820915e-08,-2.0832478631152991e-10
55,2,6,82944,9.1369881921047701e-09,-1.6714386936166126e-10
55,2,7,82944,6.4296098103454189e-09,-7.538101579087572e-11
55,2,8,82944,4.4312768974178017e-09,-3.9867008293032416e-12
55,2,9,82944,3.1158943250890181e-09,1.5776704168127897e-11
55,2,10,82944,2.1448683678731497e-09,-9.0602109987609318e-11
55,2,11,82944,1.6132332204828393e-09,-8.6000828627478023e-12
55,2,12,82944,1.5404940327856296e-09,1.0294880236526939e-25
55,3,0,82944,1.7526914239102034e-07,0
55,3,1,82944,3.88159370854283e-08,-8.0818693713388491e-11
55,3,2,82944,1.8060580543475001e-08,-4.9334916363489902e-11
55,3,3,82944,1.0542033971761996e-08,2.7499817141766397e-11
55,3,4,82944,6.7467119573760778e-09,2.0907044713355615e-11
55,3,5,82944,4.3889964789760477e-09,-4.6411403730314234e-11
55,3,6,82944,2.9603764646613398e-09,-2.0049124468222374e-11
55,3,7,82944,1.7634193236048297e-09,-4.9324536047749387e-11
55,3,8,82944,1.2514827721965341e-09,-3.7472742924774341e-11
55,3,9,82944,8.4556136202868422e-10,-3.368765485399769e-11
55,3,10,82944,4.8832238001301887e-10,-9.9661694132097839e-11
55,3,11,82944,4.9703424764357936e-10,-7.5745261388693082e-11
55,3,12,82944,3.3169185144151193e-10,-1.7153147347502019e-26
55,4,0,82944,1.7532929323127096e-07,0
55,4,1,82944,2.3919166859910486e-08,-2.7731278865153096e-11
55,4,2,82944,8.8323509302860223e-09,-1.0626545927072772e-10
55,4,3,82944,4.6250366738147037e-09,-5.9930496623458198e-11
55,4,4,82944,2.6116057662892117e-09,-9.0653200976819205e-11
55,4,5,82944,1.4655652947650312e-09,-2.9792304752689237e-11
55,4,6,82944,1.0933620958605799e-09,1.8907929726421323e-10
55,4,7,82944,6.0424546796504702e-10,4.6122975016711068e-11
55,4,8,82944,3.3415064465737575e-10,1.765746565331415e-11
55,4,9,82944,1.8250364380123426e-10,-9.2279311557815544e-12
55,4,10,82944,1.0674058161002592e-10,-1.3510796756441837e-11
55,4,11,82944,1.1648731655418522e-10,-1.1116826180482211e-10
55,4,12,82944,1.5799074021678023e-10,1.0894243117680935e-25
55,5,0,82944,1.7472929793380951e-07,0
55,5,1,82944,1.4506560920535202e-08,2.1104613530522081e-10
55,5,2,82944,4.2189320041187178e-09,2.1175271814325365e-11
55,5,3,82944,1.9931551276339667e-09,2.5986316333370591e-11
55,5,4,82944,7.7841627183180854e-10,1.3839336478211367e-10
55,5,5,82944,3.043693634413757e-10,1.6488172203863929e-10
55,5,6,82944,2.2589506511500985e-10,2.2140748673702503e-10
55,5,7,82944,1.7116336576848954e-10,5.3339248814831606e-11
55,5,8,82944,6.0485598343667522e-11,6.7515365622546413e-11
55,5,9,82944,8.7605938760975295e-14,5.3355498073269716e-11
55,5,10,82944,-3.1834974157752087e-12,3.6383862189963787e-11
55,5,11,82944,-3.315306706129691e-11,-4.8050249216950695e-11
55,5,12,82944,-2.9495214416662673e-11,-3.7856597285533528e-26
55,6,0,82944,1.7476469689184679e-07,0
55,6,1,82944,9.4157741206814961e-09,3.5511817542498712e-11
55,6,2,82944,2.3802684441388033e-09,2.0278367784774553e-11
55,6,3,82944,9.3302146139337069e-10,-8.520699187401533e-11
55,6,4,82944,5.6053356711065296e-10,5.7623047975520584e-11
55,6,5,82944,1.0919077959582809e-11,-3.6684830909527017e-11
55,6,6,82944,1.0978892141037003e-10,1.470347283766427e-10
55,6,7,82944,1.484279463132249e-10,-6.9736540962501043e-11
55,6,8,82944,-1.1883370126578027e-10,-8.5523746064585789e-14
55,6,9,82944,-2.7446452682518805e-11,1.6905763178792055e-11
55,6,10,82944,-7.2619263976162017e-11,-2.7804363880274485e-11
55,6,11,82944,4.1094633834646592e-11,-2.4218542577303201e-11
55,6,12,82944,3.5356129954194262e-12,4.1112703453533188e-26
55,7,0,82944,1.7382696216764252e-07,0
55,7,1,82944,5.7512596547683841e-09,2.0189719973647373e-10
55,7,2,82944,1.3580838210406298e-09,-4.9300905917507339e-11
55,7,3,82944,6.4682292060629808e-10,-1.8310792871467836e-10
55,7,4,82944,2.9239613351728939e-10,5.5962490675026306e-11
55,7,5,82944,1.8632730181419727e-11,1.7318921171216786e-10
55,7,6,82944,2.264487851612008e-11,-4.5404115245866975e-11
55,7,7,82944,1.3169481755298949e-10,1.0743032599288491e-10
55,7,8,82944,1.1438018550725088e-11,7.0823450536525794e-11
55,7,9,82944,-5.6439153524955173e-11,-1.3783091677814042e-10
55,7,10,82944,-5.4524995709129303e-11,3.8515181867722495e-11
55,7,11,82944,-1.9839550932915583e-11,8.6612000696659451e-11
55,7,12,82944,-6.3905065161820416e-11,-8.4329659285161098e-26
55,8,0,82944,1.7412570245077533e-07,0
55,8,1,82944,3.5588578926827529e-09,7.1392161376642189e-11
55,8,2,82944,5.3831604612198387e-10,2.0878165832563331e-10
55,8,3,82944,2.2182735518688151e-10,-4.9366390796972652e-11
55,8,4,82944,3.1308558169832299e-10,-5.9370045707182818e-11
55,8,5,82944,-3.7547410917537402e-11,-1.3972918663658942e-11
55,8,6,82944,-9.5783972198780125e-12,1.2107561871006104e-10
55,8,7,82944,-2.9533970483343906e-11,1.0596499923766646e-10
55,8,8,82944,3.7858212681642017e-11,1.7540691552100987e-10
55,8,9,82944,5.0939728555408859e-12,-1.3652927198258484e-10
55,8,10,82944,-6.1727432888951133e-11,-2.4513253425756891e-11
55,8,11,82944,-7.9329019770370383e-12,-4.2821137973514192e-11
55,8,12,82944,-4.984473636827898e-11,-1.0762602684548941e-25
55,9,0,82944,1.7430406339122211e-07,0
55,9,1,82944,2.1480161447740418e-09,3.0787619929232941e-10
55,9,2,82944,1.4087020738346033e-10,1.659108018060078e-10
55,9,3,82944,-1.6148847971034007e-10,4.2774375318261091e-11
55,9,4,82944,3.8212099538927642e-10,-1.508626515118229e-11
55,9,5,82944,2.7204409794624996e-10,1.8384473941258266e-10
55,9,6,82944,-1.7359459280323367e-11,3.9670356625658648e-11
55,9,7,82944,-6.990405876537735e-11,9.2745725181292968e-12
55,9,8,82944,8.8825842898735305e-12,7.5220776904153111e-11
55,9,9,82944,7.8501426391216159e-12,-3.344993109838736e-11
55,9,10,82944,-1.6087134321611505e-11,6.5133796065542773e-11
55,9,11,82944,2.0310989455792962e-11,-3.0997472866403628e-11
55,9,12,82944,-2.8167650178848318e-11,8.2773908711783001e-27
55,10,0,82944,1.7479831854125595e-07,0
55,10,1,82944,1.6809985585970025e-09,2.5926689078159901e-10
55,10,2,82944,-3.8996372407164632e-11,1.7783123070133606e-10
55,10,3,82944,-2.2782651267103164e-10,8.7992008567870315e-11
55,10,4,82944,1.4788517690462323e-10,1.6532822152665629e-10
55,10,5,82944,-5.9536421188325907e-11,2.0425564132181445e-11
55,10,6,82944,-7.5842218130284017e-11,-4.2831020080320404e-11
55,10,7,82944,5.5267311551116397e-11,3.368907680549085e-11
55,10,8,82944,-9.5684867017707608e-11,-1.5762880879503687e-11
55,10,9,82944,5.7026401642147566e-11,7.4849078532170463e-11
55,10,10,82944,-4.7380295930346628e-11,-4.8873589911580131e-11
55,10,11,82944,-3.8609802874301239e-11,-3.3306023281390537e-11
55,10,12,82944,-7.103271806805479e-11,-1.0716977307156603e-26
56,1,0,82944,1.7682434071405699e-07,0
56,1,1,82944,1.023156630601257e-07,-1.9050016428821195e-12
56,1,2,82944,7.4705355185298989e-08,9.2907664030210511e-11
56,1,3,82944,5.8456978949079068e-08,1.373843172612278e-10
56,1,4,82944,4.6103319870360544e-08,4.6014192550085608e-12
56,1,5,82944,3.5908734727155367e-08,-1.341366929072315e-10
56,1,6,82944,2.7476899499508447e-08,-2.0956105420902029e-10
56,1,7,82944,2.0733358474978929e-08,-2.0998646323497686e-10
56,1,8,82944,1.545739132931921e-08,-2.6008187170158817e-10
56,1,9,82944,1.146739524283341e-08,-2.5901504343199581e-10
56,1,10,82944,8.7757354908946774e-09,-2.2067141177295757e-10
56,1,11,82944,7.2100625913474615e-09,-1.2266185013555602e-10
56,1,12,82944,6.6661437831504387e-09,3.0164607431389163e-25
56,2,0,82944,1.7556919105393329e-07,0
56,2,1,82944,6.2365858509409564e-08,-1.8704174346712178e-10
56,2,2,82944,3.6278854538183476e-08,-1.1919538169538438e-10
56,2,3,82944,2.4293168973022085e-08,-2.2694241764276081e-10
56,2,4,82944,1.6971088982630023e-08,-2.0874617150632211e-10
56,2,5,82944,1.1996123796444148e-08,-8.789296332308066e-11
56,2,6,82944,8.2029357248147617e-09,-1.0028994922956678e-10
56,2,7,82944,5.7041036366722816e-09,-9.2202785211155753e-11
56,2,8,82944,3.8646060136791829e-09,-8.4989220029455201e-11
56,2,9,82944,2.5262047214454888e-09,-6.4783199584799322e-11
56,2,10,82944,1.7597193273232573e-09,-4.9949142628432798e-11
56,2,11,82944,1.2588232993214404e-09,-1.2015144195832849e-11
56,2,12,82944,1.1340480457835498e-09,8.6513693743941878e-27
56,3,0,82944,1.7524514045679376e-07,0
56,3,1,82944,3.8578917367909039e-08,-6.6886402395533579e-11
56,3,2,82944,1.7958718582701352e-08,1.3945910101258555e-10
56,3,3,82944,1.0583171685519123e-08,-2.3981395674351595e-10
56,3,4,82944,6.3569710775634581e-09,2.5698787997046585e-11
56,3,5,82944,4.170301286936777e-09,-1.3909902956494721e-10
56,3,6,82944,2.794742809949808e-09,-2.2876194618119853e-10
56,3,7,82944,1.7411629977889247e-09,-2.257394853010751e-10
56,3,8,82944,1.0744037393243686e-09,-1.1383299332413824e-10
56,3,9,82944,6.6517531799264918e-10,-8.2271661115918493e-11
56,3,10,82944,3.8604280468407215e-10,-4.391711520480043e-11
56,3,11,82944,2.1817729442516041e-10,-9.3530966141248532e-12
56,3,12,82944,2.2290862287129121e-10,-1.5836743016182097e-26
56,4,0,82944,1.7479481809554434e-07,0
56,4,1,82944,2.4022529178631643e-08,-1.0519725397352111e-10
56,4,2,82944,8.714741383117597e-09,-7.2455193897801453e-11
56,4,3,82944,4.5896014836620683e-09,-3.6438720509159787e-10
56,4,4,82944,2.6051154936264526e-09,-5.3885923651386314e-11
56,4,5,82944,1.351866700276876e-09,-9.0095516837606449e-11
56,4,6,82944,8.7337504804385745e-10,-1.2839995601964046e-10
56,4,7,82944,4.9238971158490612e-10,-1.9676194924969182e-10
56,4,8,82944,1.9678010962978613e-10,-1.0323939894812236e-11
56,4,9,82944,8.2306659540020147e-11,-1.2872680098379342e-10
56,4,10,82944,1.3886850376571127e-10,-5.0639314458497144e-11
56,4,11,82944,2.624243478809346e-11,2.9742834463564992e-11
56,4,12,82944,-8.1277289327393778e-11,3.2670762040939894e-26
56,5,0,82944,1.747409756336995e-07,0
56,5,1,82944,1.4826323111978562e-08,5.3565881990315537e-12
56,5,2,82944,4.48823849642309e-09,-9.5373106669466543e-11
56,5,3,82944,2.0431559591624412e-09,1.2358615547422326e-10
56,5,4,82944,1.161045908232708e-09,-7.1197490191170819e-11
56,5,5,82944,7.0030012024682797e-10,-1.0398084710947565e-11
56,5,6,82944,5.6975638050183074e-10,-1.2508723165589135e-10
56,5,7,82944,1.3801910799967394e-10,-5.2406717014731306e-11
56,5,8,82944,1.270742055484301e-10,-2.4256020154982128e-14
56,5,9,82944,-9.3811949594259193e-12,-4.8593357955547214e-11
56,5,10,82944,2.7573396760581736e-11,1.7921965601753224e-11
56,5,11,82944,-1.1315578523260887e-10,5.9075120996936214e-12
56,5,12,82944,-9.7411314246584258e-11,-6.5929916926939448e-26
56,6,0,82944,1.7459093592367668e-07,0
56,6,1,82944,9.1430161187418494e-09,-9.9780694035521801e-11
56,6,2,82944,2.2546314110084312e-09,-2.9111841404153238e-10
56,6,3,82944,1.2495681607264779e-09,1.4137380441106239e-10
56,6,4,82944,5.4044215274561853e-10,-3.2911683064203822e-11
56,6,5,82944,3.1977072045924889e-10,5.0287832385399226e-11
56,6,6,82944,2.2055044413928352e-10,7.9689192451887473e-11
56,6,7,82944,1.5408880200102299e-10,1.268808896773084e-11
56,6,8,82944,8.6191820740369447e-11,-3.5309782367845967e-11
56,6,9,82944,4.9506788633466751e-11,2.8165824136728342e-11
56,6,10,82944,9.66349588264377e-11,5.4242473985752148e-11
56,6,11,82944,1.1033857433646786e-10,6.3057192335263819e-11
56,6,12,82944,-6.4215213650569585e-12,1.2125878988271923e-25
56,7,0,82944,1.7411390483772807e-07,0
56,7,1,82944,5.618843455734951e-09,-5.612008289965351e-11
56,7,2,82944,1.2229723011615387e-09,5.2599712756974491e-11
56,7,3,82944,7.7278974696235859e-10,2.4466219476783389e-10
56,7,4,82944,2.9782025402457876e-10,4.0850540206882312e-11
56,7,5,82944,1.2232822816717748e-10,6.8220662516951402e-11
56,7,6,82944,1.8706459555538914e-10,1.141863108566634e-10
56,7,7,82944,-6.9692500531618836e-11,-1.0610389400968969e-11
56,7,8,82944,1.2348751571113929e-10,-2.166041418244197e-11
56,7,9,82944,4.4211288751721625e-11,-1.4157963393715503e-11
56,7,10,82944,4.667189876524632e-11,5.6746589831177995e-11
56,7,11,82944,-2.5717774605092312e-11,-1.1202308274925762e-11
56,7,12,82944,3.057481279693232e-11,3.7357959281245678e-26
56,8,0,82944,1.7408175487873688e-07,0
56,8,1,82944,3.4952896649454812e-09,2.8776740402083915e-11
56,8,2,82944,6.7363880888054839e-10,9.2357410405786499e-11
56,8,3,82944,2.8094264338878287e-10,3.9656792331514685e-11
56,8,4,82944,7.6041455123137876e-11,-1.5295303129833052e-11
56,8,5,82944,4.0702777027314783e-11,7.2951395465838415e-12
56,8,6,82944,-5.7956561225721018e-11,-7.4202969080470121e-11
56,8,7,82944,1.0919635254371309e-10,-9.3054981876827205e-12
56,8,8,82944,1.222543930161685e-10,-7.4949299213282856e-12
56,8,9,82944,1.118706226696994e-10,1.1722593781209197e-12
56,8,10,82944,-5.8373662378323844e-11,2.6522576102233087e-11
56,8,11,82944,7.5538435991700606e-11,-6.7414634045335394e-11
56,8,12,82944,-4.6649914323391919e-11,-9.230786735376669e-26
56,9,0,82944,1.7450767994280671e-07,0
56,9,1,82944,2.0450885130071719e-09,1.0214024539532125e-10
56,9,2,82944,3.5259293026952149e-10,-1.0250517677408447e-10
56,9,3,82944,1.8932306765974547e-10,1.9623802514077565e-10
56,9,4,82944,3.4750577241299648e-10,-7.298248786729326e-11
56,9,5,82944,-4.482267364159881e-12,-5.447478401867533e-11
56,9,6,82944,-4.0781987885279411e-11,-1.3527317634560737e-10
56,9,7,82944,-3.2832634177388242e-11,1.500043663035662e-11
56,9,8,82944,1.1017949048395053e-10,9.307014285198582e-11
56,9,9,82944,3.386564872845398e-11,1.0363929229086325e-10
56,9,10,82944,-2.2758730490967251e-11,9.7353440934718939e-11
56,9,11,82944,-2.0872779336495095e-11,-1.1756401962385603e-10
56,9,12,82944,6.6954827134765997e-11,3.6819430236614804e-25
56,10,0,82944,1.7437693403379934e-07,0
56,10,1,82944,1.1752553403399254e-09,2.4001955259806923e-10
56,10,2,82944,1.9831161269676327e-10,-2.3402470553758794e-10
56,10,3,82944,-1.5853672054250465e-11,-1.5546990177021436e-10
56,10,4,82944,9.0324439060193017e-11,4.410492820908969e-11
56,10,5,82944,1.8215122675831484e-10,-6.5127222772572189e-11
56,10,6,82944,-7.5995603152906996e-11,4.4735987808583384e-11
56,10,7,82944,6.1063671263745065e-11,-1.5930842917755016e-10
56,10,8,82944,9.7576981314486039e-11,6.8235590563837198e-11
56,10,9,82944,-2.2358448665641545e-11,4.6377762538333634e-11
56,10,10,82944,1.3543259124315979e-10,5.9590242880338465e-11
56,10,11,82944,5.7171672438645171e-11,-6.8940877639922243e-11
56,10,12,82944,-3.313829452464822e-11,-4.3401451893214413e-26
57,1,0,82944,1.7691641609436031e-07,0
57,1,1,82944,1.0250118426413059e-07,3.3763988105113802e-10
57,1,2,82944,7.4605829690045728e-08,5.9915550681005415e-10
57,1,3,82944,5.7741113338976571e-08,5.0076119133382735e-10
57,1,4,82944,4.5066302250675316e-08,5.7513716168831731e-10
57,1,5,82944,3.4577061625432937e-08,5.3620588285168107e-10
57,1,6,82944,2.6141571344410765e-08,5.8614051203698148e-10
57,1,7,82944,1.9470540745855869e-08,3.9994346167653398e-10
57,1,8,82944,1.4256711939067885e-08,3.0164265586439463e-10
57,1,9,82944,1.0470313775190216e-08,1.9371813127439402e-10
57,1,10,82944,7.8079293629465985e-09,7.8268861247966194e-11
57,1,11,82944,6.2519380701438931e-09,4.0191834656699242e-11
57,1,12,82944,5.7293782820986322e-09,-5.281573741416901e-25
57,2,0,82944,1.7443061414883971e-07,0
57,2,1,82944,6.2102105810960163e-08,6.666462335334393e-11
57,2,2,82944,3.5800433906218202e-08,-6.8132267026735484e-11
57,2,3,82944,2.3957542159393268e-08,-2.7601030947960133e-11
57,2,4,82944,1.6836241388118255e-08,-5.709641707241348e-11
57,2,5,82944,1.1819826697730288e-08,-2.0212613122709243e-10
57,2,6,82944,8.1886320626236537e-09,-8.3320765929474884e-11
57,2,7,82944,5.5526453461048648e-09,-5.5754905854049677e-11
57,2,8,82944,3.8398871254667002e-09,-1.1125674893106285e-10
57,2,9,82944,2.6984281439948933e-09,-1.6759803912872074e-10
57,2,10,82944,1.9237741670056927e-09,-8.0831464310778166e-11
57,2,11,82944,1.4064349963319379e-09,-3.3963928630422421e-11
57,2,12,82944,1.2647299916110174e-09,-5.8230946140735058e-25
57,3,0,82944,1.7497316287400954e-07,0
57,3,1,82944,3.834595056005509e-08,1.6706966805083093e-10
57,3,2,82944,1.7764505920015693e-08,6.8132482868301893e-11
57,3,3,82944,1.0519882464628409e-08,-1.1833470561712212e-10
57,3,4,82944,6.9652983453800166e-09,1.624260426390563e-10
57,3,5,82944,4.4701082372203212e-09,-1.985916924654543e-10
57,3,6,82944,2.9648147410143044e-09,-4.175061341059492e-11
57,3,7,82944,1.8741505295059968e-09,1.0832938264237708e-10
57,3,8,82944,1.2421335177950054e-09,1.2758404217827832e-11
57,3,9,82944,7.2973187147452407e-10,4.7944300135778187e-11
57,3,10,82944,5.7915484536237778e-10,3.3511938365405359e-11
57,3,11,82944,3.0575881500094235e-10,-1.1936321086322474e-10
57,3,12,82944,1.0154629211167336e-10,-8.9774786291984408e-26
57,4,0,82944,1.746629975943465e-07,0
57,4,1,82944,2.3956528900601014e-08,9.1022864610500417e-11
57,4,2,82944,8.7836353585966911e-09,-7.6205576042491486e-11
57,4,3,82944,4.6072526424827908e-09,-9.5648432527589702e-11
57,4,4,82944,2.7874434255198618e-09,-2.1532544254539456e-11
57,4,5,82944,1.5766569420741567e-09,5.3723342236791036e-11
57,4,6,82944,8.814831046479747e-10,2.369492507641587e-11
57,4,7,82944,4.4382793939321932e-10,7.7968858154031567e-11
57,4,8,82944,2.4239575931989892e-10,1.6550802219087615e-10
57,4,9,82944,1.8181021143954058e-10,1.2900107546492795e-10
57,4,10,82944,1.7142464102659039e-10,6.9486339799845354e-11
57,4,11,82944,1.0449713997885402e-10,1.2682460099558811e-11
57,4,12,82944,3.3947225449710076e-11,4.2322399251935513e-25
57,5,0,82944,1.7381408719567099e-07,0
57,5,1,82944,1.4730055489099768e-08,1.9858543928558506e-10
57,5,2,82944,4.0749288030240041e-09,-1.2756984718467937e-10
57,5,3,82944,2.0719154895742373e-09,2.0542785130781639e-11
57,5,4,82944,1.1834668666269311e-09,-3.4933056629159198e-11
57,5,5,82944,5.3326369917478355e-10,-8.1544807950116182e-11
57,5,6,82944,3.4706049400428317e-10,-1.1386220527433032e-10
57,5,7,82944,2.7312411164005208e-10,-1.4711587458625357e-10
57,5,8,82944,-1.1897186584240173e-10,-6.1101120907591811e-11
57,5,9,82944,-8.6884561961387471e-13,4.5688785796519642e-12
57,5,10,82944,-4.1248864033229768e-11,-4.4289993949011998e-11
57,5,11,82944,4.4181645448944438e-12,-4.9173073671926204e-11
57,5,12,82944,-8.5795288430477649e-11,7.9981535887771046e-27
57,6,0,82944,1.7482406088480494e-07,0
57,6,1,82944,9.2348323791229217e-09,2.5693074045177165e-11
57,6,2,82944,1.9709099031166281e-09,-1.754129858158324e-10
57,6,3,82944,8.5120756738731967e-10,-2.4061477787175486e-10
57,6,4,82944,5.3494386412232918e-10,-2.9106532880425753e-10
57,6,5,82944,1.7250419568173227e-10,-1.6456612224218393e-10
57,6,6,82944,1.5523422953779457e-10,-3.4152688258504992e-11
57,6,7,82944,6.2874559828481884e-11,-6.646899577153448e-12
57,6,8,82944,2.594522736200794e-11,-3.7616964384554264e-11
57,6,9,82944,1.6889396241293443e-10,4.3340512081179008e-11
57,6,10,82944,6.2446546194840879e-11,-9.6164485111952684e-11
57,6,11,82944,-4.8700319684573596e-11,6.811266038738858e-11
57,6,12,82944,-8.0970722844250825e-11,-2.8043401361148653e-26
57,7,0,82944,1.7486261248753839e-07,0
57,7,1,82944,5.6824954569655192e-09,-2.1258673037029315e-11
57,7,2,82944,7.1930269700120912e-10,-1.9556037350348568e-10
57,7,3,82944,2.1131988042109486e-10,3.649185671497121e-11
57,7,4,82944,1.1481213068807886e-10,-2.192672487372851e-10
57,7,5,82944,2.3596959218742294e-11,-1.0250715819564061e-10
57,7,6,82944,1.8545179847160328e-10,-2.3555642333085556e-11
57,7,7,82944,-1.6572381389948898e-11,-6.8497377450851162e-11
57,7,8,82944,8.2118350773578379e-11,2.6659401554876731e-11
57,7,9,82944,9.752128244141871e-11,7.5957367713128097e-11
57,7,10,82944,-8.3053136644709805e-11,4.8682867904615227e-11
57,7,11,82944,1.1018571858509414e-12,5.1402860364415635e-11
57,7,12,82944,-4.2426069179266118e-11,-1.1735944068918824e-25
57,8,0,82944,1.7517399161546856e-07,0
57,8,1,82944,3.4245683069351527e-09,-2.8476927199401814e-11
57,8,2,82944,5.4296786063003382e-10,-1.9962659797008912e-10
57,8,3,82944,1.8498014085629871e-10,-1.5289042240789747e-10
57,8,4,82944,3.5798841335230357e-10,1.2915362902502313e-10
57,8,5,82944,2.7706704856124639e-11,-1.1057965253645094e-10
57,8,6,82944,3.5237902000374602e-12,-4.378592105303651e-11
57,8,7,82944,-2.9048778879807589e-11,-1.7751344364195088e-10
57,8,8,82944,-8.668511002669628e-11,-8.0648631072788784e-11
57,8,9,82944,8.0551728155138801e-12,-3.6752718780435946e-11
57,8,10,82944,7.9878006190477916e-11,-7.2274900471080933e-11
57,8,11,82944,-5.397163412512369e-11,1.0498587794473912e-10
57,8,12,82944,1.562185954726228e-11,-3.129452114910543e-26
57,9,0,82944,1.7499814517100487e-07,0
57,9,1,82944,2.514819266719068e-09,-1.51617347742815e-10
57,9,2,82944,1.6619026620960783e-10,-2.1658931222028184e-11
57,9,3,82944,9.3526173789434429e-11,7.1892337995945072e-11
57,9,4,82944,2.6102252666005898e-11,-6.2154494717945838e-11
57,9,5,82944,1.4319744948899094e-11,-9.7137362157752418e-11
57,9,6,82944,-9.9734756352159486e-11,-1.7247176597066747e-11
57,9,7,82944,-1.8744902046348565e-11,4.4561978509274964e-12
57,9,8,82944,4.4832301426383461e-11,9.9081932046683837e-11
57,9,9,82944,-6.4134451431263039e-11,1.1344246023209844e-10
57,9,10,82944,-3.0828756183161612e-11,3.8784417965292805e-11
57,9,11,82944,4.2659124366382943e-11,7.6409760172949793e-11
57,9,12,82944,7.7824613064225369e-11,2.2518492273639279e-25
57,10,0,82944,1.7464450052585004e-07,0
57,10,1,82944,1.5034742511536914e-09,-5.7549547379699781e-11
57,10,2,82944,2.5832285439301843e-11,-1.3677441393460733e-10
57,10,3,82944,2.4931841408223256e-10,-8.1200937744380589e-11
57,10,4,82944,5.9589502523922314e-11,1.6458099647571128e-10
57,10,5,82944,5.7390274071609043e-11,-1.1076795249213882e-10
57,10,6,82944,1.2362150360670839e-11,1.0662425325322438e-10
57,10,7,82944,9.8265911337923571e-11,4.6979424309173869e-11
57,10,8,82944,-2.2710505864903605e-11,5.4518778912440065e-11
57,10,9,82944,-5.6533071605303792e-11,9.1262022239121857e-11
57,10,10,82944,1.1007829462203207e-11,2.0655483933192694e-12
57,10,11,82944,1.5244702928010809e-11,-5.6017096022910326e-11
57,10,12,82944,5.1747954852591669e-11,7.2751284825597238e-26
58,1,0,82944,1.7648594008121461e-07,0
58,1,1,82944,1.0295429809282257e-07,-4.4479906615651894e-11
58,1,2,82944,7.6308562566481736e-08,1.6765979993459054e-10
58,1,3,82944,6.0493118589658653e-08,2.5712426830786674e-10
58,1,4,82944,4.8329166202056681e-08,5.2207655365117332e-10
58,1,5,82944,3.8102744573649263e-08,7.8055044793404921e-10
58,1,6,82944,2.9771897871699586e-08,8.2445433440031562e-10
58,1,7,82944,2.316477637964842e-08,7.2122011798101253e-10
58,1,8,82944,1.7975410951082146e-08,6.8574129950010782e-10
58,1,9,82944,1.4068728267880897e-08,5.395162288349866e-10
58,1,10,82944,1.1337999261171484e-08,3.4420822003322947e-10
58,1,11,82944,9.7346898851165289e-09,1.9023742282774388e-10
58,1,12,82944,9.1634116683879657e-09,-5.6007020641611252e-25
58,2,0,82944,1.748549550111954e-07,0
58,2,1,82944,6.2292378240849975e-08,1.869867709548753e-10
58,2,2,82944,3.6640752469464395e-08,1.9898509345919146e-10
58,2,3,82944,2.5196067073373045e-08,1.2607678211890094e-10
58,2,4,82944,1.8108233151892175e-08,2.6304326787440695e-10
58,2,5,82944,1.2899147916684568e-08,2.8679129628093326e-10
58,2,6,82944,9.0978325846884975e-09,1.7589809304196335e-10
58,2,7,82944,6.4777777366701727e-09,2.3992655636355598e-10
58,2,8,82944,4.6590350644347965e-09,2.0332134753283822e-10
58,2,9,82944,3.3493681050852101e-09,2.279146485805325e-10
58,2,10,82944,2.4778087546295977e-09,1.8058754226641439e-10
58,2,11,82944,1.9732703720715828e-09,6.1635321624569753e-11
58,2,12,82944,1.7827677406068016e-09,-3.4979705319794781e-25
58,3,0,82944,1.7398024224220185e-07,0
58,3,1,82944,3.8236852062799565e-08,-1.0573948029441162e-10
58,3,2,82944,1.7726572658525354e-08,-5.6292232158226477e-11
58,3,3,82944,1.0699673963208522e-08,1.6105203949297322e-11
58,3,4,82944,6.6873356922185135e-09,2.1606445937793722e-10
58,3,5,82944,4.3535224377744935e-09,2.7899520270156546e-10
58,3,6,82944,2.8039160320698179e-09,1.1746924408409378e-10
58,3,7,82944,1.8097988951857765e-09,2.0902110967962581e-10
58,3,8,82944,1.2933490671999106e-09,2.6097606037844396e-10
58,3,9,82944,7.1230355855480943e-10,1.5280168420824563e-10
58,3,10,82944,5.4910803877604425e-10,1.1779564382860382e-10
58,3,11,82944,4.4094914856925258e-10,3.2591593859648966e-11
58,3,12,82944,3.7850689902019925e-10,1.140784026209742e-25
58,4,0,82944,1.7405705604780532e-07,0
58,4,1,82944,2.3518743577456435e-08,-1.8380258956680622e-10
58,4,2,82944,8.856645234558647e-09,1.432773204796032e-11
58,4,3,82944,4.6569360928086037e-09,1.7969211641892243e-11
58,4,4,82944,2.60950860653928e-09,2.7999498374294721e-11
58,4,5,82944,1.609015079536792e-09,2.2213856147584176e-10
58,4,6,82944,7.554929782526467e-10,6.1151848556687251e-11
58,4,7,82944,4.4059364598331884e-10,-5.6666651712605508e-11
58,4,8,82944,2.3452781086335785e-10,1.8188412312553351e-12
58,4,9,82944,1.7450220633064357e-10,5.4949716490550802e-11
58,4,10,82944,1.8326970642013734e-10,-9.4543710188681436e-11
58,4,11,82944,1.5631477526461247e-10,-1.8333752464413786e-12
58,4,12,82944,1.865591940841795e-10,-1.9766010489970353e-25
58,5,0,82944,1.7392608335256471e-07,0
58,5,1,82944,1.4368175113354159e-08,-1.7967990307427802e-10
58,5,2,82944,4.4255614318937189e-09,1.6534050102062561e-10
58,5,3,82944,2.0558882579758983e-09,1.0266436048056032e-11
58,5,4,82944,1.1305010359798185e-09,-4.0328982078581594e-11
58,5,5,82944,6.5840425386163192e-10,-3.8921872105809824e-11
58,5,6,82944,3.7678523160457064e-10,-1.96741947980504e-10
58,5,7,82944,1.300878255310911e-10,-8.9753697190538839e-11
58,5,8,82944,8.701361939432476e-12,-1.1264519490946261e-10
58,5,9,82944,2.0783620244926972e-11,8.4985410758615258e-11
58,5,10,82944,-7.2801624420403822e-11,3.5477298916801626e-11
58,5,11,82944,-9.2328321216885722e-11,-3.523622718111707e-13
58,5,12,82944,4.5126645841882364e-11,-1.352007084826075e-25
58,6,0,82944,1.7396110258092373e-07,0
58,6,1,82944,8.9611591292151567e-09,-9.5708012561237226e-12
58,6,2,82944,2.2911350978825174e-09,1.6474910694711279e-10
58,6,3,82944,8.0458852746847927e-10,7.1369970153946484e-11
58,6,4,82944,4.781606958133813e-10,-1.127518491034915e-10
58,6,5,82944,5.8402160934415967e-10,-7.507138844855892e-11
58,6,6,82944,1.2796209632455376e-10,1.4871322647114565e-10
58,6,7,82944,-5.6617235716856427e-12,-6.4624948231271575e-11
58,6,8,82944,-5.7233029219237891e-11,1.7263151640366654e-11
58,6,9,82944,-9.5033926806987439e-11,5.7396056324419262e-11
58,6,10,82944,-8.5312692812485274e-12,4.1632499140159154e-11
58,6,11,82944,-3.3197297595316203e-11,4.1593559279539318e-11
58,6,12,82944,5.1124552325563477e-12,3.4386076775690095e-26
58,7,0,82944,1.7472684625450531e-07,0
58,7,1,82944,5.5043021961447688e-09,-1.241640407681788e-10
58,7,2,82944,9.7432273962976079e-10,1.1992426051622839e-10
58,7,3,82944,4.1162967120466995e-10,1.0667356632966607e-10
58,7,4,82944,2.3502684543536399e-12,-2.9290163666190709e-11
58,7,5,82944,1.1465423297346679e-10,-1.9125323119442014e-10
58,7,6,82944,1.1876590356063537e-10,-2.4783270270210933e-11
58,7,7,82944,9.7754891614464641e-11,-2.4396961274921323e-11
58,7,8,82944,-9.2184724118541895e-11,1.4565054797740493e-10
58,7,9,82944,-2.7234486980290756e-11,3.4755080147304771e-11
58,7,10,82944,6.4558854775273638e-11,1.013906592069054e-11
58,7,11,82944,2.255221614016343e-11,-4.7185630143120804e-11
58,7,12,82944,1.6272529412692719e-12,-3.5522971425466395e-26
58,8,0,82944,1.7422962119949044e-07,0
58,8,1,82944,3.5384999612858431e-09,-2.0414259425954081e-10
58,8,2,82944,6.4830218850170176e-10,2.7233929800717895e-10
58,8,3,82944,4.6967099515699162e-10,2.4984828611187375e-11
58,8,4,82944,-7.3590104225477799e-11,-1.554872153503228e-10
58,8,5,82944,8.0290309453640898e-11,-3.1637535252488653e-10
58,8,6,82944,1.2770483468598744e-11,5.7636012459633602e-11
58,8,7,82944,-8.6945633747384263e-12,-8.7942039326323879e-12
58,8,8,82944,8.0921457557692159e-11,-5.3642609849253173e-11
58,8,9,82944,4.3431086111912287e-12,-1.0060750160169892e-11
58,8,10,82944,1.3122240586644757e-10,-1.1065474330485959e-10
58,8,11,82944,-6.4182891589611675e-12,-3.3793441773650049e-11
58,8,12,82944,8.3192558372851224e-11,3.7377904801417196e-26
58,9,0,82944,1.7364356176848587e-07,0
58,9,1,82944,2.2924386808029317e-09,1.6962305752812114e-10
58,9,2,82944,4.3024920633321741e-10,3.9329547259960486e-11
58,9,3,82944,1.0518791745670074e-10,2.9651998901918215e-11
58,9,4,82944,4.154246652977863e-11,-2.2920602787557933e-10
58,9,5,82944,2.4897301774798142e-11,-5.8289742135824626e-11
58,9,6,82944,4.1699289432318508e-11,7.5337602666878833e-11
58,9,7,82944,-2.6092508610282557e-11,-6.3104102179602285e-11
58,9,8,82944,-3.421883894759093e-11,-1.1916212075235586e-10
58,9,9,82944,5.6451531784353819e-12,-3.2093429634754679e-12
58,9,10,82944,-2.6125353454311552e-11,-5.6017625664303008e-11
58,9,11,82944,-1.860164443000655e-11,2.9996715173699854e-12
58,9,12,82944,-4.9229260678772675e-11,-4.9863800428784943e-27
58,10,0,82944,1.7461526466903589e-07,0
58,10,1,82944,1.3196997629175085e-09,-2.3065554755322059e-10
58,10,2,82944,2.9002901688000709e-10,-7.0765247406054634e-11
58,10,3,82944,7.8419893833312882e-13,1.8592722352506169e-10
58,10,4,82944,-2.5144900464048115e-10,-2.4591706399591758e-10
58,10,5,82944,4.5571959290297793e-11,-6.0526133666902472e-11
58,10,6,82944,7.4501626243010115e-12,6.6444144116928319e-11
58,10,7,82944,9.678151956884216e-11,8.8947485776449434e-11
58,10,8,82944,4.3797749909116748e-11,2.1941825924251657e-11
58,10,9,82944,-1.7679990568517003e-11,-1.553554261754415e-11
58,10,10,82944,-2.4619097477311138e-11,2.2139441308993655e-11
58,10,11,82944,-5.5802216372477075e-12,-4.5853599880283655e-11
58,10,12,82944,-7.7510173271010479e-11,2.268503736707142e-25
59,1,0,82944,1.7713609932187132e-07,0
59,1,1,82944,1.0266433759917815e-07,-2.3911101040389985e-10
59,1,2,82944,7.5417331778898956e-08,-3.4527648209758311e-10
59,1,3,82944,5.9305802966751107e-08,-5.357348482353249e-10
59,1,4,82944,4.6953247624368856e-08,-6.571302730397213e-10
59,1,5,82944,3.6818711352545632e-08,-7.328906243583856e-10
59,1,6,82944,2.8283477500667949e-08,-6.616246067229627e-10
59,1,7,82944,2.1399042938630649e-08,-5.56664982234254e-10
59,1,8,82944,1.6047104938012142e-08,-5.0807685942906571e-10
59,1,9,82944,1.2094727980493544e-08,-4.3226007045244382e-10
59,1,10,82944,9.2931499926160721e-09,-3.0637511141716658e-10
59,1,11,82944,7.7252955025052137e-09,-1.33960123842889e-10
59,1,12,82944,7.1705762127844038e-09,7.0257845485155842e-25
59,2,0,82944,1.7566509480220797e-07,0
59,2,1,82944,6.2504044057613238e-08,1.4863263149015164e-10
59,2,2,82944,3.6688878918543293e-08,2.1068699087330462e-10
59,2,3,82944,2.5059251067262999e-08,2.3769576809928644e-10
59,2,4,82944,1.7951686995115098e-08,2.6097675919411919e-10
59,2,5,82944,1.2822617841829604e-08,7.2066567639743598e-11
59,2,6,82944,8.9785491547146415e-09,2.119003160575067e-10
59,2,7,82944,6.1959922892365949e-09,1.2689483625214992e-10
59,2,8,82944,4.2544878651847121e-09,7.8407434123782702e-11
59,2,9,82944,2.8379212614506985e-09,3.6149264584677333e-11
59,2,10,82944,2.0604446562319591e-09,4.6037850390341358e-11
59,2,11,82944,1.5570593208047347e-09,-3.4592728363049905e-11
59,2,12,82944,1.3290068457906001e-09,3.5702481107010018e-25
59,3,0,82944,1.7451172340368018e-07,0
59,3,1,82944,3.8133773475433055e-08,-1.9585388676443191e-10
59,3,2,82944,1.7731184785178599e-08,-3.621282418190886e-10
59,3,3,82944,1.0647973731302361e-08,-2.3922327198140077e-11
59,3,4,82944,6.8503314101698348e-09,-9.0260488178060984e-11
59,3,5,82944,4.5156195780505871e-09,-9.7371763176004155e-11
59,3,6,82944,2.8234276174442507e-09,-2.1005225243473052e-11
59,3,7,82944,1.8516669853129404e-09,-1.7050345850035532e-10
59,3,8,82944,1.1385859498019902e-09,-7.3549387501337854e-11
59,3,9,82944,6.896751682863131e-10,7.7088640018172892e-11
59,3,10,82944,3.9273728912939375e-10,7.3717209870523923e-11
59,3,11,82944,3.6658217441178185e-10,1.5135960311745377e-10
59,3,12,82944,2.7715594501464428e-10,3.314546542102193e-25
59,4,0,82944,1.7459331903893956e-07,0
59,4,1,82944,2.3638916974924358e-08,-7.0196659687148309e-11
59,4,2,82944,9.1195726652177246e-09,-3.9469254908960925e-10
59,4,3,82944,4.6098507752547166e-09,-2.2461723966529424e-10
59,4,4,82944,2.9675311979704209e-09,8.7064097458997004e-11
59,4,5,82944,1.734305159225233e-09,-1.4746845501071429e-10
59,4,6,82944,8.8551710746306044e-10,1.3061427013782357e-10
59,4,7,82944,6.4293452652271612e-10,-7.9887311912424367e-11
59,4,8,82944,3.9488997131389264e-10,8.0431580537742253e-11
59,4,9,82944,2.7271987936797962e-10,3.5322461896404876e-11
59,4,10,82944,1.621464655920167e-10,3.4055089791089073e-11
59,4,11,82944,1.681070013519167e-10,-6.1121416680833758e-11
59,4,12,82944,1.6540866746006867e-10,1.5792862871804768e-25
59,5,0,82944,1.7489944619612687e-07,0
59,5,1,82944,1.4556668235185968e-08,-4.5574664632360529e-11
59,5,2,82944,4.2975275342488522e-09,-6.9302558268531674e-11
59,5,3,82944,1.884980625867308e-09,-6.9015206744865902e-11
59,5,4,82944,1.0817713354217992e-09,-2.7817669168070647e-10
59,5,5,82944,7.3317645730782426e-10,-1.8814108570422457e-10
59,5,6,82944,4.1470746187953226e-10,1.9207946810712901e-11
59,5,7,82944,1.1088557719111062e-10,7.6854833015217166e-11
59,5,8,82944,9.7619867668406812e-11,2.7187509897255401e-11
59,5,9,82944,5.3245761883248058e-11,-6.8437093800876819e-11
59,5,10,82944,3.0288430376170489e-11,-3.5501374527988026e-11
59,5,11,82944,4.8574670247110541e-11,-1.1560284303305085e-10
59,5,12,82944,-5.7058391841154029e-11,1.7703643704235808e-25
59,6,0,82944,1.7482211451901099e-07,0
59,6,1,82944,9.2586448640429531e-09,-2.456058600835575e-10
59,6,2,82944,2.1881283694609938e-09,-1.3429436309349204e-10
59,6,3,82944,7.6054537088352069e-10,1.1977614064350347e-10
59,6,4,82944,3.6012408247703073e-10,1.8218367021370973e-10
59,6,5,82944,3.7702610289582138e-10,1.0805862783391196e-10
59,6,6,82944,8.2306870039920874e-11,6.6563153014955366e-11
59,6,7,82944,-5.4865167499094593e-12,6.798769243533465e-11
59,6,8,82944,-8.725189347067414e-12,4.844805781258834e-11
59,6,9,82944,-1.064575544243718e-11,-5.7599427713540276e-12
59,6,10,82944,-8.6908006248720001e-11,5.2624061649006742e-11
59,6,11,82944,5.1625778609325175e-11,-1.0175205379947669e-10
59,6,12,82944,1.2131321494015433e-10,5.8440374102535958e-26
59,7,0,82944,1.7429280586918105e-07,0
59,7,1,82944,5.7566004028314697e-09,-3.1753975084445079e-10
59,7,2,82944,1.3005058197320633e-09,8.4073546657661454e-11
59,7,3,82944,4.0299457479280199e-10,2.5636637686184149e-10
59,7,4,82944,2.9568058625427079e-10,2.2536893050346899e-10
59,7,5,82944,-7.4602309168733505e-12,-1.1773021336276971e-11
59,7,6,82944,1.227749001937961e-10,-1.553743598625997e-11
59,7,7,82944,2.2613740177430113e-11,-5.0503451630740838e-11
59,7,8,82944,5.0536510240460922e-11,8.9811146887694355e-11
59,7,9,82944,-7.6106927253739229e-11,-2.3829809061004683e-11
59,7,10,82944,-1.6449996159959023e-11,6.4659307006218944e-11
59,7,11,82944,4.0501622671818434e-12,-1.6101896582789271e-11
59,7,12,82944,-8.239013523526837e-11,8.8558109561522063e-26
59,8,0,82944,1.7370135146144746e-07,0
59,8,1,82944,3.5354577856069302e-09,-3.526877645551062e-10
59,8,2,82944,5.5755696665407493e-10,1.6871955689084758e-11
59,8,3,82944,2.3903980325121739e-10,2.0360867679054894e-10
59,8,4,82944,2.4046184109717179e-10,1.9978444396636757e-10
59,8,5,82944,1.3489586432129604e-10,2.4478821691244519e-10
59,8,6,82944,-3.1466593817584096e-11,1.382388183774366e-10
59,8,7,82944,9.9111498564860195e-12,-8.7946917607960277e-11
59,8,8,82944,5.1398049478327939e-11,-7.9301644287539968e-11
59,8,9,82944,-1.5284076254776716e-11,5.6225573139972478e-11
59,8,10,82944,3.210160781023251e-11,-2.7944407400407788e-11
59,8,11,82944,4.806021991206085e-11,1.4415451478101014e-11
59,8,12,82944,-2.6438562239407532e-11,2.3677326995604241e-25
59,9,0,82944,1.74353523386774e-07,0
59,9,1,82944,2.3653190296361732e-09,-8.8944914851031575e-11
59,9,2,82944,4.9934903347711829e-10,3.2479006292230828e-11
59,9,3,82944,2.3584019533163562e-11,-4.7767135801117277e-11
59,9,4,82944,3.667774283166267e-11,-4.2812808970595472e-11
59,9,5,82944,5.4152613021783896e-11,-1.2467037841871869e-10
59,9,6,82944,2.8904915570022081e-12,1.2816746367018747e-10
59,9,7,82944,-7.8737845157484766e-11,-1.2715999965384567e-10
59,9,8,82944,-8.7948247423679215e-11,6.219705044457885e-11
59,9,9,82944,-3.7827859282101558e-11,8.5263439782287853e-11
59,9,10,82944,-1.2236460753733361e-10,-1.0965651227192646e-10
59,9,11,82944,4.2508165666566923e-12,1.2925061295087471e-11
59,9,12,82944,8.8697823253464882e-11,-5.5249090875093719e-27
59,10,0,82944,1.7396207830173029e-07,0
59,10,1,82944,1.5066895506878275e-09,-6.2840244489746601e-11
59,10,2,82944,2.8452000004025461e-10,1.3575598842791463e-10
59,10,3,82944,2.3971398227689672e-10,1.464721697155664e-11
59,10,4,82944,5.5633113589761469e-11,-8.1302652788169714e-11
59,10,5,82944,1.1798271403721063e-10,-1.2937386006893332e-10
59,10,6,82944,1.2638501777218768e-10,1.2741404081791217e-10
59,10,7,82944,1.1859262769711758e-10,-8.7197307871844872e-11
59,10,8,82944,1.517661857941212e-12,3.6082258702861988e-11
59,10,9,82944,1.0352810664468387e-10,-1.5483307747156875e-10
59,10,10,82944,7.8696093544038457e-11,4.9084452162716822e-11
59,10,11,82944,8.9040475940519162e-11,-3.6678306393282383e-11
59,10,12,82944,-1.9051127470673352e-10,-1.1473660478663416e-26
60,1,0,82944,1.7648433407843012e-07,0
60,1,1,82944,1.0201313926217248e-07,-1.4413744053412826e-10
60,1,2,82944,7.445175085455422e-08,-2.0099637802230071e-10
60,1,3,82944,5.8209137948056472e-08,-1.8863833878231311e-10
60,1,4,82944,4.5737117050060146e-08,-2.8733218138964577e-10
60,1,5,82944,3.5463121921016464e-08,-3.0344734644177553e-10
60,1,6,82944,2.7122505495632387e-08,-2.6576271506039625e-10
60,1,7,82944,2.0493123319075905e-08,-2.8889956912389269e-10
60,1,8,82944,1.533875862090727e-08,-2.0046439548562578e-10
60,1,9,82944,1.1575096307877408e-08,-1.56651781737465e-10
60,1,10,82944,8.9357107151383732e-09,-1.1822908333342248e-10
60,1,11,82944,7.45354825124796e-09,-2.6013353720982262e-12
60,1,12,82944,6.9439474523535255e-09,-1.3076283024444563e-25
60,2,0,82944,1.7591512141296031e-07,0
60,2,1,82944,6.2567408035944364e-08,-1.0330692625267006e-10
60,2,2,82944,3.6632328057774621e-08,-2.0282958808617615e-10
60,2,3,82944,2.4975494411269968e-08,-3.6025204828868765e-10
60,2,4,82944,1.7825893952641593e-08,-3.9865932898444158e-10
60,2,5,82944,1.2563567207206045e-08,-4.1040676641415521e-10
60,2,6,82944,8.800678680458628e-09,-5.6216358324066521e-10
60,2,7,82944,6.0985321546208719e-09,-3.8420388466776303e-10
60,2,8,82944,4.1237271605120843e-09,-2.5545416937300624e-10
60,2,9,82944,2.8203117365073023e-09,-2.1673821117239165e-10
60,2,10,82944,1.8644112878224916e-09,-1.6977382119117695e-10
60,2,11,82944,1.3550942702581504e-09,-4.9121763054756956e-11
60,2,12,82944,1.2247163228607026e-09,-5.7303479452759652e-26
60,3,0,82944,1.7557730602401202e-07,0
60,3,1,82944,3.863410048632748e-08,-1.3699214686163984e-10
60,3,2,82944,1.8106256147726694e-08,-1.150950915677462e-10
60,3,3,82944,1.090361300407385e-08,-1.9368788457391298e-10
60,3,4,82944,7.0305553551524906e-09,-2.8620282104027139e-10
60,3,5,82944,4.4845108265208643e-09,-1.0406600279380045e-10
60,3,6,82944,2.8121415073191263e-09,-2.1560886800945091e-10
60,3,7,82944,1.754020825952285e-09,-1.9200831003792772e-10
60,3,8,82944,1.0070964919482891e-09,1.0574022965232149e-11
60,3,9,82944,6.3360761010128677e-10,-1.9216483979933337e-11
60,3,10,82944,3.9265550633099885e-10,3.8758794699927838e-11
60,3,11,82944,3.1169113168379583e-10,7.0123237106799638e-12
60,3,12,82944,2.6634913001154275e-10,2.6138604184769068e-25
60,4,0,82944,1.7485617068406224e-07,0
60,4,1,82944,2.3859146014115975e-08,-2.0003552931085255e-11
60,4,2,82944,8.6625734598434212e-09,-1.4450125078565292e-11
60,4,3,82944,4.630458440067717e-09,1.3466609831598997e-10
60,4,4,82944,2.6029038899471021e-09,-7.9451614233582191e-11
60,4,5,82944,1.4124897190110389e-09,1.7415479339608213e-10
60,4,6,82944,8.6371107393169762e-10,1.2757164474014681e-10
60,4,7,82944,5.8851023118957553e-10,-2.8304974136946436e-11
60,4,8,82944,1.3831755010599134e-10,-3.959973123031448e-11
60,4,9,82944,2.4374489505343966e-10,2.3243822658197043e-12
60,4,10,82944,9.4725642256561632e-11,-3.8995694558949867e-11
60,4,11,82944,1.0854337667980986e-10,5.8219354628536945e-11
60,4,12,82944,7.6229533953235364e-11,-3.619812728327214e-25
60,5,0,82944,1.744211459545427e-07,0
60,5,1,82944,1.5035120498564804e-08,-2.1573000457093237e-11
60,5,2,82944,4.5608512037520557e-09,1.6149628413121791e-11
60,5,3,82944,2.0576219132159651e-09,6.4971558909616532e-11
60,5,4,82944,1.1512923584016693e-09,-1.928207429243919e-10
60,5,5,82944,5.0765196992606772e-10,1.8309891739394711e-11
60,5,6,82944,3.5053756867725072e-10,1.6363138857667605e-10
60,5,7,82944,2.1673976370960593e-10,1.0353792260065476e-10
60,5,8,82944,3.004622982006862e-11,-4.1954526072889265e-11
60,5,9,82944,9.3609887956335294e-11,-6.8163955691103821e-11
60,5,10,82944,3.2383992444639228e-11,-4.9103301991776697e-11
60,5,11,82944,5.1318017890923282e-11,-9.8845426120646563e-11
60,5,12,82944,1.1474907812969083e-10,-3.5742372147353046e-26
60,6,0,82944,1.7425139566226528e-07,0
60,6,1,82944,8.9525552692426154e-09,1.6559107629052917e-10
60,6,2,82944,2.1568023038712149e-09,1.6715957229086176e-10
60,6,3,82944,6.927095287343248e-10,4.3834734882078778e-11
60,6,4,82944,5.7890583123716612e-10,-1.9109811632233343e-10
60,6,5,82944,3.0079253820414027e-10,1.6008449940343234e-10
60,6,6,82944,1.9461863587748283e-10,8.6227682297461931e-11
60,6,7,82944,5.8630422596840662e-11,1.3386791726770158e-10
60,6,8,82944,6.2460348455105872e-11,4.9348104992786547e-11
60,6,9,82944,4.595606573740109e-11,1.903279029888961e-11
60,6,10,82944,-1.9743792928892714e-11,-5.809816130600433e-11
60,6,11,82944,6.1133339961423103e-11,-1.3982501844740755e-12
60,6,12,82944,-2.9576426199365916e-11,-9.2048575591537009e-26
60,7,0,82944,1.7455494717090524e-07,0
60,7,1,82944,5.8037133222969452e-09,1.7463262479082585e-10
60,7,2,82944,9.0833119586816571e-10,6.3675821802372049e-11
60,7,3,82944,4.5993158581080224e-10,-9.0444061385118838e-11
60,7,4,82944,1.0426269734986795e-10,-1.1789386816017957e-10
60,7,5,82944,1.3985519666763287e-10,-5.5953146868345777e-11
60,7,6,82944,1.1706663962176014e-11,-5.4513767762195447e-11
60,7,7,82944,4.2203141754533841e-11,-1.1022515083011113e-10
60,7,8,82944,8.5102148597665724e-11,-4.3407605967587531e-11
60,7,9,82944,7.7346945401693407e-12,1.8904295524955211e-11
60,7,10,82944,-5.7629826650198453e-11,-5.5846047656347667e-12
60,7,11,82944,-1.8999214876892171e-11,-6.2064125648141905e-11
60,7,12,82944,-3.8879084912322152e-11,-1.2489884731402053e-25
60,8,0,82944,1.7495952531274423e-07,0
60,8,1,82944,3.6945282857403004e-09,4.486348982870132e-12
60,8,2,82944,4.2440443470929747e-10,5.7235687244703988e-14
60,8,3,82944,3.2388776514996436e-10,-1.1462671710741626e-10
60,8,4,82944,2.4477522647125549e-11,-1.3900830101744276e-11
60,8,5,82944,-8.6508044051304199e-11,4.5726235086991242e-11
60,8,6,82944,1.0545830390033455e-11,-4.1137926012666531e-11
60,8,7,82944,-2.1296757911773348e-11,-1.6010122331064801e-11
60,8,8,82944,-8.4523781130757416e-11,5.8070811433213269e-11
60,8,9,82944,-2.8045308450333051e-11,-1.7675137333678815e-11
60,8,10,82944,-8.7412997336298931e-12,1.4897047877478696e-11
60,8,11,82944,-3.4724280734355981e-11,-1.3733569474296851e-12
60,8,12,82944,5.0738025814893427e-11,1.0826428349097786e-25
60,9,0,82944,1.7400458793703193e-07,0
60,9,1,82944,2.1933686485318709e-09,7.6289538697626445e-12
60,9,2,82944,3.2429540434793074e-10,2.3198389719371236e-10
60,9,3,82944,1.8380393570571938e-10,-5.9002528671666575e-11
60,9,4,82944,3.5166066882150413e-11,-7.363095787438702e-11
60,9,5,82944,-1.6802962098376024e-10,7.8131076377034125e-11
60,9,6,82944,1.0581367244228618e-10,4.3186677170628079e-12
60,9,7,82944,9.5737948867226276e-11,-1.1281710513413891e-10
60,9,8,82944,-3.4792435015868867e-12,8.4265926662834944e-11
60,9,9,82944,-3.3819094988989005e-11,-6.2899117116637053e-11
60,9,10,82944,3.1896153484667501e-12,8.4750488177340598e-11
60,9,11,82944,-8.0628850359828328e-11,1.5688139804673214e-11
60,9,12,82944,6.9812773040762821e-11,-2.8119194337800407e-25
60,10,0,82944,1.7515548739778534e-07,0
60,10,1,82944,1.5596283511536024e-09,5.6655269847776693e-13
60,10,2,82944,7.9132642431252489e-11,3.3035756831340899e-10
60,10,3,82944,-1.2267964472583019e-10,-8.2795858300378905e-11
60,10,4,82944,-1.3219138368007914e-10,6.3424557544264939e-11
60,10,5,82944,1.6508650972941775e-11,4.3441316866752078e-11
60,10,6,82944,6.0180003130447482e-11,8.2677278705177997e-11
60,10,7,82944,1.1966241933083377e-13,-2.7665594234802748e-11
60,10,8,82944,7.2759408716077316e-11,-4.8464397394030734e-11
60,10,9,82944,8.6247857424103439e-13,2.4707613322425758e-11
60,10,10,82944,-3.4678486228141337e-12,1.13553055697015e-12
60,10,11,82944,2.1402025224847385e-11,-3.0241984580770525e-11
60,10,12,82944,5.676880406170968e-11,-1.4921243640309607e-25
61,1,0,82944,1.7631943206115158e-07,0
61,1,1,82944,1.0215047330556135e-07,1.1589682114949465e-10
61,1,2,82944,7.471179975971097e-08,1.4657452210914134e-10
61,1,3,82944,5.8270243358924275e-08,2.224890534032835e-10
61,1,4,82944,4.5816338945452121e-08,2.753125124958056e-10
61,1,5,82944,3.5409734997295969e-08,2.6837592693370374e-10
61,1,6,82944,2.6822679443954854e-08,3.1219120831369554e-10
61,1,7,82944,2.0082040276979109e-08,2.5976989696626345e-10
61,1,8,82944,1.4999840932676615e-08,2.3540690879163332e-10
61,1,9,82944,1.1116161394269735e-08,1.4954611086102094e-10
61,1,10,82944,8.4971447173832069e-09,1.1292037568019541e-10
61,1,11,82944,6.9970298954428587e-09,9.3863189811361958e-11
61,1,12,82944,6.5076190010956739e-09,-7.4606218201548033e-26
61,2,0,82944,1.7544800946129438e-07,0
61,2,1,82944,6.2466047980730067e-08,4.0303742163452035e-12
61,2,2,82944,3.6181375821840006e-08,1.600564037926753e-10
61,2,3,82944,2.4504144153195939e-08,9.56299353082227e-11
61,2,4,82944,1.7020879153901699e-08,1.5230236752018983e-10
61,2,5,82944,1.2005473270502269e-08,1.7059495143158213e-10
61,2,6,82944,8.4493288507698883e-09,1.9149498994948085e-10
61,2,7,82944,5.7058204135523127e-09,2.4154696155493769e-10
61,2,8,82944,3.872309133133851e-09,1.3211249811712446e-10
61,2,9,82944,2.6500755372679101e-09,1.5521999252822392e-10
61,2,10,82944,1.8953127588029622e-09,1.8676569162481371e-10
61,2,11,82944,1.39482625302774e-09,5.6274601973537074e-11
61,2,12,82944,1.2784333013460244e-09,-1.1296643987141229e-24
61,3,0,82944,1.7491119464701841e-07,0
61,3,1,82944,3.8381504260892778e-08,3.9278697988037169e-12
61,3,2,82944,1.798239283606011e-08,2.9769896229361942e-11
61,3,3,82944,1.058583060490061e-08,2.0410701987317777e-10
61,3,4,82944,6.5727157668805592e-09,3.1282083853649062e-10
61,3,5,82944,4.261829211118605e-09,1.5891442569260519e-10
61,3,6,82944,2.6375121309165981e-09,3.713069263072599e-11
61,3,7,82944,1.7177736172690991e-09,1.6822447030707353e-10
61,3,8,82944,1.006875912600443e-09,8.9503748333402506e-11
61,3,9,82944,5.9262487294297684e-10,4.2231545875762467e-11
61,3,10,82944,4.3397031979535813e-10,7.493672369368827e-11
61,3,11,82944,2.4232058078119738e-10,3.5050017360541903e-11
61,3,12,82944,1.5224164307147508e-10,-1.268535082908289e-26
61,4,0,82944,1.7351802746921676e-07,0
61,4,1,82944,2.3816270018491728e-08,-1.7065116016146878e-10
61,4,2,82944,8.7491686091846349e-09,-2.2374721698885818e-10
61,4,3,82944,4.5234372912640014e-09,2.2911056938299986e-10
61,4,4,82944,2.7815108879444747e-09,2.1626090224757201e-10
61,4,5,82944,1.4910214872140504e-09,1.6093111888941669e-10
61,4,6,82944,8.5176822296747579e-10,-1.0664634536587317e-10
61,4,7,82944,5.4430458154606478e-10,9.0165495396060846e-13
61,4,8,82944,2.796276650828977e-10,-2.7687809503599705e-11
61,4,9,82944,1.0294256842151468e-10,5.6818569716857794e-11
61,4,10,82944,1.4537904988592618e-10,6.0446191100197603e-11
61,4,11,82944,1.055382205646905e-10,-7.4389277415634771e-12
61,4,12,82944,2.6749820092087191e-11,-1.8708897920880111e-26
61,5,0,82944,1.7474556232327261e-07,0
61,5,1,82944,1.4958066012891029e-08,-1.674492807397933e-10
61,5,2,82944,4.4506823686544979e-09,7.505848857618769e-11
61,5,3,82944,1.9528609929560059e-09,2.1564649799267561e-11
61,5,4,82944,1.1941943028169738e-09,-1.6286015446782712e-11
61,5,5,82944,5.6796961963834373e-10,5.979198028541774e-11
61,5,6,82944,4.516335278816489e-10,-8.36552136585792e-11
61,5,7,82944,8.4730047985003477e-11,-2.5683191067330083e-10
61,5,8,82944,-3.377486628749854e-11,-1.0759765728108998e-10
61,5,9,82944,5.6144847884224599e-12,-2.580123636940952e-11
61,5,10,82944,8.9923017084407333e-11,-6.9255202199571021e-11
61,5,11,82944,-3.1142625989415674e-11,-3.1039441938477703e-11
61,5,12,82944,-1.5477933270618524e-12,-1.7033474226472937e-25
61,6,0,82944,1.7466464800707892e-07,0
61,6,1,82944,9.597042822607753e-09,-1.4927029407634194e-10
61,6,2,82944,2.4719254849011364e-09,5.2353197057097331e-13
61,6,3,82944,8.1621393782551618e-10,-2.2610839321323618e-10
61,6,4,82944,5.8541255843463098e-10,-7.2543162314669501e-11
61,6,5,82944,1.2749108835866595e-10,-2.1953772247718071e-11
61,6,6,82944,1.1869453656285958e-10,-9.9206103496941127e-11
61,6,7,82944,1.2915768496969554e-10,-2.10597182275837e-12
61,6,8,82944,-4.1145588624664551e-12,-1.4732375456990547e-10
61,6,9,82944,3.2027589742511874e-11,4.7709241049584803e-11
61,6,10,82944,1.1107929925798344e-10,4.7931995233975322e-12
61,6,11,82944,-1.3064729116939752e-11,1.4966931642165073e-11
61,6,12,82944,-8.9195812690666975e-11,1.4834480627563521e-25
61,7,0,82944,1.7414239381687833e-07,0
61,7,1,82944,5.9992550850206673e-09,3.3080918445038547e-11
61,7,2,82944,1.2657127185033499e-09,1.8745697265503815e-10
61,7,3,82944,5.0577495564178488e-10,3.9700663594928043e-11
61,7,4,82944,2.4804833973728127e-10,1.8728120464930746e-10
61,7,5,82944,1.1417467213639314e-10,5.9800523873832964e-12
61,7,6,82944,9.8839382589399038e-11,-4.2718843732879586e-11
61,7,7,82944,1.1584255046689426e-10,5.7829874686329785e-11
61,7,8,82944,-1.3728455425561356e-10,6.591573952159226e-11
61,7,9,82944,-5.0417591623153649e-11,-1.3206168611637189e-11
61,7,10,82944,-4.9961129173402376e-11,-3.6450898001928722e-11
61,7,11,82944,-3.1402156135148672e-11,-4.5851903037597551e-11
61,7,12,82944,7.4428612031367253e-11,-8.4489223446533211e-26
61,8,0,82944,1.7388854338818709e-07,0
61,8,1,82944,3.4942267527354694e-09,1.6269009898508177e-13
61,8,2,82944,4.5275783286533591e-10,3.788677399524376e-11
61,8,3,82944,3.0990972048056879e-10,5.7379870477757959e-11
61,8,4,82944,1.3689640371075645e-10,3.2540052069837672e-11
61,8,5,82944,2.0321841264577886e-10,1.2452797488945993e-10
61,8,6,82944,8.1995219921065574e-11,1.4898046639712635e-10
61,8,7,82944,8.6200477506287792e-11,-5.7045440162255158e-11
61,8,8,82944,-4.9808997269726174e-14,-4.1330899832031002e-11
61,8,9,82944,7.1024328466193909e-11,4.8969912432400194e-11
61,8,10,82944,-3.1044654752288929e-11,5.9461686626795514e-12
61,8,11,82944,-1.0416908198530105e-11,5.7766528001463066e-11
61,8,12,82944,1.2508282062600379e-10,-1.4016714300531447e-25
61,9,0,82944,1.74923341085502e-07,0
61,9,1,82944,2.1563339573007988e-09,6.3242823359890905e-11
61,9,2,82944,3.8278721735396342e-10,2.6358129287195008e-11
61,9,3,82944,8.652566522997938e-11,8.9350927557137322e-11
61,9,4,82944,-1.1202259267722251e-10,1.3093715690402585e-10
61,9,5,82944,-4.5219117225959352e-11,1.8999322494713864e-10
61,9,6,82944,1.4709185052792383e-10,-5.4377689702748164e-11
61,9,7,82944,1.5193820397901354e-10,-1.0411541370798362e-10
61,9,8,82944,-3.6811486556532992e-12,8.2848918977014893e-11
61,9,9,82944,1.6173765112724219e-10,8.6176025257106171e-11
61,9,10,82944,2.4297962411907087e-11,1.236913555086374e-11
61,9,11,82944,4.8628434624629082e-11,3.2389146454205174e-11
61,9,12,82944,7.2234324788678606e-11,2.2626198082565458e-25
61,10,0,82944,1.7518497103567098e-07,0
61,10,1,82944,1.3728689917467886e-09,-2.7674824816788141e-11
61,10,2,82944,2.063481520883018e-10,-2.4308150282131591e-10
61,10,3,82944,7.1012689493390858e-12,-2.5024861884284499e-11
61,10,4,82944,-4.576919060561713e-11,1.2048751982932736e-10
61,10,5,82944,-4.1435852191004531e-11,1.5529130468014312e-10
61,10,6,82944,5.6909142547949922e-11,1.2144490074435402e-10
61,10,7,82944,2.7521147237360639e-11,1.2139610969196897e-11
61,10,8,82944,5.8075849006702334e-12,-1.9830773539354492e-11
61,10,9,82944,1.3809963023325409e-11,-1.9497695573925989e-11
61,10,10,82944,-8.0767056386952266e-13,-7.8851574724591704e-11
61,10,11,82944,9.6372517441129767e-12,-4.1841625285469163e-11
61,10,12,82944,6.8606581818439071e-12,-2.6922463127509567e-25
62,1,0,82944,1.7717234883641302e-07,0
62,1,1,82944,1.0265824819687418e-07,-2.6101746178610794e-10
62,1,2,82944,7.4864392066374104e-08,-2.9682104194626349e-10
62,1,3,82944,5.8002685788193865e-08,-3.1950180988467854e-10
62,1,4,82944,4.5076519046199033e-08,-2.1010452176333868e-10
62,1,5,82944,3.4562116979177352e-08,-1.5005256038309822e-10
62,1,6,82944,2.6157071946174448e-08,-2.2945079391833905e-10
62,1,7,82944,1.9443753596907208e-08,-7.8491053324843312e-11
62,1,8,82944,1.4216385852676518e-08,-6.4873998496916512e-11
62,1,9,82944,1.0389494599214485e-08,-5.138762929330906e-11
62,1,10,82944,7.6838274791441124e-09,-7.8047877834621374e-11
62,1,11,82944,6.1369887887813071e-09,-3.9759994518869825e-11
62,1,12,82944,5.5959228542640386e-09,5.3338310042662679e-25
62,2,0,82944,1.7573407892544604e-07,0
62,2,1,82944,6.219016568083597e-08,-4.6539046898764073e-11
62,2,2,82944,3.6177249001687035e-08,1.0467769954710436e-10
62,2,3,82944,2.4281794128575471e-08,3.1488161512056862e-10
62,2,4,82944,1.7030669437222008e-08,4.3138804129073108e-10
62,2,5,82944,1.1834646317348639e-08,4.7180584127550302e-10
62,2,6,82944,8.1454261767377701e-09,3.3349280942731423e-10
62,2,7,82944,5.4632705407351785e-09,1.8462569223002805e-10
62,2,8,82944,3.7014899257754324e-09,1.3424475431459587e-10
62,2,9,82944,2.4359384180142257e-09,6.6598492803581554e-11
62,2,10,82944,1.6890285890669546e-09,-4.2112736675963712e-11
62,2,11,82944,1.179220305502182e-09,1.5161478696543122e-11
62,2,12,82944,1.1573449696949962e-09,8.7624659217495198e-25
62,3,0,82944,1.750085113252332e-07,0
62,3,1,82944,3.8411428326892265e-08,6.755325412137236e-11
62,3,2,82944,1.7920098520627864e-08,3.147171835221618e-10
62,3,3,82944,1.0660664952021406e-08,2.2545861797639796e-10
62,3,4,82944,6.8133423018969479e-09,-8.0954598346216478e-11
62,3,5,82944,4.5447908210805488e-09,2.3369882428627421e-10
62,3,6,82944,2.7076557883273798e-09,8.8215115949404843e-11
62,3,7,82944,1.7373276759139131e-09,6.2244735594525916e-11
62,3,8,82944,1.2058108462267051e-09,6.1682135089580014e-11
62,3,9,82944,7.3960932413737644e-10,-4.0880938861909697e-11
62,3,10,82944,4.9296184049710065e-10,-9.1689757167461882e-12
62,3,11,82944,4.0244349529104088e-10,7.5175657312375762e-11
62,3,12,82944,4.3445284560172312e-10,1.7572003271103814e-25
62,4,0,82944,1.751059839714205e-07,0
62,4,1,82944,2.3854560094211812e-08,-8.3171721047804215e-12
62,4,2,82944,9.022096488982433e-09,5.3170593135920763e-11
62,4,3,82944,4.3703212906845246e-09,-7.7414483724076508e-11
62,4,4,82944,2.5258570997723253e-09,-1.6956254231670596e-10
62,4,5,82944,1.686054896202648e-09,1.6500090028046347e-10
62,4,6,82944,8.5393599407969229e-10,1.8497534386510873e-10
62,4,7,82944,3.6628365072900748e-10,2.1901488116889694e-10
62,4,8,82944,3.5901515586571021e-10,7.0630531588250173e-11
62,4,9,82944,1.24811007080137e-10,9.4802953604257767e-11
62,4,10,82944,8.315220027888306e-11,4.0742126794008375e-11
62,4,11,82944,6.6927622579089171e-11,8.2453374605167772e-11
62,4,12,82944,1.5377539556262261e-10,2.05478748806937e-25
62,5,0,82944,1.7474570588195808e-07,0
62,5,1,82944,1.4713508947345199e-08,2.1729176573861153e-10
62,5,2,82944,4.4542198347704397e-09,-9.9675922569744684e-11
62,5,3,82944,1.8432570160650115e-09,-1.5625391571018447e-10
62,5,4,82944,1.042462477489267e-09,1.1216627076377968e-10
62,5,5,82944,7.4397355301223916e-10,9.4397511551297315e-11
62,5,6,82944,3.0945986416735152e-10,1.0180987228918508e-10
62,5,7,82944,2.0832766387427024e-10,1.6124307744065035e-10
62,5,8,82944,-1.1373188236041854e-11,-6.5234008431354435e-13
62,5,9,82944,6.6660428446608197e-11,-1.9506768598836371e-11
62,5,10,82944,9.6400669273342069e-11,4.5883110476487271e-11
62,5,11,82944,-4.2862658765023538e-11,5.7518072481605074e-11
62,5,12,82944,-7.7733529336897636e-11,5.9657050832998303e-26
62,6,0,82944,1.7443248497386861e-07,0
62,6,1,82944,8.8682033150763484e-09,3.4815467285999734e-10
62,6,2,82944,2.2529335821089051e-09,3.0305828398445662e-11
62,6,3,82944,8.6822334393518822e-10,-2.1109680257754893e-10
62,6,4,82944,4.1133946907075581e-10,-5.5135258410357315e-11
62,6,5,82944,3.162426132846827e-10,2.2335869787760798e-10
62,6,6,82944,1.1255782608580586e-10,1.3437400515777553e-10
62,6,7,82944,-1.2523794867754357e-11,1.2689379849288453e-10
62,6,8,82944,-3.1399744420854196e-11,3.9810120921370075e-12
62,6,9,82944,7.3009737589550931e-11,-9.8123925557562608e-11
62,6,10,82944,3.7677764480218368e-11,4.722415960799261e-11
62,6,11,82944,-1.8252267665308787e-11,1.3820528058101736e-11
62,6,12,82944,7.8001012100789067e-11,-1.282895857431779e-25
62,7,0,82944,1.7367847145564853e-07,0
62,7,1,82944,5.7126623154817137e-09,1.2691739554429923e-10
62,7,2,82944,1.215515447731101e-09,2.6941651700843361e-14
62,7,3,82944,2.4441098742928323e-10,2.6977778282816009e-10
62,7,4,82944,2.4549472084314306e-10,-2.916749211878083e-11
62,7,5,82944,6.3470412134226152e-11,-2.5560714290870161e-11
62,7,6,82944,1.7078045160910524e-11,-1.9709338296498805e-11
62,7,7,82944,1.2477109962617784e-10,7.7643850582529825e-11
62,7,8,82944,4.3112313179113403e-11,1.4186697905569367e-10
62,7,9,82944,-7.9174014837120648e-11,4.8421460052374403e-11
62,7,10,82944,-1.8183622745499994e-12,5.1238043604335031e-11
62,7,11,82944,7.2233220164803801e-12,-4.2145251274569088e-11
62,7,12,82944,3.2322113973355934e-11,8.7850043595433316e-26
62,8,0,82944,1.7490494098014347e-07,0
62,8,1,82944,3.6026119526259395e-09,2.88640310056018e-10
62,8,2,82944,5.8626828249296703e-10,8.4829677066719232e-11
62,8,3,82944,8.8600365737284285e-11,2.2431344079880358e-10
62,8,4,82944,-1.2494123377925501e-12,9.8368718328328201e-11
62,8,5,82944,-2.328247812256578e-11,-1.5919254416523637e-10
62,8,6,82944,-1.7236069057339841e-10,-8.5144254202869951e-11
62,8,7,82944,7.5522598574099678e-11,3.5147255242765826e-12
62,8,8,82944,5.9003168340633477e-11,3.2451046965880537e-11
62,8,9,82944,8.8822943173114303e-12,1.0912399981253548e-10
62,8,10,82944,4.4011192800484452e-11,3.7517023290100458e-11
62,8,11,82944,3.5778842332044161e-11,-1.2497129731955021e-10
62,8,12,82944,1.7218078317723513e-11,-7.9502843403654709e-26
62,9,0,82944,1.7479619524944979e-07,0
62,9,1,82944,2.0542286428651415e-09,1.6523814954222951e-10
62,9,2,82944,3.917947070470761e-10,5.3577144037272051e-12
62,9,3,82944,8.2679106563496765e-11,3.3785208541252615e-10
62,9,4,82944,3.8869884283364692e-11,1.65460586750833e-11
62,9,5,82944,-1.3969239077511614e-10,1.3438617736351773e-10
62,9,6,82944,-7.2146756834877146e-11,-4.1247404266048589e-11
62,9,7,82944,2.5538559675629082e-10,-8.0878626751756324e-11
62,9,8,82944,6.6356336445758348e-11,-6.3909835874381623e-11
62,9,9,82944,-8.9150558640770669e-12,2.6948410391185381e-12
62,9,10,82944,1.167700335370796e-10,-3.7003104716123192e-11
62,9,11,82944,-3.5706274554289902e-12,1.1086452261286942e-11
62,9,12,82944,-5.4707760380610018e-11,-5.8998848667338346e-26
62,10,0,82944,1.7467181225930934e-07,0
62,10,1,82944,1.4244141269952822e-09,3.4179052565862419e-10
62,10,2,82944,1.9865375801569382e-11,-1.3389465882251545e-10
62,10,3,82944,3.9779671407994211e-11,1.3491450734029564e-10
62,10,4,82944,4.9168359771670279e-11,2.6260413145904072e-11
62,10,5,82944,-1.171310818877868e-10,6.6983278174205196e-11
62,10,6,82944,-9.554809208953706e-11,-4.1535990313796515e-11
62,10,7,82944,1.3380523303691044e-10,1.3388062811651507e-10
62,10,8,82944,9.7045883175077428e-11,3.2636590234378369e-11
62,10,9,82944,-1.758929585178597e-11,-5.6906533368971489e-11
62,10,10,82944,-1.2740696283074234e-11,-5.5605381176681693e-11
62,10,11,82944,-3.8456310019384872e-11,-8.6882137332570809e-11
62,10,12,82944,1.660243276946229e-11,-1.0976019750384141e-25
63,1,0,82944,1.7611999679782118e-07,0
63,1,1,82944,1.0228743202360865e-07,-3.0056911218176966e-10
63,1,2,82944,7.5368041255746067e-08,-5.0110093939689662e-10
63,1,3,82944,5.9082678239504638e-08,-6.2547620516066024e-10
63,1,4,82944,4.6692641132784804e-08,-6.6461561430295334e-10
63,1,5,82944,3.6562982853852101e-08,-5.4810871754538213e-10
63,1,6,82944,2.8203504456740083e-08,-6.2139677535604351e-10
63,1,7,82944,2.1289716796045646e-08,-4.2571766253439203e-10
63,1,8,82944,1.5939489013426966e-08,-2.991178311278558e-10
63,1,9,82944,1.1995159303029778e-08,-1.5370775208164138e-10
63,1,10,82944,9.3723871657591585e-09,-5.077906437463991e-11
63,1,11,82944,7.7513067632662734e-09,1.0456873815593473e-11
63,1,12,82944,7.2142629405307345e-09,-2.6008958303654225e-25
63,2,0,82944,1.7527541611562951e-07,0
63,2,1,82944,6.2651994474723614e-08,-8.0361966326099289e-11
63,2,2,82944,3.6567452731600903e-08,1.6806022986711333e-10
63,2,3,82944,2.4838011851188151e-08,3.6626076866049142e-11
63,2,4,82944,1.7485288567577187e-08,-1.3754745601279688e-10
63,2,5,82944,1.2316703100307538e-08,-9.4108805064540768e-11
63,2,6,82944,8.8097170178979914e-09,-7.7472279947030471e-11
63,2,7,82944,6.193510547531489e-09,-3.2918766659709677e-11
63,2,8,82944,4.2970427172996925e-09,5.142772751325831e-11
63,2,9,82944,2.8889312304123931e-09,4.2930567183428676e-11
63,2,10,82944,1.9695709447466253e-09,4.8326247855751245e-11
63,2,11,82944,1.4850725522293433e-09,-1.2031013664335019e-11
63,2,12,82944,1.3264925480095322e-09,2.1631913902015485e-25
63,3,0,82944,1.7427565279329739e-07,0
63,3,1,82944,3.8357361822533654e-08,1.7059676628293784e-10
63,3,2,82944,1.7568662807580139e-08,3.4866890186742114e-10
63,3,3,82944,1.0569405614810724e-08,2.3485999503621105e-10
63,3,4,82944,6.6612834514207855e-09,1.361448725338832e-10
63,3,5,82944,4.2669511269524407e-09,9.3423591579826436e-12
63,3,6,82944,2.776965443937013e-09,6.4998250302118522e-11
63,3,7,82944,1.5386872176391273e-09,1.37432763221159e-10
63,3,8,82944,9.1660826461267684e-10,4.5083770958191074e-11
63,3,9,82944,5.7236057895857338e-10,1.7692149312599928e-11
63,3,10,82944,3.7204859802057571e-10,8.690163509914778e-11
63,3,11,82944,2.6106889195413182e-10,3.8722655763018142e-11
63,3,12,82944,2.0441057990916933e-10,-3.7058776478672971e-26
63,4,0,82944,1.7389792685764514e-07,0
63,4,1,82944,2.357960607540157e-08,-4.4193817325862598e-11
63,4,2,82944,8.3886450950858036e-09,1.8255143040896892e-10
63,4,3,82944,4.3428177527661402e-09,1.5552462156812816e-10
63,4,4,82944,2.4219831772879908e-09,3.0748579083916269e-11
63,4,5,82944,1.3677617284152885e-09,1.4228645969886038e-10
63,4,6,82944,8.9148365993881622e-10,1.5118161774227069e-10
63,4,7,82944,4.7971015888374735e-10,1.6303906862111986e-10
63,4,8,82944,2.6210058418067179e-10,3.5024495760125636e-12
63,4,9,82944,2.7787123460553598e-10,-1.1576972165546042e-10
63,4,10,82944,1.5673636946334663e-10,-9.6417836730273683e-11
63,4,11,82944,5.875895382910971e-11,-6.1589384922670624e-11
63,4,12,82944,4.8487150472016453e-11,1.1069763695190258e-27
63,5,0,82944,1.7373283420458087e-07,0
63,5,1,82944,1.4221905486498984e-08,-1.4250000311197444e-10
63,5,2,82944,4.3060995659993259e-09,2.8622314738023245e-10
63,5,3,82944,1.9405910247194594e-09,5.9143813460019682e-11
63,5,4,82944,9.1619088508908583e-10,5.6877829960618504e-12
63,5,5,82944,5.5180183316073992e-10,9.7871553499379694e-11
63,5,6,82944,2.4705110019143149e-10,5.3723643416361406e-11
63,5,7,82944,1.0575427471442739e-10,1.6904257968798066e-11
63,5,8,82944,1.5945895808012226e-10,-1.1243498509365223e-10
63,5,9,82944,1.5615648769178844e-10,-4.5068675729632428e-11
63,5,10,82944,8.5932484971443606e-11,-1.7060416741937403e-11
63,5,11,82944,6.9008463515609387e-11,3.6116507498420935e-11
63,5,12,82944,-1.7283252791256641e-11,1.2132859920331951e-25
63,6,0,82944,1.7383010482735809e-07,0
63,6,1,82944,8.8929362029373235e-09,1.0793095449763285e-11
63,6,2,82944,2.150845564661015e-09,9.9077712583242006e-11
63,6,3,82944,9.5305693446115212e-10,-2.051251416085264e-10
63,6,4,82944,5.2956379209400556e-10,-2.8510139616706431e-11
63,6,5,82944,1.1656451207788586e-10,-6.158636331129534e-11
63,6,6,82944,1.5478279984558885e-10,-6.7042531412578925e-11
63,6,7,82944,4.8963273541110376e-11,6.6568051668595736e-12
63,6,8,82944,3.3027672373059699e-11,9.0975090056581491e-12
63,6,9,82944,-7.1919713185147738e-11,-1.1693522526589265e-10
63,6,10,82944,-4.8366081802654982e-11,-5.0721621247111418e-11
63,6,11,82944,1.4825784792208019e-11,-5.2909636377218869e-11
63,6,12,82944,6.1526786032463749e-11,1.5593906308093916e-25
63,7,0,82944,1.7437577434207291e-07,0
63,7,1,82944,5.7948837343501077e-09,5.2474146067864893e-11
63,7,2,82944,1.0628004758140264e-09,1.81081501783238e-10
63,7,3,82944,4.4931966744771461e-10,5.1911367101628495e-11
63,7,4,82944,2.4889770535627067e-10,-1.9111490634453859e-10
63,7,5,82944,1.8284351727146697e-10,1.7496833278301193e-11
63,7,6,82944,1.0642720959809947e-10,6.7132599118140948e-12
63,7,7,82944,-4.1442287375116872e-11,1.5352211890938096e-10
63,7,8,82944,-4.9466184537515312e-11,2.6413966027789518e-11
63,7,9,82944,-1.6613016318710458e-11,2.5575164104171443e-11
63,7,10,82944,-1.1306735662661788e-11,-8.4782760229678634e-11
63,7,11,82944,-4.401182050495801e-11,-4.6948321419058562e-11
63,7,12,82944,6.5131547295416706e-11,5.6206475843326394e-26
63,8,0,82944,1.7372167667625156e-07,0
63,8,1,82944,3.5834098201406635e-09,1.1567329772993542e-10
63,8,2,82944,5.7094975007046317e-10,2.0203949279440694e-10
63,8,3,82944,1.1299718192380338e-10,1.6293694824456115e-10
63,8,4,82944,8.6884346652827628e-11,3.938561009139331e-11
63,8,5,82944,-9.0228635359952802e-11,-9.6644935549743577e-11
63,8,6,82944,-3.3175063518398603e-11,-4.7773211516674607e-11
63,8,7,82944,3.3008947932041107e-11,-9.3555569764863726e-11
63,8,8,82944,1.3732157194061832e-11,-2.654147809082609e-12
63,8,9,82944,1.1696861819404336e-10,-9.0510961251494971e-11
63,8,10,82944,5.9403639574980569e-11,-2.9775517196535299e-11
63,8,11,82944,3.1628255573920404e-11,2.6969518800721265e-12
63,8,12,82944,1.5308981287414557e-11,-2.0372354303184376e-25
63,9,0,82944,1.7440715303007897e-07,0
63,9,1,82944,1.9876824516554848e-09,1.9869322156467299e-10
63,9,2,82944,4.8653839817597117e-10,1.9280406978418018e-10
63,9,3,82944,5.8964256752832466e-11,3.4371150123352473e-11
63,9,4,82944,8.6715059216414627e-11,-1.7343855532880353e-11
63,9,5,82944,4.6287165147325792e-11,-8.7564432460847941e-11
63,9,6,82944,5.5100247987680137e-11,2.5451411056017508e-10
63,9,7,82944,-2.1887738420671642e-11,-1.5861737252577254e-10
63,9,8,82944,-8.8858873720282659e-11,2.6912185856542498e-12
63,9,9,82944,6.9096470364189481e-11,-2.0391639413330364e-12
63,9,10,82944,7.1140803614954866e-13,-3.7771374943061728e-11
63,9,11,82944,5.1801377774852868e-11,-5.2673140618114332e-11
63,9,12,82944,1.3771232738434789e-11,3.4196594334060716e-26
63,10,0,82944,1.7465900299715509e-07,0
63,10,1,82944,1.0968335152277018e-09,2.32049950199326e-10
63,10,2,82944,1.6378856561755818e-10,3.4876482653821242e-11
63,10,3,82944,1.865531029979692e-10,3.2197541997831409e-11
63,10,4,82944,-8.6136975805668622e-11,5.416748430049679e-11
63,10,5,82944,1.2972216529387018e-10,-6.0648702512509752e-11
63,10,6,82944,4.9040659100684733e-11,5.8317640877947627e-11
63,10,7,82944,1.3153575731576197e-11,1.2499397018327143e-10
63,10,8,82944,-8.7254429351857119e-11,6.1191706419794523e-11
63,10,9,82944,-5.9616680213854642e-11,1.002695218050573e-12
63,10,10,82944,9.1321130493623773e-11,4.7570168828477571e-11
63,10,11,82944,1.7462386469649837e-11,-3.4199047710391487e-11
63,10,12,82944,-2.2947859750417331e-11,-2.8769418295391761e-25
64,1,0,82944,1.7720237213687174e-07,0
64,1,1,82944,1.0291699318951781e-07,2.1433346808035986e-10
64,1,2,82944,7.5323264023086039e-08,3.3511741052909545e-10
64,1,3,82944,5.8841146976110502e-08,4.7581354937252284e-10
64,1,4,82944,4.6046547437792221e-08,3.7945166364245443e-10
64,1,5,82944,3.5722245311043094e-08,1.7079787748243311e-10
64,1,6,82944,2.7147938194678872e-08,1.1470713803878664e-10
64,1,7,82944,2.0433218827686458e-08,8.6751840509229022e-12
64,1,8,82944,1.5143985926041793e-08,-3.718569291217948e-11
64,1,9,82944,1.1345739775858561e-08,-9.2714606469411832e-11
64,1,10,82944,8.7854946622960897e-09,-1.0368090010664099e-10
64,1,11,82944,7.3817599700165019e-09,-3.2241616670348499e-11
64,1,12,82944,6.919298301085331e-09,-7.4279111670735201e-25
64,2,0,82944,1.7484881245359031e-07,0
64,2,1,82944,6.2229066850111047e-08,6.8888914575830604e-11
64,2,2,82944,3.5955011890362832e-08,1.4780969176562663e-12
64,2,3,82944,2.4480878141005843e-08,4.8408603672851502e-11
64,2,4,82944,1.7153473243710186e-08,-6.6142011013408851e-11
64,2,5,82944,1.1952324279005661e-08,-1.1123190818825151e-10
64,2,6,82944,8.4400027106239362e-09,-6.2237453353414383e-11
64,2,7,82944,5.8323964216950395e-09,-2.8874452638037501e-11
64,2,8,82944,3.7796503304616829e-09,6.2883306740209992e-11
64,2,9,82944,2.4942013056997554e-09,8.2457513233100942e-11
64,2,10,82944,1.6463716578134933e-09,1.0569746499665228e-10
64,2,11,82944,1.1761073052568361e-09,9.2341994109262199e-11
64,2,12,82944,1.0401124505700176e-09,-8.9695004211298358e-26
64,3,0,82944,1.7443459095800017e-07,0
64,3,1,82944,3.8203145975590047e-08,5.1566344314781765e-11
64,3,2,82944,1.7337737861208591e-08,-4.9845459504345471e-11
64,3,3,82944,1.0178917661926534e-08,1.3228834028259205e-10
64,3,4,82944,6.262843780702851e-09,-7.2671312845645693e-12
64,3,5,82944,3.9924969091984757e-09,-8.1501766705048443e-11
64,3,6,82944,2.5156660493056516e-09,-7.3221294279434889e-11
64,3,7,82944,1.4889804561699262e-09,-5.0421917542761409e-11
64,3,8,82944,8.5607943014528471e-10,-1.2707990473794885e-10
64,3,9,82944,6.0440319806410846e-10,-1.6238581606068697e-10
64,3,10,82944,3.175825029832617e-10,-1.1726840123715054e-10
64,3,11,82944,1.8649397762874953e-10,-4.8129714646617938e-11
64,3,12,82944,1.4708882172467098e-10,-6.6478418731656082e-26
64,4,0,82944,1.7452951325249922e-07,0
64,4,1,82944,2.3675057496251107e-08,-3.1255292103309896e-11
64,4,2,82944,8.6302083043638033e-09,-5.233261987807398e-11
64,4,3,82944,4.6580916838426254e-09,1.9779900342309542e-10
64,4,4,82944,2.7248609711037348e-09,-1.4405856240168291e-10
64,4,5,82944,1.5030482357185695e-09,1.1780034133235365e-10
64,4,6,82944,9.318285324996926e-10,2.1161331077751236e-10
64,4,7,82944,5.5519404583724787e-10,5.5239720193178889e-11
64,4,8,82944,2.6326179023993644e-10,1.711284473820196e-11
64,4,9,82944,1.4443045069113574e-10,9.7593855664667583e-11
64,4,10,82944,6.9883681315203228e-11,2.0554769724721517e-12
64,4,11,82944,1.2198022415587751e-10,2.2643128004270997e-11
64,4,12,82944,6.6935017297589641e-11,9.2507322555481828e-26
64,5,0,82944,1.7438107606500752e-07,0
64,5,1,82944,1.4424983470363644e-08,-2.7799186722672055e-10
64,5,2,82944,3.927432408381563e-09,-1.8018214651826353e-10
64,5,3,82944,2.053781505492203e-09,-1.0102121108261e-11
64,5,4,82944,1.0248419305361304e-09,8.8287238066779384e-11
64,5,5,82944,4.0304374123285454e-10,8.0829792955222488e-11
64,5,6,82944,2.2802593220681466e-10,-8.9158264056101288e-11
64,5,7,82944,9.5774562260802169e-11,-6.8643531483727918e-11
64,5,8,82944,5.9439294197413823e-11,-5.3566013400091825e-12
64,5,9,82944,6.7158246388352689e-11,5.5164445112573168e-11
64,5,10,82944,-3.4698447410644014e-11,4.6926527384270603e-11
64,5,11,82944,1.064554462720549e-10,1.2022798603581081e-11
64,5,12,82944,3.7165258137082598e-12,-3.4106839493288901e-26
64,6,0,82944,1.7493890649280634e-07,0
64,6,1,82944,8.9362553682021318e-09,-3.1622458226201028e-10
64,6,2,82944,2.1048173900921776e-09,-1.6864177624348277e-10
64,6,3,82944,1.004825565812586e-09,1.3601892302517636e-11
64,6,4,82944,4.5800002307459172e-10,1.1231754346484396e-10
64,6,5,82944,3.5134334760257307e-11,-2.1180205825210471e-10
64,6,6,82944,2.9955164145931507e-11,-6.6440454255454399e-12
64,6,7,82944,9.3862274651894676e-11,3.7149267970155032e-11
64,6,8,82944,1.9933868145475805e-11,2.1465081693531608e-11
64,6,9,82944,-5.2148749654614901e-11,-2.0004225230109059e-11
64,6,10,82944,-2.2693538412040989e-11,2.8577591490960979e-11
64,6,11,82944,9.9001661646379658e-12,-4.0742114189372337e-11
64,6,12,82944,9.7553062225145533e-11,1.0678831499828582e-25
64,7,0,82944,1.7446738508649606e-07,0
64,7,1,82944,5.6513786124530845e-09,-1.4044725657350975e-11
64,7,2,82944,8.9030493283984366e-10,-1.3338507591726226e-10
64,7,3,82944,6.1913309405951234e-10,-3.8581461115532188e-11
64,7,4,82944,1.45611228016787e-10,8.5597418886767747e-11
64,7,5,82944,4.3772932555711148e-11,3.6766313776875892e-11
64,7,6,82944,-5.2145473210941544e-11,-2.3544766107722497e-10
64,7,7,82944,1.2675278796948048e-10,6.5785370989632089e-11
64,7,8,82944,-1.0904888618136318e-10,1.9736852667466935e-11
64,7,9,82944,-8.9859568369112362e-11,8.3603040395096009e-13
64,7,10,82944,-3.2483866530132471e-11,3.0553508382674951e-11
64,7,11,82944,5.4056880025881674e-11,4.5334008849898657e-11
64,7,12,82944,-1.2715799285798819e-11,-2.2937348197241076e-26
64,8,0,82944,1.7437315534331971e-07,0
64,8,1,82944,3.4482826720385822e-09,2.0745781148461168e-10
64,8,2,82944,3.7612426311008965e-10,-1.0672813424125256e-10
64,8,3,82944,2.0098648708167932e-10,1.3684913949792155e-10
64,8,4,82944,-5.0685737568883343e-11,8.4439826766088811e-11
64,8,5,82944,-1.6371516326452066e-10,3.9616585555741011e-11
64,8,6,82944,-1.7429173629156397e-10,-1.1027173337660224e-10
64,8,7,82944,-5.0026575410856708e-11,5.8095416371968344e-11
64,8,8,82944,-9.1602127898137425e-11,-1.0274400059654955e-11
64,8,9,82944,3.0532522049007368e-11,-1.0553911285388062e-11
64,8,10,82944,-2.8862474414332893e-11,-3.0459728929169541e-11
64,8,11,82944,5.4871661722633135e-11,-2.7300691046276613e-11
64,8,12,82944,-8.5260329878777878e-11,-1.3851166483107882e-25
64,9,0,82944,1.7390526884332777e-07,0
64,9,1,82944,2.1036876909471227e-09,1.5479234967660429e-10
64,9,2,82944,3.5505717751119388e-10,-1.4645510036231392e-10
64,9,3,82944,-4.2439832960841055e-11,-2.0278644935217347e-12
64,9,4,82944,1.7129105208984223e-10,9.2230923831292877e-12
64,9,5,82944,3.8693006085579409e-11,-1.5728716427069462e-10
64,9,6,82944,5.7079723575411998e-11,-1.1114388612138678e-10
64,9,7,82944,-1.7387983645921032e-11,-1.5559797602083304e-10
64,9,8,82944,1.2629429152402457e-11,1.409355406423571e-10
64,9,9,82944,6.7351345793485701e-12,6.9379452588999614e-12
64,9,10,82944,-1.6633993503412588e-11,-7.7861891398059502e-11
64,9,11,82944,-7.299442108632012e-11,-4.4382180284917003e-11
64,9,12,82944,1.3541237252515441e-11,7.4157443997688968e-26
64,10,0,82944,1.7443346749215376e-07,0
64,10,1,82944,1.2730015651949788e-09,4.7418455594757145e-11
64,10,2,82944,1.6228781511296638e-10,-8.4925045399923822e-12
64,10,3,82944,2.4015443161927314e-11,1.2019098542187966e-10
64,10,4,82944,6.5328606451940977e-11,5.4156712414329753e-11
64,10,5,82944,-3.3835556189150066e-12,-1.2345720316768453e-10
64,10,6,82944,1.1567239199483385e-10,-1.1669849438170554e-10
64,10,7,82944,6.7348034262870109e-11,-1.0127447177311023e-11
64,10,8,82944,-1.0238104956744313e-10,2.8749543706455414e-11
64,10,9,82944,4.1250566517615005e-11,-4.2965839438775568e-11
64,10,10,82944,-1.4567587242836379e-11,7.9676088077720617e-11
64,10,11,82944,-4.3145978675905802e-11,6.3284101109445646e-11
64,10,12,82944,3.790256715650384e-11,1.2366222506338666e-26
65,1,0,82944,1.7835012257414085e-07,0
65,1,1,82944,1.0332632097443839e-07,1.6404039982047803e-10
65,1,2,82944,7.5703990903992172e-08,2.3406801596504401e-10
65,1,3,82944,5.9534467797492037e-08,2.3255843377985987e-10
65,1,4,82944,4.6759012463936296e-08,2.2963320285418099e-10
65,1,5,82944,3.6368787313613599e-08,1.3720166047555451e-10
65,1,6,82944,2.7737250685156748e-08,1.9389921521094842e-10
65,1,7,82944,2.0853226216618122e-08,3.1480896534276991e-10
65,1,8,82944,1.5493567122319866e-08,2.7860234694945972e-10
65,1,9,82944,1.1479396220077765e-08,2.3308989041359599e-10
65,1,10,82944,8.7419058287498463e-09,2.1295314353263753e-10
65,1,11,82944,7.1837409443591875e-09,1.049885054821641e-10
65,1,12,82944,6.7492211072592741e-09,-3.3915362499642367e-25
65,2,0,82944,1.7579214149918275e-07,0
65,2,1,82944,6.235995574868675e-08,-7.1885394072734871e-11
65,2,2,82944,3.6117304679087697e-08,1.8984126886968275e-10
65,2,3,82944,2.4433469824414258e-08,1.3748276309465472e-10
65,2,4,82944,1.7240259164434748e-08,8.1149309249468439e-11
65,2,5,82944,1.1984903748553186e-08,7.3167847212744012e-11
65,2,6,82944,8.3673827551066592e-09,7.0380389009774992e-11
65,2,7,82944,5.6682181847253961e-09,3.124585177441156e-11
65,2,8,82944,3.8281724633778555e-09,-7.4842509424572865e-11
65,2,9,82944,2.4929523954775766e-09,2.1261190127331571e-11
65,2,10,82944,1.688572925649489e-09,1.5679180500537976e-12
65,2,11,82944,1.2652754734323536e-09,-1.7211963384662038e-12
65,2,12,82944,1.1353698858952017e-09,-5.5249090875093719e-26
65,3,0,82944,1.7557806089310161e-07,0
65,3,1,82944,3.8468388015842833e-08,-5.3166400799952184e-12
65,3,2,82944,1.7670220535617118e-08,1.3195162141161414e-10
65,3,3,82944,1.0399865593708629e-08,2.3054992274611277e-10
65,3,4,82944,6.4755074947642682e-09,8.5411440408778735e-11
65,3,5,82944,3.8405738593820323e-09,5.7722514257153915e-11
65,3,6,82944,2.5402877046680013e-09,7.8938027797609739e-11
65,3,7,82944,1.6323954494006866e-09,5.9883992301523471e-11
65,3,8,82944,1.0165390204321467e-09,4.4184764706449634e-11
65,3,9,82944,6.8681524462685585e-10,9.300335027871075e-11
65,3,10,82944,5.2461982376867873e-10,-1.1766341130943894e-11
65,3,11,82944,3.9361863334570697e-10,-8.0757971021976715e-11
65,3,12,82944,4.0316870578523665e-10,-4.1917505192453779e-25
65,4,0,82944,1.7492286152339559e-07,0
65,4,1,82944,2.363836484753627e-08,-1.6417164824300075e-10
65,4,2,82944,8.8339217702356458e-09,9.6555672782755776e-11
65,4,3,82944,4.4843612629973483e-09,-2.7199222501098459e-10
65,4,4,82944,2.6633116113791184e-09,-1.1647286615376065e-10
65,4,5,82944,1.3347605677613783e-09,4.9400525718059115e-12
65,4,6,82944,8.9530379684038779e-10,4.233718204409656e-11
65,4,7,82944,5.3942519528425303e-10,1.8104392518368789e-11
65,4,8,82944,3.6033578219509786e-10,-9.5874254958062584e-12
65,4,9,82944,1.8393474853361892e-10,3.1709197403112928e-11
65,4,10,82944,7.8438518648590031e-11,1.1588370633869233e-11
65,4,11,82944,1.1243221217837361e-10,-2.2632447481721597e-11
65,4,12,82944,7.0772835195842293e-11,8.8932088064737949e-27
65,5,0,82944,1.7470440737511523e-07,0
65,5,1,82944,1.4721876388289812e-08,-1.7449763361601571e-10
65,5,2,82944,4.5053208823872934e-09,-8.921849680788987e-11
65,5,3,82944,1.9976510059215489e-09,-9.2488181619158685e-11
65,5,4,82944,9.873696131061395e-10,-2.4872977419415027e-10
65,5,5,82944,5.5737294786087166e-10,-1.135853597219698e-12
65,5,6,82944,2.5163575664354561e-10,1.0086945877068948e-10
65,5,7,82944,4.0226001340855027e-11,-5.7147360655980009e-11
65,5,8,82944,1.5807540950080864e-10,-4.8612614746721211e-11
65,5,9,82944,-1.5225343942117547e-12,9.7664962183783128e-11
65,5,10,82944,-8.7587324269870477e-12,5.9898346439545951e-11
65,5,11,82944,-1.519239563644724e-11,-3.1173700232489009e-11
65,5,12,82944,-2.7836507600029108e-11,-1.1468674098620538e-26
65,6,0,82944,1.7505515850946013e-07,0
65,6,1,82944,8.9829778568500171e-09,-1.4365997589495502e-11
65,6,2,82944,2.212295932172435e-09,1.717597362657482e-10
65,6,3,82944,7.4490750550248784e-10,-1.2804339963400197e-10
65,6,4,82944,6.2160047607789508e-10,-2.905579744460918e-11
65,6,5,82944,1.0310762466859749e-10,1.7460644778414926e-10
65,6,6,82944,1.2107978634951178e-11,1.5622888335488426e-10
65,6,7,82944,-4.1833009128733651e-11,-1.3940243669828826e-10
65,6,8,82944,-1.0988811154550033e-10,-5.4589291711829229e-11
65,6,9,82944,-3.3401935563592972e-11,4.0267772093178936e-11
65,6,10,82944,1.3451506794788597e-12,-2.7396419646578438e-11
65,6,11,82944,-2.4147922659046264e-11,1.4047984097836527e-10
65,6,12,82944,-5.8769061559047899e-11,-3.5822154228039102e-26
65,7,0,82944,1.7379438717654856e-07,0
65,7,1,82944,5.7669662269094398e-09,-1.2909793363629469e-10
65,7,2,82944,8.1110766575778393e-10,2.9700634965884813e-11
65,7,3,82944,3.0566313485490561e-10,-1.709779945671656e-10
65,7,4,82944,3.0855051338218429e-10,-7.832232751974684e-11
65,7,5,82944,2.5207810126395218e-10,1.0654700558751027e-10
65,7,6,82944,4.6334407690924554e-11,5.6342870480568444e-11
65,7,7,82944,3.7348786303061673e-11,6.9052096932736339e-12
65,7,8,82944,-5.2570177964349425e-11,-1.3343545522480518e-10
65,7,9,82944,-1.0978789515777888e-10,9.7505331493215701e-11
65,7,10,82944,6.1063703052393406e-11,-9.8747946520187946e-11
65,7,11,82944,8.3267875972519666e-11,-1.5753234297937351e-11
65,7,12,82944,-4.4135427439498004e-12,7.1464798774534584e-26
65,8,0,82944,1.7368016674677312e-07,0
65,8,1,82944,3.4583395082645767e-09,-4.372939306069649e-11
65,8,2,82944,5.27675294241211e-10,8.0946055557085146e-11
65,8,3,82944,-6.5897503863453128e-11,-1.0419854562039507e-10
65,8,4,82944,9.3489847978281308e-11,-9.8386044627303507e-12
65,8,5,82944,1.4253119972436335e-10,2.1196510028456949e-11
65,8,6,82944,-2.9184180519362304e-11,-6.7866984926382947e-11
65,8,7,82944,-1.721837162529465e-11,9.6483200869163878e-11
65,8,8,82944,5.9451496933389876e-11,3.9079904518086547e-12
65,8,9,82944,-6.4835895337619462e-11,1.1963074840236725e-10
65,8,10,82944,-2.0621638154215199e-11,-1.2003895748158871e-11
65,8,11,82944,-1.435890228812312e-11,-6.0672304694271747e-11
65,8,12,82944,-1.2530129564446191e-11,-5.241682701073873e-26
65,9,0,82944,1.7415955455189585e-07,0
65,9,1,82944,2.385648794472904e-09,-9.1151745892284841e-11
65,9,2,82944,2.6178771015067376e-10,-3.8733504175204652e-11
65,9,3,82944,1.8350835906270557e-11,-3.0108915503084277e-10
65,9,4,82944,8.0511058087415095e-11,-2.216859568953379e-10
65,9,5,82944,-1.2090381395659701e-10,5.8683568870185877e-11
65,9,6,82944,-4.4344440324501665e-11,-1.7832406957458103e-10
65,9,7,82944,4.9301983071039675e-11,3.1673050257446746e-11
65,9,8,82944,-1.0135254450393098e-10,2.53501935709526e-11
65,9,9,82944,8.0614344198059021e-11,-6.3090622524144994e-11
65,9,10,82944,-2.2472499152695921e-11,-3.268522523615396e-11
65,9,11,82944,-1.9460082551610376e-11,1.0942610721990438e-11
65,9,12,82944,1.7588838495096195e-11,1.3133127756933379e-25
65,10,0,82944,1.7487151560823821e-07,0
65,10,1,82944,1.5984724197187619e-09,-2.1185683377654799e-10
65,10,2,82944,3.3478151136813622e-10,-2.5623360652622416e-10
65,10,3,82944,2.3639912653093746e-10,-2.082572090100711e-10
65,10,4,82944,6.1732081187765445e-11,-5.9215452210374753e-11
65,10,5,82944,-6.1403956294770411e-11,3.1670176881844413e-10
65,10,6,82944,-1.2824280186516622e-10,-3.8071138895963041e-14
65,10,7,82944,1.3138260079959566e-11,-2.8673683063704581e-11
65,10,8,82944,8.2837546654112935e-11,-7.1579458976569764e-11
65,10,9,82944,7.1087016977071433e-11,-4.3166815526915098e-11
65,10,10,82944,-1.1318706162724127e-11,-1.6563562467801077e-11
65,10,11,82944,1.0033572775739585e-11,-3.8198040310817504e-11
65,10,12,82944,-2.4433007753982493e-11,-5.8280809941163846e-26
66,1,0,82944,1.7802980470321005e-07,0
66,1,1,82944,1.0319236864276093e-07,9.9602628233612777e-11
66,1,2,82944,7.5610695191804093e-08,8.4298325812002409e-11
66,1,3,82944,5.8662931016012048e-08,1.8785402864582475e-11
66,1,4,82944,4.59933435631214e-08,1.9675000281198911e-10
66,1,5,82944,3.5680914406643464e-08,1.1517099694791878e-10
66,1,6,82944,2.7126479820866926e-08,1.5254723585730102e-10
66,1,7,82944,2.0306931443632688e-08,1.5886516952907874e-10
66,1,8,82944,1.5070963903817524e-08,5.5790193551311998e-11
66,1,9,82944,1.1257619291350391e-08,5.4999719120277764e-11
66,1,10,82944,8.6630409276491598e-09,7.2563187490791568e-11
66,1,11,82944,7.1614052180961166e-09,2.1130462364718987e-11
66,1,12,82944,6.719425936737703e-09,-2.7377719625424373e-25
66,2,0,82944,1.7558033097943676e-07,0
66,2,1,82944,6.2180481698856262e-08,-9.9860538076960088e-11
66,2,2,82944,3.6093127423410404e-08,-9.5808518407152153e-11
66,2,3,82944,2.4215385256110155e-08,-9.9197830759071496e-11
66,2,4,82944,1.697882815040193e-08,-3.3724798275706851e-11
66,2,5,82944,1.2071717149927791e-08,-4.4033760192283576e-11
66,2,6,82944,8.543928402357204e-09,5.6352567704985104e-11
66,2,7,82944,5.9311045758137597e-09,-2.6415958492047629e-11
66,2,8,82944,4.1508066127653091e-09,-4.9611358661177165e-13
66,2,9,82944,2.8142238053228471e-09,1.3100138921805353e-10
66,2,10,82944,1.9505748993738017e-09,5.1614267465195298e-11
66,2,11,82944,1.5417778627694495e-09,3.8554165086046286e-11
66,2,12,82944,1.5150362743671378e-09,2.3535713802386495e-26
66,3,0,82944,1.7479955869453064e-07,0
66,3,1,82944,3.8016252232881487e-08,-2.1684248130539945e-10
66,3,2,82944,1.7594435493073792e-08,-3.568728176287527e-10
66,3,3,82944,9.9422683969420971e-09,-2.7794411520456766e-10
66,3,4,82944,6.0484413327688061e-09,-2.5118427156800497e-10
66,3,5,82944,3.98443729589045e-09,-4.7449564475433556e-11
66,3,6,82944,2.3532692784910126e-09,4.758776612374433e-11
66,3,7,82944,1.6416485234725047e-09,-6.49407401143469e-11
66,3,8,82944,1.0930183682691165e-09,-9.2172324279846046e-11
66,3,9,82944,6.4645740644203707e-10,-4.2159507878869855e-11
66,3,10,82944,4.9586872131032507e-10,1.3431435202337249e-11
66,3,11,82944,2.8571799916743765e-10,2.7032888653322256e-11
66,3,12,82944,3.3455791779692052e-10,-9.2008684551193984e-26
66,4,0,82944,1.751106406051192e-07,0
66,4,1,82944,2.3677403076026928e-08,1.9483058695921126e-10
66,4,2,82944,8.5678091234996914e-09,1.6801421705865495e-11
66,4,3,82944,4.3400951744533863e-09,-5.061310824926294e-11
66,4,4,82944,2.2910174428520443e-09,-1.0800264782909197e-10
66,4,5,82944,1.2481791011584913e-09,6.8701012090229219e-11
66,4,6,82944,7.5029902817576649e-10,-6.5779848757213212e-11
66,4,7,82944,4.0024441360064199e-10,-1.7724769827709238e-12
66,4,8,82944,2.7758680687834778e-10,-1.2343324193292928e-10
66,4,9,82944,1.8042729024828135e-10,-6.7069527884675506e-11
66,4,10,82944,1.4286836216084428e-10,-5.9944905688084799e-11
66,4,11,82944,1.2757351281726222e-11,3.4591367150330685e-13
66,4,12,82944,1.0183615106829881e-10,2.9978116817785511e-26
66,5,0,82944,1.7464488508442758e-07,0
66,5,1,82944,1.4472307335636962e-08,2.9401804801131034e-10
66,5,2,82944,4.2510225905973231e-09,-6.2657187417129778e-11
66,5,3,82944,1.8599936732996132e-09,1.8591298120908183e-10
66,5,4,82944,1.054648783935295e-09,1.8316466536546457e-10
66,5,5,82944,4.3476657533282241e-10,1.0701810799080263e-10
66,5,6,82944,3.7399400896952589e-10,-7.4707452103171261e-11
66,5,7,82944,7.227776839355824e-11,-7.0211212888030342e-11
66,5,8,82944,4.8018686455487615e-11,-2.1221317363706145e-11
66,5,9,82944,-1.2825279958689355e-10,-4.3473943241399383e-11
66,5,10,82944,-2.364430047770959e-12,1.1408867996629863e-11
66,5,11,82944,-1.3823384001483187e-11,9.6107685926589957e-11
66,5,12,82944,-6.944847637284281e-11,9.4980567056749567e-26
66,6,0,82944,1.7405829823631452e-07,0
66,6,1,82944,8.8041003847753102e-09,1.6237776058172956e-10
66,6,2,82944,2.182316336172834e-09,-1.0738349041066492e-10
66,6,3,82944,9.528254292521301e-10,-3.2568636728936098e-11
66,6,4,82944,3.1176867515539885e-10,-5.8058398025384231e-11
66,6,5,82944,1.6424491869153625e-10,9.2052947842466183e-11
66,6,6,82944,1.56750266512519e-11,-6.28300437056928e-11
66,6,7,82944,1.899397802435717e-10,-4.6183728564427301e-11
66,6,8,82944,1.1086686549223227e-10,-6.918875487831065e-11
66,6,9,82944,-9.5454405430074459e-11,9.6314331891046081e-12
66,6,10,82944,3.563279303905123e-11,4.4681490974846209e-11
66,6,11,82944,1.0473660633513384e-10,1.8400634386022884e-11
66,6,12,82944,-6.4199106060650124e-12,9.6875391473043387e-26
66,7,0,82944,1.7417192184055234e-07,0
66,7,1,82944,5.5660145039295063e-09,2.6565587948266769e-10
66,7,2,82944,9.8478478949552118e-10,1.173721336566042e-10
66,7,3,82944,3.8701681438380819e-10,1.6887401102844933e-10
66,7,4,82944,3.0558215001669675e-10,-1.4334441495719131e-11
66,7,5,82944,3.2155321950991393e-11,6.8247585247897647e-11
66,7,6,82944,1.376415522270384e-11,9.6068971145040787e-11
66,7,7,82944,5.3305302739866759e-11,8.8839718414304712e-11
66,7,8,82944,1.541835141152829e-12,-5.987159352938779e-11
66,7,9,82944,-1.9181744291813181e-11,4.1436344198481475e-11
66,7,10,82944,2.9629405246628621e-11,-3.6343191654332403e-11
66,7,11,82944,-1.83703147857603e-11,1.9749690987833394e-11
66,7,12,82944,1.2405994556776309e-10,1.3463226115771934e-25
66,8,0,82944,1.7405232859709804e-07,0
66,8,1,82944,3.4884548967221986e-09,-8.654968447713149e-11
66,8,2,82944,4.942242052892453e-10,-3.0098895815129677e-13
66,8,3,82944,4.2729691829071625e-10,1.6415122939283071e-10
66,8,4,82944,8.8601994702562283e-11,3.7759371304033672e-11
66,8,5,82944,7.3722110559303698e-11,8.5153087699097669e-11
66,8,6,82944,-9.5684270008125675e-11,-8.4550604367915365e-11
66,8,7,82944,4.0332600336788995e-12,3.4211551652771824e-11
66,8,8,82944,3.6270851527998052e-11,1.749252703002277e-11
66,8,9,82944,-4.705992916658478e-11,5.2249342649548728e-11
66,8,10,82944,-3.874280794252897e-11,5.7065523103588788e-12
66,8,11,82944,8.7905209028318506e-11,-2.5202255102400947e-11
66,8,12,82944,1.216900701102053e-10,1.2540247169835125e-25
66,9,0,82944,1.7447411457936479e-07,0
66,9,1,82944,2.1661243489589627e-09,4.4201065998846937e-11
66,9,2,82944,1.6251115698880587e-10,-2.2270617119767357e-12
66,9,3,82944,-1.8883371701289192e-12,1.3539580836645552e-10
66,9,4,82944,9.4395480435038075e-12,5.9351944277469573e-11
66,9,5,82944,-1.5111632049307397e-10,-2.7153398445453534e-11
66,9,6,82944,6.0871535840918434e-11,1.0782597525549736e-11
66,9,7,82944,3.2773623123939455e-11,-5.3636151657123371e-11
66,9,8,82944,1.0649693052437072e-10,1.1217629611001435e-10
66,9,9,82944,-8.4402778903996832e-11,2.5934872179244522e-11
66,9,10,82944,-1.6538039669401828e-11,2.9864336810930542e-11
66,9,11,82944,-1.5506684278336156e-10,7.5989915953232776e-11
66,9,12,82944,-1.5519641729909289e-11,-4.4398727901790113e-26
66,10,0,82944,1.7499323302514709e-07,0
66,10,1,82944,1.3632958734144895e-09,1.365176747925135e-10
66,10,2,82944,2.6683787255816415e-10,-2.4504039535050731e-10
66,10,3,82944,-1.2019484913775586e-11,-4.737381834179607e-11
66,10,4,82944,1.5245607861511253e-10,6.7522981569122414e-12
66,10,5,82944,-1.1316330020757291e-10,-2.4758277709578987e-10
66,10,6,82944,2.5268389960323269e-10,1.7451204228347258e-10
66,10,7,82944,-1.0731210183971056e-11,7.4151252858102572e-11
66,10,8,82944,8.0478957026532014e-11,4.5960424653127951e-11
66,10,9,82944,-2.8714930271921641e-11,3.4296606907870601e-11
66,10,10,82944,4.842295541070161e-11,5.0179029973522819e-13
66,10,11,82944,-2.41477998719385e-11,-7.3462846464890186e-11
66,10,12,82944,-4.8148413953171042e-11,-3.9073274015995885e-26
67,1,0,82944,1.7732649573452101e-07,0
67,1,1,82944,1.0234888106898609e-07,2.5905304351400184e-10
67,1,2,82944,7.4323252713515207e-08,2.6365799986358104e-10
67,1,3,82944,5.772732222607199e-08,3.1996336051086434e-10
67,1,4,82944,4.4955555678175734e-08,2.6025031591063426e-10
67,1,5,82944,3.4708747228744389e-08,1.8760334243680139e-10
67,1,6,82944,2.6407188223229313e-08,2.0127891233816686e-10
67,1,7,82944,1.9612047233832695e-08,2.7215292963607109e-10
67,1,8,82944,1.4425122835505048e-08,1.4208032624716545e-10
67,1,9,82944,1.0669024786442041e-08,9.1969556102589146e-11
67,1,10,82944,8.0667630258235672e-09,3.7250965735044462e-11
67,1,11,82944,6.5651157021035203e-09,1.8294193984875267e-11
67,1,12,82944,6.0567009987325011e-09,1.0404281414667694e-24
67,2,0,82944,1.7535333677092952e-07,0
67,2,1,82944,6.1920489695622104e-08,1.7477716931656683e-10
67,2,2,82944,3.5537256124788108e-08,-3.052002981747801e-12
67,2,3,82944,2.4136229190418107e-08,1.4483052272562458e-10
67,2,4,82944,1.6993651871465074e-08,4.9774355349115856e-11
67,2,5,82944,1.2000918870373008e-08,1.8524830432701414e-11
67,2,6,82944,8.2618339529715444e-09,-1.3297061345145113e-10
67,2,7,82944,5.7660123746268881e-09,-7.3532233609444852e-11
67,2,8,82944,3.9502258872045977e-09,-6.4682430963182324e-11
67,2,9,82944,2.7534087109403916e-09,4.9231468624989775e-11
67,2,10,82944,2.0383478594070303e-09,-1.7772359212414464e-11
67,2,11,82944,1.6083889373232974e-09,-9.4679502231342238e-12
67,2,12,82944,1.4131523902850821e-09,-2.4183195250954265e-25
67,3,0,82944,1.7477429115799491e-07,0
67,3,1,82944,3.7697905105003535e-08,7.7308264194720858e-11
67,3,2,82944,1.7198349608226197e-08,-2.9210909592973518e-10
67,3,3,82944,1.0311600892644761e-08,-2.0149749974321799e-10
67,3,4,82944,6.6271226270801874e-09,-1.6991693933248612e-10
67,3,5,82944,4.3174739191377942e-09,-1.8780449802912783e-10
67,3,6,82944,2.7401601644601861e-09,-1.4591107098967533e-10
67,3,7,82944,1.6349988899990265e-09,-1.6772423339588466e-10
67,3,8,82944,8.9188966342305985e-10,-1.5170940475557115e-10
67,3,9,82944,5.6057351476626678e-10,-4.7796500543296674e-11
67,3,10,82944,4.1631252031758244e-10,-8.2702993941076092e-11
67,3,11,82944,3.2031153962982793e-10,-2.214676982716072e-11
67,3,12,82944,3.2777024417491572e-10,8.9809690952284562e-26
67,4,0,82944,1.7479661848465739e-07,0
67,4,1,82944,2.3168606457849909e-08,1.1260384756209501e-10
67,4,2,82944,8.5586323431792839e-09,-5.0789916447701622e-11
67,4,3,82944,4.4833324452732778e-09,-3.4335807045030476e-11
67,4,4,82944,2.7155914660046902e-09,1.4606728940757624e-10
67,4,5,82944,1.6791051618818009e-09,-1.9822653378293708e-10
67,4,6,82944,9.2582820384354749e-10,-1.1214748610652266e-10
67,4,7,82944,6.9533060187669538e-10,4.0357391948268858e-11
67,4,8,82944,3.6334552544180214e-10,-3.5173083463730753e-11
67,4,9,82944,1.5049287736199118e-10,-1.2529322597736358e-11
67,4,10,82944,1.1492205629606208e-10,-6.8806609450097296e-11
67,4,11,82944,3.0722202951595914e-11,-4.4639904943625745e-11
67,4,12,82944,-4.4001686425779246e-11,5.0322547392729766e-26
67,5,0,82944,1.7394855844305281e-07,0
67,5,1,82944,1.4205678496701181e-08,1.4524299405740555e-10
67,5,2,82944,3.967382949414551e-09,3.5795017159163193e-11
67,5,3,82944,1.8576967762117074e-09,-1.4331756887502124e-10
67,5,4,82944,8.9675562258637307e-10,1.506731924346392e-10
67,5,5,82944,2.9871848165136929e-10,-5.5146291036532312e-11
67,5,6,82944,2.9521159994913423e-10,1.7098226072398548e-11
67,5,7,82944,1.9805323771097601e-10,2.7621379678170966e-12
67,5,8,82944,5.7662620519485075e-11,-5.2423705700772899e-11
67,5,9,82944,6.3101933012931552e-11,5.8183006570136866e-12
67,5,10,82944,1.7912196134923295e-11,-6.1381295197227378e-11
67,5,11,82944,-5.5350412749258823e-11,-3.7354849735709287e-11
67,5,12,82944,-4.0633511114075112e-11,5.2621268592496751e-26
67,6,0,82944,1.7489889018581622e-07,0
67,6,1,82944,8.8434587294229227e-09,1.5464504402938984e-10
67,6,2,82944,1.9107422479015965e-09,1.0224816280444267e-10
67,6,3,82944,9.8723436298669617e-10,6.1398755766117727e-11
67,6,4,82944,2.9720953473009298e-10,9.475017258300323e-12
67,6,5,82944,-1.6624628109291813e-11,-1.1421740551618353e-10
67,6,6,82944,2.6985384038492895e-11,6.6979028008186198e-11
67,6,7,82944,-5.1665815817452906e-11,-2.9727535986864181e-11
67,6,8,82944,-1.0280608005223126e-10,5.5969774551388451e-11
67,6,9,82944,-1.0783280414440297e-10,1.4741885574612933e-10
67,6,10,82944,-2.9509809743977813e-11,-4.4016319821649781e-11
67,6,11,82944,-1.1081011726146579e-11,-2.4865874778279381e-11
67,6,12,82944,-5.7762825349391596e-11,3.6472876823634747e-26
67,7,0,82944,1.7498277858472091e-07,0
67,7,1,82944,5.4278585489511344e-09,7.555052028023269e-11
67,7,2,82944,9.6262359218552223e-10,-1.3452260472837588e-11
67,7,3,82944,2.175496669537771e-10,2.4961874427655854e-10
67,7,4,82944,1.2944109753511968e-10,-3.3767718486312579e-10
67,7,5,82944,-4.3170430830500813e-11,-5.6585485833195844e-11
67,7,6,82944,7.2559039977463032e-11,7.0545390976962723e-11
67,7,7,82944,1.0333294444391746e-11,-5.6979194535376179e-11
67,7,8,82944,-9.0294557566838029e-12,-3.9074186155037965e-11
67,7,9,82944,-9.8130667287308625e-12,2.5455405632523106e-11
67,7,10,82944,8.692026478577714e-11,-5.720272126291705e-12
67,7,11,82944,-1.1452691681497714e-11,7.9202096474185774e-11
67,7,12,82944,-6.9122132301947826e-11,6.9709592999441352e-27
67,8,0,82944,1.7366257966550441e-07,0
67,8,1,82944,3.2658056995500541e-09,2.4393958996435712e-10
67,8,2,82944,5.2034115229091831e-10,1.8970908089545149e-12
67,8,3,82944,-5.5520548029998423e-12,1.0673820147864121e-10
67,8,4,82944,-1.1026183937867178e-10,-1.0127727502769694e-10
67,8,5,82944,-7.129282981811782e-11,-1.8020788816105567e-10
67,8,6,82944,4.3527511264124697e-12,-6.1042066378600534e-11
67,8,7,82944,1.6012179386072426e-12,-1.0956498388314655e-11
67,8,8,82944,-4.8562822833958032e-11,-6.3773148365998235e-12
67,8,9,82944,1.8132579171383182e-11,1.5217025001107096e-11
67,8,10,82944,2.10475465364301e-11,1.1775448287708619e-11
67,8,11,82944,-1.1681413303929939e-11,-3.5633693355319119e-11
67,8,12,82944,-2.9852801947690992e-11,-4.858230075776517e-26
67,9,0,82944,1.7417037791412163e-07,0
67,9,1,82944,1.9458412187301641e-09,1.0886048469841986e-10
67,9,2,82944,2.8200646379859643e-10,-2.1898027042369247e-10
67,9,3,82944,8.3464309212722227e-11,-4.5386980228301726e-11
67,9,4,82944,-1.3582598162615692e-10,-1.2637408146647772e-10
67,9,5,82944,-4.3145491349114374e-10,-4.4015699851564416e-12
67,9,6,82944,3.324195100401955e-11,-6.3570447603578931e-12
67,9,7,82944,8.1019576916700072e-11,1.8069541396651688e-11
67,9,8,82944,8.5416694882785069e-11,2.3906785304868847e-11
67,9,9,82944,-7.3883136837980672e-12,1.7190169491499367e-11
67,9,10,82944,-7.6278594624164069e-11,2.5177633227417051e-11
67,9,11,82944,2.2869023783822647e-11,-2.0252189537397073e-11
67,9,12,82944,-1.7060772854159913e-11,1.0212106327815156e-25
67,10,0,82944,1.761924923203134e-07,0
67,10,1,82944,1.3160795032426552e-09,2.4089151112686384e-11
67,10,2,82944,6.7600457835723039e-11,5.8407091563226745e-12
67,10,3,82944,2.9804505763559825e-11,-2.9658436288307408e-10
67,10,4,82944,8.7282941700868006e-11,-7.0312633202673547e-11
67,10,5,82944,-1.3509029411618343e-10,-9.9922568387011518e-11
67,10,6,82944,-7.7627576893989772e-11,-7.6941489113823072e-11
67,10,7,82944,-8.4107090825981431e-12,-4.0024006322290177e-12
67,10,8,82944,-3.3590633641072304e-11,2.6496962590134941e-11
67,10,9,82944,-5.5344554999947828e-11,-6.490372024772695e-11
67,10,10,82944,-6.9556660838888967e-11,-6.8391323002524564e-12
67,10,11,82944,-4.0631637638238138e-11,5.5449637563140842e-11
67,10,12,82944,-2.0978537526698551e-11,-1.6295489980126921e-25
68,1,0,82944,1.7687950083169807e-07,0
68,1,1,82944,1.0258475346871512e-07,-4.884796898310398e-10
68,1,2,82944,7.5222698627992544e-08,-8.2082923948453327e-10
68,1,3,82944,5.8918889373820423e-08,-1.0946444723543462e-09
68,1,4,82944,4.623599396290841e-08,-1.2796104665682871e-09
68,1,5,82944,3.6068201223840087e-08,-1.278021275494975e-09
68,1,6,82944,2.7523101447370189e-08,-1.2815670408428302e-09
68,1,7,82944,2.0686872709686559e-08,-1.2103114260846757e-09
68,1,8,82944,1.5483999267475374e-08,-1.0854851383394827e-09
68,1,9,82944,1.169438030377029e-08,-8.3707900550010139e-10
68,1,10,82944,9.0899820693863515e-09,-5.7449516161490169e-10
68,1,11,82944,7.5702287017464788e-09,-3.4114352188368241e-10
68,1,12,82944,7.0528562494133478e-09,2.0957256682214025e-25
68,2,0,82944,1.7538987503226249e-07,0
68,2,1,82944,6.2170975242148545e-08,-3.5600336640920449e-10
68,2,2,82944,3.5957257819297265e-08,6.0043070177520283e-11
68,2,3,82944,2.4117006684786624e-08,-5.9995479038815393e-11
68,2,4,82944,1.6595110551547799e-08,-6.7477166736976129e-11
68,2,5,82944,1.141460424437732e-08,-5.8664766772729554e-11
68,2,6,82944,7.5791257695033232e-09,-2.0129615271388553e-10
68,2,7,82944,4.8807721254299707e-09,-7.1416031302304516e-11
68,2,8,82944,3.3247700913895969e-09,8.2989873744568379e-11
68,2,9,82944,2.2571521627889221e-09,1.5104710115741031e-10
68,2,10,82944,1.432642429963438e-09,7.3889945503438888e-11
68,2,11,82944,9.4807186643378519e-10,2.7066029599375397e-11
68,2,12,82944,7.4647204003326569e-10,-4.0369732827144292e-26
68,3,0,82944,1.748832326320961e-07,0
68,3,1,82944,3.8460377853429243e-08,-9.9803959539244701e-11
68,3,2,82944,1.7732874595257125e-08,1.0167263535649841e-11
68,3,3,82944,1.0279552149818658e-08,8.4712707860227541e-11
68,3,4,82944,6.6837417473273216e-09,-8.2529681607065553e-11
68,3,5,82944,4.1756184973416529e-09,-5.1858228692111719e-11
68,3,6,82944,2.7534720174051467e-09,-3.3938647745135924e-11
68,3,7,82944,1.6560804811182748e-09,-8.0658850669539844e-11
68,3,8,82944,1.0846855481874919e-09,-1.2623217253768374e-10
68,3,9,82944,7.1625896969378077e-10,-1.5049397727436034e-11
68,3,10,82944,4.7793442842688446e-10,1.1861337434454413e-11
68,3,11,82944,3.4146910554454665e-10,-4.6711321121703949e-11
68,3,12,82944,3.5235143227420011e-10,3.8295398729306835e-26
68,4,0,82944,1.7396896138250815e-07,0
68,4,1,82944,2.3665713170011857e-08,-9.76152435593726e-11
68,4,2,82944,8.7310742546752102e-09,-1.4355869197418698e-11
68,4,3,82944,4.6228137688354738e-09,-9.8498456844234966e-11
68,4,4,82944,2.693568591433152e-09,-3.2052427621026512e-11
68,4,5,82944,1.5279923151246295e-09,-1.1228244771599855e-10
68,4,6,82944,9.4389481638173716e-10,1.3349734364046855e-10
68,4,7,82944,6.6373459186402392e-10,5.3315219186329544e-11
68,4,8,82944,4.8767293581209406e-10,-7.3757420935872232e-11
68,4,9,82944,1.6468991903913165e-10,-1.1469500393566581e-11
68,4,10,82944,1.4239038078430122e-10,-3.430542352641686e-11
68,4,11,82944,1.0953939427996234e-10,-3.0267437607354175e-11
68,4,12,82944,7.0029528296876392e-12,7.5394066248322831e-26
68,5,0,82944,1.7368358321923378e-07,0
68,5,1,82944,1.4826336254895735e-08,3.7121674044205553e-11
68,5,2,82944,4.2902619789537565e-09,8.2093902004491295e-11
68,5,3,82944,2.0525785069754237e-09,6.3888777342431548e-11
68,5,4,82944,6.7957191718077763e-10,5.4276323712538707e-11
68,5,5,82944,3.7522410617016357e-10,-1.1071289877116364e-10
68,5,6,82944,1.9199798488537172e-10,5.1125213404437002e-11
68,5,7,82944,1.4274791970411123e-10,6.8887813171983417e-11
68,5,8,82944,1.3906999187488287e-10,6.9829748756605565e-11
68,5,9,82944,3.7280847179626507e-11,-6.4269768673015047e-12
68,5,10,82944,9.6372063109487158e-11,-2.0759190049711173e-12
68,5,11,82944,-1.1115057881791228e-11,-4.6652983852095485e-11
68,5,12,82944,-4.8985168110008694e-11,-9.0731547962711729e-26
68,6,0,82944,1.7389046845523374e-07,0
68,6,1,82944,9.2062284372531508e-09,1.1687532817077299e-10
68,6,2,82944,2.2860054930442265e-09,-2.5521277131725553e-10
68,6,3,82944,6.3186587020330985e-10,-1.7427989455410846e-10
68,6,4,82944,2.4834192391319804e-10,1.3320421401645719e-11
68,6,5,82944,-3.115404313446801e-11,7.4147766502510994e-11
68,6,6,82944,1.2287593424410434e-10,2.2612413669029287e-10
68,6,7,82944,1.099121052104927e-11,1.1194967614111619e-10
68,6,8,82944,2.5053966085238673e-11,-3.9836413960231333e-11
68,6,9,82944,1.9272613201174628e-10,1.8133039461107551e-11
68,6,10,82944,2.8237063283737098e-11,-3.6396852436925476e-11
68,6,11,82944,2.4443818045263134e-11,3.1646413805647414e-11
68,6,12,82944,-5.4182168683444202e-11,-2.1355169809635728e-25
68,7,0,82944,1.7429373294069731e-07,0
68,7,1,82944,5.5494387677681347e-09,4.8308446680888733e-11
68,7,2,82944,1.3299446733944696e-09,1.0996492814062231e-10
68,7,3,82944,2.6636188302414523e-10,-1.5638450263853607e-12
68,7,4,82944,1.79990843947997e-10,-2.3086369041321977e-10
68,7,5,82944,-3.188870903829751e-11,4.1027725694060444e-11
68,7,6,82944,4.1432361580825274e-11,2.0169113064132905e-10
68,7,7,82944,-3.0839003615670918e-11,7.2280959982855396e-11
68,7,8,82944,3.3591205147391773e-11,-3.6152971084869469e-11
68,7,9,82944,1.2045272290321006e-10,8.1153533863464053e-11
68,7,10,82944,-5.7677144692054773e-11,-2.5956414605336932e-11
68,7,11,82944,-2.2968292261846468e-11,-5.5666401777103909e-11
68,7,12,82944,-5.3201819725477294e-11,-6.9739511279698619e-26
68,8,0,82944,1.7406328660180428e-07,0
68,8,1,82944,3.5184624080870134e-09,-1.1284047270421335e-11
68,8,2,82944,7.7905368855833112e-10,8.338033187822137e-11
68,8,3,82944,1.8887205040930871e-10,-7.2285549571248035e-11
68,8,4,82944,1.4807179026406143e-10,-1.3125550062085572e-10
68,8,5,82944,8.5164075559658331e-11,1.479941195258329e-10
68,8,6,82944,-4.9513012929855368e-11,-3.2107844178171262e-11
68,8,7,82944,-8.8104472338423895e-11,-1.661210590026352e-10
68,8,8,82944,-1.5227744185537248e-10,-1.6545908257329478e-10
68,8,9,82944,-5.1365689225508007e-11,-3.669747929201327e-11
68,8,10,82944,1.7782242544057967e-11,-7.8362913056815944e-11
68,8,11,82944,-7.7907372040334943e-11,2.3816423248838948e-11
68,8,12,82944,-1.5819143639386502e-11,6.202558135336559e-26
68,9,0,82944,1.7374244275706231e-07,0
68,9,1,82944,2.0961435698529336e-09,-3.8779814136416853e-11
68,9,2,82944,6.1348567454847869e-10,1.5735737200593869e-10
68,9,3,82944,5.1618220429003562e-11,8.349325578777891e-11
68,9,4,82944,-1.4362414414686605e-10,-9.0266902038047307e-11
68,9,5,82944,5.7956400220179287e-11,1.2111603049140829e-10
68,9,6,82944,-2.2408163695888935e-10,-6.0313085756987035e-11
68,9,7,82944,-8.0710678714630427e-11,-6.5844310667541251e-12
68,9,8,82944,-1.0386387235054064e-10,-6.7413400386002244e-11
68,9,9,82944,1.084840958033014e-10,-2.5732109044173455e-11
68,9,10,82944,-6.6411739818339741e-11,5.8875369659746296e-11
68,9,11,82944,2.524813865672852e-11,-4.0599939359534923e-11
68,9,12,82944,-1.245318117283834e-10,1.1712009444713007e-25
68,10,0,82944,1.7406478072570055e-07,0
68,10,1,82944,1.4265414128405002e-09,1.1802381969767909e-10
68,10,2,82944,1.3072622382525661e-10,1.6554922911555589e-10
68,10,3,82944,2.4743067066828318e-10,-4.9918057388566733e-11
68,10,4,82944,-5.438127755325893e-11,-2.9144901342480696e-12
68,10,5,82944,1.0534041064630947e-10,6.9467249390991382e-12
68,10,6,82944,-1.425283383452611e-11,-8.4570990979595285e-11
68,10,7,82944,-2.2164033250914414e-11,-1.223150506812341e-10
68,10,8,82944,-4.8195648329493465e-11,-7.7173396344241964e-11
68,10,9,82944,2.5688250184215325e-11,4.6774095803340287e-11
68,10,10,82944,-4.2404304685171486e-11,-5.1804960929064492e-11
68,10,11,82944,-1.5338011692954736e-11,-6.2452400861461954e-11
68,10,12,82944,2.3239951391214569e-11,-2.2698001955182907e-26
69,1,0,82944,1.7729033273796939e-07,0
69,1,1,82944,1.0277593430635775e-07,-4.0716562259387295e-10
69,1,2,82944,7.5161011503570491e-08,-7.6489811337607002e-10
69,1,3,82944,5.8689129764827468e-08,-1.0777315266654089e-09
69,1,4,82944,4.5909666062157612e-08,-1.1809192931527098e-09
69,1,5,82944,3.5490559389248755e-08,-1.2304865034729535e-09
69,1,6,82944,2.6973333184877332e-08,-1.0533631816589309e-09
69,1,7,82944,2.0098825219050483e-08,-8.5487538808631991e-10
69,1,8,82944,1.478537417868921e-08,-6.1874214844496811e-10
69,1,9,82944,1.0895840864926661e-08,-4.4818696907328384e-10
69,1,10,82944,8.264185758208885e-09,-3.0698892427477649e-10
69,1,11,82944,6.8059339374296401e-09,-1.6791071706117147e-10
69,1,12,82944,6.3207950203802281e-09,-2.2753600092661001e-25
69,2,0,82944,1.76384583085191e-07,0
69,2,1,82944,6.2625848330437623e-08,-2.1079669395402148e-10
69,2,2,82944,3.6431251415773528e-08,-2.3853812197886003e-10
69,2,3,82944,2.4297185227161391e-08,-2.6726303688260723e-10
69,2,4,82944,1.6921466491452731e-08,-2.5059049061717566e-10
69,2,5,82944,1.1652159130134862e-08,6.5232584198197176e-11
69,2,6,82944,7.935448796147582e-09,1.5554924973208446e-10
69,2,7,82944,5.3118232140882678e-09,1.3581951569508877e-10
69,2,8,82944,3.3869361452385183e-09,7.2174394304367709e-11
69,2,9,82944,2.1798919912345062e-09,5.2071496491590968e-11
69,2,10,82944,1.4539994534005676e-09,3.0235349834054284e-11
69,2,11,82944,9.8405935165208277e-10,3.8607797699408894e-12
69,2,12,82944,8.2050184386924106e-10,3.5939832797051035e-25
69,3,0,82944,1.7472721315622078e-07,0
69,3,1,82944,3.8543624764154813e-08,-2.4297674926623416e-10
69,3,2,82944,1.8368389239197364e-08,-3.5597189633844836e-10
69,3,3,82944,1.0487992793268673e-08,-3.8664247100518622e-10
69,3,4,82944,6.4726709798177373e-09,-4.2238150666762044e-10
69,3,5,82944,4.148283246059268e-09,-1.1601642680673533e-10
69,3,6,82944,2.557025511579007e-09,-3.2497128235281881e-10
69,3,7,82944,1.4341417435140387e-09,-3.5850761680977157e-10
69,3,8,82944,9.4550068817121747e-10,-2.4812932542775964e-10
69,3,9,82944,6.0011350929743914e-10,-1.0330084168280749e-10
69,3,10,82944,3.3424108931649582e-10,-3.5990853392669291e-11
69,3,11,82944,2.8500172989178622e-10,3.6808154756356724e-11
69,3,12,82944,1.9913604708462163e-10,-1.9945520171513976e-27
69,4,0,82944,1.7403509994077458e-07,0
69,4,1,82944,2.3767737667097917e-08,-1.3238257190823186e-10
69,4,2,82944,9.1510079615864367e-09,-1.0814586098017048e-10
69,4,3,82944,4.4472541313653455e-09,-2.3232552286325905e-10
69,4,4,82944,2.5170106014512925e-09,-2.8930221892451139e-10
69,4,5,82944,1.2960662741928141e-09,-1.9588939997163546e-10
69,4,6,82944,6.936841630204178e-10,-2.2888348922774441e-10
69,4,7,82944,3.1930573474941973e-10,-1.7227710456381854e-10
69,4,8,82944,3.7623214909435579e-10,-1.1395094648931614e-10
69,4,9,82944,2.4806775573469663e-10,-7.1577353766979707e-12
69,4,10,82944,7.1820892868379826e-12,6.7537787504070594e-11
69,4,11,82944,1.3303342444559055e-10,4.2508356773159661e-11
69,4,12,82944,4.0262510755955573e-11,3.0217463059843674e-26
69,5,0,82944,1.7413346577482146e-07,0
69,5,1,82944,1.4739227952265429e-08,-2.1549770966104725e-10
69,5,2,82944,4.6858583853714996e-09,-1.5882708316076019e-10
69,5,3,82944,2.0794261625238505e-09,-1.4460715065075951e-10
69,5,4,82944,1.1103726490854662e-09,-1.1184225970073054e-10
69,5,5,82944,4.267042630211578e-10,-1.0310852806627558e-10
69,5,6,82944,1.4784731107706831e-10,4.1848018141105234e-11
69,5,7,82944,2.3508037576204618e-10,1.1593957945026261e-11
69,5,8,82944,1.9550372069334408e-10,3.8842401189248444e-11
69,5,9,82944,3.5051535048847062e-11,5.6364103022866829e-11
69,5,10,82944,-2.8319920277973891e-11,-6.889644074058757e-12
69,5,11,82944,3.0429728885693343e-11,8.2952748874954395e-11
69,5,12,82944,3.5674831335406269e-11,8.712203210917305e-26
69,6,0,82944,1.744570476379391e-07,0
69,6,1,82944,9.3031357492812595e-09,-1.1219431757837756e-10
69,6,2,82944,2.2984060194183913e-09,-7.2008387126735222e-11
69,6,3,82944,6.3977242428713244e-10,1.0557062036038021e-10
69,6,4,82944,5.9687813574215531e-10,1.6073445451573137e-10
69,6,5,82944,1.5532675562400867e-11,1.7510436610294559e-10
69,6,6,82944,-4.7009817151324149e-12,3.1587579112908773e-11
69,6,7,82944,1.5556439727719559e-10,-8.8548114701362348e-11
69,6,8,82944,1.2133250328743905e-10,-8.2200579375709857e-11
69,6,9,82944,4.0866025599323079e-11,8.0213891134958566e-11
69,6,10,82944,1.4946855121057118e-11,-6.6997809820554272e-11
69,6,11,82944,9.7134712955452222e-12,1.0090434434668176e-10
69,6,12,82944,-3.2641807657963699e-11,1.8242172748866684e-25
69,7,0,82944,1.7539923137481262e-07,0
69,7,1,82944,5.7666486869355856e-09,-3.0489792508538015e-10
69,7,2,82944,9.9055106434664741e-10,-2.292655412577113e-10
69,7,3,82944,2.7375021884364603e-10,3.0674248481105936e-10
69,7,4,82944,1.4628705115875183e-10,1.6877763333528715e-10
69,7,5,82944,4.4495858415370116e-11,-3.3503237055286679e-11
69,7,6,82944,-4.3704256509881774e-12,1.4228255552697591e-10
69,7,7,82944,-1.8876757954758778e-11,9.768787429130454e-11
69,7,8,82944,-3.0177066906501074e-11,-1.9797453974210147e-10
69,7,9,82944,-2.5723968183578671e-11,8.4522044863645965e-12
69,7,10,82944,-7.3363632155581618e-11,4.4953650611197199e-11
69,7,11,82944,7.8794689345501896e-11,1.735870554883214e-11
69,7,12,82944,-1.3860345348015742e-10,-1.053123465055938e-26
69,8,0,82944,1.7447137930322776e-07,0
69,8,1,82944,3.6169700260770688e-09,-1.9720917693752664e-11
69,8,2,82944,4.9059091384516736e-10,4.1454739103029275e-12
69,8,3,82944,4.0424584797691046e-11,-1.7964360257428998e-10
69,8,4,82944,1.4292089841003588e-10,5.7085553216255377e-11
69,8,5,82944,2.0038804935289978e-10,8.8980735671273084e-12
69,8,6,82944,-4.2611633213784837e-11,4.1447515914868333e-11
69,8,7,82944,-1.840267635272271e-12,1.080500483936874e-10
69,8,8,82944,-5.4936565411283766e-11,-1.1513411534875416e-10
69,8,9,82944,-9.7248082899363767e-12,-1.3867606163839254e-11
69,8,10,82944,-4.2957365154285405e-12,1.6930244617051238e-11
69,8,11,82944,-6.2029285705219797e-11,-4.8570163994387894e-11
69,8,12,82944,-3.5082170348850449e-11,-1.7811349513161982e-25
69,9,0,82944,1.7391603218982084e-07,0
69,9,1,82944,1.9602774167620837e-09,-1.214861049281952e-11
69,9,2,82944,2.8643919899981384e-10,-4.5093344834059719e-11
69,9,3,82944,-8.2918422634721372e-12,3.2198000349135183e-11
69,9,4,82944,8.1147099101287023e-11,1.6958196658112163e-10
69,9,5,82944,1.8103099288685887e-10,7.5882402119935364e-11
69,9,6,82944,7.926869941476942e-11,3.7882956058267568e-11
69,9,7,82944,2.030586717643128e-11,1.0678855618217696e-10
69,9,8,82944,-4.0349160450339008e-11,-5.4446463090027285e-11
69,9,9,82944,-3.7736613921936439e-11,-6.5198310656891699e-13
69,9,10,82944,8.533591099574088e-12,3.6011897426536714e-11
69,9,11,82944,-7.6170068058832537e-12,-8.4501722479341204e-11
69,9,12,82944,-5.5427707665968492e-11,-5.969943506336277e-26
69,10,0,82944,1.7497747240996634e-07,0
69,10,1,82944,1.1742026971062838e-09,1.7134319526225851e-10
69,10,2,82944,1.9946103933915911e-10,-6.8896605435897378e-11
69,10,3,82944,1.4010920469437263e-10,5.3095881126171019e-11
69,10,4,82944,2.7012545560508176e-11,-1.3242232627096426e-10
69,10,5,82944,-1.8353006299873563e-10,1.3210814823734326e-10
69,10,6,82944,-2.5139690414162506e-12,9.7097317189694307e-11
69,10,7,82944,-1.5939061824561214e-10,2.0120785843813607e-11
69,10,8,82944,-3.9610940336764245e-11,-2.3187446107720696e-11
69,10,9,82944,1.0363821812674274e-11,3.2265799387097702e-11
69,10,10,82944,-5.6102688809337517e-12,-6.416175232018253e-12
69,10,11,82944,-1.9435648089332781e-10,-2.4620643406635027e-11
69,10,12,82944,-8.7592186345233638e-12,1.301943829195575e-26
70,1,0,82944,1.7629550219197573e-07,0
70,1,1,82944,1.0221803836017793e-07,2.2408721745660731e-10
70,1,2,82944,7.5044730413264471e-08,2.935211569601589e-10
70,1,3,82944,5.8663441638072115e-08,2.2559605730922766e-10
70,1,4,82944,4.586660011148931e-08,2.8027950827423507e-10
70,1,5,82944,3.5520834701614031e-08,3.3878090859827029e-10
70,1,6,82944,2.7053860558956222e-08,2.937994747072174e-10
70,1,7,82944,2.0337760460437385e-08,2.8344812061364785e-10
70,1,8,82944,1.5134259791732067e-08,2.80221721273131e-10
70,1,9,82944,1.1268697377962386e-08,2.0871524096222547e-10
70,1,10,82944,8.668800617760217e-09,1.2236506415175056e-10
70,1,11,82944,7.1494400935939234e-09,7.1504616850536989e-11
70,1,12,82944,6.6276872794936842e-09,-1.6031673078008326e-24
70,2,0,82944,1.7554411741083292e-07,0
70,2,1,82944,6.2531646578140518e-08,1.3428677349065712e-10
70,2,2,82944,3.6440974304016788e-08,1.669448993090093e-10
70,2,3,82944,2.4607987968360038e-08,-2.5712410849398813e-10
70,2,4,82944,1.7345478265065502e-08,-3.3485167112815341e-10
70,2,5,82944,1.2366082454492673e-08,-4.6709169099911435e-11
70,2,6,82944,8.5871488277950988e-09,7.1851972486735898e-12
70,2,7,82944,5.7689846998062531e-09,6.8797498511114113e-11
70,2,8,82944,3.9191498569844798e-09,2.2086494420341923e-11
70,2,9,82944,2.5055865249621498e-09,9.7477072665290987e-11
70,2,10,82944,1.6548552866816487e-09,3.7850743388517951e-11
70,2,11,82944,1.1760765869179435e-09,8.186945609043092e-11
70,2,12,82944,1.0344190019858966e-09,1.5911538716825276e-25
70,3,0,82944,1.7552217671791098e-07,0
70,3,1,82944,3.859571099160112e-08,1.151134432981147e-10
70,3,2,82944,1.7908088817242e-08,-5.7451868683332849e-11
70,3,3,82944,1.0544366130911424e-08,-2.4885719854434332e-10
70,3,4,82944,6.8784880422632057e-09,-2.7916669019307442e-10
70,3,5,82944,4.4809028961394896e-09,-2.8578523193986856e-10
70,3,6,82944,2.7975391083874869e-09,-1.2918618782592583e-10
70,3,7,82944,1.8710988376285638e-09,-1.4692210121728177e-10
70,3,8,82944,1.1509384935708312e-09,-8.4952700029071517e-11
70,3,9,82944,6.4626447097202e-10,-1.2582613841763669e-10
70,3,10,82944,5.124715113126769e-10,-2.0006358034111091e-10
70,3,11,82944,4.4902367621451817e-10,-3.7295927095504694e-11
70,3,12,82944,4.0611884023113881e-10,-7.888453227833778e-27
70,4,0,82944,1.7434889228999711e-07,0
70,4,1,82944,2.3599914868021446e-08,8.2560843691891151e-11
70,4,2,82944,8.8133331599189431e-09,2.4494619539863361e-10
70,4,3,82944,4.4218298024969185e-09,1.456039177041033e-10
70,4,4,82944,2.4568420577860731e-09,3.1357939276076559e-12
70,4,5,82944,1.4700030372679074e-09,-5.7228311787112106e-11
70,4,6,82944,8.4610810551066163e-10,3.0543308158837388e-11
70,4,7,82944,5.8492646268243083e-10,1.1163340010973593e-10
70,4,8,82944,1.6017083133030151e-10,1.6208412630313384e-11
70,4,9,82944,3.4782019810534647e-11,4.7963643182127161e-12
70,4,10,82944,3.2740415227710139e-11,1.9374930975530983e-11
70,4,11,82944,3.7283498851089502e-11,2.1099001379444108e-11
70,4,12,82944,6.6186678923846058e-12,-2.0515962048419278e-25
70,5,0,82944,1.7422920704680704e-07,0
70,5,1,82944,1.4635027264895359e-08,-3.5920574415630559e-11
70,5,2,82944,4.2930944919475708e-09,9.1102296094400599e-11
70,5,3,82944,1.8264762536604009e-09,2.5724198457754116e-10
70,5,4,82944,9.9975695239640875e-10,-2.1528201701565693e-11
70,5,5,82944,6.1268356999549557e-10,-1.1233716853489427e-10
70,5,6,82944,3.9314900014884027e-10,-8.8897541620079862e-11
70,5,7,82944,1.976616207303242e-11,-1.1573905657256283e-10
70,5,8,82944,5.5054708488510785e-11,-5.9110272889309921e-11
70,5,9,82944,-7.8604475933302043e-12,-4.2286521492847778e-11
70,5,10,82944,9.6797342856870346e-12,4.2891797389896975e-11
70,5,11,82944,-4.8224393938900465e-11,2.7745766742529873e-11
70,5,12,82944,-1.5750753681866504e-11,1.1977284862994143e-25
70,6,0,82944,1.7484649564460451e-07,0
70,6,1,82944,9.2081728306553558e-09,1.2039476737220574e-10
70,6,2,82944,1.9124891851814018e-09,4.9282311967185125e-11
70,6,3,82944,7.4604050679413677e-10,-8.8270775172558326e-11
70,6,4,82944,4.0774292534123918e-10,1.1352171597281043e-10
70,6,5,82944,3.6379519730189664e-10,-1.5144991943185892e-10
70,6,6,82944,8.2296182802632201e-11,-3.8291088594889122e-11
70,6,7,82944,9.3084319925988741e-11,2.5905405370122894e-11
70,6,8,82944,-3.4508646643143879e-11,1.0296470836987666e-11
70,6,9,82944,3.3575252406417585e-11,-8.1211286715136287e-11
70,6,10,82944,6.6693329693951886e-11,-1.057483700088325e-10
70,6,11,82944,3.5175966925016749e-11,-1.6624514478910805e-12
70,6,12,82944,-2.4936906749357469e-12,-4.7609956649403865e-26
70,7,0,82944,1.7463559588454776e-07,0
70,7,1,82944,5.569558314406325e-09,2.1719921747161549e-10
70,7,2,82944,8.7885420323747047e-10,-1.0892893689396003e-10
70,7,3,82944,5.0324772449399076e-10,2.4078402890476369e-10
70,7,4,82944,-2.0206848774399675e-11,4.5394882809525068e-11
70,7,5,82944,2.6975075636023604e-10,-7.0958258754951404e-11
70,7,6,82944,1.0075675085233159e-11,2.0079282478362234e-11
70,7,7,82944,9.7225989273591152e-11,6.8313367593458035e-11
70,7,8,82944,3.3412989458816294e-11,1.0793363431112698e-10
70,7,9,82944,6.2267212816592521e-11,8.7765345911601702e-11
70,7,10,82944,2.2961740522595124e-11,2.1066154642742113e-11
70,7,11,82944,-3.6643221738568696e-11,6.7737262524841407e-11
70,7,12,82944,-1.5568512222376486e-10,-8.2055869985608509e-26
70,8,0,82944,1.7473836481906734e-07,0
70,8,1,82944,3.371316403027725e-09,2.4087197193709596e-10
70,8,2,82944,5.6443955475261029e-10,-1.2445608399834542e-10
70,8,3,82944,1.0764056005453766e-10,-6.0008592428903742e-11
70,8,4,82944,1.132625834956892e-10,1.8115766695807221e-10
70,8,5,82944,5.1198398737801486e-11,-2.1064222582813359e-11
70,8,6,82944,-9.8369412310537724e-12,2.4226108996644519e-11
70,8,7,82944,2.8665931922938103e-11,-4.0899268105330116e-11
70,8,8,82944,-2.7376927119985987e-12,-8.7859580700667691e-11
70,8,9,82944,4.8079096014617185e-11,4.2467318168672041e-12
70,8,10,82944,1.6146342908517113e-11,-4.0202712059362283e-11
70,8,11,82944,-1.985715544793181e-11,5.8636564285402822e-11
70,8,12,82944,-1.1478173116692822e-10,7.8904477798509295e-26
70,9,0,82944,1.7487994857816863e-07,0
70,9,1,82944,2.2311475906523294e-09,1.4869432003797216e-10
70,9,2,82944,3.6323441840692633e-11,-3.5034605769556338e-11
70,9,3,82944,-2.0892121820335822e-10,5.4772691574480599e-12
70,9,4,82944,1.3851451949539066e-10,-3.5180963317200625e-11
70,9,5,82944,8.5650407305350316e-11,-1.0116028887500814e-11
70,9,6,82944,-4.1842360738084077e-11,-2.3001689026259903e-12
70,9,7,82944,-9.8600023578677586e-11,-9.516724970770209e-11
70,9,8,82944,1.2414472329767686e-10,-5.8617138173508115e-12
70,9,9,82944,-4.8316707327347157e-11,1.0331549451791161e-10
70,9,10,82944,-2.6742216516892763e-11,1.1428028242194569e-11
70,9,11,82944,-6.9457135498804416e-12,-8.5566936464214765e-11
70,9,12,82944,5.9034063681090023e-11,-1.1684085716472888e-25
70,10,0,82944,1.7523535096948857e-07,0
70,10,1,82944,1.2319998589186128e-09,1.5245578875377269e-11
70,10,2,82944,2.7528404480084025e-11,-5.5112776589946587e-11
70,10,3,82944,-1.3311824752669542e-10,1.3855779478455126e-10
70,10,4,82944,1.1480754120432696e-10,-1.7103169964120354e-10
70,10,5,82944,1.1343867300440379e-10,-5.5038049435532386e-11
70,10,6,82944,-1.9413999733984209e-10,-5.9980104974111934e-11
70,10,7,82944,-2.7695106665529366e-11,-2.0095711754690975e-11
70,10,8,82944,3.6406629538753285e-11,8.350599454592812e-11
70,10,9,82944,-7.7265966250252282e-11,1.9320502011753219e-11
70,10,10,82944,-8.4646792308660839e-11,6.5368876968694039e-11
70,10,11,82944,-4.4681935186035634e-11,-7.9459426171421738e-11
70,10,12,82944,7.5831941187589054e-11,-1.5886606816610884e-26
71,1,0,82944,1.7663072230044604e-07,0
71,1,1,82944,1.0228500497321249e-07,-3.8561984991197869e-10
71,1,2,82944,7.4953401300500047e-08,-5.6869545979337685e-10
71,1,3,82944,5.8199454831175302e-08,-5.364710743853e-10
71,1,4,82944,4.543277157724538e-08,-6.7217851880911683e-10
71,1,5,82944,3.5039918845216546e-08,-6.2786388769258909e-10
71,1,6,82944,2.6592067206593677e-08,-6.0144353736067387e-10
71,1,7,82944,1.9841049242905602e-08,-5.361272435045434e-10
71,1,8,82944,1.4682397813909273e-08,-3.9550780879787985e-10
71,1,9,82944,1.0886425644048594e-08,-3.0668046740005614e-10
71,1,10,82944,8.3041426453516464e-09,-1.5567286123129062e-10
71,1,11,82944,6.7729657908372802e-09,-5.1074675796361687e-11
71,1,12,82944,6.269777207494369e-09,6.4368182697509907e-25
71,2,0,82944,1.7500940818121478e-07,0
71,2,1,82944,6.1965150437300678e-08,1.2720116809386826e-10
71,2,2,82944,3.6310791756410463e-08,-3.1846732191791841e-11
71,2,3,82944,2.4443372322714125e-08,5.0232704418920291e-11
71,2,4,82944,1.6990935311653311e-08,4.6572586847131531e-11
71,2,5,82944,1.1812416927893754e-08,6.4992062940888751e-11
71,2,6,82944,7.9674158362075149e-09,1.8900452397998675e-11
71,2,7,82944,5.4030044830390845e-09,-5.5378692592197612e-12
71,2,8,82944,3.5126412126438556e-09,2.1037789355068667e-11
71,2,9,82944,2.4460439990624172e-09,-2.1807482762554966e-11
71,2,10,82944,1.6229291998192923e-09,-4.3307121185768567e-11
71,2,11,82944,1.193586588510489e-09,8.7871147219281731e-12
71,2,12,82944,1.1190795448086578e-09,7.6511015377927619e-26
71,3,0,82944,1.750477042081651e-07,0
71,3,1,82944,3.8117328755512654e-08,1.2165539074319915e-10
71,3,2,82944,1.7707659822358811e-08,1.1838903050762867e-11
71,3,3,82944,1.0095785305275534e-08,6.7019030400787503e-11
71,3,4,82944,6.4796677367992264e-09,1.6973158425425262e-11
71,3,5,82944,4.0760721796970076e-09,8.5559301269693146e-12
71,3,6,82944,2.5349250371591825e-09,-1.2007602048035933e-10
71,3,7,82944,1.4763176949212932e-09,-1.157766012714204e-10
71,3,8,82944,8.335096046238468e-10,-1.2308730813102924e-10
71,3,9,82944,4.5043370278699307e-10,-9.7672738884009718e-11
71,3,10,82944,2.7370996085971529e-10,-8.3469403976840871e-11
71,3,11,82944,1.528506196326779e-10,-1.2251981282901034e-10
71,3,12,82944,1.7444875109697313e-10,-2.6092230850370298e-25
71,4,0,82944,1.7506989748590634e-07,0
71,4,1,82944,2.3317792143088284e-08,4.0274051363749556e-10
71,4,2,82944,8.816904538647721e-09,1.6528985664499801e-10
71,4,3,82944,4.2720014511623986e-09,2.0384933028016296e-10
71,4,4,82944,2.370490414265838e-09,-1.0194786489681582e-10
71,4,5,82944,1.2488743977993455e-09,-1.4552059668173094e-10
71,4,6,82944,7.9678149949993093e-10,8.0504086991058676e-11
71,4,7,82944,4.3876346243987727e-10,1.8908323391275279e-10
71,4,8,82944,1.5178097393046872e-10,2.331337760004075e-10
71,4,9,82944,1.2935429322406393e-11,9.1687974771530023e-11
71,4,10,82944,4.8185048726828619e-11,5.9436442253640167e-11
71,4,11,82944,5.2189110192074188e-11,9.3014675144652645e-12
71,4,12,82944,1.9694274958379791e-11,1.7936632311739304e-25
71,5,0,82944,1.7513997514795422e-07,0
71,5,1,82944,1.4500220369700424e-08,1.3060502132761513e-11
71,5,2,82944,4.2896703677162986e-09,8.5196249466843638e-11
71,5,3,82944,1.5382254384365043e-09,2.1188766833016736e-10
71,5,4,82944,1.1558989514928972e-09,1.2294005553477783e-11
71,5,5,82944,3.6914889649242584e-10,-1.167830791695425e-11
71,5,6,82944,3.0797353848435725e-10,1.8767836550699815e-10
71,5,7,82944,-1.257980099465848e-11,-4.0817832120360965e-12
71,5,8,82944,5.1373979852914168e-13,-2.1598763683418546e-12
71,5,9,82944,-1.1207899648072863e-10,4.5905785406994991e-11
71,5,10,82944,-1.4599957299546888e-10,8.272550638734672e-11
71,5,11,82944,-6.4134474225355988e-11,2.4520267046992921e-11
71,5,12,82944,-4.1472402896906694e-11,8.2753963191611491e-26
71,6,0,82944,1.7440110220617775e-07,0
71,6,1,82944,8.7408192817247403e-09,-6.8347613140106198e-11
71,6,2,82944,2.484297028552687e-09,2.4615533687560382e-10
71,6,3,82944,8.2519785895279956e-10,2.6031059251471689e-10
71,6,4,82944,2.9528489724318931e-10,-7.1727909771238742e-12
71,6,5,82944,1.7301404461635398e-10,-5.6977164635921059e-11
71,6,6,82944,1.8840761391635703e-10,1.0000945992358603e-10
71,6,7,82944,1.0275606136980381e-11,-1.1938810466416364e-10
71,6,8,82944,-8.4993750863139784e-11,-1.1840713998231631e-10
71,6,9,82944,-5.1094631245881e-11,-3.337493907137899e-11
71,6,10,82944,-4.0136226872869277e-11,-2.7811943819495545e-11
71,6,11,82944,4.1409608807050341e-11,-1.026244054057539e-12
71,6,12,82944,5.5166810379323725e-11,-1.0690798811931492e-26
71,7,0,82944,1.7395836089811685e-07,0
71,7,1,82944,5.3159312396962088e-09,-1.0538355809987159e-10
71,7,2,82944,1.0250353515161581e-09,-4.823074560411509e-11
71,7,3,82944,4.3858806202161791e-10,-4.9711305561973796e-11
71,7,4,82944,7.8643413400700466e-11,1.0313313745637368e-10
71,7,5,82944,-1.5504473473941292e-10,1.1374957842602921e-10
71,7,6,82944,2.4753407142763545e-11,1.1497292374540133e-10
71,7,7,82944,-1.4017387918617624e-10,1.6447328225394662e-11
71,7,8,82944,-6.0281220043460862e-11,-4.7050387588225852e-11
71,7,9,82944,-4.5223588461933834e-11,1.604332316988866e-10
71,7,10,82944,-1.0076862406610875e-10,-5.4647090013888466e-11
71,7,11,82944,-8.1902688094030606e-11,1.1677023135508856e-11
71,7,12,82944,3.4225699042166598e-11,1.3814267270790582e-25
71,8,0,82944,1.7455534852076714e-07,0
71,8,1,82944,3.2724212688386573e-09,-1.2403591464193328e-10
71,8,2,82944,6.3992230722717473e-10,1.5748827865473025e-10
71,8,3,82944,6.142087272935851e-11,1.9622246170971273e-11
71,8,4,82944,1.418217372924283e-10,-8.2924248313673835e-11
71,8,5,82944,-9.8577295160947239e-11,-8.7277550398786231e-11
71,8,6,82944,6.1005922678561462e-11,4.3573645947751611e-12
71,8,7,82944,1.2748892403917782e-10,1.6259176487773649e-12
71,8,8,82944,6.6342823784373572e-12,7.5878872405480895e-11
71,8,9,82944,1.4923376501270888e-11,4.6019414778507558e-11
71,8,10,82944,5.0164544234374412e-11,-1.1185797021564104e-10
71,8,11,82944,-5.5775579783625095e-11,-1.3874002523455747e-11
71,8,12,82944,2.4039414255274144e-11,-1.1767856901193247e-26
71,9,0,82944,1.7316963361167606e-07,0
71,9,1,82944,1.8936325846264167e-09,-8.9604237448518476e-11
71,9,2,82944,3.5715320403231057e-10,6.9698096478791178e-11
71,9,3,82944,5.9309327012068739e-11,3.7478175632303118e-11
71,9,4,82944,-4.7375014013003809e-11,-2.2198776725180878e-10
71,9,5,82944,5.971748086432918e-12,-1.535714131725597e-10
71,9,6,82944,7.3966409462409258e-11,3.2087757823348957e-11
71,9,7,82944,-5.6738577354414473e-12,1.6770338285935902e-11
71,9,8,82944,1.3463132713058907e-10,-1.416207074490537e-11
71,9,9,82944,-7.4168120300810774e-14,2.8142416057139366e-11
71,9,10,82944,2.1276161123042234e-11,-6.8132504599307837e-11
71,9,11,82944,1.5485294898583664e-11,1.8394225010817823e-11
71,9,12,82944,3.228179911353907e-12,-7.1604417415735182e-27
71,10,0,82944,1.7481437234473724e-07,0
71,10,1,82944,1.3294201054693653e-09,-1.3899833809708949e-10
71,10,2,82944,6.9696648731143696e-11,2.2719762086052033e-10
71,10,3,82944,2.5091575316580004e-11,-1.5079902647422415e-10
71,10,4,82944,6.0609135554047574e-11,-2.3633651542191797e-10
71,10,5,82944,-1.1905872420062274e-10,-7.1529004665630459e-11
71,10,6,82944,1.56782091038127e-11,-1.0171075129638828e-10
71,10,7,82944,1.6050738388005368e-10,-2.4445913035952775e-10
71,10,8,82944,9.2316089647843482e-11,-4.1259033136461271e-11
71,10,9,82944,-3.541433209204083e-11,-4.1404581951778927e-11
71,10,10,82944,-9.8539169034130307e-11,-4.7987553874188896e-11
71,10,11,82944,-2.2673123141260726e-11,4.1943913640505752e-11
71,10,12,82944,5.6838100776836962e-11,-1.3293689194314066e-25
72,1,0,82944,1.7714995899986292e-07,0
72,1,1,82944,1.0267479409912955e-07,2.7514549626743536e-10
72,1,2,82944,7.5228301313040981e-08,3.2065703589189946e-10
72,1,3,82944,5.8655602309902354e-08,3.6998094289189647e-10
72,1,4,82944,4.5969498918750479e-08,4.4484268355365387e-10
72,1,5,82944,3.5385547161045105e-08,4.6385531755896621e-10
72,1,6,82944,2.6720716223334921e-08,4.5425172679298655e-10
72,1,7,82944,1.9827587142143667e-08,3.0103175350292433e-10
72,1,8,82944,1.4558535549866213e-08,3.3072720209057781e-10
72,1,9,82944,1.0624431063473118e-08,1.8614917432475044e-10
72,1,10,82944,7.9681273251317966e-09,1.5833856810997022e-10
72,1,11,82944,6.4132105880791398e-09,1.04442678935239e-10
72,1,12,82944,5.9544683374811627e-09,-8.1921736362455076e-25
72,2,0,82944,1.7560577766553319e-07,0
72,2,1,82944,6.2369777168635161e-08,1.0355757531589126e-10
72,2,2,82944,3.6426528108958521e-08,2.2195045073399433e-10
72,2,3,82944,2.4891158802702894e-08,-6.9334836068878458e-11
72,2,4,82944,1.7538933770751282e-08,9.0017992959058774e-11
72,2,5,82944,1.2273861400434861e-08,-6.5180775366956955e-11
72,2,6,82944,8.4183457855014817e-09,-3.0096635834072695e-11
72,2,7,82944,5.6526084133677055e-09,-1.004907165074695e-10
72,2,8,82944,3.8311051945671465e-09,9.7879128491515427e-11
72,2,9,82944,2.5888900342745767e-09,9.5218045691539727e-11
72,2,10,82944,1.6805444205852471e-09,1.1118277746163887e-10
72,2,11,82944,1.1454162651109776e-09,2.063346626180979e-11
72,2,12,82944,1.0084298541192757e-09,3.6287134167037525e-25
72,3,0,82944,1.7431983522356752e-07,0
72,3,1,82944,3.8161923102184599e-08,1.5850712829131241e-10
72,3,2,82944,1.7851338055981222e-08,2.3422382725486695e-11
72,3,3,82944,1.0790242410548431e-08,1.4665289077369954e-10
72,3,4,82944,6.907657502911228e-09,2.2414601914980324e-10
72,3,5,82944,4.4089911370150888e-09,9.3434097321692286e-11
72,3,6,82944,2.6226580315147929e-09,1.3529901142569815e-10
72,3,7,82944,1.6714526204940429e-09,1.2510526917384924e-10
72,3,8,82944,8.6782467563790654e-10,-2.6832770495653899e-11
72,3,9,82944,5.8105592038653124e-10,1.9241820442080535e-10
72,3,10,82944,3.1334737518400746e-10,2.9383687314080855e-11
72,3,11,82944,2.721895137465109e-10,1.7152545341742112e-11
72,3,12,82944,2.1685866963306085e-10,-1.8140450595991962e-25
72,4,0,82944,1.7520770225438553e-07,0
72,4,1,82944,2.3874556446558464e-08,1.2904374106513666e-10
72,4,2,82944,8.842495347250884e-09,9.3530878953449153e-11
72,4,3,82944,4.6337757225483876e-09,1.3767024050565206e-10
72,4,4,82944,2.4857490251644949e-09,3.733846557579664e-11
72,4,5,82944,1.6093945654568435e-09,-1.1840373513119254e-10
72,4,6,82944,9.7343498766566293e-10,4.2538833905070299e-11
72,4,7,82944,4.3615486493248738e-10,5.6122103416389435e-11
72,4,8,82944,2.3038174790075801e-10,-3.7976375870515295e-11
72,4,9,82944,1.6835615524653021e-10,3.7096279319332394e-11
72,4,10,82944,2.9765251099267609e-11,4.8244248069908797e-11
72,4,11,82944,4.7366697208067066e-11,3.0195973483809479e-11
72,4,12,82944,3.8444874156680876e-11,-2.8766426467366037e-26
72,5,0,82944,1.7436655996613044e-07,0
72,5,1,82944,1.4754408207004792e-08,2.1643268630094077e-11
72,5,2,82944,4.6551211397614693e-09,-1.7419568232525012e-11
72,5,3,82944,2.1562555234992268e-09,2.8617102242667846e-10
72,5,4,82944,9.0873852704161498e-10,-1.4047181141109904e-11
72,5,5,82944,5.5955672934544442e-10,-1.7261516862376612e-10
72,5,6,82944,2.8496240469346685e-10,-5.665376727434286e-11
72,5,7,82944,2.998426666193901e-11,8.9265981659168122e-12
72,5,8,82944,2.1488262557452692e-11,4.7344997592445034e-11
72,5,9,82944,3.286686687343951e-12,1.765353413565696e-10
72,5,10,82944,5.7814742479790969e-11,5.6159630358727691e-11
72,5,11,82944,1.7729496343463843e-11,-6.6543963346803678e-12
72,5,12,82944,8.07288026314069e-11,-8.4439359646104421e-26
72,6,0,82944,1.7400323745089601e-07,0
72,6,1,82944,9.1263938788703032e-09,-7.3737641849566392e-11
72,6,2,82944,2.1043341023096996e-09,-2.8953930188491161e-10
72,6,3,82944,8.0408263570514938e-10,-1.5409784467395707e-10
72,6,4,82944,2.8597072013759255e-10,2.7341515819426184e-11
72,6,5,82944,1.6224939812652659e-10,-1.9821107134737109e-11
72,6,6,82944,5.4181637202299073e-11,-1.9878989812563855e-10
72,6,7,82944,2.4108142592753341e-11,9.0690744327475688e-11
72,6,8,82944,-4.7334634879278999e-11,1.3132108746588632e-10
72,6,9,82944,1.1784741610557134e-11,1.331609740182913e-10
72,6,10,82944,-4.5127003682695888e-11,8.4787901435007084e-12
72,6,11,82944,4.3101681050550681e-11,5.7086934563903856e-11
72,6,12,82944,7.934249893339509e-11,-4.7470338008203269e-27
72,7,0,82944,1.7464726702570801e-07,0
72,7,1,82944,5.7504000167799902e-09,1.1312006197405964e-10
72,7,2,82944,1.3731389100510412e-09,-1.0906700109437294e-10
72,7,3,82944,5.0909591867200728e-10,8.4849767300391839e-11
72,7,4,82944,9.8914786485037134e-11,2.2526416795418806e-10
72,7,5,82944,2.9066381490180394e-10,-2.0310990632692842e-11
72,7,6,82944,2.3348232321837773e-10,-1.9418859191629839e-10
72,7,7,82944,1.3550381074535881e-11,2.2387198372591992e-11
72,7,8,82944,2.208859451442162e-11,4.7705300506527826e-11
72,7,9,82944,-8.8957811065049602e-12,-4.6832751479055202e-11
72,7,10,82944,-4.6261323651616922e-11,-1.1657415074829912e-11
72,7,11,82944,1.114261524510788e-11,-7.0826483176716444e-11
72,7,12,82944,1.317082831835428e-11,9.6536317630127649e-27
72,8,0,82944,1.748815435303858e-07,0
72,8,1,82944,3.5636818304976727e-09,1.4565914023720872e-11
72,8,2,82944,5.2603402019442458e-10,3.4042925484842347e-11
72,8,3,82944,-6.4662135641970115e-11,-8.8911116054194396e-11
72,8,4,82944,8.066397577691884e-11,-3.5915117079940592e-11
72,8,5,82944,9.3317579292929547e-11,6.6803654382254385e-11
72,8,6,82944,1.2918069471400647e-10,-2.1579772609232472e-11
72,8,7,82944,-3.1448188566482784e-11,9.2467600105303739e-11
72,8,8,82944,-3.8131680234882228e-11,2.2091810227280455e-11
72,8,9,82944,-1.3525156556589968e-11,-2.4310023191286329e-11
72,8,10,82944,1.6678714669538811e-11,-2.3613033786865651e-11
72,8,11,82944,5.6612113860277554e-11,-9.5634795429215611e-12
72,8,12,82944,-2.0411230936364784e-12,-9.9607927736540807e-26
72,9,0,82944,1.7370661822918464e-07,0
72,9,1,82944,2.1634861352128052e-09,2.7832039396440428e-10
72,9,2,82944,2.1789017775134768e-11,-6.7455413167104365e-11
72,9,3,82944,-8.639734690984713e-11,-9.4512128185235859e-11
72,9,4,82944,1.2224195209028376e-10,8.5471924018455872e-12
72,9,5,82944,8.4464361039500332e-11,1.1975239926589529e-10
72,9,6,82944,-1.2180096056124669e-10,-1.9492673767995362e-11
72,9,7,82944,4.6937871734020094e-11,-4.0654640203222812e-11
72,9,8,82944,5.3091961967946114e-11,2.4877084175433869e-11
72,9,9,82944,-2.396237079380713e-11,-4.7975809430075883e-11
72,9,10,82944,1.4709048107834997e-11,6.1191052825765821e-11
72,9,11,82944,6.0780415845854134e-11,2.983424270337885e-11
72,9,12,82944,9.5020681682594312e-11,-2.3495822762043467e-26
72,10,0,82944,1.7408734516294269e-07,0
72,10,1,82944,1.262394702440553e-09,3.550035228213365e-10
72,10,2,82944,1.1911263006650594e-10,-1.2229611861414211e-10
72,10,3,82944,-2.1207696182265695e-11,-1.5585881366084136e-10
72,10,4,82944,1.1933673607649136e-10,1.0214969252517329e-10
72,10,5,82944,-4.6373268180389955e-11,1.6921923565596474e-10
72,10,6,82944,-5.5543718874772046e-11,-4.5727498478946619e-11
72,10,7,82944,7.6005484441246245e-11,-1.6719807591291662e-10
72,10,8,82944,-1.5078653312871169e-10,4.9952348369595572e-11
72,10,9,82944,4.5009668218754489e-11,2.745371010409897e-11
72,10,10,82944,-5.2450125736796602e-12,9.2310490093111729e-11
72,10,11,82944,3.5816988720725264e-11,-1.1686926590116488e-11
72,10,12,82944,-6.2912941721023087e-11,-1.8639088600279811e-26
73,1,0,82944,1.7648875899778409e-07,0
73,1,1,82944,1.0255332587020166e-07,-3.4674880754847643e-11
73,1,2,82944,7.5249697535750988e-08,9.4765425544801871e-11
73,1,3,82944,5.9058475439408871e-08,-7.4076435213793484e-11
73,1,4,82944,4.6582070045034719e-08,-1.0461195043691775e-10
73,1,5,82944,3.6341818487521132e-08,-1.6776471421995254e-10
73,1,6,82944,2.7866973666915655e-08,-3.0459913206144644e-10
73,1,7,82944,2.1010483653987544e-08,-3.237615246301904e-10
73,1,8,82944,1.5677560268932814e-08,-3.3869432523753725e-10
73,1,9,82944,1.1561714752441996e-08,-2.762343474246983e-10
73,1,10,82944,8.7480944700561862e-09,-1.5795028041136249e-10
73,1,11,82944,7.0972966175570715e-09,-8.6775625270229176e-11
73,1,12,82944,6.5479303582968997e-09,-1.8224221780712321e-25
73,2,0,82944,1.7462691685043337e-07,0
73,2,1,82944,6.2698611771128184e-08,-1.1122010175053622e-10
73,2,2,82944,3.6687904989624538e-08,7.2787476950647379e-11
73,2,3,82944,2.5093938315835474e-08,1.0252127676828445e-10
73,2,4,82944,1.7674130951744704e-08,2.4141604795675386e-11
73,2,5,82944,1.2348326187545622e-08,4.687208657285721e-11
73,2,6,82944,8.4664283011250388e-09,1.6066340882118859e-11
73,2,7,82944,5.833177624512176e-09,2.2036123983069846e-11
73,2,8,82944,3.9153768929905402e-09,6.2701926788933746e-11
73,2,9,82944,2.5629228820592389e-09,-3.8709029372551107e-11
73,2,10,82944,1.6734607083846196e-09,-2.0118834220872681e-11
73,2,11,82944,1.3505768735899773e-09,2.8460603260526793e-11
73,2,12,82944,1.2377190231882902e-09,-1.111563839158474e-25
73,3,0,82944,1.7449613394328848e-07,0
73,3,1,82944,3.8301999435324772e-08,-6.1425042209357418e-11
73,3,2,82944,1.7930915739153358e-08,-1.6855336869566917e-11
73,3,3,82944,1.0680832002561786e-08,6.7972546166676346e-11
73,3,4,82944,6.7047231226130506e-09,1.0207984437152356e-10
73,3,5,82944,4.1426050254868162e-09,1.5536867044802167e-10
73,3,6,82944,2.5318418386567941e-09,1.6968420791122149e-11
73,3,7,82944,1.6042617246507316e-09,4.2121229931239653e-11
73,3,8,82944,8.4404027969396212e-10,-6.8603854254988469e-11
73,3,9,82944,4.0317843703784252e-10,-7.4640576609446484e-11
73,3,10,82944,2.4834028991525162e-10,-2.9737598059169607e-11
73,3,11,82944,1.6018683994253284e-10,-1.2695109770232943e-12
73,3,12,82944,1.3853849487604997e-10,-1.6904825621366671e-25
73,4,0,82944,1.739090867234601e-07,0
73,4,1,82944,2.3761299404860387e-08,-1.5260168936158738e-11
73,4,2,82944,8.6559006108207959e-09,-3.3322960851033888e-10
73,4,3,82944,4.5050976934355486e-09,-2.7957398001811194e-10
73,4,4,82944,2.5810748556860808e-09,-5.4866608428370092e-11
73,4,5,82944,1.3041793568773452e-09,-1.7191644178397016e-10
73,4,6,82944,7.4746889999932023e-10,-2.4665438212589059e-11
73,4,7,82944,5.6688200819771755e-10,-1.7381259753274744e-10
73,4,8,82944,3.1076951421416478e-10,3.0871356496928604e-11
73,4,9,82944,8.4863509464887894e-11,-1.2569656419550351e-10
73,4,10,82944,2.2850132710742766e-11,-5.7497916664160104e-11
73,4,11,82944,2.2943586419478568e-11,9.1742358151178038e-11
73,4,12,82944,-2.7379979982583274e-11,7.6633181688978136e-26
73,5,0,82944,1.7402639795217066e-07,0
73,5,1,82944,1.4756392682531632e-08,5.8733297847944808e-11
73,5,2,82944,3.948078134232749e-09,1.6457130397654395e-11
73,5,3,82944,1.7261423106055501e-09,-9.6468699627501677e-11
73,5,4,82944,9.9152007571063389e-10,-3.4983590622411594e-12
73,5,5,82944,4.4210065962769464e-10,6.9964133303627692e-11
73,5,6,82944,3.657362546328187e-10,-3.4332356101347179e-11
73,5,7,82944,6.7035955999803791e-11,-2.3097419664478286e-11
73,5,8,82944,3.3442735625576766e-11,2.4539781046690468e-11
73,5,9,82944,3.9111582892000485e-11,1.2451080918384571e-11
73,5,10,82944,-6.1468244754017279e-11,-1.0661952264923175e-10
73,5,11,82944,-2.1250823857786161e-11,-4.8126231729650249e-11
73,5,12,82944,5.2047815784113683e-11,-1.2397138062604513e-25
73,6,0,82944,1.7369998230023039e-07,0
73,6,1,82944,9.1541529723263397e-09,-8.5321029357101136e-11
73,6,2,82944,2.1065637626232135e-09,-7.4054111487451183e-11
73,6,3,82944,6.574473527669809e-10,-2.9659186379657374e-10
73,6,4,82944,4.134805547898529e-10,1.8502626418992563e-10
73,6,5,82944,1.1375736112098126e-10,1.8404435894788023e-11
73,6,6,82944,1.5904748102014094e-10,-5.4676251315635423e-11
73,6,7,82944,1.837763194940228e-10,3.4389945388699236e-12
73,6,8,82944,8.5368495055310429e-11,-7.2033141353588375e-11
73,6,9,82944,1.1512332020292962e-10,1.0667491599026773e-10
73,6,10,82944,4.678966902868043e-11,3.2432001394984568e-11
73,6,11,82944,2.5019015144699058e-11,-3.5570588752906169e-11
73,6,12,82944,-5.7145116998329337e-11,1.1937393822651115e-25
73,7,0,82944,1.7368414299446218e-07,0
73,7,1,82944,5.7290812592131201e-09,-3.0156588733448349e-10
73,7,2,82944,1.1692085027086535e-09,-6.2481228087300963e-11
73,7,3,82944,1.4440078176442691e-10,-2.813572541789894e-10
73,7,4,82944,3.2482330229548011e-10,2.1110915567362995e-11
73,7,5,82944,3.2387854237946665e-11,5.0976603491304052e-11
73,7,6,82944,2.1193406579182971e-11,4.7499507462241267e-11
73,7,7,82944,-1.5360093427591813e-11,2.3696808965679568e-11
73,7,8,82944,6.3066256717837694e-11,-9.8252927415989233e-11
73,7,9,82944,7.0129151275391861e-11,-4.2895175413624352e-11
73,7,10,82944,4.2664414250174385e-11,-7.7784620042363441e-11
73,7,11,82944,2.1259223839544139e-11,-2.2241428755475879e-11
73,7,12,82944,1.2258021148234399e-11,-1.8298020205346922e-25
73,8,0,82944,1.7431083107784799e-07,0
73,8,1,82944,3.5372055034903459e-09,-5.8641840804963685e-11
73,8,2,82944,5.0229237982890967e-10,8.4904249426683518e-11
73,8,3,82944,3.0118661700095568e-10,-1.3458887296639471e-10
73,8,4,82944,3.5002203851486694e-10,9.9547830957432423e-11
73,8,5,82944,8.4942496838174566e-11,1.0683907941827451e-10
73,8,6,82944,1.6202649999599968e-10,4.2729803250794066e-11
73,8,7,82944,8.471672675182229e-11,1.2664779105339691e-11
73,8,8,82944,7.8982927635153126e-11,-1.6499109968151608e-10
73,8,9,82944,-3.0171863289378352e-11,4.2053407051712018e-11
73,8,10,82944,-1.4267471008881639e-11,-1.0729917212948065e-11
73,8,11,82944,5.2904570064416026e-11,-2.59573124387977e-12
73,8,12,82944,1.4839947056014556e-10,2.6308141106226934e-26
73,9,0,82944,1.7433177192173293e-07,0
73,9,1,82944,2.0041836794746124e-09,6.9859989600214458e-11
73,9,2,82944,-1.3935502644907249e-11,-4.5062862059828812e-11
73,9,3,82944,2.205870213410529e-11,-6.400934642740066e-11
73,9,4,82944,2.7416918957349565e-10,1.4768032532295376e-11
73,9,5,82944,8.0746078315135951e-11,-6.1794220614722743e-11
73,9,6,82944,4.4321090440687242e-11,-1.4352238632637877e-11
73,9,7,82944,3.5160178460410491e-11,7.5639814230243235e-11
73,9,8,82944,2.4941663392539768e-11,-9.130975937250501e-11
73,9,9,82944,-2.9106397939551126e-11,-3.5644049490412909e-12
73,9,10,82944,-7.8083781052354644e-12,-9.0859311497410566e-11
73,9,11,82944,5.7367413885746503e-11,1.74039664311182e-11
73,9,12,82944,1.4589020494459734e-10,1.1289164417076911e-26
73,10,0,82944,1.7502175935886554e-07,0
73,10,1,82944,1.4752500462155154e-09,-1.2786014762500045e-10
73,10,2,82944,-3.9432325318206815e-11,6.9078141418814018e-11
73,10,3,82944,1.0362748202617546e-10,5.7128784476074473e-11
73,10,4,82944,1.0716296835154526e-10,1.1245926039473266e-10
73,10,5,82944,-9.1302104775749569e-11,-9.0273747315872553e-11
73,10,6,82944,-9.8393225366189021e-11,1.6734394287681675e-11
73,10,7,82944,9.5517224379116298e-11,3.1764242393978095e-11
73,10,8,82944,-9.4684476059724135e-11,3.1349984109214767e-11
73,10,9,82944,1.6494110470456059e-11,7.8196054882785343e-12
73,10,10,82944,-1.0213181705940972e-10,7.8133846122646357e-11
73,10,11,82944,-1.8180219644393106e-11,-4.1518069037394301e-11
73,10,12,82944,1.9085920566910445e-11,1.789512069788234e-25
74,1,0,82944,1.7719618993985579e-07,0
74,1,1,82944,1.0262651709291012e-07,-2.3954014021925382e-10
74,1,2,82944,7.5135443040464057e-08,-3.6292068522502619e-10
74,1,3,82944,5.8871985511461765e-08,-3.6851387589301519e-10
74,1,4,82944,4.6376219947187292e-08,-2.5647051587955005e-10
74,1,5,82944,3.6147851224485366e-08,-2.1446916716082503e-10
74,1,6,82944,2.7787518867805784e-08,-2.9364456445610378e-10
74,1,7,82944,2.1044600977740801e-08,-2.7348228619088693e-10
74,1,8,82944,1.5731824650714068e-08,-2.3015348860176436e-10
74,1,9,82944,1.1937667690273634e-08,-2.1911428272941219e-10
74,1,10,82944,9.3919024338558897e-09,-8.2256928952896911e-11
74,1,11,82944,7.921058990719539e-09,-5.4977131854188963e-11
74,1,12,82944,7.4088454307343282e-09,-3.4997905606951286e-25
74,2,0,82944,1.747533160852183e-07,0
74,2,1,82944,6.2244456529616176e-08,-7.5826558719795639e-11
74,2,2,82944,3.6026284149663819e-08,-2.0096638203246149e-10
74,2,3,82944,2.4193849640359376e-08,-1.7276955803389882e-10
74,2,4,82944,1.6790942638838098e-08,-2.780661392638899e-11
74,2,5,82944,1.1717863235058066e-08,1.3742238848749485e-10
74,2,6,82944,8.1631148069743124e-09,2.5876912518700512e-10
74,2,7,82944,5.748113699554073e-09,2.4396026979127019e-10
74,2,8,82944,3.8830644367189128e-09,2.3578126228861805e-10
74,2,9,82944,2.6488974463843276e-09,1.182163721409284e-10
74,2,10,82944,1.8848794449672334e-09,2.9586288682208694e-11
74,2,11,82944,1.3214183997978665e-09,-2.8027382321290301e-11
74,2,12,82944,1.1578336550110319e-09,3.3556343136555114e-25
74,3,0,82944,1.7373988167710918e-07,0
74,3,1,82944,3.8161277883870932e-08,8.3717983265358831e-11
74,3,2,82944,1.7621980849938615e-08,-1.0418920295519119e-10
74,3,3,82944,1.0275530040366511e-08,-1.9405510420015451e-10
74,3,4,82944,6.519139752283534e-09,1.0800848875394454e-10
74,3,5,82944,4.1826245157060195e-09,1.5470265157677588e-10
74,3,6,82944,2.6192287205488277e-09,1.3993036473137584e-10
74,3,7,82944,1.7849230654555403e-09,6.2409977355290501e-11
74,3,8,82944,1.020293248704836e-09,2.8779122750493005e-11
74,3,9,82944,6.7193907738506422e-10,-9.9800577306876625e-12
74,3,10,82944,3.948484374124539e-10,-8.1049305076636836e-11
74,3,11,82944,3.4148167963904121e-10,2.1729181529165595e-11
74,3,12,82944,2.563704895316849e-10,3.878206942149178e-25
74,4,0,82944,1.7480174272160145e-07,0
74,4,1,82944,2.392361783827556e-08,-3.5863299742582451e-11
74,4,2,82944,8.9581796402226905e-09,-2.2239747217270344e-11
74,4,3,82944,4.8375613509140644e-09,9.8483224640117096e-11
74,4,4,82944,2.7822376116702034e-09,2.4618457954259105e-10
74,4,5,82944,1.5387138514711365e-09,2.4196505950598583e-10
74,4,6,82944,7.6141419989763387e-10,7.4299482152392366e-11
74,4,7,82944,3.339979883203082e-10,-5.0437626029777212e-12
74,4,8,82944,2.3616237570913059e-10,1.5446867032445344e-12
74,4,9,82944,1.9885867035651241e-10,-2.1880951896747645e-11
74,4,10,82944,8.0526203041497911e-11,3.2133937333073354e-11
74,4,11,82944,1.4374084246924314e-10,5.4784089408431448e-13
74,4,12,82944,1.6223000109911571e-10,-1.5635293262449806e-25
74,5,0,82944,1.7522052411776074e-07,0
74,5,1,82944,1.4846211271328655e-08,-1.4140193808969938e-10
74,5,2,82944,4.3866244750199207e-09,1.4833461157365084e-10
74,5,3,82944,2.3059731894781516e-09,-1.0395119278048073e-10
74,5,4,82944,1.0501977781714482e-09,3.6022172139886445e-10
74,5,5,82944,5.9858233377395452e-10,2.3751447538375811e-10
74,5,6,82944,1.9076484107714847e-10,1.5168021730581881e-10
74,5,7,82944,-1.7913657132049243e-11,-1.5975013280163256e-12
74,5,8,82944,6.374887945445885e-11,4.6500928662186269e-11
74,5,9,82944,-1.1889922515770647e-11,8.1145859255087527e-11
74,5,10,82944,4.8537099686172652e-11,4.0960489691957861e-11
74,5,11,82944,8.3816565294120186e-11,7.2722395408722079e-11
74,5,12,82944,-4.3865365896649081e-11,6.5660652404624013e-26
74,6,0,82944,1.7497076930054526e-07,0
74,6,1,82944,9.0479309481279857e-09,2.0398396731355677e-10
74,6,2,82944,2.4359318367407378e-09,3.8037350667204254e-12
74,6,3,82944,1.069970857634784e-09,6.1422217484265923e-11
74,6,4,82944,2.2788735195717063e-10,1.2126025125313854e-10
74,6,5,82944,1.6923098465556208e-10,2.9567867917248331e-10
74,6,6,82944,8.7616032667250916e-11,1.1791115043351454e-10
74,6,7,82944,6.4032113658760665e-11,1.2428619221887604e-10
74,6,8,82944,-9.3792444984959991e-12,8.0056363321284479e-11
74,6,9,82944,-9.0682338470241021e-11,9.1420554703560696e-11
74,6,10,82944,-1.9130726310064913e-11,-2.8166276669958895e-11
74,6,11,82944,-1.0238473939766289e-10,3.8241910321011224e-11
74,6,12,82944,3.4443448313864687e-11,-4.6901890683315118e-26
74,7,0,82944,1.7406641908249349e-07,0
74,7,1,82944,5.5248783612051813e-09,-3.0629679487989509e-10
74,7,2,82944,1.3181985431798409e-09,-4.6532934212633711e-11
74,7,3,82944,5.1825354102561193e-10,1.9641500516986757e-10
74,7,4,82944,-7.1652919055771263e-12,-8.3741203756681356e-11
74,7,5,82944,4.3380999456652713e-11,-5.5435179472698288e-13
74,7,6,82944,-1.7434900119087648e-10,2.3405880473814819e-10
74,7,7,82944,1.5800561015616657e-10,1.9563970765537698e-10
74,7,8,82944,5.4030974822399321e-11,1.0040990362679753e-10
74,7,9,82944,1.9647925614622439e-11,-7.6591933209948044e-11
74,7,10,82944,-2.4374529789238968e-11,-3.2455832515013708e-11
74,7,11,82944,2.0691427791018291e-11,7.9946913522950189e-11
74,7,12,82944,-5.6640761023947225e-11,5.959721427248376e-26
74,8,0,82944,1.7348242229680367e-07,0
74,8,1,82944,3.418331094022661e-09,-3.4367591463810146e-11
74,8,2,82944,8.3381619717329839e-10,7.6475602729660721e-11
74,8,3,82944,2.784284953115536e-10,1.7586959021836009e-10
74,8,4,82944,1.9803873460594754e-10,2.3048068602236736e-11
74,8,5,82944,-9.2766126830947418e-11,5.5778388695607248e-11
74,8,6,82944,-2.5198647747829757e-10,-2.2364208823641869e-11
74,8,7,82944,1.088734346529285e-10,1.0994006356891315e-10
74,8,8,82944,5.5059769126566477e-11,2.6986265757505934e-11
74,8,9,82944,3.1454341116066252e-11,5.4086104078869653e-11
74,8,10,82944,4.354411360486995e-11,-3.20412027429819e-11
74,8,11,82944,2.2492831333407913e-11,7.8674015103324936e-11
74,8,12,82944,-1.5408028720468126e-11,-7.8515540155164773e-26
74,9,0,82944,1.7408696072325931e-07,0
74,9,1,82944,1.9825508449416832e-09,-2.5080339930273612e-10
74,9,2,82944,2.0120477365485805e-10,7.4844386841038611e-11
74,9,3,82944,-2.0591219244146493e-11,-2.66195377136601e-10
74,9,4,82944,-2.3558945420376259e-11,8.4114262279515249e-11
74,9,5,82944,-4.7298275583917115e-11,-5.9550158284270509e-11
74,9,6,82944,-5.4511102125889487e-11,-1.479729068376668e-10
74,9,7,82944,-9.1780180491211932e-11,-2.9798532172223077e-11
74,9,8,82944,6.4642104802177161e-11,-1.0866409450500241e-10
74,9,9,82944,1.7590564200232599e-11,-4.39090467246649e-11
74,9,10,82944,6.9507884391192835e-11,-9.2578935055258406e-12
74,9,11,82944,7.7625111822540849e-11,8.5574788892696994e-11
74,9,12,82944,6.877848930218528e-11,4.9345216904325578e-26
74,10,0,82944,1.7465615099432963e-07,0
74,10,1,82944,1.2287563297523736e-09,-1.3972402807929375e-10
74,10,2,82944,1.9083958745718131e-10,-2.132410180471705e-10
74,10,3,82944,-8.4883163022196156e-11,-2.7829104809644064e-10
74,10,4,82944,-2.3438689067242886e-11,-1.0970015578298842e-10
74,10,5,82944,6.4584903211930406e-12,-5.6892208602067235e-13
74,10,6,82944,1.3609694343792655e-10,-1.6789704323302108e-10
74,10,7,82944,2.0231551426463622e-11,-4.7845036199748866e-11
74,10,8,82944,-8.777798693022961e-12,1.0761168230944821e-10
74,10,9,82944,1.9896540315521072e-10,1.6260415131971566e-11
74,10,10,82944,2.6514540891854092e-11,-4.1961077786937505e-11
74,10,11,82944,6.762493265224366e-11,-6.1835321927458978e-11
74,10,12,82944,-3.1427917606922224e-11,7.0307958604586772e-26
75,1,0,82944,1.7715640011795521e-07,0
75,1,1,82944,1.027232075501538e-07,-1.6468941378549758e-10
75,1,2,82944,7.5014549463796668e-08,-2.7956521509511458e-10
75,1,3,82944,5.8441384789059098e-08,-4.5436980094209491e-10
75,1,4,82944,4.5830372596864824e-08,-5.5981215259798903e-10
75,1,5,82944,3.5454427126108576e-08,-6.6826555022316148e-10
75,1,6,82944,2.6891895252179486e-08,-6.709658063700809e-10
75,1,7,82944,1.9996473547392085e-08,-6.9132900963142359e-10
75,1,8,82944,1.4676801517931076e-08,-5.0597668916774844e-10
75,1,9,82944,1.065628563540695e-08,-3.4185905131024132e-10
75,1,10,82944,7.924136222355556e-09,-1.8292512935213446e-10
75,1,11,82944,6.2370050845786781e-09,-7.7921471620225261e-11
75,1,12,82944,5.7117170900179584e-09,-1.0378651421247299e-25
75,2,0,82944,1.7613518984431874e-07,0
75,2,1,82944,6.245731337204408e-08,6.457010841651178e-11
75,2,2,82944,3.6270864408071169e-08,1.1079824216323312e-10
75,2,3,82944,2.418578033379281e-08,6.1630930348090105e-11
75,2,4,82944,1.7000181657040593e-08,-1.7843889656971424e-11
75,2,5,82944,1.2082010217762693e-08,-1.1964153223699665e-10
75,2,6,82944,8.3416828110235326e-09,-1.841940928572914e-10
75,2,7,82944,5.8236902614056637e-09,-7.1329476333730486e-11
75,2,8,82944,3.9345436395110846e-09,-7.7849468010141387e-11
75,2,9,82944,2.613436034509239e-09,-1.966831113421406e-10
75,2,10,82944,1.8136309762262836e-09,-7.7677269705539791e-11
75,2,11,82944,1.3626939919136093e-09,-4.8455059205414276e-11
75,2,12,82944,1.2227838214733055e-09,-7.0023734942142701e-26
75,3,0,82944,1.7547868156179446e-07,0
75,3,1,82944,3.8319079090793385e-08,1.2373250900343711e-10
75,3,2,82944,1.7810113670576742e-08,8.8511732190218316e-11
75,3,3,82944,1.0022535024324343e-08,2.4987015972808312e-10
75,3,4,82944,6.075032128738086e-09,2.0442339017667416e-10
75,3,5,82944,3.8664879623295188e-09,4.581867392374525e-11
75,3,6,82944,2.3775396038293151e-09,2.9678793711815338e-11
75,3,7,82944,1.4708061066262141e-09,5.9982371789580783e-12
75,3,8,82944,8.1114951572991425e-10,-9.8438452175289637e-11
75,3,9,82944,5.8707724239340265e-10,-9.5645803355184467e-11
75,3,10,82944,3.307294573922995e-10,-4.2918446982176611e-11
75,3,11,82944,2.0296192078969934e-10,4.805838402683655e-12
75,3,12,82944,6.0490915192772265e-11,-8.3631566079158105e-26
75,4,0,82944,1.740869669918553e-07,0
75,4,1,82944,2.3533656296212723e-08,1.0567094478107842e-10
75,4,2,82944,8.7968977803791301e-09,1.1488389579471078e-10
75,4,3,82944,4.3998719519011872e-09,2.6477930923850127e-11
75,4,4,82944,2.5146286227861313e-09,-5.1944702543160017e-11
75,4,5,82944,1.496946162965215e-09,-3.4762199648165709e-12
75,4,6,82944,6.8824160357592421e-10,1.5992306907502379e-10
75,4,7,82944,4.7394949773840667e-10,-8.2426420359975582e-11
75,4,8,82944,3.8717103654468868e-10,4.8937665904151278e-11
75,4,9,82944,2.5897432075468366e-10,2.2673683877791624e-11
75,4,10,82944,1.3538634514471368e-10,1.1679139672228173e-11
75,4,11,82944,9.9282848816196243e-11,-2.8675522355406889e-12
75,4,12,82944,-7.0481856974978786e-11,-2.7311400770854091e-25
75,5,0,82944,1.7377230647723454e-07,0
75,5,1,82944,1.4241834194692638e-08,3.5671056397568367e-12
75,5,2,82944,4.2536281905640945e-09,-2.6801224929750633e-11
75,5,3,82944,2.1495876261668287e-09,-5.5122682645203085e-11
75,5,4,82944,9.0017031390728269e-10,-1.4248192579724836e-10
75,5,5,82944,6.333097174421264e-10,-5.6146150799024214e-12
75,5,6,82944,4.187818920054031e-10,-4.1128611388566966e-11
75,5,7,82944,9.1595248154638348e-11,-1.0816718485978921e-10
75,5,8,82944,-3.7915834057571889e-11,-6.8638995709612143e-11
75,5,9,82944,5.3454584185851447e-11,8.5515899149295913e-12
75,5,10,82944,2.1789808160089885e-11,-2.1098197584994252e-11
75,5,11,82944,-1.3105120735676352e-12,-5.9168573202364487e-11
75,5,12,82944,-2.8034900480849409e-11,-4.2134911362323277e-26
75,6,0,82944,1.7510731404234366e-07,0
75,6,1,82944,8.6297371007943688e-09,1.0015389906435487e-11
75,6,2,82944,1.9946073057147398e-09,2.279475793468212e-10
75,6,3,82944,6.1192142260166719e-10,9.3711882598752925e-12
75,6,4,82944,1.6500990347388051e-10,3.6994110707302096e-11
75,6,5,82944,1.4700192457072511e-10,1.4368404695637409e-10
75,6,6,82944,1.2283425607331328e-10,-1.330207036154918e-10
75,6,7,82944,1.1784808002458384e-11,-3.7463313805130658e-11
75,6,8,82944,1.0621782937600829e-10,-6.4135186354828362e-11
75,6,9,82944,3.4389369222871086e-11,-5.5471801355514507e-11
75,6,10,82944,1.7439382651087957e-12,-5.7721655130268184e-11
75,6,11,82944,4.1733259242458898e-11,5.8092933406367756e-11
75,6,12,82944,5.5580275122946285e-11,-5.8201027860477784e-26
75,7,0,82944,1.748226092258609e-07,0
75,7,1,82944,5.4475796877979472e-09,1.0057536922852365e-10
75,7,2,82944,9.5737820065559327e-10,9.2203849909247134e-11
75,7,3,82944,4.4998908503322104e-10,-1.363753240395471e-10
75,7,4,82944,1.595772420863025e-10,-3.6656342011215749e-11
75,7,5,82944,1.1501295765580042e-10,1.5606655630429065e-10
75,7,6,82944,1.9496406169539627e-10,5.2496433240203713e-11
75,7,7,82944,-2.2755208962691515e-11,-1.6527362937715133e-10
75,7,8,82944,3.7565916515442497e-11,-4.7177387871730754e-11
75,7,9,82944,3.0505289022212211e-11,7.2674257423422823e-11
75,7,10,82944,-1.1134088272558314e-10,-1.0831421990060383e-11
75,7,11,82944,-2.3329629838662653e-12,-8.057223970675509e-11
75,7,12,82944,-7.5898333544375334e-11,2.1365641207725772e-25
75,8,0,82944,1.7434807709672432e-07,0
75,8,1,82944,3.2979088163313683e-09,1.5624784162683561e-12
75,8,2,82944,5.0042002914648686e-10,-1.3133113632575069e-10
75,8,3,82944,3.2253097184964849e-10,2.061744822189801e-10
75,8,4,82944,2.1454820692942457e-10,1.3702783633150794e-11
75,8,5,82944,1.1146850527325814e-11,6.4850699153431713e-11
75,8,6,82944,9.7164071918086917e-11,-6.0285992644889411e-11
75,8,7,82944,-5.0641077843641333e-11,-3.570430518345381e-11
75,8,8,82944,1.1747758162465253e-10,-1.7085241741547417e-11
75,8,9,82944,8.9476298318408836e-11,-2.6092485581753501e-11
75,8,10,82944,4.8909736581266723e-11,-2.2447367508804319e-11
75,8,11,82944,-1.5737236237816248e-11,-2.1474995640397135e-11
75,8,12,82944,-4.061416755798467e-11,-7.4935319284378012e-26
75,9,0,82944,1.7487818192943936e-07,0
75,9,1,82944,2.1794652194210653e-09,-6.1068491346141292e-11
75,9,2,82944,7.1140336053431667e-11,-2.678351630900821e-10
75,9,3,82944,-1.1169559311530984e-10,-1.3591500540950213e-10
75,9,4,82944,1.7718175189722634e-11,-3.6710699922433315e-11
75,9,5,82944,1.8021121745099161e-11,9.3629636231282207e-11
75,9,6,82944,1.3437616146352028e-10,3.927318866483743e-12
75,9,7,82944,2.0262309045102822e-11,-2.0628855795008103e-11
75,9,8,82944,9.9850653881571956e-11,3.3526218750633319e-11
75,9,9,82944,3.0245999387793712e-11,-5.2056445085494521e-11
75,9,10,82944,2.7910354678983465e-11,-5.6410155260788968e-11
75,9,11,82944,2.2952155637744419e-11,-1.4114525487179665e-11
75,9,12,82944,1.2741561139477706e-10,7.0208231003729203e-26
75,10,0,82944,1.7531516874064191e-07,0
75,10,1,82944,1.4306392443097866e-09,-1.416285230971082e-10
75,10,2,82944,-7.060593879459834e-11,-1.4327422777820473e-10
75,10,3,82944,-2.9799397874302231e-10,8.4533044033465224e-11
75,10,4,82944,6.8242867646746047e-11,-1.403068485040979e-10
75,10,5,82944,-6.1768054385970847e-11,1.1091235321558038e-10
75,10,6,82944,1.907902733642151e-11,-1.2114861873015174e-12
75,10,7,82944,-1.3027446348357897e-10,3.4554907809722502e-11
75,10,8,82944,1.2271443555892784e-10,-1.6860390255570885e-11
75,10,9,82944,-1.2145990867730843e-12,1.0882628038884388e-11
75,10,10,82944,1.4817370707579822e-11,5.7258971920554387e-11
75,10,11,82944,6.8997481555958346e-11,4.4870823607304547e-11
75,10,12,82944,-1.8431994142437682e-10,9.0592552619016489e-26
76,1,0,82944,1.7665728716257987e-07,0
76,1,1,82944,1.023774284042482e-07,1.7339226431705026e-10
76,1,2,82944,7.4760213011956976e-08,1.8415713405044266e-10
76,1,3,82944,5.7784198742763039e-08,2.7392479424109434e-10
76,1,4,82944,4.4953707337750413e-08,1.9078113127315347e-10
76,1,5,82944,3.4641758172644011e-08,6.8201774760080546e-11
76,1,6,82944,2.6134148560658114e-08,8.1846932536190293e-11
76,1,7,82944,1.9389444798828956e-08,-2.0150391148261005e-11
76,1,8,82944,1.4241151238518926e-08,-2.9427135618827461e-11
76,1,9,82944,1.0519893233698547e-08,1.2199849241230809e-11
76,1,10,82944,8.0772681617137448e-09,4.9080184691798868e-12
76,1,11,82944,6.6226630544877205e-09,1.9675902498168603e-11
76,1,12,82944,6.2119017197196993e-09,-8.8490294792938914e-25
76,2,0,82944,1.7452823198982277e-07,0
76,2,1,82944,6.178808128927987e-08,1.3237618155206212e-10
76,2,2,82944,3.5864985664607093e-08,2.4272311368227542e-10
76,2,3,82944,2.3990330946769447e-08,2.6344069204283734e-10
76,2,4,82944,1.6562390367096362e-08,2.6877780656515323e-10
76,2,5,82944,1.153052752040769e-08,2.9130972699342764e-10
76,2,6,82944,8.0337486192016069e-09,3.4556485363341771e-10
76,2,7,82944,5.4129448244795996e-09,2.6770663666178476e-10
76,2,8,82944,3.5784803516947859e-09,2.0738268788302794e-10
76,2,9,82944,2.4026653621368064e-09,1.8231176649897999e-10
76,2,10,82944,1.6255199573528998e-09,1.01960347512916e-10
76,2,11,82944,1.1944073736708384e-09,1.8886949808074665e-11
76,2,12,82944,1.1201617766321551e-09,1.7240907636256682e-25
76,3,0,82944,1.7488098170758292e-07,0
76,3,1,82944,3.8443511415728115e-08,-1.9036519705035184e-11
76,3,2,82944,1.8007693285808696e-08,2.1619671985551187e-10
76,3,3,82944,1.0518021550396105e-08,4.394540763461781e-10
76,3,4,82944,6.5253853523897315e-09,3.7444251107375345e-10
76,3,5,82944,4.1620792056589567e-09,3.7889375305599993e-10
76,3,6,82944,2.7676096340876916e-09,6.2433603821381759e-10
76,3,7,82944,1.5906032736313756e-09,4.6815477370656885e-10
76,3,8,82944,1.0087635737138022e-09,2.1142451250118436e-10
76,3,9,82944,5.5607971968832031e-10,2.0229699063632471e-10
76,3,10,82944,3.5797056360114591e-10,8.2267601782362256e-11
76,3,11,82944,2.2124988242774211e-10,3.5386927443881166e-11
76,3,12,82944,2.0605575365621451e-10,-1.4855423423743611e-25
76,4,0,82944,1.7524663477969275e-07,0
76,4,1,82944,2.3613569623616315e-08,2.0636191968918842e-11
76,4,2,82944,8.8952000505143389e-09,1.6187131976695199e-10
76,4,3,82944,4.5371473387765514e-09,-3.5239434725209214e-11
76,4,4,82944,2.3232614991016063e-09,-2.3282055774998782e-10
76,4,5,82944,1.4287131786718426e-09,-1.1760943772060907e-10
76,4,6,82944,8.9432825795724807e-10,-4.4578813736431212e-11
76,4,7,82944,4.1528045200282086e-10,-8.2482763335197658e-11
76,4,8,82944,3.7746814992201597e-10,-2.7752153061482729e-11
76,4,9,82944,2.1852737212378282e-10,6.9077668065287692e-11
76,4,10,82944,1.229340502351847e-10,-4.1975491092065197e-11
76,4,11,82944,9.1253917421684774e-11,4.3907173856487295e-11
76,4,12,82944,-1.6168338316895886e-11,-2.4433262210104623e-26
76,5,0,82944,1.7442763184816936e-07,0
76,5,1,82944,1.4610281422796367e-08,-3.0035837432676783e-11
76,5,2,82944,4.3622225043401251e-09,-2.1705518456026784e-10
76,5,3,82944,1.9253343539745277e-09,-1.6342536199243964e-10
76,5,4,82944,7.2737373650927368e-10,1.4119720047709498e-10
76,5,5,82944,3.8847456245354513e-10,-2.9987846136455419e-11
76,5,6,82944,9.4973368597623945e-11,-1.2188050357704053e-10
76,5,7,82944,1.3785550870687706e-10,-1.1183217795480274e-10
76,5,8,82944,-4.8738230873465902e-11,3.7888379022928134e-11
76,5,9,82944,1.9286837008998767e-11,2.0231987960730427e-13
76,5,10,82944,4.051294810396983e-11,-2.0114182006460361e-11
76,5,11,82944,1.1608440474661751e-11,-4.0578521180759194e-11
76,5,12,82944,1.0358624208353377e-10,2.0310772509654828e-25
76,6,0,82944,1.748107230021986e-07,0
76,6,1,82944,9.1488843677803466e-09,-2.2773884439969105e-11
76,6,2,82944,2.5306052183087771e-09,-1.5863767594276821e-10
76,6,3,82944,1.0234156567488513e-09,2.5927573894644962e-11
76,6,4,82944,3.8879942165465285e-10,-4.4678420927266313e-11
76,6,5,82944,1.279948632616993e-10,8.7937711525281337e-11
76,6,6,82944,7.7193618318875336e-11,-3.6322038292000066e-11
76,6,7,82944,8.5225181059700626e-11,-1.0481241911338513e-10
76,6,8,82944,-4.7457187234291356e-11,9.1901086670976957e-11
76,6,9,82944,-3.4820384046405522e-11,4.0761278152383081e-11
76,6,10,82944,-3.7721420675226137e-11,-7.1572401384339826e-12
76,6,11,82944,-3.6064976179137134e-11,-9.9257291877905443e-12
76,6,12,82944,2.6119423438829185e-11,3.0616373463273955e-26
76,7,0,82944,1.7534523910343414e-07,0
76,7,1,82944,5.5997447011222651e-09,-1.3823621183410581e-11
76,7,2,82944,1.3303234976498582e-09,-6.3681392890299426e-11
76,7,3,82944,4.5104730690598067e-10,-2.9578312436653902e-11
76,7,4,82944,9.1115109430828875e-12,-2.9408994233897732e-10
76,7,5,82944,1.1473220378446075e-10,-5.0002568391223114e-11
76,7,6,82944,8.421266723212758e-11,1.0172680381950924e-10
76,7,7,82944,8.4601914900765298e-11,2.2487785135648598e-11
76,7,8,82944,5.4136508840199117e-11,-2.5568320034675468e-11
76,7,9,82944,9.4988102747843164e-11,-3.3381126389562205e-11
76,7,10,82944,-8.1005997275751497e-11,-1.0736703319908795e-10
76,7,11,82944,9.799973570925715e-12,-4.2100898269755805e-12
76,7,12,82944,-6.4027434430474655e-11,2.1162196901976329e-25
76,8,0,82944,1.7489369667316537e-07,0
76,8,1,82944,3.6478754304715469e-09,1.7511217224426312e-10
76,8,2,82944,4.6444133976157612e-10,-4.490118657915483e-11
76,8,3,82944,4.4043825918795528e-10,-6.7232357772820838e-12
76,8,4,82944,1.4033818515956632e-11,-1.0463480718732377e-11
76,8,5,82944,5.3895016594318802e-11,9.3349794667992189e-11
76,8,6,82944,1.6593203650070476e-10,9.8698801676560372e-11
76,8,7,82944,5.5970981164257803e-11,-6.9398995622381481e-11
76,8,8,82944,2.0012790021260337e-11,1.1187956867207858e-10
76,8,9,82944,6.7495914858526525e-11,3.8617410619568863e-12
76,8,10,82944,-3.0863782784532637e-11,2.4183617648056064e-11
76,8,11,82944,-2.1196369256344974e-11,3.2607895689995097e-11
76,8,12,82944,9.8536069991517517e-11,-3.7050798270604366e-25
76,9,0,82944,1.7438348635825187e-07,0
76,9,1,82944,2.3572060416028842e-09,2.7194781709232385e-10
76,9,2,82944,3.8846563784491747e-10,-2.9200777551101105e-11
76,9,3,82944,2.1099885831250475e-10,-6.2431937468757138e-11
76,9,4,82944,-1.0721095140789951e-11,7.6169937632366204e-11
76,9,5,82944,-1.90459151854933e-10,7.7504378725602198e-11
76,9,6,82944,7.3257918504476712e-11,-3.6025852877797535e-12
76,9,7,82944,1.5231021239552316e-10,2.3282928104505704e-11
76,9,8,82944,7.4159751152735731e-11,1.3468262203857119e-10
76,9,9,82944,2.693204651414643e-12,1.940799724261118e-11
76,9,10,82944,7.565173143503958e-11,-3.5956427994161466e-11
76,9,11,82944,-2.1183473822325518e-11,-2.7613877604582327e-11
76,9,12,82944,-4.0534397581189651e-12,1.1049818175018744e-26
76,10,0,82944,1.7483938670198789e-07,0
76,10,1,82944,1.5920615886974912e-09,-1.8222742168379447e-11
76,10,2,82944,6.0376930900992227e-11,1.8045012537022673e-10
76,10,3,82944,1.087405840377607e-10,-1.7541739567404761e-10
76,10,4,82944,-9.7341296096734144e-12,7.8344410022049091e-11
76,10,5,82944,-1.6985218758439779e-10,1.0500501855409995e-11
76,10,6,82944,4.7119179565758011e-11,-1.2211898542148191e-10
76,10,7,82944,-1.190464225119409e-10,-3.6272341375590083e-11
76,10,8,82944,9.9993327148068428e-11,1.6219961865374218e-10
76,10,9,82944,-1.1466661312938395e-10,2.6977070885291561e-11
76,10,10,82944,2.6296297434924377e-11,-1.2477146128269123e-11
76,10,11,82944,-8.2346625756667293e-11,3.2839103027914029e-11
76,10,12,82944,8.4407918192889907e-11,-8.9156475166667476e-26
77,1,0,82944,1.7728522451903837e-07,0
77,1,1,82944,1.0268773810448377e-07,-1.0142232426172227e-10
77,1,2,82944,7.4972869291669966e-08,-1.3603896487804379e-10
77,1,3,82944,5.8397844352123171e-08,-1.5355166275285026e-11
77,1,4,82944,4.5576611999708661e-08,-6.4552246740127598e-11
77,1,5,82944,3.5281218102388132e-08,-1.2217609974228998e-10
77,1,6,82944,2.6790381063732512e-08,-5.61599460669932e-11
77,1,7,82944,1.996227997947619e-08,-6.4347625878800271e-11
77,1,8,82944,1.4856673130783965e-08,6.2867539979156651e-12
77,1,9,82944,1.1080193530839902e-08,3.8729608821669623e-11
77,1,10,82944,8.486244124834254e-09,3.4471336102424141e-11
77,1,11,82944,6.9478422485285182e-09,2.3766132204976046e-11
77,1,12,82944,6.4331790211636323e-09,1.5390561729945331e-24
77,2,0,82944,1.7476433783582529e-07,0
77,2,1,82944,6.2384099791372758e-08,1.7959007727353181e-10
77,2,2,82944,3.6661392813747437e-08,2.005161756344015e-11
77,2,3,82944,2.483131023701153e-08,8.000769618266882e-11
77,2,4,82944,1.7341222044642515e-08,7.6836419095503427e-11
77,2,5,82944,1.235316804613034e-08,5.6820105984674916e-11
77,2,6,82944,8.4730751145163265e-09,2.2903266386132913e-11
77,2,7,82944,5.7164107464960124e-09,1.4712222442106809e-11
77,2,8,82944,3.7453548351457193e-09,8.7215165279727233e-11
77,2,9,82944,2.5260425361296677e-09,1.8536951096058474e-11
77,2,10,82944,1.7089711242749649e-09,-2.1024952282568285e-11
77,2,11,82944,1.2073950127327697e-09,-8.4820292628124795e-12
77,2,12,82944,1.0660228961066843e-09,4.7653836793781199e-25
77,3,0,82944,1.7514040467965418e-07,0
77,3,1,82944,3.8580583793371858e-08,-2.6561989544324798e-11
77,3,2,82944,1.8270378141168406e-08,-3.316502926810855e-12
77,3,3,82944,1.0732570401837282e-08,-9.2304104615529468e-11
77,3,4,82944,6.860212495770239e-09,-3.0824546123534665e-11
77,3,5,82944,4.4733315687852332e-09,1.6520251882286077e-10
77,3,6,82944,2.7684850873781696e-09,2.548621735438964e-10
77,3,7,82944,1.7033480641445775e-09,9.6251202346100963e-11
77,3,8,82944,1.1590789920858653e-09,8.4301359190856544e-11
77,3,9,82944,6.3327818817017899e-10,1.7770430551561889e-10
77,3,10,82944,4.6999551529375707e-10,1.5782216010425509e-10
77,3,11,82944,3.2205963991397908e-10,5.4072303524555343e-11
77,3,12,82944,2.2343579822170123e-10,2.2055756205660154e-25
77,4,0,82944,1.7566647016237292e-07,0
77,4,1,82944,2.3966127664295454e-08,1.4042379462404762e-10
77,4,2,82944,9.1389684105269997e-09,4.9731364949061157e-11
77,4,3,82944,4.498755479694837e-09,1.6431262873959603e-10
77,4,4,82944,2.519564038726142e-09,7.5316356627755595e-11
77,4,5,82944,1.4701249465096568e-09,8.9321922341004231e-11
77,4,6,82944,8.6402863854315989e-10,1.2280707332808909e-10
77,4,7,82944,4.3723529123047008e-10,1.7688789375507674e-10
77,4,8,82944,2.2374210953834831e-10,1.6091089739065345e-10
77,4,9,82944,2.9584348876829211e-10,3.3699871017368564e-11
77,4,10,82944,1.0457497727581891e-10,9.0509636130751408e-11
77,4,11,82944,1.1217848945293334e-10,-1.2191587823962066e-11
77,4,12,82944,4.0887249034932117e-11,-5.1299877881133948e-26
77,5,0,82944,1.7461937121229547e-07,0
77,5,1,82944,1.4672710592770391e-08,2.9186455676560232e-10
77,5,2,82944,4.4056304112892571e-09,1.2714780518203344e-10
77,5,3,82944,1.8768581901909373e-09,8.7695156990991132e-11
77,5,4,82944,9.756662098052464e-10,1.0194980912300416e-10
77,5,5,82944,4.4062666167270346e-10,1.8484578755055872e-10
77,5,6,82944,8.2829406853201588e-11,1.6869826064314296e-10
77,5,7,82944,-2.0417122517247739e-11,9.6814059958060112e-11
77,5,8,82944,-5.0632767520893466e-11,-3.5170673665396997e-11
77,5,9,82944,1.9800942108676442e-12,-6.5610438522223301e-12
77,5,10,82944,-3.5634566786728957e-11,2.7156456050519057e-11
77,5,11,82944,7.2659257611944993e-12,-3.595881091690434e-12
77,5,12,82944,2.3281471692665156e-11,-1.3383444035085879e-25
77,6,0,82944,1.7493041017163227e-07,0
77,6,1,82944,9.1172695308671724e-09,1.3123252591865958e-10
77,6,2,82944,2.2936738876761061e-09,1.2176268826317377e-10
77,6,3,82944,5.9240925310491145e-10,-2.0674969661736291e-12
77,6,4,82944,5.0261051692874831e-10,1.630752541999323e-10
77,6,5,82944,2.7285562503401173e-10,2.666746689826109e-10
77,6,6,82944,-1.5318015654621137e-11,-2.7026397153973444e-12
77,6,7,82944,-5.6661286818357342e-11,6.6347548478086356e-11
77,6,8,82944,5.5316107705528592e-11,1.372390599191414e-10
77,6,9,82944,-5.8544250542594225e-11,-2.8606609975056349e-11
77,6,10,82944,-3.7095926211731296e-11,6.3754072197836824e-11
77,6,11,82944,1.257642967319626e-10,-3.3765968433979942e-11
77,6,12,82944,7.416498892113365e-11,-5.0691539515902776e-26
77,7,0,82944,1.7440676114530709e-07,0
77,7,1,82944,5.4540538419620405e-09,1.3949702353324651e-10
77,7,2,82944,1.2994271247992789e-09,1.1675704537575172e-10
77,7,3,82944,3.209841148677472e-10,-1.1355784569362983e-10
77,7,4,82944,1.5191226536520006e-10,-1.2008943392725209e-10
77,7,5,82944,2.6719991321138871e-10,4.8676068483385834e-11
77,7,6,82944,1.2102761179520596e-10,-9.246761749855329e-11
77,7,7,82944,-8.3623849126942959e-12,7.0679410950017028e-11
77,7,8,82944,1.2828273735846099e-10,1.5476455358597813e-10
77,7,9,82944,-4.1317334796621315e-11,-1.0769326170594622e-11
77,7,10,82944,6.6281949128159461e-13,2.887714911398522e-11
77,7,11,82944,1.0087046969410955e-10,-3.2020269601375566e-11
77,7,12,82944,7.0933542036009224e-11,-1.9895656371085193e-26
77,8,0,82944,1.7477689656619565e-07,0
77,8,1,82944,3.611867259287817e-09,-1.0088544474326498e-10
77,8,2,82944,3.9811251697710205e-10,-3.5138724518888654e-11
77,8,3,82944,1.9266808975878332e-10,8.8446211396775565e-11
77,8,4,82944,9.1676011466785391e-12,-1.7805158661940713e-10
77,8,5,82944,1.0172049586407218e-10,2.2356838046121165e-12
77,8,6,82944,3.0697273889961479e-11,-1.0850731096168831e-12
77,8,7,82944,-1.203680883990796e-12,-1.2132275807645074e-11
77,8,8,82944,1.7836760320139978e-11,-1.6956188502747838e-11
77,8,9,82944,8.5141061432257641e-11,-3.3426349623971998e-11
77,8,10,82944,3.6827053552375613e-12,-9.0897077218367168e-11
77,8,11,82944,6.5014234396853449e-11,-2.0417848351740358e-11
77,8,12,82944,1.1009563616628977e-10,-1.3705564185855829e-25
77,9,0,82944,1.7502356784303356e-07,0
77,9,1,82944,2.3937636062954497e-09,1.1325265162847213e-10
77,9,2,82944,2.3918361978408719e-10,1.5115826365414648e-10
77,9,3,82944,2.4079386912889757e-10,7.5427104751132199e-11
77,9,4,82944,-6.6478586113681872e-11,-8.8039262087196237e-11
77,9,5,82944,8.3717332840416582e-11,9.0075519625270367e-11
77,9,6,82944,-1.4421750730794118e-10,-2.1876486218153591e-11
77,9,7,82944,-1.5994419147863041e-11,-9.0716284475596694e-11
77,9,8,82944,1.0768195500089058e-11,-9.7211884067739082e-11
77,9,9,82944,5.2475166608306494e-11,7.9503425391222467e-11
77,9,10,82944,6.8621168035387284e-11,-8.381720638822598e-11
77,9,11,82944,5.3549392098057108e-11,2.2119269905775757e-12
77,9,12,82944,5.0907256159231804e-11,1.1770100772212542e-25
77,10,0,82944,1.748587014583387e-07,0
77,10,1,82944,1.3968010513617344e-09,5.4035152133678683e-11
77,10,2,82944,2.7195097068246702e-10,-1.197064678695236e-10
77,10,3,82944,1.5075948593000507e-10,1.2034695011540355e-10
77,10,4,82944,-9.045243894505144e-11,5.1454844157617778e-11
77,10,5,82944,-2.6090385323593589e-11,3.0018832575579652e-11
77,10,6,82944,-2.2228235470690335e-11,4.4675712918792133e-11
77,10,7,82944,-1.4194399402323234e-11,-3.4761369800358195e-12
77,10,8,82944,2.338632979736852e-12,1.1174481829744832e-10
77,10,9,82944,1.2716222971324627e-10,7.0447272126877486e-12
77,10,10,82944,9.4903466500573079e-11,-5.7655331543707514e-11
77,10,11,82944,2.2586503091132789e-11,1.9792693151266374e-11
77,10,12,82944,-3.5681509346438865e-11,2.363843323126979e-25
78,1,0,82944,1.7750024223041488e-07,0
78,1,1,82944,1.0262226110891355e-07,2.0674124481106054e-10
78,1,2,82944,7.4918114426036555e-08,5.2865077914732474e-10
78,1,3,82944,5.8181681517518005e-08,9.542777004587881e-10
78,1,4,82944,4.542135086120625e-08,1.1294249949331632e-09
78,1,5,82944,3.4992018591289327e-08,1.1563384947254612e-09
78,1,6,82944,2.6311612113178696e-08,1.1972959497322414e-09
78,1,7,82944,1.9374803860318828e-08,1.141151948120477e-09
78,1,8,82944,1.4021673255158875e-08,1.0317612617767157e-09
78,1,9,82944,1.0137028542258359e-08,7.683662053652825e-10
78,1,10,82944,7.5336592599546004e-09,4.3342904612069015e-10
78,1,11,82944,5.9770195759357178e-09,1.9976737560365027e-10
78,1,12,82944,5.5178210956725767e-09,4.7556103744940777e-25
78,2,0,82944,1.7500148088146983e-07,0
78,2,1,82944,6.2379646911128625e-08,4.4459749207052211e-11
78,2,2,82944,3.6033870872413742e-08,1.0825778376020959e-10
78,2,3,82944,2.4029611807630817e-08,5.0266607773272689e-10
78,2,4,82944,1.6659748329238481e-08,3.4978929804996764e-10
78,2,5,82944,1.1440552082477192e-08,2.2645524866310521e-10
78,2,6,82944,7.7749264163012167e-09,1.5255265403015823e-10
78,2,7,82944,5.0975084071586163e-09,1.3762236666341009e-10
78,2,8,82944,3.247784369152802e-09,1.8398260255296392e-10
78,2,9,82944,2.0824249195281579e-09,1.3939751280919276e-10
78,2,10,82944,1.2467002763414768e-09,6.8344620584264987e-11
78,2,11,82944,8.0340831785534079e-10,2.6464082444338554e-11
78,2,12,82944,6.8132610527927198e-10,-3.5511004113363488e-25
78,3,0,82944,1.7541270864666681e-07,0
78,3,1,82944,3.8740569566290965e-08,1.6509957825275629e-10
78,3,2,82944,1.7864258236253331e-08,6.4890920442653642e-11
78,3,3,82944,9.9410027477339134e-09,5.2342868128192837e-11
78,3,4,82944,6.0559271830358968e-09,-1.1741008525863014e-10
78,3,5,82944,3.8232339874152443e-09,3.4853202030822289e-11
78,3,6,82944,2.520092459349704e-09,-3.0002645928683747e-11
78,3,7,82944,1.6387997957337435e-09,-4.3490082820302088e-11
78,3,8,82944,8.9663704662573383e-10,-7.1275038825248632e-11
78,3,9,82944,5.4020017037652092e-10,-7.6446393207589657e-11
78,3,10,82944,2.7735954743492292e-10,3.436754062621576e-11
78,3,11,82944,3.1084225492390528e-10,2.7153062722198573e-11
78,3,12,82944,1.9910472772094928e-10,-4.2957664069398229e-26
78,4,0,82944,1.7385380777024732e-07,0
78,4,1,82944,2.3412146354013131e-08,-8.6055192523391128e-11
78,4,2,82944,8.8760886082335934e-09,1.7470757205929941e-11
78,4,3,82944,4.6134380994195322e-09,-1.7449920302528579e-11
78,4,4,82944,2.6348537868465472e-09,8.0403182410677638e-11
78,4,5,82944,1.2943728347749583e-09,1.5522237246209019e-10
78,4,6,82944,7.1033076699949278e-10,-8.4654884375634337e-11
78,4,7,82944,5.5112282031830148e-10,-9.0504494309500684e-11
78,4,8,82944,1.4239429439178952e-10,-8.8009081208219514e-11
78,4,9,82944,1.5569073957539216e-10,-1.2251392990298924e-11
78,4,10,82944,-5.3570607708057748e-11,-1.4279136072312082e-11
78,4,11,82944,-5.0972672454545483e-11,-7.2163013569144348e-11
78,4,12,82944,1.4660379572154749e-11,-1.4869883925867959e-25
78,5,0,82944,1.7454370455969069e-07,0
78,5,1,82944,1.4371735085202898e-08,-2.4399370507698928e-11
78,5,2,82944,4.3518863342240354e-09,3.384630343942632e-11
78,5,3,82944,1.8417506929772217e-09,8.250490961056951e-11
78,5,4,82944,1.0246283478887955e-09,3.3030339184578804e-11
78,5,5,82944,3.3990227904412188e-10,6.8945817409298532e-11
78,5,6,82944,1.7338356929612007e-10,-5.0890419457271867e-11
78,5,7,82944,1.4328115850053426e-10,-2.3466334387563428e-11
78,5,8,82944,1.921988125180369e-11,-5.5280589137938577e-11
78,5,9,82944,5.2866896899108509e-11,-1.0208545619529495e-11
78,5,10,82944,-8.0048494576936008e-11,-5.4728374210771656e-11
78,5,11,82944,-4.7789368177137349e-11,1.1373665903054633e-11
78,5,12,82944,-4.3249136277611841e-11,2.2947320957326831e-25
78,6,0,82944,1.7435546797777473e-07,0
78,6,1,82944,9.0445370935676374e-09,1.7636212996489433e-10
78,6,2,82944,1.9181565052381316e-09,-1.7051868523988254e-10
78,6,3,82944,8.8367105738082966e-10,1.1949586586966573e-10
78,6,4,82944,4.5776881134910825e-10,-3.2464998568540913e-11
78,6,5,82944,1.7223973142895536e-10,9.3436177554413889e-11
78,6,6,82944,6.7238514338176483e-11,2.8002894450443113e-11
78,6,7,82944,-1.5180925501998914e-10,-4.2516478805298307e-11
78,6,8,82944,-3.9084457694512956e-11,-1.0700304434123046e-10
78,6,9,82944,1.2530279338985477e-10,-1.6498962190541577e-11
78,6,10,82944,8.6631781826386781e-11,-4.1205024052492871e-11
78,6,11,82944,3.2981352965113048e-11,-6.2701439320899365e-11
78,6,12,82944,-2.0785175407269777e-11,-1.4694861986362923e-26
78,7,0,82944,1.7467020264449438e-07,0
78,7,1,82944,5.5356361453480485e-09,-2.6320046249447671e-12
78,7,2,82944,1.0277073712343959e-09,-6.3442646779303184e-11
78,7,3,82944,4.7649259239437151e-10,-1.8435893797879395e-10
78,7,4,82944,2.1922489802628983e-10,1.3879573334523033e-10
78,7,5,82944,2.646071583534622e-11,1.1362102036641574e-10
78,7,6,82944,-1.7417488501890968e-11,-5.2154511412239593e-11
78,7,7,82944,-1.2716896424200876e-10,-1.1529752617581523e-10
78,7,8,82944,4.2249635412954195e-12,3.3785162461317192e-11
78,7,9,82944,3.3157054823209135e-11,-5.3195923968248576e-11
78,7,10,82944,4.6201086645410484e-11,-1.7974496798524657e-11
78,7,11,82944,-2.7732397244468401e-11,8.465943350523831e-11
78,7,12,82944,-1.2862859438885327e-10,-2.8731521807065882e-25
78,8,0,82944,1.7418595713059821e-07,0
78,8,1,82944,3.6270147733194417e-09,8.2583456875104904e-11
78,8,2,82944,3.3137778224438717e-10,-2.5980984878915566e-10
78,8,3,82944,4.0021932698075754e-11,-2.9990255297775695e-10
78,8,4,82944,7.681465024791425e-11,-9.4366498179863833e-11
78,8,5,82944,-1.0437768326629386e-10,1.13396678650885e-10
78,8,6,82944,-2.5730743119806078e-10,-2.9403835849020822e-10
78,8,7,82944,9.7050991877729824e-12,-2.3150726435765375e-10
78,8,8,82944,-3.0613695136031111e-11,9.9723098475730205e-11
78,8,9,82944,-3.7819321831066546e-12,2.6405566880313427e-11
78,8,10,82944,3.2684257048576697e-11,3.8408489053403485e-11
78,8,11,82944,2.510607810689558e-11,3.6517093243814299e-11
78,8,12,82944,-8.0474227412490193e-11,-2.4778319709071816e-25
78,9,0,82944,1.7475664764519646e-07,0
78,9,1,82944,2.0857383069682222e-09,-7.6610955139707739e-11
78,9,2,82944,3.5202449038385765e-10,-5.7731581825238236e-11
78,9,3,82944,-5.3826238120310762e-13,-2.4010322852531874e-11
78,9,4,82944,-2.2966523989427962e-11,1.2623841911396566e-10
78,9,5,82944,-1.6158514008585211e-10,-7.7696268193894937e-12
78,9,6,82944,-2.9181110205407322e-11,-6.5458846611853872e-11
78,9,7,82944,1.4728967093747565e-10,-6.5486001718353781e-11
78,9,8,82944,-3.8314921064904687e-11,8.6911916285261113e-11
78,9,9,82944,9.3914993511800323e-13,-1.2220077184589475e-11
78,9,10,82944,2.2085097827916023e-11,9.8782201809688733e-11
78,9,11,82944,5.612875558477893e-11,-8.4925021074767304e-11
78,9,12,82944,8.6385915029382631e-11,-1.9343165462334255e-25
78,10,0,82944,1.7422496361117428e-07,0
78,10,1,82944,1.2364840440367465e-09,-1.3135554953259953e-10
78,10,2,82944,3.6537073721543232e-10,7.0356451069442875e-11
78,10,3,82944,-1.5578155902493257e-10,2.0089549662881653e-10
78,10,4,82944,8.0169254495715362e-13,6.9410060692006639e-11
78,10,5,82944,-8.156276586957614e-11,8.9476732085433241e-11
78,10,6,82944,-7.2490898137317747e-11,-1.6856843208070294e-12
78,10,7,82944,-1.4545494386796258e-11,-1.3678291416627003e-11
78,10,8,82944,4.0527835597010187e-11,-5.0272038849099921e-11
78,10,9,82944,-2.1128656103075046e-11,-2.0426156302658334e-11
78,10,10,82944,-4.6397213171948221e-11,-1.6901382927111896e-11
78,10,11,82944,9.139587555238074e-12,-2.2529491192757261e-11
78,10,12,82944,-2.2039242578915898e-11,2.2314923308388767e-25
79,1,0,82944,1.7674132642035188e-07,0
79,1,1,82944,1.0237370363190923e-07,-4.846468436576027e-11
79,1,2,82944,7.4958948979120999e-08,-1.2965424871171978e-10
79,1,3,82944,5.8484751662217069e-08,-9.2889070229490567e-11
79,1,4,82944,4.5634031692949975e-08,-1.9511986379779554e-10
79,1,5,82944,3.5037832645338116e-08,-2.0533620197256353e-10
79,1,6,82944,2.6579825782868187e-08,-2.7755600617978967e-10
79,1,7,82944,1.9752165723109347e-08,-1.3878104920135731e-10
79,1,8,82944,1.4521519420316606e-08,2.1657819970491128e-11
79,1,9,82944,1.0714715200792929e-08,4.0698579192394268e-11
79,1,10,82944,8.1180719802422336e-09,2.225273016120584e-11
79,1,11,82944,6.5902227064582238e-09,7.3501500615507347e-11
79,1,12,82944,6.1644238394593881e-09,-9.45357819569248e-25
79,2,0,82944,1.7465333966451051e-07,0
79,2,1,82944,6.2282271028443914e-08,-2.6691205222965954e-10
79,2,2,82944,3.6009488437841328e-08,-2.3544472199496959e-10
79,2,3,82944,2.4235174730765612e-08,-2.3018598771936687e-10
79,2,4,82944,1.6825044014147569e-08,-7.4664555375032733e-11
79,2,5,82944,1.1652610862466898e-08,-1.6571386014491963e-10
79,2,6,82944,8.0040064870969425e-09,-1.6980959820137497e-10
79,2,7,82944,5.4900089250040828e-09,-1.250613488455286e-10
79,2,8,82944,3.7647265663193833e-09,-1.4348558910774546e-10
79,2,9,82944,2.5484246313793583e-09,-2.0962269071586106e-10
79,2,10,82944,1.6802265236383212e-09,-1.2364792846652185e-10
79,2,11,82944,1.3837574299894569e-09,-7.7768405165370203e-11
79,2,12,82944,1.2635958275817008e-09,1.8589224799851028e-25
79,3,0,82944,1.7507079135369012e-07,0
79,3,1,82944,3.8582293868969054e-08,-7.7772951578832078e-11
79,3,2,82944,1.7846810171481559e-08,1.9809299078225614e-10
79,3,3,82944,1.0326312822495618e-08,1.1949489186605281e-10
79,3,4,82944,6.500498097828671e-09,2.415517039553025e-11
79,3,5,82944,4.070538214750583e-09,-9.2545863516228055e-11
79,3,6,82944,2.4303524433181102e-09,-3.3922078623166992e-11
79,3,7,82944,1.4862376609720401e-09,-4.0673660096344466e-11
79,3,8,82944,9.3146209931757605e-10,-3.0003538991787771e-11
79,3,9,82944,5.0659145078666102e-10,4.1732916346903922e-12
79,3,10,82944,2.8787686459925978e-10,3.1035555188530821e-11
79,3,11,82944,8.9513239309361606e-11,-3.8786184574525432e-11
79,3,12,82944,8.6599648928094871e-11,-4.5635350152423982e-26
79,4,0,82944,1.7455786492299831e-07,0
79,4,1,82944,2.3784881220803688e-08,1.0957736861831725e-10
79,4,2,82944,8.7438376640335202e-09,4.4678295583254852e-11
79,4,3,82944,4.4847377612341302e-09,-8.8119808766941747e-11
79,4,4,82944,2.6382665842442884e-09,-6.7064871049309128e-11
79,4,5,82944,1.4257391993704358e-09,-3.9127463429346379e-11
79,4,6,82944,7.1698190818429468e-10,-7.5032229313979626e-11
79,4,7,82944,2.9780608437519441e-10,1.5412948207106537e-10
79,4,8,82944,2.2985694386320099e-10,6.3020238024512439e-11
79,4,9,82944,-1.5852236054231632e-11,6.4064529527957067e-11
79,4,10,82944,3.4604849125666064e-11,-3.2736574272861333e-11
79,4,11,82944,1.8718503015146764e-10,5.8327131285171885e-11
79,4,12,82944,5.4379320093219855e-11,-9.5469232300951658e-26
79,5,0,82944,1.7425490838565276e-07,0
79,5,1,82944,1.4640128539909779e-08,-2.9539032407880173e-10
79,5,2,82944,3.9899458948382315e-09,9.3823913941015718e-11
79,5,3,82944,1.8867995643138468e-09,-1.5983292875827703e-10
79,5,4,82944,1.0786473640949012e-09,1.5414162909852135e-10
79,5,5,82944,4.7041822498577339e-10,2.921419696957265e-10
79,5,6,82944,1.1127596524246051e-10,1.0814741380146252e-10
79,5,7,82944,3.4646748478174037e-11,4.0781388107459143e-11
79,5,8,82944,-1.22918537425048e-10,3.8056704208017079e-11
79,5,9,82944,-2.2921830567550842e-11,1.2825439192915251e-11
79,5,10,82944,5.4094590131713085e-12,2.6283534345626575e-11
79,5,11,82944,8.240560083546152e-12,-1.674912301213698e-11
79,5,12,82944,-8.3452235659240056e-11,-5.8021518178934164e-26
79,6,0,82944,1.7460160435378468e-07,0
79,6,1,82944,9.1402706149045139e-09,-2.2226773806830477e-10
79,6,2,82944,2.1907706053068219e-09,3.3258723081663339e-10
79,6,3,82944,8.4987125336377563e-10,6.5216857430153522e-11
79,6,4,82944,2.5363672631099913e-10,1.4663417095223983e-10
79,6,5,82944,2.9148441567865845e-11,1.5624409079039759e-10
79,6,6,82944,8.9923477874519689e-11,2.587724967096251e-11
79,6,7,82944,-5.123735905779643e-11,6.2126327329052605e-11
79,6,8,82944,-2.6592691881247943e-11,3.4967307217709329e-11
79,6,9,82944,3.9888350761795496e-11,9.538830536284349e-11
79,6,10,82944,1.8096013370367066e-11,-4.7849495319356942e-11
79,6,11,82944,8.0265721825639436e-11,2.1057856049363896e-11
79,6,12,82944,-3.2684305028926371e-11,-7.2801148626026017e-26
79,7,0,82944,1.7389639187678172e-07,0
79,7,1,82944,5.6061050417890482e-09,-1.5920554565975091e-12
79,7,2,82944,9.4972750376856458e-10,3.1537773438405127e-10
79,7,3,82944,3.9443315567813988e-10,-5.1169542984438274e-11
79,7,4,82944,4.2975358093649129e-11,9.0147037789898673e-11
79,7,5,82944,-3.9968396128976221e-11,-8.8732179075937866e-11
79,7,6,82944,-2.5526142132179808e-11,-7.6092213157119167e-11
79,7,7,82944,1.9674215033543546e-11,6.9753884165967789e-12
79,7,8,82944,-6.1299169186291378e-11,2.2237702914456613e-12
79,7,9,82944,-3.4635842207123479e-11,6.1251461970576474e-11
79,7,10,82944,-7.5516711073820101e-11,-4.8552573953013927e-11
79,7,11,82944,-7.1471049815187532e-11,-4.1834128983966771e-12
79,7,12,82944,-2.8749490289610683e-11,1.0274934716355426e-25
79,8,0,82944,1.7458184902100316e-07,0
79,8,1,82944,3.4086217467578175e-09,2.0011413989388031e-10
79,8,2,82944,6.524366336825095e-10,-7.5042764312437452e-11
79,8,3,82944,3.2121733939580504e-10,-2.0861383662186001e-11
79,8,4,82944,4.2569771607524551e-11,7.5959829943108657e-11
79,8,5,82944,-1.1873618501014842e-11,-3.4495191676028477e-11
79,8,6,82944,-1.2681546662310576e-10,-3.1188166525826966e-11
79,8,7,82944,5.2907457675651014e-12,3.9841688489701825e-11
79,8,8,82944,-5.434982649235769e-11,1.1395416040117245e-12
79,8,9,82944,-8.7560951007397818e-11,-1.6783880819464837e-13
79,8,10,82944,5.6577225158467579e-11,4.3855555001292693e-11
79,8,11,82944,-3.2783895181402164e-11,-1.2836376038069016e-11
79,8,12,82944,4.5265416578447602e-11,1.3651212643388454e-25
79,9,0,82944,1.7390781704235387e-07,0
79,9,1,82944,2.2015190943782065e-09,3.5354907915742028e-11
79,9,2,82944,4.0775289413011395e-10,1.1641252643917693e-10
79,9,3,82944,2.8327720808224664e-10,3.1608945241179011e-10
79,9,4,82944,2.0759430609301845e-10,-3.6087493419979929e-11
79,9,5,82944,-5.4577522553743236e-12,7.8290557432653472e-11
79,9,6,82944,-1.0150568117565487e-10,-1.3390860167020657e-10
79,9,7,82944,1.0280229824008312e-10,1.3872118983280127e-10
79,9,8,82944,2.3929930678542066e-11,-3.8492454116590024e-11
79,9,9,82944,8.1404126498447432e-11,-1.2624260337251074e-11
79,9,10,82944,-3.2819093729885447e-11,1.0215315151181257e-11
79,9,11,82944,-8.0587015994202588e-11,8.9838072093651898e-11
79,9,12,82944,5.9105597477341557e-11,-1.1927421062565359e-25
79,10,0,82944,1.743429197074401e-07,0
79,10,1,82944,1.4551600982584575e-09,6.4023783266139606e-11
79,10,2,82944,2.8064143115575168e-10,-1.7575086853057549e-11
79,10,3,82944,2.56173849497087e-10,-5.2130320857860867e-11
79,10,4,82944,1.1198034554462871e-10,1.3408092378404662e-10
79,10,5,82944,-2.0337779086780268e-10,4.5577971428505088e-11
79,10,6,82944,-1.3373115519386543e-11,6.5619085218842403e-11
79,10,7,82944,2.1744881771853581e-11,5.5871745751657306e-11
79,10,8,82944,-7.2415518482109339e-11,-3.2549238195946705e-11
79,10,9,82944,-4.6003047136135825e-11,-3.2263462381479751e-11
79,10,10,82944,7.4714331332621634e-11,-6.5506861439602493e-11
79,10,11,82944,-1.3441923151802633e-11,-1.4103314575177012e-11
79,10,12,82944,9.1577704799207627e-11,6.6543241672213508e-26
80,1,0,82944,1.7740897117274967e-07,0
80,1,1,82944,1.0250965942590389e-07,-7.4199648230706828e-11
80,1,2,82944,7.4599879399880897e-08,-5.807642812929131e-11
80,1,3,82944,5.7754851846646276e-08,2.3829496329830985e-12
80,1,4,82944,4.4793357705684537e-08,-6.1217476827485635e-11
80,1,5,82944,3.4345708119636675e-08,-1.0466751113267451e-10
80,1,6,82944,2.5715395614744136e-08,-1.8197547441968537e-10
80,1,7,82944,1.8954831359721177e-08,-1.8164107888740556e-10
80,1,8,82944,1.3823171649119493e-08,-2.3151018957797654e-10
80,1,9,82944,1.0071972057533881e-08,-1.6147583507920273e-10
80,1,10,82944,7.5298251044217543e-09,-1.2015509172278721e-10
80,1,11,82944,6.0490697269194234e-09,-2.3279003182972089e-11
80,1,12,82944,5.5682975181941291e-09,-2.3814203127781256e-25
80,2,0,82944,1.7552870673197504e-07,0
80,2,1,82944,6.2262544302947719e-08,-2.6712472766053655e-10
80,2,2,82944,3.6171685981636472e-08,-2.5154903010240253e-10
80,2,3,82944,2.4258814914183479e-08,-5.0577714872399657e-10
80,2,4,82944,1.6792034874089463e-08,-3.3341712553583239e-10
80,2,5,82944,1.1393343318417271e-08,-2.1301553446377897e-10
80,2,6,82944,7.8017698345772022e-09,1.8539288964321333e-11
80,2,7,82944,5.1483400165410745e-09,2.1653829832420095e-11
80,2,8,82944,3.2310775585248039e-09,1.1831288980809203e-10
80,2,9,82944,2.0430449384906068e-09,-6.4896096962879357e-14
80,2,10,82944,1.2385831979083308e-09,-2.9305922420773825e-11
80,2,11,82944,8.8795269642398453e-10,1.7242180670407942e-11
80,2,12,82944,6.9912903311913996e-10,4.524641250907946e-26
80,3,0,82944,1.7433546739094028e-07,0
80,3,1,82944,3.8081619305456715e-08,3.3155837496623148e-11
80,3,2,82944,1.7520503531526471e-08,-1.2678921186688872e-10
80,3,3,82944,9.6619862434482751e-09,7.0145908295526431e-11
80,3,4,82944,6.0563562239939685e-09,-1.9919747818201088e-10
80,3,5,82944,3.7386665031292929e-09,-2.6786281145790076e-10
80,3,6,82944,2.5035597470962423e-09,-4.5873716742860967e-11
80,3,7,82944,1.584472390491376e-09,-5.1676876958454947e-11
80,3,8,82944,1.017237746904029e-09,4.1471940885062668e-11
80,3,9,82944,6.2736285236835372e-10,-5.341333489468894e-12
80,3,10,82944,3.6089361317830262e-10,5.8324329723902134e-11
80,3,11,82944,2.9480009332723371e-10,3.4758330113220705e-11
80,3,12,82944,2.4821783824958381e-10,1.8434647018521793e-26
80,4,0,82944,1.7523025779674393e-07,0
80,4,1,82944,2.3603508762126364e-08,3.6582924547483601e-10
80,4,2,82944,8.4930120321046109e-09,1.9684947191189689e-10
80,4,3,82944,4.3533804933238152e-09,2.8967554041637368e-10
80,4,4,82944,2.5136999933532193e-09,-1.6527888093934449e-10
80,4,5,82944,1.4204293626996893e-09,3.7618331316982126e-11
80,4,6,82944,8.7571048171148811e-10,3.8058817749457124e-12
80,4,7,82944,4.7175596534266272e-10,-1.1729432064608697e-10
80,4,8,82944,2.3290076917695913e-10,-4.0739093738030834e-11
80,4,9,82944,1.4798864657272856e-10,2.3862400256372632e-12
80,4,10,82944,1.1713588348334481e-11,4.9009958646399945e-12
80,4,11,82944,8.6312657975703747e-13,-4.3618536539374016e-11
80,4,12,82944,1.6165902149683848e-11,4.9193630951022073e-25
80,5,0,82944,1.742667843019058e-07,0
80,5,1,82944,1.4549643596535146e-08,2.5268669483689063e-10
80,5,2,82944,4.1386248367731184e-09,9.2584291410339132e-11
80,5,3,82944,1.7338108963678751e-09,-1.7350191294067707e-11
80,5,4,82944,8.0504863917005616e-10,-1.5745919033387553e-10
80,5,5,82944,3.863212369160338e-10,1.8276768771063761e-11
80,5,6,82944,3.0333011006974037e-10,-6.7885269981296109e-11
80,5,7,82944,6.2968769916586103e-11,-2.2858640305889602e-10
80,5,8,82944,6.0997606688021715e-11,-2.04455711842953e-10
80,5,9,82944,6.4262637123219199e-11,-1.5700255442148809e-10
80,5,10,82944,4.8866948172674672e-13,-2.3076622879345266e-11
80,5,11,82944,7.4350666396237289e-11,-1.0074712564070257e-11
80,5,12,82944,1.6400187073808568e-11,-4.9105870662267415e-26
80,6,0,82944,1.7407418813886559e-07,0
80,6,1,82944,9.1045713848013025e-09,1.5260940148763575e-10
80,6,2,82944,2.0296061028723598e-09,7.3132555852454553e-11
80,6,3,82944,5.1113011552842683e-10,2.1809753254869573e-10
80,6,4,82944,3.4761326303467467e-10,-8.3620560889531708e-11
80,6,5,82944,2.4345442904495837e-10,1.0938749806008127e-10
80,6,6,82944,1.0628027594176953e-10,7.9049638470443618e-12
80,6,7,82944,-3.3707708830945985e-11,-7.5577115209127577e-11
80,6,8,82944,4.5056046788528488e-11,-5.5457773610844993e-11
80,6,9,82944,-1.3080865612121552e-10,1.1779122917170715e-11
80,6,10,82944,3.8218219624378859e-11,2.9980491864947477e-11
80,6,11,82944,7.3373498873271608e-12,3.3999198576388532e-11
80,6,12,82944,-1.1798985443972495e-10,3.143413979030603e-26
80,7,0,82944,1.741351447576978e-07,0
80,7,1,82944,5.6193696254108429e-09,8.1296405964016195e-11
80,7,2,82944,1.0055857388564818e-09,1.0517497273182251e-10
80,7,3,82944,3.4078961719817205e-10,3.7752897534831384e-10
80,7,4,82944,2.2991147392681884e-10,-2.9805989367746791e-10
80,7,5,82944,2.8512460509976567e-10,-4.3614543354997689e-11
80,7,6,82944,3.0416469827321751e-11,-2.0578264529651523e-10
80,7,7,82944,-6.4130998905878663e-11,7.6147274720688599e-11
80,7,8,82944,8.91383051518887e-11,-8.0225409238021812e-11
80,7,9,82944,-2.8647647360288259e-11,2.2561729344522118e-11
80,7,10,82944,-1.2888043104383648e-11,-2.6692709401521033e-13
80,7,11,82944,-6.3538406806524806e-11,3.6838031450423159e-11
80,7,12,82944,8.9065960355838617e-12,-2.7524817836689289e-27
80,8,0,82944,1.7389419229838587e-07,0
80,8,1,82944,3.4937040974379633e-09,1.0254739973637761e-10
80,8,2,82944,3.4844333473620327e-10,2.3760305025661198e-10
80,8,3,82944,-7.7865968249337967e-11,4.3903183132546679e-10
80,8,4,82944,1.1633922950796489e-10,-1.0920117002050751e-10
80,8,5,82944,1.7168091955356645e-10,-1.8188053608992524e-11
80,8,6,82944,1.219594592827295e-10,-1.5968983022821402e-10
80,8,7,82944,1.0992653133081685e-10,5.0936722130767964e-11
80,8,8,82944,-2.1790215805254789e-11,-5.6809009432444065e-11
80,8,9,82944,3.1138952413058614e-11,-9.2418706803294601e-12
80,8,10,82944,-1.0440518585909376e-11,3.2766650062314002e-11
80,8,11,82944,8.8501001450409199e-12,-5.7692034641123118e-11
80,8,12,82944,1.2607308155699224e-11,9.6935228033557931e-27
80,9,0,82944,1.7486371242703787e-07,0
80,9,1,82944,2.1533506471569782e-09,2.7625650824341936e-10
80,9,2,82944,2.3305931012831112e-10,1.1469370583819375e-10
80,9,3,82944,-1.3887751073410357e-10,-1.1032790029472386e-10
80,9,4,82944,-1.660190365539054e-11,9.8099418153491611e-11
80,9,5,82944,1.2849368720845771e-10,1.9200977935801664e-10
80,9,6,82944,6.9652754547638375e-11,-2.2797938906693944e-11
80,9,7,82944,-4.5258171652898528e-11,-1.1980750789475353e-10
80,9,8,82944,-8.3101759893051283e-11,1.8252875617164619e-11
80,9,9,82944,4.312109888530944e-11,-8.776108836217485e-11
80,9,10,82944,-5.7640626014050005e-11,3.7856478392854124e-11
80,9,11,82944,-3.0805778494235053e-11,-1.5025986703252011e-11
80,9,12,82944,9.2791375476713928e-11,1.8503459063113516e-25
80,10,0,82944,1.7376409336395342e-07,0
80,10,1,82944,1.3247197066775779e-09,2.207357520662656e-10
80,10,2,82944,-1.1060412794196046e-10,-6.6880147423613286e-11
80,10,3,82944,-2.7810257115520566e-11,-1.7776594247524377e-11
80,10,4,82944,-1.1555554120779457e-10,1.8884219114625949e-10
80,10,5,82944,-5.8346884091010387e-11,8.1196814209506326e-11
80,10,6,82944,6.8998245468339564e-11,-8.2953232727764747e-11
80,10,7,82944,-4.6976223959620061e-11,4.8378272625869023e-11
80,10,8,82944,-9.9683550952353324e-12,1.0233541045665031e-11
80,10,9,82944,-2.8669600000689094e-11,2.482713045212218e-11
80,10,10,82944,-8.5191357099059383e-11,-1.6324040374612817e-11
80,10,11,82944,-7.168503259421914e-11,-5.8067086013079481e-11
80,10,12,82944,2.9372860522126873e-11,-5.2995247095712637e-26
81,1,0,82944,1.7752727933097419e-07,0
81,1,1,82944,1.0293386611098097e-07,5.884370391708103e-11
81,1,2,82944,7.5297264091408044e-08,1.7672483702273333e-10
81,1,3,82944,5.861542074646282e-08,3.6787294226614619e-10
81,1,4,82944,4.5680192166904167e-08,2.1678663730325946e-10
81,1,5,82944,3.5047022920015552e-08,2.1810939808832062e-10
81,1,6,82944,2.6348652318390948e-08,3.26720638445453e-10
81,1,7,82944,1.9380340224649064e-08,3.6065146380352828e-10
81,1,8,82944,1.4021919682518945e-08,3.1647791282220172e-10
81,1,9,82944,1.0095622423657697e-08,2.5881354531058216e-10
81,1,10,82944,7.4596090539880832e-09,1.5771509613144578e-10
81,1,11,82944,5.7951874011076388e-09,1.1477475208066933e-10
81,1,12,82944,5.2182930442877586e-09,-4.4035719434668559e-25
81,2,0,82944,1.7570935094434928e-07,0
81,2,1,82944,6.2896427875579622e-08,2.1046796430024879e-10
81,2,2,82944,3.6896025325971729e-08,1.062295316426719e-10
81,2,3,82944,2.4776371475002781e-08,2.9416387580044835e-10
81,2,4,82944,1.7421456187095179e-08,1.9381007780902001e-11
81,2,5,82944,1.2186129170910484e-08,2.7185619039159279e-11
81,2,6,82944,8.4324804627887524e-09,1.8019527575347585e-10
81,2,7,82944,5.8456804694929402e-09,1.7236803543722493e-10
81,2,8,82944,4.0055442114468908e-09,2.6281388621727101e-10
81,2,9,82944,2.7207508853109015e-09,1.865247691423918e-10
81,2,10,82944,1.84045737368173e-09,1.7258306469203866e-10
81,2,11,82944,1.3560462768472986e-09,1.1121723762938886e-10
81,2,12,82944,1.1016326607080508e-09,-3.2692702113128561e-25
81,3,0,82944,1.7518405456343319e-07,0
81,3,1,82944,3.8784406371670641e-08,-1.4115533667974792e-10
81,3,2,82944,1.8206235182340885e-08,4.0850352200442635e-11
81,3,3,82944,1.0775622100458298e-08,4.7137683843021341e-10
81,3,4,82944,6.8528045711144146e-09,4.3886101780168978e-10
81,3,5,82944,4.2698546350270419e-09,4.2113864802876035e-10
81,3,6,82944,2.761064327224424e-09,4.7653246977212068e-10
81,3,7,82944,1.901042840799672e-09,3.4972934977455889e-10
81,3,8,82944,1.241742702951223e-09,1.8759032255449444e-10
81,3,9,82944,7.2056243503878229e-10,1.6357583711237927e-11
81,3,10,82944,5.5969077677623894e-10,1.6386939733962542e-11
81,3,11,82944,4.036130183706194e-10,-5.0246866856390054e-11
81,3,12,82944,3.1167342323717397e-10,1.5685157062878592e-25
81,4,0,82944,1.7481907765429022e-07,0
81,4,1,82944,2.4211406731783091e-08,-3.5524027714713411e-10
81,4,2,82944,9.1632044750527933e-09,-1.4592830384130637e-10
81,4,3,82944,4.7058653501882326e-09,5.7569358035435447e-11
81,4,4,82944,2.6870515463697882e-09,5.6100075601460779e-11
81,4,5,82944,1.4862622957693623e-09,8.2580798706024799e-12
81,4,6,82944,1.0047195734924932e-09,8.9776839253833312e-11
81,4,7,82944,5.4592134346119157e-10,1.4558407193675008e-10
81,4,8,82944,3.1200516396952865e-10,1.0979581303770415e-11
81,4,9,82944,1.0685117044503652e-10,8.896799326150859e-11
81,4,10,82944,1.2219890873752663e-11,-2.5446603994552897e-11
81,4,11,82944,-1.2959269630251605e-11,-3.6581098879357284e-11
81,4,12,82944,-3.4395792276926666e-11,9.7733048840418493e-27
81,5,0,82944,1.7516598741720798e-07,0
81,5,1,82944,1.5159521945296946e-08,-2.5229661088329638e-10
81,5,2,82944,4.6338015401171512e-09,2.4250006822664446e-11
81,5,3,82944,2.1157078094927272e-09,-6.049539111227336e-11
81,5,4,82944,1.2336725714423499e-09,-3.6727142287427727e-11
81,5,5,82944,6.1254704231521998e-10,-2.7409038807748694e-10
81,5,6,82944,3.0718645496982763e-10,-2.1325294381604156e-11
81,5,7,82944,2.7173698591473364e-10,3.1466156822143851e-11
81,5,8,82944,2.1029785838945414e-10,8.1730204631426356e-11
81,5,9,82944,-2.1789364740299857e-12,5.62971460626505e-11
81,5,10,82944,-3.4516765184079954e-11,2.432291314567167e-11
81,5,11,82944,4.7067591914589121e-11,3.3004610444385653e-11
81,5,12,82944,-4.0197740339619559e-11,8.0540010452573446e-26
81,6,0,82944,1.7416100718942917e-07,0
81,6,1,82944,9.3274644502528358e-09,-1.6820485371093984e-10
81,6,2,82944,2.5803934295967906e-09,-9.4974231265128398e-11
81,6,3,82944,1.0137513288792365e-09,-3.5114290520754939e-10
81,6,4,82944,4.4933952585215674e-10,2.3785274436587955e-10
81,6,5,82944,3.0248721644240763e-10,-5.1426615858607028e-11
81,6,6,82944,-4.0844054335072169e-11,-8.1395659805579456e-11
81,6,7,82944,-5.2261451326829115e-11,5.6895493222858724e-11
81,6,8,82944,1.0069214061329821e-10,1.4859397047561697e-10
81,6,9,82944,2.0671148357163695e-11,-2.3698323432954224e-11
81,6,10,82944,4.895209291894007e-11,5.1382673524110638e-11
81,6,11,82944,-9.8062190194744469e-11,-3.0518540947932767e-11
81,6,12,82944,-9.4204099839014869e-11,5.0043310110328572e-26
81,7,0,82944,1.7481257557496447e-07,0
81,7,1,82944,5.8878975324384452e-09,-3.0569165715320739e-11
81,7,2,82944,1.1580479076420984e-09,9.1537531944789169e-11
81,7,3,82944,5.3287899677788296e-10,9.8533381009016412e-11
81,7,4,82944,3.3477539575369215e-10,2.5476623701492736e-10
81,7,5,82944,3.772500565104962e-11,-1.2166634165858325e-12
81,7,6,82944,7.3238813694746609e-11,-2.0324682823604155e-10
81,7,7,82944,-1.256513649086239e-10,1.0008281591384274e-10
81,7,8,82944,8.3384459584417549e-11,-4.9829366701264892e-12
81,7,9,82944,-3.0627270214058745e-11,4.7126827355393762e-13
81,7,10,82944,-4.3379861656215105e-11,7.9268698460254291e-11
81,7,11,82944,-1.9658601982822089e-11,-3.2942317246734572e-11
81,7,12,82944,1.8401334477155101e-11,-2.672699702982873e-27
81,8,0,82944,1.7449770362883902e-07,0
81,8,1,82944,3.4534295130436998e-09,1.0101202172587864e-10
81,8,2,82944,5.0383718977054411e-10,1.6707883196592401e-10
81,8,3,82944,2.864536798555804e-10,-8.3901248530225693e-11
81,8,4,82944,1.5701454508243934e-10,3.3408252386879317e-13
81,8,5,82944,1.457454010188571e-10,-2.8269913672221108e-11
81,8,6,82944,-1.5983061448235012e-10,-1.0179787399721519e-10
81,8,7,82944,6.9424561656188286e-11,1.0897708541573297e-10
81,8,8,82944,4.8371624039749322e-12,1.8697402802887985e-11
81,8,9,82944,2.8961040207862683e-11,-1.482622589814639e-11
81,8,10,82944,1.2942138322153195e-10,5.4616073878816066e-11
81,8,11,82944,-2.1849862014663636e-11,-3.477045110485499e-12
81,8,12,82944,-8.6013686434517553e-12,1.5876634056525127e-25
81,9,0,82944,1.7477789876252895e-07,0
81,9,1,82944,2.2269796383335369e-09,1.0780280495496563e-10
81,9,2,82944,4.473213472528004e-10,2.7308823365016545e-10
81,9,3,82944,1.9931443568754954e-10,-1.219650398151218e-10
81,9,4,82944,2.6847012769535504e-10,9.0007433099870781e-11
81,9,5,82944,1.1726868554931204e-10,5.7511575904543508e-11
81,9,6,82944,-3.4059603522202856e-11,7.605138068738001e-12
81,9,7,82944,4.2460432994050322e-11,-6.210066521382761e-12
81,9,8,82944,4.1821763872427276e-11,1.5541723333625824e-11
81,9,9,82944,-5.7209549287147358e-12,4.5615882622620696e-11
81,9,10,82944,-5.6800477430692018e-11,7.3642208742345821e-11
81,9,11,82944,3.6502830285042027e-11,4.577378240380832e-11
81,9,12,82944,7.5829278073711791e-11,2.5165262800399187e-25
81,10,0,82944,1.7446949671540283e-07,0
81,10,1,82944,1.319520470590663e-09,2.5691545783278919e-10
81,10,2,82944,3.1334487603783591e-11,1.5183526914140706e-10
81,10,3,82944,3.1354381186658759e-10,-3.1429106496877961e-10
81,10,4,82944,2.3315643306574447e-10,-8.7019917064572792e-11
81,10,5,82944,-4.7625695230764619e-12,-1.4309827388385543e-11
81,10,6,82944,-1.4156404321422948e-10,1.3347437224419532e-10
81,10,7,82944,1.3441208456041995e-12,-1.260571795673596e-10
81,10,8,82944,9.927727955762479e-11,2.7044848647173243e-11
81,10,9,82944,1.4069625268957415e-10,7.5495161624384169e-11
81,10,10,82944,-1.2514443745159968e-10,5.4885156055906306e-11
81,10,11,82944,-3.7274431105527667e-11,4.1003257057824151e-11
81,10,12,82944,6.2693769909863212e-11,-1.5585429462021023e-25
82,1,0,82944,1.7676098435456468e-07,0
82,1,1,82944,1.0258447562084717e-07,1.1218333848693581e-10
82,1,2,82944,7.5211022810516084e-08,1.9862525808496412e-10
82,1,3,82944,5.8958757063029691e-08,4.2168344604276578e-10
82,1,4,82944,4.6742544732943046e-08,4.3384992287954435e-10
82,1,5,82944,3.641271415578324e-08,3.8327271456285666e-10
82,1,6,82944,2.8088640524679463e-08,3.942970880383698e-10
82,1,7,82944,2.143174093814884e-08,3.9639338352984874e-10
82,1,8,82944,1.6332597780932937e-08,3.1562002516239525e-10
82,1,9,82944,1.2387328655966489e-08,2.2003962145848859e-10
82,1,10,82944,9.6629021995876228e-09,1.0498121215463026e-10
82,1,11,82944,8.1334408073787909e-09,5.6162405499625642e-11
82,1,12,82944,7.5771335754706821e-09,5.7357830995227032e-25
82,2,0,82944,1.7533268714427896e-07,0
82,2,1,82944,6.2539908788678571e-08,1.2395766560676225e-10
82,2,2,82944,3.640599890577966e-08,1.2486920151591216e-11
82,2,3,82944,2.4937098139956606e-08,7.1867474669981511e-11
82,2,4,82944,1.7826884526060784e-08,-4.2341331534491379e-11
82,2,5,82944,1.2538043510810329e-08,-1.5221852406476805e-10
82,2,6,82944,8.8195828324837796e-09,-1.5770857891921742e-10
82,2,7,82944,6.3188580165841032e-09,-1.5610073412917349e-10
82,2,8,82944,4.440725409392793e-09,-1.8177333236562721e-10
82,2,9,82944,2.9948992860821997e-09,-1.0676840192794384e-10
82,2,10,82944,2.1412469332321843e-09,-4.1046862179952646e-11
82,2,11,82944,1.5940122398867478e-09,-4.8321798272103122e-11
82,2,12,82944,1.3956360880275604e-09,-5.7391239741514321e-25
82,3,0,82944,1.747895510195793e-07,0
82,3,1,82944,3.8414958437496167e-08,1.5570215459601579e-10
82,3,2,82944,1.7761096437377185e-08,5.6518977546757169e-11
82,3,3,82944,1.051930125332014e-08,-1.2149299030480984e-10
82,3,4,82944,6.6605470648407108e-09,-2.7196340255038696e-11
82,3,5,82944,4.2477730606204232e-09,-1.5927496447462706e-10
82,3,6,82944,2.6057838976359936e-09,-1.7611938207112675e-10
82,3,7,82944,1.677915104902281e-09,-2.121783877870505e-10
82,3,8,82944,1.1130418523762443e-09,-1.3364218583029718e-10
82,3,9,82944,5.6052830084775187e-10,-5.8808345685502018e-11
82,3,10,82944,3.4875570292601526e-10,-1.2325893819985952e-10
82,3,11,82944,3.2548441470791009e-10,-1.9844290271523604e-11
82,3,12,82944,2.0113017912576153e-10,-6.240953261666723e-26
82,4,0,82944,1.7499235660168231e-07,0
82,4,1,82944,2.3609231382124727e-08,1.4814055988376218e-10
82,4,2,82944,9.0874370850216361e-09,2.6391774689717016e-10
82,4,3,82944,4.7224543671469207e-09,-1.1189683669117431e-10
82,4,4,82944,2.6280327864053054e-09,-7.9294216281943474e-11
82,4,5,82944,1.5498829174553298e-09,-4.3644773375226005e-11
82,4,6,82944,1.0078528932399331e-09,-3.1725831393215821e-11
82,4,7,82944,5.5648162675421798e-10,5.2749227317322613e-12
82,4,8,82944,3.4651334746790343e-10,-7.336994727910788e-11
82,4,9,82944,1.8376718559953226e-10,9.6090980035131406e-11
82,4,10,82944,9.5855003288048197e-11,5.6507648283891572e-11
82,4,11,82944,2.481942437597613e-12,1.1501475185266628e-11
82,4,12,82944,-4.193105270720824e-11,6.5600815844109469e-26
82,5,0,82944,1.7487498344457459e-07,0
82,5,1,82944,1.4824262340702314e-08,6.0085426466379505e-11
82,5,2,82944,4.4910280677332015e-09,1.3147200491339838e-10
82,5,3,82944,2.088216942445823e-09,3.6662181999725976e-11
82,5,4,82944,9.6214955057230217e-10,3.6673671953205337e-10
82,5,5,82944,6.7213883845409003e-10,-4.4524540622158013e-11
82,5,6,82944,2.6633202033725731e-10,-1.7207447448172018e-10
82,5,7,82944,9.5687531685526318e-11,1.7790050864667437e-11
82,5,8,82944,1.6443357934605088e-10,7.7008009150666588e-11
82,5,9,82944,8.1334623363521624e-11,1.1238562124032247e-10
82,5,10,82944,6.0460352250673479e-11,4.6997695187413625e-12
82,5,11,82944,8.3937513607486937e-11,-3.2812946990230224e-11
82,5,12,82944,1.4947951415155284e-11,5.7744774086554406e-26
82,6,0,82944,1.7467268660678197e-07,0
82,6,1,82944,9.0105878594989854e-09,-1.1749431688306546e-10
82,6,2,82944,2.2535265418743351e-09,-8.2366185925456413e-11
82,6,3,82944,7.7272090974174772e-10,-2.0104888615893165e-10
82,6,4,82944,4.0367302836599395e-10,-1.643706438315714e-10
82,6,5,82944,1.1085194031292568e-10,-5.3420695048449521e-11
82,6,6,82944,4.1110389078528649e-11,-6.621592928178983e-11
82,6,7,82944,6.207159922426549e-11,3.0946359859119263e-11
82,6,8,82944,3.359470471472931e-11,7.600169498844806e-11
82,6,9,82944,2.930443937064132e-11,-6.3125974792992807e-11
82,6,10,82944,-1.7050928253021904e-11,-1.0132663647001662e-10
82,6,11,82944,-3.0388624951335594e-11,-1.0684309370893548e-11
82,6,12,82944,-6.4368613410219248e-11,4.6074151596197289e-26
82,7,0,82944,1.7519986482540943e-07,0
82,7,1,82944,5.5888870989582264e-09,-1.5447656721327708e-10
82,7,2,82944,1.3041468415806128e-09,1.7363429967974476e-11
82,7,3,82944,2.3802508578576087e-10,-1.2191948458726354e-10
82,7,4,82944,1.9408962909353253e-10,7.9678421491071761e-11
82,7,5,82944,-1.1682074516311624e-11,-3.1660556168456464e-11
82,7,6,82944,-1.7334369921160499e-10,-6.7331605844835727e-11
82,7,7,82944,2.8203261833527135e-10,6.5676257197194433e-11
82,7,8,82944,1.1557060712258428e-10,-1.197805037403651e-10
82,7,9,82944,-4.5495389809910185e-11,1.6254201632100348e-10
82,7,10,82944,2.7995673172580223e-11,4.8106455518795342e-11
82,7,11,82944,3.137611888167186e-11,1.4962379498750236e-11
82,7,12,82944,-5.75113071623765e-11,-6.9709592999441352e-27
82,8,0,82944,1.755486025571122e-07,0
82,8,1,82944,3.6046150231864305e-09,-1.3876676808867293e-10
82,8,2,82944,8.6679699624035133e-10,8.4466591226110218e-11
82,8,3,82944,3.358426442015439e-10,-6.9874583531295629e-11
82,8,4,82944,5.734697133216952e-11,4.4249050829591143e-11
82,8,5,82944,1.021296401264082e-10,9.0492030426426283e-12
82,8,6,82944,-1.5653493085376916e-10,-9.9416779136109635e-11
82,8,7,82944,1.6021952989330103e-11,4.6686951111682433e-12
82,8,8,82944,2.3118541446721889e-11,8.9842719405403243e-11
82,8,9,82944,1.9476930629001279e-12,-5.2184070056938685e-11
82,8,10,82944,-3.7440374700653604e-11,-2.0903158438197523e-12
82,8,11,82944,1.1556958095944671e-11,2.3838291436303469e-12
82,8,12,82944,5.7688797253833897e-11,3.1464058070563302e-26
82,9,0,82944,1.7454156916087644e-07,0
82,9,1,82944,2.1720916722897123e-09,-1.5022790370060768e-10
82,9,2,82944,5.0855296978131409e-10,-1.2250966270319272e-10
82,9,3,82944,3.3105254057149966e-10,1.0293372480940632e-10
82,9,4,82944,-7.1880270073887562e-11,1.7064756535623121e-10
82,9,5,82944,-7.9346029401610422e-11,-8.4450454698720504e-11
82,9,6,82944,1.0290883937967936e-11,-6.4847995010619255e-11
82,9,7,82944,-1.1097253003275535e-11,-1.4401502033064377e-10
82,9,8,82944,4.335142944651313e-11,-1.120989299288023e-10
82,9,9,82944,-1.6022855970161811e-10,4.8788691655697012e-11
82,9,10,82944,-1.0982387302917829e-10,-6.91211946637288e-11
82,9,11,82944,-5.3481969453531599e-11,-3.874275334162861e-11
82,9,12,82944,-1.0355546094501719e-10,-1.467940420823e-25
82,10,0,82944,1.7443652431817211e-07,0
82,10,1,82944,1.3232237331228713e-09,-1.0723060029692131e-10
82,10,2,82944,1.2020561668690553e-10,5.727421110359811e-11
82,10,3,82944,-1.7729973027651075e-11,3.9507571941710529e-11
82,10,4,82944,2.3892546895177197e-10,1.5609824010949694e-11
82,10,5,82944,1.4205837787478381e-10,5.4709191761767327e-11
82,10,6,82944,-9.2699924041866747e-11,8.2251820214702125e-11
82,10,7,82944,1.4870019388103681e-10,-1.2050823354849296e-10
82,10,8,82944,3.1683515752684352e-11,-8.6997248319669568e-11
82,10,9,82944,-2.0544157581157362e-11,-6.3809814315007896e-11
82,10,10,82944,3.2316147287470579e-11,-3.3733952746375002e-11
82,10,11,82944,3.9734176038062666e-11,1.4727186753187518e-11
82,10,12,82944,-6.3943332215788828e-11,-5.6046911681954282e-26
83,1,0,82944,1.7658297985791268e-07,0
83,1,1,82944,1.0233127269504566e-07,-1.1323293001047547e-10
83,1,2,82944,7.5181075694365897e-08,-1.3724110795480066e-10
83,1,3,82944,5.8984612340447877e-08,-1.3063886364818953e-10
83,1,4,82944,4.6560584503644549e-08,-1.27199966281381e-10
83,1,5,82944,3.6222448393177033e-08,-2.1422483854749407e-10
83,1,6,82944,2.7623853198723256e-08,-2.0820713041209387e-10
83,1,7,82944,2.0667547418943953e-08,-2.7668226591307425e-10
83,1,8,82944,1.5330332562895003e-08,-1.8018931457805041e-10
83,1,9,82944,1.1419704639769301e-08,-7.6033780112010936e-11
83,1,10,82944,8.7397015062171408e-09,-1.1223736009499994e-10
83,1,11,82944,7.1624560034062277e-09,-8.5242600289463515e-11
83,1,12,82944,6.6784233338290206e-09,-4.4639071419856859e-25
83,2,0,82944,1.7514820096433183e-07,0
83,2,1,82944,6.2604965227883113e-08,3.363112973159894e-11
83,2,2,82944,3.6349433139469691e-08,-2.6912617732501593e-11
83,2,3,82944,2.4861990676622446e-08,7.4570965676013978e-11
83,2,4,82944,1.7449819472767415e-08,4.0677906072244924e-12
83,2,5,82944,1.1922767360207759e-08,-1.196523923143456e-10
83,2,6,82944,8.2687882349007069e-09,1.5028919820830042e-11
83,2,7,82944,5.5411412810328744e-09,-3.7460928022793005e-11
83,2,8,82944,3.6331550138834932e-09,-8.0531094351467017e-11
83,2,9,82944,2.407037142470583e-09,8.9253754673328829e-11
83,2,10,82944,1.623157038594266e-09,6.9962108024553201e-11
83,2,11,82944,1.1853113028228532e-09,-3.786377539635004e-11
83,2,12,82944,1.0619226719431543e-09,-1.2124881712263346e-25
83,3,0,82944,1.7486675128935971e-07,0
83,3,1,82944,3.8650088543501344e-08,-4.0968689025429336e-11
83,3,2,82944,1.8127449174422442e-08,-2.2882903157901993e-10
83,3,3,82944,1.1165838860541128e-08,3.7725381607755794e-12
83,3,4,82944,6.8450701449877539e-09,1.301454894221657e-10
83,3,5,82944,4.3990878818133466e-09,2.4281807724342994e-10
83,3,6,82944,2.8707331977631575e-09,-3.7258232051537872e-11
83,3,7,82944,1.9096570483584738e-09,3.0623810146662259e-11
83,3,8,82944,1.2330894618058833e-09,1.3666240065588338e-10
83,3,9,82944,7.7548097643489542e-10,8.06858276768559e-11
83,3,10,82944,6.1655599335697377e-10,5.9302143963378622e-11
83,3,11,82944,4.3003507611170394e-10,1.3317754928176477e-12
83,3,12,82944,3.9334109217175919e-10,-6.57803255256531e-26
83,4,0,82944,1.753061531720421e-07,0
83,4,1,82944,2.4210131918875895e-08,1.2155090509685978e-10
83,4,2,82944,9.1113497623789195e-09,2.8308325177423667e-10
83,4,3,82944,4.9149625331092533e-09,3.3720235108696321e-10
83,4,4,82944,2.7383410829306382e-09,1.4813987577353896e-10
83,4,5,82944,1.7127309031116543e-09,2.9252238993218999e-10
83,4,6,82944,1.0923777960435406e-09,-2.4494751982305147e-10
83,4,7,82944,5.3813771829012466e-10,1.3758513933908714e-10
83,4,8,82944,2.8810946971875701e-10,-6.6927955394081443e-11
83,4,9,82944,2.0694632194304913e-10,-4.7596894536222656e-11
83,4,10,82944,1.5806279152010802e-10,-4.4307486572608253e-11
83,4,11,82944,1.6127441422644962e-10,-1.9248059142356975e-11
83,4,12,82944,1.1566912321114608e-10,-4.3541070534415014e-25
83,5,0,82944,1.7448185668215838e-07,0
83,5,1,82944,1.4864821613181458e-08,4.2736515553924784e-11
83,5,2,82944,4.3899400065115516e-09,2.5859932312987306e-10
83,5,3,82944,2.020651080314113e-09,-4.2777683405858203e-11
83,5,4,82944,1.0829720829373794e-09,-7.3703967747780254e-11
83,5,5,82944,5.6126420073451827e-10,1.1233738157322522e-10
83,5,6,82944,3.442763015003957e-10,1.396765705556388e-10
83,5,7,82944,1.0884981461098687e-10,-7.109887561396179e-11
83,5,8,82944,2.1033390903854368e-10,7.734215727595129e-11
83,5,9,82944,4.9570280155892167e-11,1.6485256072250418e-11
83,5,10,82944,3.6400210329690395e-11,9.0899582129050692e-11
83,5,11,82944,-5.816794647679037e-11,-1.2300766675101866e-11
83,5,12,82944,4.2217903720732771e-11,-1.1432772162311812e-25
83,6,0,82944,1.7452579016374647e-07,0
83,6,1,82944,9.1073441988802016e-09,-4.0974411437313002e-11
83,6,2,82944,2.2817107572876198e-09,5.6737234169456765e-11
83,6,3,82944,9.7025073509199417e-10,7.5211804966251748e-11
83,6,4,82944,3.6695677987437383e-10,-3.3346404955842028e-11
83,6,5,82944,4.1476323109824345e-10,-4.7362506150704628e-11
83,6,6,82944,4.9917911622412133e-11,-1.7321847263771775e-11
83,6,7,82944,-1.4254807386313953e-10,-1.422537658628772e-10
83,6,8,82944,-1.5252939701119586e-10,9.5290263839040707e-11
83,6,9,82944,7.4945313084925198e-11,-4.7800056032026196e-11
83,6,10,82944,1.0903374718539716e-11,-5.2072535418452756e-11
83,6,11,82944,5.2682162127048002e-11,1.0160043741202472e-10
83,6,12,82944,4.8232282294654119e-11,-2.2763822171748904e-25
83,7,0,82944,1.7398016866351892e-07,0
83,7,1,82944,5.5761318268565647e-09,3.5283589998788941e-11
83,7,2,82944,1.2055340666406411e-09,2.6973443391486406e-10
83,7,3,82944,3.4612360554915763e-10,1.7239743277019127e-10
83,7,4,82944,2.17300107404846e-10,-1.0095043651398757e-10
83,7,5,82944,-7.0269867414771986e-11,-3.6233741370068194e-11
83,7,6,82944,-3.7389039554871179e-11,-6.2399875685703968e-11
83,7,7,82944,-2.1787802184860148e-10,-6.7338665165163187e-11
83,7,8,82944,-1.5032214825187836e-10,-5.2115918232262027e-11
83,7,9,82944,7.3072895371682025e-11,1.2042715918049374e-10
83,7,10,82944,9.7479064963677768e-11,-2.0457045637401437e-11
83,7,11,82944,-4.2366960631478928e-11,-7.4176218970617166e-11
83,7,12,82944,-1.0653694602568618e-10,3.5822154228039102e-26
83,8,0,82944,1.7428450511864711e-07,0
83,8,1,82944,3.4510570333939478e-09,-1.7408953785253959e-11
83,8,2,82944,6.6696870336802398e-10,-1.7733705510973543e-10
83,8,3,82944,1.5769121751297383e-10,4.6297552620518842e-11
83,8,4,82944,3.8168220769374998e-10,-1.5945887954761429e-10
83,8,5,82944,-1.2256013955994324e-10,1.2650811813158869e-10
83,8,6,82944,-5.0616117708402152e-11,-6.8653483956448164e-11
83,8,7,82944,-1.2297871413462444e-10,3.5941882831895854e-11
83,8,8,82944,5.3454143768224175e-11,6.4138971732736534e-11
83,8,9,82944,-5.3692415548430636e-11,3.243285889520761e-11
83,8,10,82944,-1.7502089255317272e-11,-9.9877320454069991e-12
83,8,11,82944,-5.5282032931167121e-11,2.2778434959575104e-11
83,8,12,82944,-1.324074296301001e-10,5.2785819133911746e-26
83,9,0,82944,1.7499559414630006e-07,0
83,9,1,82944,2.0320548661771685e-09,-3.3010220466202212e-12
83,9,2,82944,6.616077813717136e-10,-2.2779431296983191e-11
83,9,3,82944,7.560222021776292e-12,-1.577713241845517e-10
83,9,4,82944,2.9810653384553978e-10,-7.5216908004263814e-12
83,9,5,82944,-7.2782758967778875e-11,8.131015343706098e-11
83,9,6,82944,1.2555018371571532e-10,-1.3141295908855552e-10
83,9,7,82944,-2.366386303445025e-10,3.189012688183855e-11
83,9,8,82944,-3.1920982936859381e-11,1.4267298158618912e-11
83,9,9,82944,8.7522432798504852e-11,9.3663394538800336e-11
83,9,10,82944,-4.2691875588269216e-11,3.492968780001188e-12
83,9,11,82944,-4.9584151580774633e-12,3.687681489610403e-11
83,9,12,82944,-1.3525263413156253e-11,-1.6235653419612377e-25
83,10,0,82944,1.7477021820464583e-07,0
83,10,1,82944,1.7200326836677642e-09,1.3466222301388053e-10
83,10,2,82944,4.579929041715218e-10,7.144079660604792e-11
83,10,3,82944,2.0405418863846936e-10,1.1491463937158641e-10
83,10,4,82944,1.6346568092897278e-10,-1.1886411128820996e-10
83,10,5,82944,5.0457457263268963e-11,-9.11887219020739e-12
83,10,6,82944,1.4410606819043369e-10,6.4979529709986359e-11
83,10,7,82944,-1.5949336951714513e-10,-2.7898278302214957e-11
83,10,8,82944,4.6769010255308366e-11,9.6115230831754494e-11
83,10,9,82944,3.7388629099188103e-11,-1.4646747563436852e-12
83,10,10,82944,-1.0780170662146935e-10,4.9715406474728487e-11
83,10,11,82944,-3.0754657710454155e-11,8.134969461082244e-12
83,10,12,82944,-2.2032149561116806e-11,-4.6313497838255458e-26
84,1,0,82944,1.7628334909119333e-07,0
84,1,1,82944,1.0215108278403984e-07,2.8142725655006411e-11
84,1,2,82944,7.498638307264764e-08,-5.9807584530947098e-11
84,1,3,82944,5.8910138844237613e-08,-7.2433840636049464e-11
84,1,4,82944,4.6549336782969228e-08,-3.2632628805859104e-10
84,1,5,82944,3.6300335331760563e-08,-4.7067835568233838e-10
84,1,6,82944,2.8024034472148114e-08,-5.0643396166887436e-10
84,1,7,82944,2.1395622161796925e-08,-4.6789904491861772e-10
84,1,8,82944,1.6185094090965193e-08,-4.5704615062899858e-10
84,1,9,82944,1.2275966274583467e-08,-3.7276177320607082e-10
84,1,10,82944,9.6452598452005217e-09,-2.8887194682477598e-10
84,1,11,82944,8.0766333692804401e-09,-1.3487118949856675e-10
84,1,12,82944,7.5216277664466327e-09,-2.7624545437546857e-25
84,2,0,82944,1.7532024338484841e-07,0
84,2,1,82944,6.2551984680071224e-08,2.7831477896269818e-10
84,2,2,82944,3.6337636877348045e-08,1.8106887259773955e-10
84,2,3,82944,2.4592479147998593e-08,1.0915362958938472e-10
84,2,4,82944,1.7518050387885726e-08,-2.6807233378682987e-10
84,2,5,82944,1.2466856595532592e-08,-4.0532399705578026e-10
84,2,6,82944,8.6804174700300897e-09,-1.4953089478598558e-10
84,2,7,82944,6.0073172566400607e-09,-2.3809484940963354e-10
84,2,8,82944,4.0302343502060174e-09,-1.6390171038174392e-10
84,2,9,82944,2.5494464305866747e-09,-1.0071604571996456e-10
84,2,10,82944,1.7296770985017249e-09,-1.5024034786180868e-10
84,2,11,82944,1.3300508809377275e-09,-5.0828993776082526e-11
84,2,12,82944,1.1615548184519027e-09,3.7601294627338149e-25
84,3,0,82944,1.7519815783711413e-07,0
84,3,1,82944,3.8573249904591219e-08,4.523116791392447e-12
84,3,2,82944,1.8027160402746036e-08,-5.2954145316029457e-10
84,3,3,82944,1.0691537688016091e-08,-2.737176242719441e-11
84,3,4,82944,6.846956312963377e-09,-2.5935200018906563e-10
84,3,5,82944,4.5042947756818733e-09,-5.1318178491031122e-11
84,3,6,82944,2.9431363631627178e-09,9.8112381852262107e-11
84,3,7,82944,1.8480765687710519e-09,2.9575289702577735e-11
84,3,8,82944,1.1302016899203596e-09,4.51443758830337e-11
84,3,9,82944,6.9927624817975301e-10,-2.6602747635907615e-12
84,3,10,82944,3.9921756643903857e-10,-7.6165742609965418e-11
84,3,11,82944,3.21388139856009e-10,1.5758829475982548e-11
84,3,12,82944,2.5028240696949217e-10,-2.8901058728523754e-26
84,4,0,82944,1.7534952846455249e-07,0
84,4,1,82944,2.3859125362306457e-08,8.1291653691595386e-11
84,4,2,82944,9.0368041560631095e-09,-6.4113199162471588e-11
84,4,3,82944,4.8686356179616795e-09,-1.1798788260675559e-10
84,4,4,82944,2.9799756065928972e-09,-1.3451627437226157e-10
84,4,5,82944,1.7906152054099305e-09,-7.8248676383147448e-11
84,4,6,82944,1.1642553485932588e-09,-1.1109319999597762e-14
84,4,7,82944,7.2093331695092532e-10,2.1588776264597466e-11
84,4,8,82944,3.576006980664845e-10,-1.9747652773513094e-11
84,4,9,82944,1.6687503036715139e-10,-1.8103744114907734e-11
84,4,10,82944,7.3502277001194637e-11,5.1896324171405291e-11
84,4,11,82944,3.1117268702339333e-11,4.7652814663826659e-11
84,4,12,82944,8.5099379228832271e-11,-4.3800362296644694e-26
84,5,0,82944,1.7440549419108436e-07,0
84,5,1,82944,1.4703136382167367e-08,3.331891666948846e-11
84,5,2,82944,4.4686823688174497e-09,1.6606062068342786e-10
84,5,3,82944,2.0873565300865729e-09,-1.8758821157196246e-10
84,5,4,82944,1.2512307979024673e-09,-4.6999303184196105e-11
84,5,5,82944,7.9140872624914795e-10,-1.5276153332482367e-10
84,5,6,82944,4.5490292224763665e-10,-4.0622965416275532e-11
84,5,7,82944,1.4004837307501368e-10,2.4613068706837575e-11
84,5,8,82944,1.4510333355415851e-10,6.2904363332146545e-11
84,5,9,82944,-6.936724611508206e-11,6.1912461087055914e-11
84,5,10,82944,1.0251472947700314e-11,6.3305816113189121e-11
84,5,11,82944,-4.0489113715661252e-11,1.905315150554059e-11
84,5,12,82944,2.0230045687760911e-11,-2.0583776817002424e-25
84,6,0,82944,1.7393542549697346e-07,0
84,6,1,82944,8.9782250806546344e-09,7.6777800654068876e-11
84,6,2,82944,2.2897547511729522e-09,8.0384098280202429e-11
84,6,3,82944,8.1545210542482195e-10,4.6047596384468618e-11
84,6,4,82944,5.9977670227739651e-10,-1.2708412212258654e-10
84,6,5,82944,8.2880343426937537e-11,-2.0433903331269582e-10
84,6,6,82944,1.5362466577063435e-10,-2.1850689249071995e-10
84,6,7,82944,-4.0242792208513328e-11,3.0595499938339156e-11
84,6,8,82944,-4.0784982159141692e-11,-1.0026981387657695e-10
84,6,9,82944,-6.7302608134339272e-11,-8.0989822780316666e-11
84,6,10,82944,1.9961079163101807e-11,-2.2959308130186139e-11
84,6,11,82944,1.0501595015745597e-11,-1.8491086017375852e-11
84,6,12,82944,-2.6693340126183966e-11,5.3254538857942318e-26
84,7,0,82944,1.7437647727695802e-07,0
84,7,1,82944,5.5281791321773175e-09,-9.3522325905176941e-12
84,7,2,82944,9.3725445449026829e-10,4.3968983392591181e-10
84,7,3,82944,3.3781144998480034e-10,3.5104753832536617e-11
84,7,4,82944,1.7842832428254304e-10,-1.7808423088165028e-11
84,7,5,82944,1.008049160003422e-11,-1.0618391080975138e-10
84,7,6,82944,2.6150484817568162e-10,-2.0016816094133212e-10
84,7,7,82944,-1.7591546509158503e-10,1.5585509917041036e-10
84,7,8,82944,1.0950738495554397e-10,2.0270307487862102e-11
84,7,9,82944,-2.3852179114058204e-11,4.7268081955067943e-11
84,7,10,82944,-1.7135321802153561e-11,-1.0544233033581837e-10
84,7,11,82944,-9.1808884423259524e-11,2.2443214248508359e-11
84,7,12,82944,-1.4325255787314222e-10,1.8742805305171684e-25
84,8,0,82944,1.7493870264370637e-07,0
84,8,1,82944,3.3992718579986878e-09,-1.2330389031940138e-10
84,8,2,82944,4.3602267171017427e-10,1.2745525396067628e-11
84,8,3,82944,1.8026688785088513e-10,-2.3909538909566553e-10
84,8,4,82944,1.1285873994689121e-10,3.7594367835858109e-11
84,8,5,82944,-5.0210963461615877e-11,-4.0116963482544978e-11
84,8,6,82944,6.8834717769995677e-11,-1.1004352291073634e-10
84,8,7,82944,-2.2749039975216277e-11,1.2016137052897105e-10
84,8,8,82944,1.5225112474012445e-10,6.1729667648031914e-11
84,8,9,82944,7.6441541648451634e-11,9.3759735052757867e-11
84,8,10,82944,5.9050672589075412e-11,4.4072424865402482e-13
84,8,11,82944,5.7899640952888942e-12,8.3155654231386054e-13
84,8,12,82944,-2.2137007682255831e-11,-2.9008764537449927e-25
84,9,0,82944,1.7417600717643136e-07,0
84,9,1,82944,2.1737405230622105e-09,6.9858714256384979e-11
84,9,2,82944,2.9803361619935174e-10,-2.0377642810251833e-10
84,9,3,82944,-7.2842403556511233e-11,-1.3145810581189648e-10
84,9,4,82944,1.4041778983081796e-10,7.2221114464791048e-11
84,9,5,82944,4.0236961102135957e-11,-3.5434620735285078e-11
84,9,6,82944,7.819473867331924e-11,-7.446523403799471e-11
84,9,7,82944,1.1420429464452883e-10,-2.6769119265896459e-11
84,9,8,82944,6.3179527553743912e-11,7.8053877469277553e-11
84,9,9,82944,2.6581471527422391e-11,3.593784319101767e-12
84,9,10,82944,4.1279239690530898e-11,-2.5404970722824043e-11
84,9,11,82944,-5.2165923931306746e-11,-3.3401833161750122e-11
84,9,12,82944,5.7020452065168788e-11,-2.3834896604959202e-25
84,10,0,82944,1.7464301133076623e-07,0
84,10,1,82944,1.2875383934480606e-09,-1.2693630709253672e-10
84,10,2,82944,5.9612141700117802e-11,-1.3155658497250394e-10
84,10,3,82944,-1.6097094639637611e-11,-1.4350633538760909e-10
84,10,4,82944,2.1245556265120561e-10,2.0793409845930721e-10
84,10,5,82944,6.7572199864859001e-11,2.4527421446598097e-10
84,10,6,82944,-5.3714227848549161e-11,2.3987693451860895e-10
84,10,7,82944,-6.1789051314358557e-12,-7.9040821953326413e-11
84,10,8,82944,1.6747559586286236e-10,-1.1541048828136311e-10
84,10,9,82944,2.3682840535256267e-11,-6.9124419125463344e-11
84,10,10,82944,-6.3930482727885179e-11,-1.4070818705560747e-12
84,10,11,82944,-9.1127932118236713e-11,-5.8273581829715678e-11
84,10,12,82944,3.3219253821993942e-11,2.2965271925481194e-25
85,1,0,82944,1.7651258757833541e-07,0
85,1,1,82944,1.0271643096247209e-07,-1.9905655247497837e-11
85,1,2,82944,7.5801311076316975e-08,-2.7896804242104717e-11
85,1,3,82944,5.9723612329767775e-08,1.4287925211298791e-11
85,1,4,82944,4.7278791071532785e-08,-6.7661023388583155e-11
85,1,5,82944,3.7197758644473424e-08,-4.067580631037094e-11
85,1,6,82944,2.8656443047351604e-08,3.9806611715831263e-11
85,1,7,82944,2.1664635801589095e-08,1.8932442934941974e-10
85,1,8,82944,1.6243141264090133e-08,1.6559114164101563e-10
85,1,9,82944,1.2094951541794705e-08,1.7612909312130966e-10
85,1,10,82944,9.1872864324548847e-09,1.5787569194268121e-10
85,1,11,82944,7.4999494987445646e-09,7.7874286130808653e-11
85,1,12,82944,6.9549558026386682e-09,2.7373605861888998e-25
85,2,0,82944,1.746147139531208e-07,0
85,2,1,82944,6.233614069593495e-08,6.7567422500283194e-11
85,2,2,82944,3.6347196270099779e-08,4.4853864158822555e-11
85,2,3,82944,2.4720859686201569e-08,6.0105230215950012e-11
85,2,4,82944,1.7350722014944336e-08,1.3739293675525707e-10
85,2,5,82944,1.2291534735077984e-08,3.5426830224134267e-11
85,2,6,82944,8.6381973305616512e-09,1.892576770998508e-10
85,2,7,82944,5.9801513978131693e-09,1.0443329034275182e-10
85,2,8,82944,4.1794110516432407e-09,6.5915710189475189e-11
85,2,9,82944,2.9519028258833116e-09,1.2983373749253351e-10
85,2,10,82944,2.0530865373564762e-09,1.0448270812764262e-10
85,2,11,82944,1.6457493718523177e-09,9.4705234828629219e-12
85,2,12,82944,1.5259082046277416e-09,1.0899827863328958e-24
85,3,0,82944,1.7446810427140487e-07,0
85,3,1,82944,3.8367602286098952e-08,9.1507149534907786e-11
85,3,2,82944,1.8041909313452855e-08,9.9575082886820514e-11
85,3,3,82944,1.0687232582379552e-08,-8.6099600760916344e-11
85,3,4,82944,6.8694293645895541e-09,-1.0066809390425548e-10
85,3,5,82944,4.2876537905663233e-09,-1.6042344073327664e-10
85,3,6,82944,2.8962526617400096e-09,-9.2633119204798693e-11
85,3,7,82944,1.9498999449784372e-09,-1.1050231814400999e-10
85,3,8,82944,1.2121066852363492e-09,-1.25851772762666e-10
85,3,9,82944,8.3403534634776931e-10,-1.8906093021039675e-10
85,3,10,82944,5.0613087729322193e-10,-1.3817316930955182e-11
85,3,11,82944,3.9841216213522383e-10,-2.1651796487077685e-11
85,3,12,82944,3.4198491715261317e-10,2.7524817836689289e-27
85,4,0,82944,1.7500105397818279e-07,0
85,4,1,82944,2.3581911150893239e-08,-4.6282068584925266e-11
85,4,2,82944,8.7338369769578732e-09,1.1407076860566802e-10
85,4,3,82944,4.5396920618849682e-09,-6.2330676706034165e-11
85,4,4,82944,2.7150338865246979e-09,-1.8076562913362288e-10
85,4,5,82944,1.6337263414596815e-09,-1.3321709731031872e-10
85,4,6,82944,1.0014548853662285e-09,-2.4612957532694642e-10
85,4,7,82944,6.5655280659922752e-10,-5.5467841061122118e-11
85,4,8,82944,3.8372627561598179e-10,7.0493154266425368e-11
85,4,9,82944,1.9727994569513413e-10,-4.9255986378123324e-11
85,4,10,82944,2.0430612747745473e-10,-3.1335356664652786e-11
85,4,11,82944,1.4756799789158393e-10,3.7598400555922465e-11
85,4,12,82944,4.704190820072407e-11,1.720899480398226e-25
85,5,0,82944,1.7447708141884314e-07,0
85,5,1,82944,1.4606339248614117e-08,2.4905850539023121e-11
85,5,2,82944,4.3785152436550954e-09,1.0301684217541056e-10
85,5,3,82944,1.9029869321265383e-09,2.4124965313183185e-10
85,5,4,82944,9.4340749359677294e-10,-1.3164043167751572e-10
85,5,5,82944,5.1669408668468453e-10,1.7951748339300115e-10
85,5,6,82944,3.2091718795999576e-10,1.1695267824442303e-10
85,5,7,82944,4.5226538810565637e-11,1.7340566954773814e-10
85,5,8,82944,1.1146710059291735e-11,8.6575972785484184e-11
85,5,9,82944,-6.9700279108953221e-11,1.8314086340460864e-11
85,5,10,82944,3.6775995001956718e-11,7.2937807108168201e-11
85,5,11,82944,-1.7561824919007484e-12,-6.5284997001434282e-11
85,5,12,82944,-6.7089902928932413e-12,3.3241203917845195e-25
85,6,0,82944,1.7447210756140189e-07,0
85,6,1,82944,8.9820044154810379e-09,5.9266914181152058e-11
85,6,2,82944,1.9596572044065543e-09,1.31139167148388e-10
85,6,3,82944,1.0453220324512548e-09,1.4784582615170931e-11
85,6,4,82944,5.4603958041468735e-10,-1.8624167576989736e-10
85,6,5,82944,2.0719560538976441e-10,6.9303509560485704e-11
85,6,6,82944,1.2889253080834985e-10,1.5541368878147017e-10
85,6,7,82944,8.4984798597214209e-11,-1.0447340813230394e-10
85,6,8,82944,3.6294115691388855e-11,-8.1436494222241598e-11
85,6,9,82944,-1.4469967537239694e-11,-5.7552773581133945e-11
85,6,10,82944,1.6534906461069388e-10,4.0501103060864844e-12
85,6,11,82944,-1.1425850069113974e-12,-7.0890974766712075e-11
85,6,12,82944,2.0422049634003604e-11,3.1144929747819077e-26
85,7,0,82944,1.7479521593867565e-07,0
85,7,1,82944,5.7347552268615748e-09,-3.9733709367642462e-11
85,7,2,82944,1.1826253983517869e-09,5.9502116241535467e-11
85,7,3,82944,1.9921994269684175e-10,2.0985127030736786e-11
85,7,4,82944,2.1527272518527288e-10,-1.9615789364049835e-10
85,7,5,82944,2.4423551140347092e-10,-3.0488133061231959e-11
85,7,6,82944,-2.713056120858707e-11,1.5730422238662821e-10
85,7,7,82944,-2.1103173651297939e-11,9.8352135939353554e-11
85,7,8,82944,-2.0137705051814197e-11,3.0937353090511559e-12
85,7,9,82944,-1.0446174493406737e-10,9.4417664379058282e-12
85,7,10,82944,4.0309930555148677e-11,1.1603713658906118e-11
85,7,11,82944,-5.0063381855842711e-11,5.6839756329627631e-11
85,7,12,82944,-8.7648670147962679e-11,-3.2351633718195669e-26
85,8,0,82944,1.7423251697529125e-07,0
85,8,1,82944,3.4337238464425452e-09,-4.0010027121398702e-11
85,8,2,82944,6.2872964867265693e-10,7.641594875450443e-12
85,8,3,82944,1.4447415376192137e-10,3.1869675357433579e-11
85,8,4,82944,-2.503297632690125e-11,-1.1480866590059524e-10
85,8,5,82944,3.5527449731200694e-12,1.1263693650522138e-11
85,8,6,82944,-1.3337310573728002e-11,-1.222875286994732e-10
85,8,7,82944,3.1935096381483298e-11,5.5433924897204941e-11
85,8,8,82944,5.3178937205626642e-11,5.9924212166641661e-11
85,8,9,82944,1.4142479885039255e-10,4.8690520245607396e-11
85,8,10,82944,-4.6028366013020891e-11,4.0115876216110617e-12
85,8,11,82944,4.0169548572235825e-11,3.0034589135985059e-11
85,8,12,82944,1.2345972975625171e-10,-2.7358272743257145e-25
85,9,0,82944,1.742960666699486e-07,0
85,9,1,82944,2.0135986412171842e-09,2.8626761237416499e-10
85,9,2,82944,4.6604643899197612e-10,9.5627731501700692e-11
85,9,3,82944,4.7673675338133686e-11,4.0800180913187594e-11
85,9,4,82944,-9.9768229476351576e-11,-7.2861320982463501e-11
85,9,5,82944,-5.5920581257525014e-11,-2.296280765185151e-10
85,9,6,82944,2.5663877517133425e-11,-1.4222989191136225e-10
85,9,7,82944,1.2033341629148695e-12,1.5912308663090359e-11
85,9,8,82944,4.4914855883838796e-11,-6.8107266704836305e-11
85,9,9,82944,-4.2235104207114812e-11,7.7197475827549249e-11
85,9,10,82944,-8.5950212929488215e-11,2.3807294464087267e-11
85,9,11,82944,-2.450756059270645e-11,-1.1021096358844822e-10
85,9,12,82944,5.3417948468782077e-11,2.5011682295078527e-26
85,10,0,82944,1.7372814429313611e-07,0
85,10,1,82944,1.1379331490822621e-09,8.6643816097910038e-11
85,10,2,82944,2.2051435116288205e-10,-2.6629549427315394e-12
85,10,3,82944,2.3159264366611961e-10,-1.8578174436734507e-10
85,10,4,82944,-2.0752524478189989e-10,-7.2146444668365056e-11
85,10,5,82944,-2.0382921307481785e-10,-2.9506972105750956e-10
85,10,6,82944,-3.3977204088437379e-11,-5.5600625278764952e-11
85,10,7,82944,-1.0169414084615103e-10,1.7398216411255598e-10
85,10,8,82944,-1.6441325594314868e-11,5.0222499032812074e-11
85,10,9,82944,1.8709694972123992e-11,1.5195792438461899e-11
85,10,10,82944,-8.843910319191704e-12,6.5431852078575938e-11
85,10,11,82944,-3.4516915115496214e-11,-4.3043872464592841e-11
85,10,12,82944,4.7506624427139843e-11,-6.6119399368568835e-27
86,1,0,82944,1.7677621357111342e-07,0
86,1,1,82944,1.0219406011325437e-07,7.7623683646895718e-11
86,1,2,82944,7.4567928418071852e-08,8.1597988264219837e-11
86,1,3,82944,5.7805328282321017e-08,3.5142958887664733e-11
86,1,4,82944,4.5353193908208527e-08,3.9765434681945568e-11
86,1,5,82944,3.5188825648133523e-08,-1.3417047959412055e-11
86,1,6,82944,2.684808982576776e-08,-6.1660717484623062e-11
86,1,7,82944,2.0305303016424078e-08,1.940182551582031e-11
86,1,8,82944,1.5180234926899379e-08,-2.7970067028063406e-11
86,1,9,82944,1.1484118895234004e-08,-4.7344561716937733e-11
86,1,10,82944,8.9163513772686166e-09,-4.7064779171466918e-11
86,1,11,82944,7.440136037365747e-09,-5.5910771838200335e-11
86,1,12,82944,6.9089802912578916e-09,1.3108195856718985e-25
86,2,0,82944,1.7514175174076043e-07,0
86,2,1,82944,6.2098985906345375e-08,-2.9789352869122267e-12
86,2,2,82944,3.6037083191985811e-08,7.3941468955302242e-11
86,2,3,82944,2.405065838160727e-08,-3.4710851836521778e-11
86,2,4,82944,1.6873828437812151e-08,1.2819729023983423e-10
86,2,5,82944,1.1930151426569005e-08,2.3409465684933418e-10
86,2,6,82944,8.288288223807294e-09,1.5013416632598065e-10
86,2,7,82944,5.7455540206017743e-09,1.6022821834516553e-10
86,2,8,82944,3.809134461655363e-09,1.9521423060429575e-10
86,2,9,82944,2.6311781347103483e-09,1.5709578228250303e-10
86,2,10,82944,1.8548708251350086e-09,1.6015971363579617e-10
86,2,11,82944,1.513410146069559e-09,4.1332276447008005e-11
86,2,12,82944,1.4354161307528701e-09,-7.5473848329008893e-26
86,3,0,82944,1.7583389042197014e-07,0
86,3,1,82944,3.8299432344094843e-08,8.9215906554574768e-11
86,3,2,82944,1.7871803798455624e-08,-8.2213780868845239e-11
86,3,3,82944,1.0352878161577971e-08,-4.8913217954039202e-10
86,3,4,82944,6.4586621505448109e-09,-5.2704383715567072e-10
86,3,5,82944,4.4761600580651867e-09,-1.888486761337317e-10
86,3,6,82944,2.8337265265300608e-09,-2.4048606129968545e-10
86,3,7,82944,1.8380429504747666e-09,-2.541444786471788e-10
86,3,8,82944,1.1239017018542657e-09,-2.1560378948483467e-10
86,3,9,82944,6.4467090967078845e-10,-1.6111204271248616e-10
86,3,10,82944,3.2888363209608957e-10,-6.5820188139299196e-11
86,3,11,82944,1.5348984406397241e-10,-4.9536076280778175e-11
86,3,12,82944,1.2096356792168311e-10,1.5222420994899469e-25
86,4,0,82944,1.7469662756125212e-07,0
86,4,1,82944,2.3584287190078779e-08,2.9728986598320604e-11
86,4,2,82944,8.8324089277580759e-09,-1.3879883142645594e-10
86,4,3,82944,4.6741102614082854e-09,-2.4117612415674338e-10
86,4,4,82944,2.51462883898539e-09,-2.7720514227266672e-10
86,4,5,82944,1.6515271858837109e-09,-1.4727206027119328e-10
86,4,6,82944,8.9771021841846597e-10,8.2685923189001057e-11
86,4,7,82944,4.7248536556255615e-10,8.8920966192953834e-12
86,4,8,82944,2.5772468737955471e-10,-4.1890726914334077e-11
86,4,9,82944,1.7599796478606521e-10,2.0019300997023733e-11
86,4,10,82944,1.3462545712062696e-10,-1.5865827202619992e-11
86,4,11,82944,9.0084941952608002e-11,1.6503810388588856e-11
86,4,12,82944,8.4379439459103299e-11,5.0541948114616417e-26
86,5,0,82944,1.7452945529508462e-07,0
86,5,1,82944,1.449720522735588e-08,3.8584695849557464e-11
86,5,2,82944,4.2744829432494932e-09,-3.3759293819241213e-13
86,5,3,82944,2.1379712024004626e-09,-1.2832250876621547e-10
86,5,4,82944,9.6404476387135066e-10,5.2479909771123082e-12
86,5,5,82944,5.7242470529210275e-10,-2.6714649480322712e-10
86,5,6,82944,2.9466106342290063e-10,-1.3963096064642052e-11
86,5,7,82944,1.4317413260192782e-10,-6.8632202875633505e-12
86,5,8,82944,4.504544476315617e-11,-1.3010871250445804e-10
86,5,9,82944,-2.3897613622567276e-11,1.2936260713605836e-11
86,5,10,82944,1.3983728266902003e-11,1.4301128108607847e-11
86,5,11,82944,1.4745097906154839e-11,-5.9810969143726078e-11
86,5,12,82944,2.585435522927661e-11,9.7503675358446084e-26
86,6,0,82944,1.7444042240221004e-07,0
86,6,1,82944,8.938551953222661e-09,5.8142469484129661e-11
86,6,2,82944,1.8756302937408473e-09,-9.2432620160127275e-11
86,6,3,82944,9.1427421065610118e-10,3.1067577382783592e-11
86,6,4,82944,2.3369075895476183e-10,-6.7253053791494828e-12
86,6,5,82944,2.4792135734460761e-10,-7.0307218650848748e-11
86,6,6,82944,3.770577097420657e-11,2.6529326960609181e-11
86,6,7,82944,9.6737326978587533e-11,4.2837455500346232e-11
86,6,8,82944,-3.2388670574818941e-11,4.6687710012707154e-11
86,6,9,82944,-6.4763615815884211e-11,-3.7676393897199524e-11
86,6,10,82944,-7.4524483403750309e-11,4.3824951735972142e-11
86,6,11,82944,-3.1412452023477181e-11,1.3823969249118587e-11
86,6,12,82944,3.6044930094560413e-11,-1.0696782467982946e-25
86,7,0,82944,1.7462573198954912e-07,0
86,7,1,82944,5.5325764541031149e-09,-5.6343932617405268e-11
86,7,2,82944,7.6073637846005058e-10,-5.4502672550124012e-11
86,7,3,82944,1.6249292168234989e-10,1.618609825638532e-10
86,7,4,82944,1.4458170756278643e-10,5.6496916765589076e-11
86,7,5,82944,2.0105623605871452e-10,-5.8236365590040973e-12
86,7,6,82944,2.5180179941498784e-10,8.6719823914328607e-11
86,7,7,82944,7.3981423911147691e-11,4.2396809214052329e-11
86,7,8,82944,2.1976201389272035e-11,8.5620930818863898e-11
86,7,9,82944,6.5112465922929977e-11,3.9471243696531003e-11
86,7,10,82944,-7.6170213044987582e-11,7.5253332545990331e-11
86,7,11,82944,8.0881521185100896e-11,1.2501909213477261e-11
86,7,12,82944,9.5629449715276022e-11,-2.7325362634974148e-25
86,8,0,82944,1.7458262375973596e-07,0
86,8,1,82944,3.2728697536093307e-09,5.7757451253602401e-11
86,8,2,82944,5.9774250070592629e-10,-1.1524935335166109e-10
86,8,3,82944,2.8423862080861785e-10,2.0443170454296372e-10
86,8,4,82944,3.1231188087607247e-11,1.9755837187194965e-10
86,8,5,82944,1.1085383286212342e-10,1.6051496423453387e-10
86,8,6,82944,-3.9866682609044184e-11,-4.7113620879739599e-11
86,8,7,82944,-9.998659186361338e-11,1.0790599334789609e-10
86,8,8,82944,4.9742548203636719e-13,4.2242762975563172e-11
86,8,9,82944,-1.2748096424083566e-11,-4.909175768729411e-11
86,8,10,82944,-1.0970954687093606e-11,-3.1491025249533211e-12
86,8,11,82944,-1.5995986581730578e-11,-4.6358593125200355e-11
86,8,12,82944,6.3135046834115731e-11,-9.9129235252424469e-26
86,9,0,82944,1.7454560895047943e-07,0
86,9,1,82944,2.0613648741412528e-09,9.467946398059655e-12
86,9,2,82944,2.8626621802353935e-10,-4.7902688330607662e-11
86,9,3,82944,2.7193827747089702e-10,2.1297715892244697e-11
86,9,4,82944,-3.8697493543550636e-11,1.9811407478858345e-10
86,9,5,82944,1.0929452211697393e-10,-1.0910528147594651e-10
86,9,6,82944,3.1110743639794108e-11,-5.3894701498370962e-11
86,9,7,82944,1.539540682623703e-11,-1.7613910271206477e-10
86,9,8,82944,7.7436685859885187e-12,-4.6937699930732644e-11
86,9,9,82944,3.5205722462473636e-11,-7.2895505838770823e-12
86,9,10,82944,3.5774724165000964e-11,6.7495629136421008e-11
86,9,11,82944,-5.93512616255974e-11,-2.1904436072834175e-12
86,9,12,82944,3.8272211333009826e-11,1.5283254831422585e-26
86,10,0,82944,1.7509437814263277e-07,0
86,10,1,82944,1.1912302266389892e-09,3.9602182698166768e-11
86,10,2,82944,2.1827387905007005e-10,8.2892053053101131e-11
86,10,3,82944,2.7036137967057489e-10,5.6795655086866488e-11
86,10,4,82944,-5.9639071299607364e-11,-2.8039570114467846e-11
86,10,5,82944,-1.4393338833274225e-10,-7.5456692007596174e-11
86,10,6,82944,-6.4200357840035362e-11,-3.3884428791833796e-11
86,10,7,82944,-9.5389347497717403e-11,6.0978320629023725e-11
86,10,8,82944,-6.2127042339713301e-11,1.5457502322191289e-10
86,10,9,82944,-4.783165349828939e-11,-2.2682011024459159e-12
86,10,10,82944,-1.4994869418479604e-11,-2.066772460228171e-11
86,10,11,82944,-3.8938961300687576e-11,-5.184182524687321e-11
86,10,12,82944,1.8912571959025747e-12,-3.4186621573974957e-26
87,1,0,82944,1.7733664382727349e-07,0
87,1,1,82944,1.0307400139181395e-07,1.5146145063598853e-10
87,1,2,82944,7.5812674720307065e-08,2.2191792901975936e-10
87,1,3,82944,5.9232899616623008e-08,1.8640417377007345e-10
87,1,4,82944,4.6412904077090006e-08,1.5269605539319553e-10
87,1,5,82944,3.5882330567790758e-08,2.05321377362586e-10
87,1,6,82944,2.7453008635602238e-08,2.236484588502058e-10
87,1,7,82944,2.0734830882711304e-08,1.5861726361120556e-10
87,1,8,82944,1.5433788045660118e-08,1.2442833939236163e-10
87,1,9,82944,1.1527132639605182e-08,6.8804895929721798e-11
87,1,10,82944,8.8282458972147591e-09,4.1874537617798253e-11
87,1,11,82944,7.2480747428731786e-09,1.6484544717627045e-11
87,1,12,82944,6.7512172247370588e-09,-5.8789420705537453e-25
87,2,0,82944,1.7556259059122007e-07,0
87,2,1,82944,6.2572189770886125e-08,3.0889289774052912e-10
87,2,2,82944,3.6518918995365434e-08,4.3038131787592411e-10
87,2,3,82944,2.4736086774142336e-08,5.630798012264419e-10
87,2,4,82944,1.7436405924710684e-08,6.0596499807937552e-10
87,2,5,82944,1.2358044737237138e-08,8.0508735269001363e-10
87,2,6,82944,8.5971013579874488e-09,7.956962978563597e-10
87,2,7,82944,5.9244661319866867e-09,6.5365507240588413e-10
87,2,8,82944,4.0386899551000799e-09,5.2123250175875642e-10
87,2,9,82944,2.8105814315792578e-09,3.9715807355605166e-10
87,2,10,82944,2.0910024240115459e-09,1.899106649660604e-10
87,2,11,82944,1.6957703113068818e-09,1.3834294633566267e-10
87,2,12,82944,1.5110123728798233e-09,-3.9490135387580525e-25
87,3,0,82944,1.7477888272419636e-07,0
87,3,1,82944,3.8738072404170402e-08,1.4438976978819e-10
87,3,2,82944,1.80339541294863e-08,3.4510944955326549e-10
87,3,3,82944,1.0494399996998194e-08,2.84656034954497e-10
87,3,4,82944,6.5058929954263921e-09,1.4894740757246145e-10
87,3,5,82944,4.1369990628862561e-09,2.1258509705490225e-10
87,3,6,82944,2.5773906036328243e-09,2.2829852395282189e-10
87,3,7,82944,1.5439068476369827e-09,8.9407851736974626e-11
87,3,8,82944,9.6132175964632727e-10,1.0746982040442094e-10
87,3,9,82944,5.6219492883119001e-10,-6.6887803972263086e-12
87,3,10,82944,3.1489435767927988e-10,5.4472882565702698e-11
87,3,11,82944,1.9443625453127489e-10,-7.3232567825745303e-11
87,3,12,82944,1.4022595120625778e-10,-7.068692348784554e-26
87,4,0,82944,1.7459714865369812e-07,0
87,4,1,82944,2.353256568088129e-08,-4.1127191739014861e-11
87,4,2,82944,8.7879114475881694e-09,-7.7030687634124238e-11
87,4,3,82944,4.6048258071416404e-09,-2.2974029598271409e-10
87,4,4,82944,2.5969630055786328e-09,-4.4906954014875831e-11
87,4,5,82944,1.4899419613211137e-09,6.360952089113754e-11
87,4,6,82944,9.0118080731460051e-10,-5.251014408738062e-11
87,4,7,82944,4.1220828900375939e-10,-6.7147765525330715e-11
87,4,8,82944,2.7249782311720915e-10,6.8180885227923911e-12
87,4,9,82944,1.0647196980662598e-10,-1.7736606637759729e-11
87,4,10,82944,8.2711986279271918e-11,-7.6639670606519091e-11
87,4,11,82944,3.4051016119774841e-11,-3.4479380254892912e-11
87,4,12,82944,-7.0960877353324798e-11,2.0484049216144855e-25
87,5,0,82944,1.7526701232770807e-07,0
87,5,1,82944,1.4804408850246512e-08,1.7931627154474533e-10
87,5,2,82944,4.330417724446627e-09,2.9662079930552025e-11
87,5,3,82944,1.8624501008147063e-09,-2.0202357502220656e-11
87,5,4,82944,1.0921216666699393e-09,-7.6800118557555999e-11
87,5,5,82944,6.5920384648066769e-10,3.6580447188378634e-11
87,5,6,82944,3.7432119694923121e-10,8.876669892319307e-11
87,5,7,82944,9.0016024928905625e-11,-8.2253480423301723e-11
87,5,8,82944,-3.1159592463206043e-11,-9.3058984855342191e-11
87,5,9,82944,-8.5491042741526403e-12,-6.055379995834901e-11
87,5,10,82944,2.0357145235024051e-12,-7.2345363461892154e-11
87,5,11,82944,2.9553258118838774e-11,3.7343848424499903e-11
87,5,12,82944,2.0254526547810987e-10,-5.4810289431320407e-26
87,6,0,82944,1.7418292324657429e-07,0
87,6,1,82944,8.92494728929066e-09,2.426252000745331e-10
87,6,2,82944,2.3422233977706069e-09,-9.3590882572374412e-11
87,6,3,82944,6.947499055820264e-10,2.1970716518479059e-10
87,6,4,82944,2.977444044479933e-10,2.3784878904481845e-11
87,6,5,82944,3.1122590452835524e-10,1.6304145146093735e-11
87,6,6,82944,2.0775001618090617e-10,-3.7331079606257141e-11
87,6,7,82944,-1.7238400920692317e-12,-7.3634009588693394e-11
87,6,8,82944,2.33486010124989e-10,-1.088323215568233e-10
87,6,9,82944,4.6531532029316773e-11,6.3178828234339651e-11
87,6,10,82944,-1.3805580542805745e-11,-5.9058059635254094e-11
87,6,11,82944,7.2766059343798782e-11,-2.2427048767031598e-11
87,6,12,82944,1.5882634077416125e-10,6.7951894034326679e-26
87,7,0,82944,1.747315785545987e-07,0
87,7,1,82944,5.4719873226753195e-09,1.1844811064758034e-10
87,7,2,82944,8.8045122528563919e-10,-1.0876483481907745e-10
87,7,3,82944,-1.3223347608083728e-11,4.7306263870971823e-11
87,7,4,82944,2.4010412885988582e-10,1.8317343322121814e-10
87,7,5,82944,2.2477331266535352e-10,2.1594715530964181e-10
87,7,6,82944,6.5624797875929402e-11,2.5901868797256764e-11
87,7,7,82944,-1.0013149694644117e-10,8.3505248894779028e-11
87,7,8,82944,6.5091039850198002e-11,4.5048341788964507e-11
87,7,9,82944,-1.013773717051334e-11,9.7728386754340103e-11
87,7,10,82944,2.280693633764304e-11,4.517575585405525e-11
87,7,11,82944,-1.6044449918110083e-12,-2.1024377421571761e-11
87,7,12,82944,8.4089741089356473e-11,-1.3409373211308847e-25
87,8,0,82944,1.7421505551563185e-07,0
87,8,1,82944,3.5527524108070908e-09,-7.7842616878152035e-11
87,8,2,82944,5.6295877153726273e-10,3.0540714172530971e-10
87,8,3,82944,1.5930381137476071e-10,3.0971002477330192e-10
87,8,4,82944,6.290310464657293e-11,-6.3592500540709283e-11
87,8,5,82944,3.0056688413685191e-11,4.0561846532365267e-11
87,8,6,82944,-7.7519037839743393e-11,-6.2182108886495758e-11
87,8,7,82944,-5.5354567578278336e-11,2.0672219087382581e-11
87,8,8,82944,7.9582471853940936e-11,-7.733497027472685e-11
87,8,9,82944,-5.1518301455822169e-11,5.2355938608516085e-11
87,8,10,82944,-6.3518344664718002e-11,-2.7384873937641971e-11
87,8,11,82944,5.6861643021136839e-11,-5.7220108454049397e-12
87,8,12,82944,-1.0775427673679123e-10,-1.4216169502246588e-26
87,9,0,82944,1.742735682679141e-07,0
87,9,1,82944,2.3465746152492995e-09,-1.6988663861424369e-11
87,9,2,82944,2.7273394300618468e-10,7.1274137661436605e-11
87,9,3,82944,-1.2438768629085342e-10,-7.5669472089317312e-12
87,9,4,82944,5.8231032838611864e-12,-7.1864177439992674e-12
87,9,5,82944,6.853012221230914e-11,-5.2389046181867876e-11
87,9,6,82944,-1.111125102962041e-11,-8.5208718774566179e-13
87,9,7,82944,1.0025545286572702e-10,-1.0504937299842007e-10
87,9,8,82944,2.1379708329211781e-11,-2.5540418652912643e-11
87,9,9,82944,-3.6271489904559076e-11,5.5513796413329174e-11
87,9,10,82944,8.8984155834922248e-11,5.2050818420027779e-11
87,9,11,82944,6.6671922385638037e-11,-3.2343932273261865e-11
87,9,12,82944,-1.2941336650121535e-11,1.3961864120059783e-26
87,10,0,82944,1.7465031776898749e-07,0
87,10,1,82944,1.4566599588286236e-09,4.1136585731991336e-11
87,10,2,82944,5.8579698895322161e-11,2.2107012960669612e-10
87,10,3,82944,-2.6456495634374768e-10,-6.8289190272098673e-11
87,10,4,82944,-5.9351849692137557e-11,2.6070897998541149e-11
87,10,5,82944,-4.4552025264957773e-11,5.9098277004175109e-12
87,10,6,82944,8.2467411709117523e-11,-1.2981955257194922e-10
87,10,7,82944,1.039344297592259e-10,2.2230174982509283e-11
87,10,8,82944,7.6542651795699127e-11,2.730951904565301e-11
87,10,9,82944,-2.0853110843749696e-11,-1.9185093238858898e-11
87,10,10,82944,-9.0940698935380283e-11,2.3993650403795357e-11
87,10,11,82944,2.7182343125688626e-11,1.5330085090362377e-11
87,10,12,82944,4.9424574956564507e-11,-9.5479205061037411e-26
88,1,0,82944,1.7658955662962619e-07,0
88,1,1,82944,1.0205672340522939e-07,6.7401484119306126e-12
88,1,2,82944,7.4454858339143232e-08,-3.6333435023324094e-11
88,1,3,82944,5.7758144636132463e-08,9.3756952849212897e-11
88,1,4,82944,4.5149802892636613e-08,1.4364080194500512e-10
88,1,5,82944,3.5052771283427957e-08,2.3168379547983509e-10
88,1,6,82944,2.6775839388648894e-08,3.7622720502947814e-10
88,1,7,82944,2.016383945132877e-08,4.1839204810046577e-10
88,1,8,82944,1.5149542073862639e-08,3.9697401533134779e-10
88,1,9,82944,1.1368365905287312e-08,2.3664672001656023e-10
88,1,10,82944,8.8645974750544572e-09,1.2201827012548227e-10
88,1,11,82944,7.3911763061840136e-09,1.5268367451843219e-11
88,1,12,82944,6.9577890747476416e-09,-5.8998848667338346e-26
88,2,0,82944,1.7577806853413997e-07,0
88,2,1,82944,6.2519660488608882e-08,6.3909910864742511e-11
88,2,2,82944,3.6228642411657706e-08,4.1391197244607031e-11
88,2,3,82944,2.4485514978369574e-08,1.6255731139610997e-10
88,2,4,82944,1.7260040665711218e-08,4.4357378273653539e-11
88,2,5,82944,1.2120266426967273e-08,2.442393290743746e-10
88,2,6,82944,8.3268844683137832e-09,1.0625858266530005e-10
88,2,7,82944,5.7096093318531255e-09,2.560107087415061e-10
88,2,8,82944,3.8478761271795297e-09,1.7420034264988087e-10
88,2,9,82944,2.5803343745522274e-09,8.2890804660506469e-11
88,2,10,82944,1.9920601807346413e-09,6.802328389295374e-11
88,2,11,82944,1.4890002315336008e-09,1.0871908524232971e-13
88,2,12,82944,1.44185033946557e-09,-8.109100544731151e-26
88,3,0,82944,1.7533229654367028e-07,0
88,3,1,82944,3.8325958770164398e-08,1.9000652835273872e-10
88,3,2,82944,1.7979219921158116e-08,-3.6689764171776628e-11
88,3,3,82944,1.0575884165604349e-08,-1.1819975716312811e-11
88,3,4,82944,6.7833876117857717e-09,2.3795191818756493e-11
88,3,5,82944,4.3665838826221836e-09,6.685998268431395e-11
88,3,6,82944,2.8595479018602352e-09,-6.0271730452568652e-11
88,3,7,82944,1.8892126823273813e-09,-1.0507876026645984e-10
88,3,8,82944,1.2263978553665352e-09,7.782685570919023e-11
88,3,9,82944,6.8659271143950807e-10,1.8415021248789934e-11
88,3,10,82944,5.153008807153745e-10,-4.5557790749748726e-11
88,3,11,82944,4.4153027218549331e-10,-2.3227423365401932e-11
88,3,12,82944,4.2270987326080033e-10,2.5628497506382596e-25
88,4,0,82944,1.745726681951552e-07,0
88,4,1,82944,2.360476273272669e-08,6.2041367211414201e-11
88,4,2,82944,8.8002491811674494e-09,-9.028940398737642e-11
88,4,3,82944,4.5636921124574697e-09,-2.3490319298270854e-11
88,4,4,82944,2.5475495296653241e-09,-4.8757004843708629e-11
88,4,5,82944,1.4657376843195088e-09,4.6747242489093728e-11
88,4,6,82944,8.6172041326514002e-10,-4.8525823998306806e-11
88,4,7,82944,5.6370293727255266e-10,-2.8318661118986186e-10
88,4,8,82944,4.3726336620897419e-10,-1.1086678731870228e-11
88,4,9,82944,1.4302455676308694e-10,2.878941023457667e-11
88,4,10,82944,1.4789500748113893e-10,-9.9684575997322588e-11
88,4,11,82944,1.4453261545392403e-10,-1.0543198482291887e-10
88,4,12,82944,1.1225410086766795e-10,-2.5131355416107611e-26
88,5,0,82944,1.7472149819738054e-07,0
88,5,1,82944,1.454920303417348e-08,-1.4385139877718023e-10
88,5,2,82944,4.4771532210369584e-09,-3.1383738515109204e-10
88,5,3,82944,1.9437912462907356e-09,-1.548799806044437e-10
88,5,4,82944,9.820069901117724e-10,-1.2944073067742056e-10
88,5,5,82944,5.5248234912940633e-10,-5.5350039070769468e-11
88,5,6,82944,3.4118251902254777e-10,8.6147455614164886e-11
88,5,7,82944,1.4672411216782208e-10,-3.4945593443827533e-11
88,5,8,82944,1.5118285309934845e-10,9.8363389711121481e-11
88,5,9,82944,-1.7671073446568719e-11,4.5123324652864552e-11
88,5,10,82944,8.3940709173298473e-11,-2.771607812594578e-11
88,5,11,82944,2.1944024695167973e-11,5.024137000468724e-11
88,5,12,82944,-7.6754404570484102e-12,1.5652745592599881e-25
88,6,0,82944,1.7442797805228232e-07,0
88,6,1,82944,8.966896308440169e-09,-2.7216054440178259e-10
88,6,2,82944,2.253387488804377e-09,4.3412202424352934e-11
88,6,3,82944,7.2407074549526061e-10,1.4391848658936228e-10
88,6,4,82944,4.7960320862632753e-10,-1.2194988861654392e-10
88,6,5,82944,1.2505921933884301e-10,-7.1073541081958789e-11
88,6,6,82944,2.1242455482357235e-10,1.8475508943596088e-11
88,6,7,82944,1.8932131272724748e-10,6.7188709949182141e-11
88,6,8,82944,-1.6453342914053733e-11,2.9145527215060058e-11
88,6,9,82944,2.3621217950569842e-11,9.4202430356013239e-11
88,6,10,82944,8.1345981587672905e-11,-2.145544387880623e-11
88,6,11,82944,2.2261680169201865e-11,2.3425217253114676e-12
88,6,12,82944,7.7587233089026334e-11,5.3314375418456862e-26
88,7,0,82944,1.750490973560655e-07,0
88,7,1,82944,5.6214002506953534e-09,1.298548133996404e-10
88,7,2,82944,8.9746467968157546e-10,-1.1707387859590742e-10
88,7,3,82944,3.6835271307267969e-10,2.7462030445559742e-11
88,7,4,82944,3.9895594539761607e-10,9.0368065365346659e-11
88,7,5,82944,3.6477080006638319e-11,7.1535100843144345e-12
88,7,6,82944,4.4558275850129671e-11,-2.1430182255402193e-10
88,7,7,82944,1.0629560483887809e-10,4.5669711968867634e-11
88,7,8,82944,7.074181421069092e-12,-1.5760058825017778e-10
88,7,9,82944,2.2902234759044495e-11,3.9711199882578771e-11
88,7,10,82944,3.3148819097925227e-11,-1.2280248761307621e-10
88,7,11,82944,-4.4922565712770999e-11,-6.3295973901074801e-11
88,7,12,82944,5.804815253061542e-11,-2.3735169004101635e-27
88,8,0,82944,1.7429968846163012e-07,0
88,8,1,82944,3.2664744788967618e-09,1.7531081335453448e-10
88,8,2,82944,5.5499798840513073e-10,-1.7812356072833477e-10
88,8,3,82944,1.7650251111737966e-10,-5.7534364532900013e-11
88,8,4,82944,3.842568857639927e-10,3.8460635260894601e-11
88,8,5,82944,-1.2078179895623698e-10,-9.7625170451013411e-11
88,8,6,82944,1.2976593421600661e-10,3.342178198832359e-11
88,8,7,82944,1.119573927718524e-10,8.5161184121258013e-11
88,8,8,82944,1.2369070122605254e-11,-3.7260263911326703e-11
88,8,9,82944,-1.2597148477286374e-11,-9.6741196898674543e-11
88,8,10,82944,3.9433501883184409e-11,-9.3223949604680725e-11
88,8,11,82944,8.7279426873912258e-11,2.9384930796524364e-11
88,8,12,82944,-7.7802551328100542e-11,-1.6287511772058313e-25
88,9,0,82944,1.7489386312944324e-07,0
88,9,1,82944,2.2843736334687772e-09,-5.6022123830809701e-11
88,9,2,82944,3.4953922509627205e-11,1.4355409820566537e-11
88,9,3,82944,4.7130454301681022e-11,-7.5938890294516459e-11
88,9,4,82944,9.2848208517275258e-11,-7.3980186279726857e-11
88,9,5,82944,5.3775380958064922e-12,3.2035634171934071e-10
88,9,6,82944,-7.4299677713772954e-11,7.4940495846289322e-11
88,9,7,82944,-6.2614629898924812e-11,7.2490436317734594e-11
88,9,8,82944,4.0978835841419044e-11,-1.1376200459056958e-10
88,9,9,82944,1.9500420490199151e-11,-4.7125428196899771e-12
88,9,10,82944,-5.6564296268732959e-11,-5.4845246118006748e-11
88,9,11,82944,8.4255858212066712e-11,-1.0996961234431097e-10
88,9,12,82944,1.2142299728160741e-12,4.1845701319836324e-26
88,10,0,82944,1.7484632104727823e-07,0
88,10,1,82944,1.2793201035528986e-09,1.7816569341320704e-10
88,10,2,82944,7.8115467723720595e-11,6.7885652276142434e-12
88,10,3,82944,8.4386448964640036e-11,1.6779566597402508e-10
88,10,4,82944,1.7238280913262144e-10,-2.2878821469923837e-10
88,10,5,82944,-1.9171485726857929e-11,1.37015612138201e-10
88,10,6,82944,-1.909780690772525e-10,4.6421260275303664e-11
88,10,7,82944,-8.3132250910856663e-13,-1.0688823768092379e-10
88,10,8,82944,5.6832977345734998e-12,1.2062783435594427e-10
88,10,9,82944,1.4295411242415943e-10,2.3206578840039635e-11
88,10,10,82944,-9.1917472632051051e-11,-5.4367938228089901e-12
88,10,11,82944,-2.221678841455886e-11,4.3132563643803075e-11
88,10,12,82944,-7.0009063605446314e-11,-2.076328649854605e-26
89,1,0,82944,1.7728842359227457e-07,0
89,1,1,82944,1.0306106842757659e-07,3.8919751152259356e-10
89,1,2,82944,7.5553759364003266e-08,6.6037243273338828e-10
89,1,3,82944,5.9192085298973053e-08,8.5212478882559945e-10
89,1,4,82944,4.6704585507672205e-08,8.5531149660485897e-10
89,1,5,82944,3.6391990356058038e-08,7.8584617225309754e-10
89,1,6,82944,2.7822811048616316e-08,6.9076494938412157e-10
89,1,7,82944,2.0865343450106134e-08,4.8996293205930238e-10
89,1,8,82944,1.5498252707217436e-08,3.316371360764424e-10
89,1,9,82944,1.1594038297548164e-08,2.7601519071359369e-10
89,1,10,82944,8.8731689099753304e-09,2.2384372226531396e-10
89,1,11,82944,7.3177163572050255e-09,8.6448411700513699e-11
89,1,12,82944,6.8069719524933444e-09,2.9783647996113246e-25
89,2,0,82944,1.7543602257578643e-07,0
89,2,1,82944,6.2138006947013082e-08,2.0548147497379352e-10
89,2,2,82944,3.6043369778241983e-08,2.3379402188043154e-10
89,2,3,82944,2.4399146435845276e-08,2.6429564419177583e-10
89,2,4,82944,1.6939126037604627e-08,1.4920609488155864e-10
89,2,5,82944,1.1881194915928426e-08,-1.7907797876404647e-10
89,2,6,82944,8.2227589027653023e-09,-2.4165329971884793e-10
89,2,7,82944,5.654618323719342e-09,-2.3235452317767993e-10
89,2,8,82944,3.9774890634438408e-09,-1.9291194901840884e-10
89,2,9,82944,2.8395128979836107e-09,-2.3855219611080567e-10
89,2,10,82944,2.1628983564354105e-09,-6.4923446123704246e-11
89,2,11,82944,1.7699630613637865e-09,-2.401585709965053e-11
89,2,12,82944,1.5840314329374951e-09,1.5895582300688064e-25
89,3,0,82944,1.7503837189240091e-07,0
89,3,1,82944,3.8135479278909541e-08,5.1541872138009888e-11
89,3,2,82944,1.7358722797898357e-08,1.7337638376775538e-10
89,3,3,82944,9.9459081774656685e-09,-1.3234506564275379e-11
89,3,4,82944,6.0408816212318995e-09,1.6294800602823396e-10
89,3,5,82944,3.8754032651019757e-09,-1.9787719394180454e-11
89,3,6,82944,2.2493356236668937e-09,-4.1147469157059698e-11
89,3,7,82944,1.3744969963526284e-09,-7.7825321326734763e-11
89,3,8,82944,8.7961912738430793e-10,-1.3326167170725241e-12
89,3,9,82944,5.8308105498460954e-10,1.0112631233268506e-10
89,3,10,82944,3.5405259434625038e-10,2.1811722414802461e-11
89,3,11,82944,2.4028906700226272e-10,2.8273785883108194e-11
89,3,12,82944,1.5524921744288438e-10,1.596140251725406e-25
89,4,0,82944,1.7460272396346191e-07,0
89,4,1,82944,2.3856299861197202e-08,2.2517916366333809e-10
89,4,2,82944,8.9483406313538753e-09,2.9559218939472516e-10
89,4,3,82944,4.5039835294748729e-09,7.8076703134022368e-11
89,4,4,82944,2.6709658260183448e-09,1.8410247460622279e-10
89,4,5,82944,1.5347719645220179e-09,1.9211920848565354e-10
89,4,6,82944,8.3260749147606158e-10,-2.0486683165676874e-10
89,4,7,82944,5.7574935265753858e-10,-1.9320231279729773e-11
89,4,8,82944,3.141548881162919e-10,2.7933748540893483e-11
89,4,9,82944,1.427384851234272e-10,-1.1818916379800142e-10
89,4,10,82944,6.4600559140289142e-11,-6.9751171867728465e-11
89,4,11,82944,-2.3807899634667604e-11,-3.0109098715058668e-12
89,4,12,82944,-5.9949524406012305e-11,1.1134586635747678e-26
89,5,0,82944,1.7407777816229206e-07,0
89,5,1,82944,1.4831623355839194e-08,-8.0411822697727107e-11
89,5,2,82944,4.4966164886641091e-09,-1.7618656671951379e-10
89,5,3,82944,1.6900100154704056e-09,-2.5031693478180269e-10
89,5,4,82944,1.1767285925034895e-09,4.4684255967709669e-11
89,5,5,82944,4.8770494849767468e-10,2.2927105372356787e-10
89,5,6,82944,3.2900976385382315e-10,-1.3727472692072596e-10
89,5,7,82944,2.1610491479403498e-10,-2.9244874690863209e-11
89,5,8,82944,3.7999751321228931e-11,9.1452809958394339e-11
89,5,9,82944,-7.5122525996559542e-12,3.9289140747997348e-11
89,5,10,82944,6.0749480034770182e-11,-2.5738788922697786e-11
89,5,11,82944,-3.2853932989487753e-11,5.6016169435252405e-11
89,5,12,82944,3.9414862562532523e-11,4.6273606797912427e-26
89,6,0,82944,1.7482028530065427e-07,0
89,6,1,82944,9.107366675342083e-09,-7.1448690617719071e-11
89,6,2,82944,2.0512228344760206e-09,7.4937805154516338e-11
89,6,3,82944,8.134668676952096e-10,-1.6084604036639103e-10
89,6,4,82944,5.1112126102330133e-10,-4.4568350772036971e-11
89,6,5,82944,1.8489743644392033e-10,-1.59168155544126e-10
89,6,6,82944,6.9249288301143667e-11,-2.0894218979150604e-10
89,6,7,82944,7.2328736441731008e-11,-2.2697522788084568e-10
89,6,8,82944,-6.6224576758149777e-11,4.2004868345210417e-12
89,6,9,82944,3.4156639453388718e-11,2.3989706106377056e-11
89,6,10,82944,3.18088880240593e-11,-1.8169740080590203e-11
89,6,11,82944,-1.7412873176680346e-11,-3.0143211073684672e-11
89,6,12,82944,-7.0736977797123738e-11,1.9300531912967644e-25
89,7,0,82944,1.7486228348599758e-07,0
89,7,1,82944,5.7195214609714794e-09,3.9276891267555706e-11
89,7,2,82944,1.1608080386582971e-09,-6.8887208202737094e-11
89,7,3,82944,2.4665727404272607e-10,-8.9061802198295117e-11
89,7,4,82944,2.6578883817217551e-10,1.4210935640806596e-10
89,7,5,82944,2.1501023520945268e-10,-1.3601628005633943e-11
89,7,6,82944,-4.1703178403196279e-11,-2.2243226678734202e-10
89,7,7,82944,6.6569057571263986e-11,-1.6673212796877315e-11
89,7,8,82944,1.5235356792358556e-11,-2.3589377772016931e-11
89,7,9,82944,4.2158933324299188e-11,-3.3168123214533068e-11
89,7,10,82944,9.6195263415608433e-11,-3.8474858782288523e-11
89,7,11,82944,-3.6638336965691061e-11,4.1739317657835237e-11
89,7,12,82944,8.8563801071909014e-11,2.8158088102134858e-26
89,8,0,82944,1.7469913102410597e-07,0
89,8,1,82944,3.7084832581772013e-09,-1.8208478685690301e-10
89,8,2,82944,6.9303290957964064e-10,6.494568488819526e-11
89,8,3,82944,1.8675755510772184e-10,-1.2201346762579707e-10
89,8,4,82944,2.9612148167568086e-10,-5.3007040962138043e-12
89,8,5,82944,8.0414072187725081e-11,7.4546456449356278e-12
89,8,6,82944,-7.8334995745628395e-11,-4.2319001149109181e-11
89,8,7,82944,-6.7492005347494212e-11,1.2266234964987745e-10
89,8,8,82944,-3.5035083770071211e-11,8.280224437007597e-11
89,8,9,82944,5.349081181694951e-11,-6.0404000353176513e-11
89,8,10,82944,3.7774373301402792e-11,9.5010427369590296e-12
89,8,11,82944,-5.2027758468397832e-11,7.1110582329123211e-11
89,8,12,82944,6.6898864731676588e-11,1.1584358115615319e-25
89,9,0,82944,1.7471362284672097e-07,0
89,9,1,82944,2.3137512124764377e-09,-1.0343312511772365e-10
89,9,2,82944,3.8702735623479041e-10,2.5577006610350246e-12
89,9,3,82944,1.0269563477669128e-10,-1.905312713602886e-10
89,9,4,82944,5.2529966388436721e-12,-9.4693888326811871e-12
89,9,5,82944,-1.1684402670721742e-10,1.2126621556178571e-10
89,9,6,82944,-9.8923071557906183e-11,7.0198493082690754e-11
89,9,7,82944,-3.1981766699050047e-10,2.5800547570711842e-11
89,9,8,82944,-2.6396837956749864e-11,-3.1111621844761918e-11
89,9,9,82944,7.0726647365897396e-12,4.6855908950139844e-11
89,9,10,82944,-8.774993221008794e-12,1.2887667875182079e-11
89,9,11,82944,-1.2322396556036774e-10,5.5769437920584823e-11
89,9,12,82944,1.4502760364563738e-11,-9.5115199317907278e-26
89,10,0,82944,1.7366762043644216e-07,0
89,10,1,82944,1.3593370049630782e-09,-4.0594271555541662e-11
89,10,2,82944,3.5110880803983549e-10,-1.5342798969693705e-10
89,10,3,82944,1.0705098844837775e-10,-4.3520907635027722e-11
89,10,4,82944,5.1169922488397141e-12,-9.4968885498835849e-11
89,10,5,82944,9.6992526984779913e-11,6.6235881884947471e-11
89,10,6,82944,-4.9546948358885132e-11,1.41844631278714e-10
89,10,7,82944,-9.3930146308810678e-11,-1.7526296352653782e-11
89,10,8,82944,2.2259494593313959e-11,-5.9937457575127708e-11
89,10,9,82944,-8.3181875366136487e-11,-6.4672621696545544e-11
89,10,10,82944,-6.9277306492508792e-11,1.2655253424739376e-11
89,10,11,82944,3.0615749902365458e-11,-2.4220920800610401e-11
89,10,12,82944,-6.27544215297016e-11,5.7702389856189939e-26
90,1,0,82944,1.7733365760021159e-07,0
90,1,1,82944,1.0292477209158659e-07,-1.0818788458802749e-10
90,1,2,82944,7.5193709584650458e-08,-8.7831243408693806e-11
90,1,3,82944,5.858706314549703e-08,-5.8943673776039175e-11
90,1,4,82944,4.5996061060215063e-08,6.4101176905928902e-11
90,1,5,82944,3.5617739522173314e-08,-3.7023739124068444e-12
90,1,6,82944,2.6949908860988831e-08,-2.2942377666838352e-10
90,1,7,82944,1.9972347150901646e-08,-2.562117550367187e-10
90,1,8,82944,1.4623469406460728e-08,-2.5193050022631344e-10
90,1,9,82944,1.0679728923661713e-08,-2.5296007516654283e-10
90,1,10,82944,7.8375922345727031e-09,-2.2371564357517099e-10
90,1,11,82944,6.176756781163457e-09,-1.3739691971233395e-10
90,1,12,82944,5.5793330708686784e-09,-1.7667741767927081e-25
90,2,0,82944,1.7496235095741852e-07,0
90,2,1,82944,6.2325612653939525e-08,3.9455804890326844e-11
90,2,2,82944,3.5957855765889706e-08,5.005560578845143e-11
90,2,3,82944,2.4227354263543445e-08,1.9811795573715392e-10
90,2,4,82944,1.7222922872523887e-08,-2.1172903164087115e-10
90,2,5,82944,1.2284156530794498e-08,-1.1506158895100535e-10
90,2,6,82944,8.4570480892472225e-09,-1.4105643127770923e-10
90,2,7,82944,5.9114553817953871e-09,-4.2426837891293694e-11
90,2,8,82944,4.0269233282902881e-09,-1.0358021157347238e-10
90,2,9,82944,2.763005211138614e-09,-5.3411308877240218e-11
90,2,10,82944,1.906869899269868e-09,-6.8829789596191077e-12
90,2,11,82944,1.4408486344185792e-09,5.733075041302057e-11
90,2,12,82944,1.3923535416158964e-09,-3.2111290200128929e-25
90,3,0,82944,1.7432232161301941e-07,0
90,3,1,82944,3.8343411781979047e-08,1.9990242513488431e-10
90,3,2,82944,1.7617508023020901e-08,2.8675701654733935e-10
90,3,3,82944,1.0214478977011835e-08,3.4558190809921726e-10
90,3,4,82944,6.6741687170935599e-09,6.0083729114084519e-11
90,3,5,82944,4.2516667621428264e-09,1.348265019783585e-10
90,3,6,82944,2.6415455682098903e-09,-5.1472954257401873e-11
90,3,7,82944,1.6819229805127829e-09,-1.0141960673055899e-10
90,3,8,82944,1.0547395948767178e-09,-4.8596684281175542e-11
90,3,9,82944,6.0932940507844427e-10,-7.4019929227688286e-11
90,3,10,82944,4.039104891288577e-10,-1.00765347974882e-10
90,3,11,82944,2.9529011652452914e-10,-3.9275232465570491e-11
90,3,12,82944,2.8979636498010063e-10,-1.9977433003788399e-25
90,4,0,82944,1.7458462016136745e-07,0
90,4,1,82944,2.3719087154228623e-08,2.5368515513163385e-11
90,4,2,82944,8.6625999724017436e-09,2.4010073130585186e-10
90,4,3,82944,4.2457964932180819e-09,1.5420338702034326e-10
90,4,4,82944,2.7280859044687293e-09,8.5965224903523991e-11
90,4,5,82944,1.4822496130583815e-09,-1.6216507618866467e-10
90,4,6,82944,7.6915858568565742e-10,-4.0920318809760475e-11
90,4,7,82944,4.2055083510534229e-10,-5.7524358069479513e-13
90,4,8,82944,1.3703696766546444e-10,8.979393313516476e-11
90,4,9,82944,1.7352647817395793e-10,1.9445350320662014e-11
90,4,10,82944,1.0324185666242144e-10,6.4133615421760933e-12
90,4,11,82944,1.4756664907596631e-10,1.4024076222253005e-11
90,4,12,82944,1.0133806344986464e-10,-1.4006118242940332e-25
90,5,0,82944,1.7360334402590978e-07,0
90,5,1,82944,1.4579053067934808e-08,-2.1616236481982127e-10
90,5,2,82944,4.4371484135635994e-09,1.8252673839527431e-10
90,5,3,82944,1.8250797898793656e-09,9.4427676590157675e-11
90,5,4,82944,1.1627912334944503e-09,-9.9080165028996836e-11
90,5,5,82944,5.9434824394332915e-10,-2.0608717289432777e-11
90,5,6,82944,1.3947108082568906e-10,-3.9345170612813928e-11
90,5,7,82944,1.6746791127205405e-10,4.7148406089525736e-11
90,5,8,82944,3.9954080560024171e-12,2.9053459714555367e-11
90,5,9,82944,-1.9927103400340505e-11,1.3556534261985158e-10
90,5,10,82944,-6.4452447187253998e-11,5.8341927457212732e-11
90,5,11,82944,-1.0627937567671748e-11,-1.8628023946393088e-11
90,5,12,82944,2.393713201406976e-11,-6.6268990769855191e-26
90,6,0,82944,1.7432460569818604e-07,0
90,6,1,82944,8.9690443667332972e-09,3.3106206128300246e-11
90,6,2,82944,2.3853536513974093e-09,1.0824259259534082e-10
90,6,3,82944,9.8929005519730071e-10,-2.1520193461099855e-10
90,6,4,82944,2.144509275566988e-10,1.4442035898006793e-10
90,6,5,82944,1.8454646327597401e-10,-6.1668010286588388e-11
90,6,6,82944,1.2027377189794423e-10,-1.0771027224515097e-11
90,6,7,82944,1.0303309466100342e-10,6.1221339764174951e-11
90,6,8,82944,6.2550288894374398e-11,1.0284238871449802e-10
90,6,9,82944,4.9215418476771625e-11,7.2568222282141066e-11
90,6,10,82944,-1.148635306181739e-11,-4.9012192191658368e-11
90,6,11,82944,-2.6851514870385007e-11,7.2650420304117858e-12
90,6,12,82944,-1.3494146131481022e-10,1.5556508457772327e-25
90,7,0,82944,1.7418078934123254e-07,0
90,7,1,82944,5.3853743156222283e-09,-3.6440382986125303e-12
90,7,2,82944,1.1210254553497242e-09,-2.9990926670248937e-11
90,7,3,82944,4.3023053332904235e-10,-6.7122589930000415e-11
90,7,4,82944,-9.4382466925604581e-12,2.4893593766022956e-11
90,7,5,82944,1.3985061072660627e-10,1.829066127543659e-11
90,7,6,82944,1.5650061498421039e-10,4.0825563047990958e-11
90,7,7,82944,1.3835274365029826e-11,-2.1925201507797765e-11
90,7,8,82944,5.5684758895646767e-11,7.7270120546853378e-12
90,7,9,82944,-7.8158982841543465e-11,5.1158082522450776e-11
90,7,10,82944,-2.8348277127415139e-11,-8.5532472759920263e-11
90,7,11,82944,3.4823522550416481e-11,7.322380204049604e-11
90,7,12,82944,9.2673935374683076e-12,2.1491297984806309e-25
90,8,0,82944,1.738739497150327e-07,0
90,8,1,82944,3.1513766334110062e-09,-1.0529060877736607e-10
90,8,2,82944,2.3705852107570768e-10,-1.8588486849719704e-10
90,8,3,82944,-2.4507906355025034e-10,5.3180191597150704e-11
90,8,4,82944,6.4148640613494279e-11,-9.7858465606161272e-11
90,8,5,82944,-1.2977616482648521e-10,-8.6969432429198978e-11
90,8,6,82944,2.3325841502802141e-11,-4.0050481270254543e-11
90,8,7,82944,3.0307995109076529e-11,-5.6485222304376046e-11
90,8,8,82944,-1.2932016098682698e-10,-7.2676773216397111e-11
90,8,9,82944,3.5718801187286557e-11,1.6911837172503589e-11
90,8,10,82944,-4.8684140650252075e-11,-2.6043076684153595e-11
90,8,11,82944,1.0620873929092e-11,2.2252519460864241e-11
90,8,12,82944,1.1341998858392954e-11,-1.2742195561571704e-25
90,9,0,82944,1.7334158711286097e-07,0
90,9,1,82944,1.8859849789898421e-09,1.8169973936327964e-10
90,9,2,82944,2.4183857888802312e-10,1.3818149616278195e-10
90,9,3,82944,3.508713990964897e-11,1.1083617475893473e-10
90,9,4,82944,-2.0355441085173337e-11,-4.1239464037696099e-11
90,9,5,82944,4.3179352733647366e-11,-1.8640549248566363e-10
90,9,6,82944,2.2668996850490352e-11,7.3188507438179742e-11
90,9,7,82944,-4.3327184301171799e-11,9.0584229271270325e-12
90,9,8,82944,-1.5425223248177649e-10,-1.7668937200083263e-11
90,9,9,82944,-1.6844337827862513e-11,-1.1483855112163352e-12
90,9,10,82944,4.3478415731208291e-11,-5.5066142321247895e-11
90,9,11,82944,2.0107490468333114e-11,-1.6823319192417177e-11
90,9,12,82944,-4.0344256245145632e-11,-1.8270096477106804e-26
90,10,0,82944,1.7461370796076115e-07,0
90,10,1,82944,1.0975749603487099e-09,-1.4579697394523482e-11
90,10,2,82944,1.5294187287042927e-10,5.6223654981808809e-11
90,10,3,82944,5.3218202518495123e-11,-4.023980165431139e-11
90,10,4,82944,-3.3181058926000545e-11,1.1868676535443781e-10
90,10,5,82944,-8.5255218620389379e-11,-1.6935976452342608e-10
90,10,6,82944,9.380325914884199e-12,-1.1004127533465485e-10
90,10,7,82944,9.5036456424227899e-11,-7.4084014608868153e-11
90,10,8,82944,8.4330849443885796e-11,-7.7743488909241419e-11
90,10,9,82944,3.0719951237124831e-12,5.6961903709921405e-11
90,10,10,82944,-1.6785152732982009e-11,1.5402329033207954e-11
90,10,11,82944,-7.1741785927332506e-11,1.231620419605677e-10
90,10,12,82944,1.5621578178441937e-10,3.0632329879411166e-25
91,1,0,82944,1.7730338768409529e-07,0
91,1,1,82944,1.0292032362880023e-07,-1.7507936316681925e-10
91,1,2,82944,7.5616377718688435e-08,-8.0746969061330422e-11
91,1,3,82944,5.922597850278268e-08,1.4286825265997295e-10
91,1,4,82944,4.6477857967772172e-08,1.005547383150178e-10
91,1,5,82944,3.5911064928273079e-08,-7.8039321137635989e-11
91,1,6,82944,2.7393508060110675e-08,-1.0106867319613905e-10
91,1,7,82944,2.0516604298374278e-08,-2.2871884794908561e-10
91,1,8,82944,1.5238141051694982e-08,-2.896697303311925e-10
91,1,9,82944,1.134543510439402e-08,-2.4700637468251055e-10
91,1,10,82944,8.6624799698790957e-09,-2.1024163528293915e-10
91,1,11,82944,7.0784273851656758e-09,-1.4587018248082522e-10
91,1,12,82944,6.5477433841423093e-09,-4.3380010459030034e-25
91,2,0,82944,1.7525177522570185e-07,0
91,2,1,82944,6.2254313887205927e-08,-2.3729328423057052e-10
91,2,2,82944,3.6172444389184028e-08,-8.5414108785919097e-11
91,2,3,82944,2.4421930082439063e-08,6.3107943367662005e-11
91,2,4,82944,1.7103131993921738e-08,1.2243872818126622e-10
91,2,5,82944,1.1760370805809307e-08,3.6686347369561689e-11
91,2,6,82944,8.1201313202618253e-09,-4.5455173332059749e-11
91,2,7,82944,5.6407573659079408e-09,-1.5687253845278117e-10
91,2,8,82944,3.7001575156550017e-09,-1.9013254660533946e-10
91,2,9,82944,2.4881386456079923e-09,-1.4504852648859671e-10
91,2,10,82944,1.7503263840792562e-09,-9.6381595616711101e-11
91,2,11,82944,1.2966826172246049e-09,-8.6865890265173346e-11
91,2,12,82944,1.235763067644027e-09,2.0870992307472227e-25
91,3,0,82944,1.7432069286452329e-07,0
91,3,1,82944,3.8572467220892636e-08,-4.5019844437441443e-10
91,3,2,82944,1.7914299100278302e-08,-1.2049360329451239e-10
91,3,3,82944,1.0449759504902104e-08,-4.6731989629025149e-11
91,3,4,82944,6.755543952667935e-09,-7.199689658932174e-11
91,3,5,82944,4.5255614007834148e-09,-5.8382872795400114e-11
91,3,6,82944,2.897445800991862e-09,1.4849433386467631e-10
91,3,7,82944,1.7925392310256309e-09,1.1133651706454618e-10
91,3,8,82944,1.0916311098493668e-09,1.1153556168809177e-11
91,3,9,82944,7.298442100618189e-10,-7.2839270645722579e-11
91,3,10,82944,4.5303287666555011e-10,-7.4982304947320798e-11
91,3,11,82944,2.4643808700284671e-10,9.1678924683300739e-11
91,3,12,82944,2.023160192885202e-10,-2.2190887104822163e-25
91,4,0,82944,1.7501496623439217e-07,0
91,4,1,82944,2.4057843972663245e-08,-1.7118212532708136e-10
91,4,2,82944,8.9542967485923088e-09,-7.3832908035996875e-11
91,4,3,82944,4.2428033901387793e-09,-1.4517942130273467e-10
91,4,4,82944,2.3407499698952304e-09,-4.6562038311336584e-11
91,4,5,82944,1.2568982211164382e-09,-3.9475239648816116e-11
91,4,6,82944,8.3427245481047517e-10,1.846263483568961e-10
91,4,7,82944,4.4246513047762075e-10,1.4542561250376746e-11
91,4,8,82944,2.5266938392969174e-10,-1.1500993663199666e-11
91,4,9,82944,2.0876652548793955e-10,-3.9816131078888687e-11
91,4,10,82944,1.8721764543969861e-10,-6.2711620539408149e-11
91,4,11,82944,9.7091701862176172e-11,6.82998654716678e-11
91,4,12,82944,1.470412738805078e-10,9.2467431515138803e-26
91,5,0,82944,1.7444141780533028e-07,0
91,5,1,82944,1.4858418287900885e-08,-1.6575317148411735e-10
91,5,2,82944,4.5040253006173968e-09,-2.3833470325254108e-11
91,5,3,82944,1.934296003819833e-09,-2.9880435147288269e-10
91,5,4,82944,8.8813104161175035e-10,-2.17558493220957e-10
91,5,5,82944,1.9456252744124082e-10,3.2826968237322354e-12
91,5,6,82944,5.7104854973036348e-12,2.2655722133643295e-11
91,5,7,82944,1.3174647534200801e-10,1.4184038697633149e-10
91,5,8,82944,1.1552444458004232e-10,3.1282260799838765e-11
91,5,9,82944,6.4765174528093085e-11,2.3095656129534884e-11
91,5,10,82944,6.8308954658244558e-11,5.2121479678281676e-11
91,5,11,82944,3.8118967267947147e-11,-3.2434060701743199e-11
91,5,12,82944,6.2050410083761885e-11,2.3934624205816773e-26
91,6,0,82944,1.7389314794748109e-07,0
91,6,1,82944,9.2462089384025077e-09,-4.8839773985002905e-12
91,6,2,82944,2.2959260614495122e-09,2.7052729061964502e-11
91,6,3,82944,6.4415118536026642e-10,-3.2410942815971595e-10
91,6,4,82944,1.8852921614231253e-10,-3.087168736388412e-10
91,6,5,82944,1.8160091282545846e-10,-1.2571239308237967e-10
91,6,6,82944,9.1782864215952677e-12,-1.0680322670719031e-10
91,6,7,82944,1.5921973766737949e-10,1.2672475884024489e-10
91,6,8,82944,7.8044879264048732e-11,-8.061792538063173e-12
91,6,9,82944,-1.7139585471635994e-11,1.0548194640074414e-11
91,6,10,82944,-3.3888853489523748e-12,3.8834039143373531e-11
91,6,11,82944,6.9221338217140938e-11,4.2717574013265092e-11
91,6,12,82944,1.2394882054118761e-10,5.2197426288852074e-26
91,7,0,82944,1.739665413917217e-07,0
91,7,1,82944,5.5575747235802029e-09,-1.1227953353460332e-10
91,7,2,82944,1.0818563521961185e-09,6.9621249549831326e-11
91,7,3,82944,3.5694953222769853e-10,-2.3649578132183842e-10
91,7,4,82944,1.0076277793243398e-10,-1.3588943989258736e-10
91,7,5,82944,8.9140786846339114e-11,-1.4526383772766878e-10
91,7,6,82944,-1.4562056611131315e-11,-1.4245841295349291e-10
91,7,7,82944,1.0963746635779756e-10,-3.9864753159822767e-11
91,7,8,82944,-1.4233763984711549e-10,2.6451275490091784e-11
91,7,9,82944,7.3138206765638198e-11,3.6755987739249473e-11
91,7,10,82944,-2.14191301764013e-11,5.7647639013459557e-11
91,7,11,82944,4.5999374163281643e-11,-1.7920439958052317e-11
91,7,12,82944,5.4040053866512643e-11,-3.0836771461169187e-25
91,8,0,82944,1.7438604849907314e-07,0
91,8,1,82944,3.5968422926045434e-09,-6.256052923334727e-12
91,8,2,82944,5.3267462082246226e-10,-1.6055621319737911e-10
91,8,3,82944,3.4005506878371386e-10,-8.9874405317061016e-11
91,8,4,82944,-8.9515511432335309e-12,-1.5824190301062083e-11
91,8,5,82944,-1.1637350282394897e-10,2.170874124695931e-11
91,8,6,82944,-4.8150368989819529e-11,2.1872276049319151e-11
91,8,7,82944,-2.3810318656213449e-11,1.7854423692036619e-11
91,8,8,82944,2.4541955043603896e-11,-2.3064251261687696e-11
91,8,9,82944,8.4107618655105218e-11,-8.2978388380222967e-13
91,8,10,82944,-3.4542835916546168e-11,1.3911420850218492e-11
91,8,11,82944,-4.4438850840308814e-11,-1.2773914923142245e-11
91,8,12,82944,1.2658959284232437e-10,8.162704130192095e-26
91,9,0,82944,1.7403095646757093e-07,0
91,9,1,82944,2.3060936979179436e-09,-3.2220371161176532e-10
91,9,2,82944,3.4081098868328728e-10,9.7039031874648538e-11
91,9,3,82944,2.5702438613413426e-10,-1.6114990797598739e-12
91,9,4,82944,-1.7937072588494633e-10,-7.2213247604422537e-11
91,9,5,82944,-7.4142958228183747e-11,5.5953638853615293e-11
91,9,6,82944,1.5355008984424878e-11,1.4171396238332449e-10
91,9,7,82944,3.366233870708716e-11,2.8807122945139823e-11
91,9,8,82944,-1.2812323101700287e-11,-1.7437842267333618e-11
91,9,9,82944,-5.2067468279962806e-11,8.5071131806662136e-11
91,9,10,82944,1.7900393277422866e-11,-4.5618502369267631e-11
91,9,11,82944,2.9346464057765649e-11,-7.6779894816900589e-11
91,9,12,82944,3.0747034437958515e-11,5.8161136820134758e-26
91,10,0,82944,1.7488133218740715e-07,0
91,10,1,82944,1.4671252563806266e-09,-9.9896695153084142e-12
91,10,2,82944,1.136196047462776e-10,2.4412453981974942e-10
91,10,3,82944,-7.05437689438742e-11,8.1635120236903664e-11
91,10,4,82944,-5.7091546463093054e-11,8.8598044311230462e-12
91,10,5,82944,3.3872363680306216e-12,-4.4658497704282133e-11
91,10,6,82944,-8.4790809884101725e-12,-5.0267007515110334e-11
91,10,7,82944,-6.6253650344796723e-11,5.4669330117959178e-11
91,10,8,82944,1.0990588781995392e-10,3.6612704339856797e-11
91,10,9,82944,-1.693511881269093e-11,-2.3903519973933864e-11
91,10,10,82944,-3.2565666068570052e-12,5.2194554339413182e-12
91,10,11,82944,-4.5671461863559634e-11,-1.3335069403604027e-11
91,10,12,82944,-6.0370445434217708e-11,3.3827602210887707e-26
92,1,0,82944,1.769649121036417e-07,0
92,1,1,82944,1.0268947501771549e-07,-7.0864610025703526e-11
92,1,2,82944,7.5283057807318651e-08,1.1797413047820617e-10
92,1,3,82944,5.905831184333166e-08,1.563172752004395e-10
92,1,4,82944,4.6589655906270595e-08,1.8483590727013581e-10
92,1,5,82944,3.6380951393690744e-08,1.8170198944043473e-10
92,1,6,82944,2.8157559638810251e-08,2.147489692246971e-10
92,1,7,82944,2.1433668722893279e-08,1.6818723709197906e-10
92,1,8,82944,1.6148899804817922e-08,1.5707380223564141e-10
92,1,9,82944,1.2254605147738436e-08,6.2992763172990497e-11
92,1,10,82944,9.5773009698811647e-09,3.6535548513904405e-11
92,1,11,82944,7.9890034294856841e-09,4.291478830675588e-11
92,1,12,82944,7.438857478069717e-09,-1.9538631560015091e-25
92,2,0,82944,1.7569844391665803e-07,0
92,2,1,82944,6.258414033261817e-08,1.3768657039484892e-10
92,2,2,82944,3.6439962879203075e-08,2.2888726834566934e-10
92,2,3,82944,2.4537754058315587e-08,3.2601493251689299e-10
92,2,4,82944,1.7278818720178448e-08,2.0199246893352318e-10
92,2,5,82944,1.2319329000336836e-08,1.8730138481392588e-10
92,2,6,82944,8.4688839264882198e-09,5.020419295311492e-11
92,2,7,82944,5.9272470641005145e-09,1.2684837203700478e-10
92,2,8,82944,3.9226175954056084e-09,1.5784623568133751e-10
92,2,9,82944,2.6405808590196401e-09,1.6934399102831942e-10
92,2,10,82944,1.7108598105449511e-09,8.2722873155353008e-11
92,2,11,82944,1.2502181102511607e-09,3.9131130518705618e-11
92,2,12,82944,1.1277289798656896e-09,4.8268158815063825e-27
92,3,0,82944,1.7486797435816408e-07,0
92,3,1,82944,3.8521964569094816e-08,1.6501375638393069e-10
92,3,2,82944,1.8153107067024054e-08,2.9590839582561202e-10
92,3,3,82944,1.0550964800559088e-08,1.8569504221138069e-10
92,3,4,82944,6.7836734184900955e-09,1.1195081048931851e-10
92,3,5,82944,4.4459502463200633e-09,2.2078542180704234e-10
92,3,6,82944,2.9798755750122411e-09,1.9913291304977268e-10
92,3,7,82944,1.8406998633979037e-09,-3.2795309510346655e-11
92,3,8,82944,1.0820706614130317e-09,1.0242264442014509e-10
92,3,9,82944,7.5587777888470474e-10,8.6875894951496226e-11
92,3,10,82944,3.7366207101399759e-10,4.7092247356760795e-11
92,3,11,82944,2.4173754155572887e-10,2.1451283627803859e-11
92,3,12,82944,1.7947219872807493e-10,4.633344335842697e-26
92,4,0,82944,1.75039382015675e-07,0
92,4,1,82944,2.3795993201249428e-08,1.6544664078461473e-10
92,4,2,82944,8.9163532738271124e-09,1.1144037834366855e-10
92,4,3,82944,4.347252561625295e-09,5.8549023892115472e-11
92,4,4,82944,2.1892132328134376e-09,-1.0661067331656153e-10
92,4,5,82944,1.1929389678548096e-09,-2.120707160598333e-11
92,4,6,82944,9.2965521553052527e-10,-5.9125413968647072e-11
92,4,7,82944,3.9797835568893021e-10,5.9492938864943911e-11
92,4,8,82944,3.1371756229577648e-10,2.6015182553789095e-11
92,4,9,82944,1.8936096029129606e-10,-3.1788914848892256e-11
92,4,10,82944,-3.3303803466970936e-11,-2.1681711160211332e-11
92,4,11,82944,6.1955436318330856e-11,-5.2621827052424552e-11
92,4,12,82944,-2.9591560474039309e-11,1.4474463988467694e-25
92,5,0,82944,1.7459267952183662e-07,0
92,5,1,82944,1.4570534302677399e-08,5.3592298907751682e-11
92,5,2,82944,4.2391783983796853e-09,1.2157452363167423e-10
92,5,3,82944,1.8849849352097329e-09,-6.0130693780210295e-11
92,5,4,82944,9.0469955933334918e-10,-1.7321393957112002e-10
92,5,5,82944,4.7841166721649867e-10,9.4260891885457409e-11
92,5,6,82944,2.0041096664847267e-10,-1.7573729590330199e-10
92,5,7,82944,-8.4402482492790862e-12,9.8972918892660087e-11
92,5,8,82944,-1.2292772168517607e-10,1.081737849324413e-10
92,5,9,82944,1.2683443715083277e-11,-4.0148380849475541e-11
92,5,10,82944,-5.6260936676166435e-11,3.3096771825567447e-11
92,5,11,82944,-3.030188279654103e-11,5.9700522318776215e-12
92,5,12,82944,-3.5763852283703643e-12,-6.1252692446719429e-26
92,6,0,82944,1.7405426950200705e-07,0
92,6,1,82944,9.0290764757692847e-09,2.5751289818866985e-10
92,6,2,82944,2.0519539947368191e-09,9.3413050430341457e-11
92,6,3,82944,7.9391265951664462e-10,9.3919932479542809e-11
92,6,4,82944,5.3930264678217188e-10,8.9784137439228126e-11
92,6,5,82944,2.4662923947427449e-10,5.597688014331063e-11
92,6,6,82944,-1.1994735003422158e-11,-5.4838654214101698e-11
92,6,7,82944,5.4119230471094569e-11,8.8209974906694651e-11
92,6,8,82944,3.8746952561135417e-11,-3.660324353236021e-12
92,6,9,82944,3.0844198670800334e-11,1.042625745079379e-10
92,6,10,82944,5.6842323773914799e-11,6.0362743269316836e-11
92,6,11,82944,1.1471777926481196e-10,2.9031978145315507e-11
92,6,12,82944,9.2177776532296819e-11,1.1019899894761472e-26
92,7,0,82944,1.7518488057399718e-07,0
92,7,1,82944,5.8149187771201959e-09,2.816097068094686e-10
92,7,2,82944,1.0076438170375714e-09,3.8674675317428836e-12
92,7,3,82944,3.3199943243645717e-10,-8.611643287624689e-11
92,7,4,82944,6.8301463169817476e-11,8.8306556594655857e-11
92,7,5,82944,1.3401949039310168e-10,-1.1553055409718343e-10
92,7,6,82944,2.4679362472423161e-11,-1.5286370172899067e-10
92,7,7,82944,-7.6199244703622514e-12,1.7363164647637903e-10
92,7,8,82944,-1.153441223070101e-10,4.182078200085165e-11
92,7,9,82944,-2.4200233267256065e-12,-9.6588298042516908e-13
92,7,10,82944,6.9553566980695277e-11,5.2886828627971255e-12
92,7,11,82944,8.3826928385625282e-12,1.2877491990144833e-11
92,7,12,82944,-8.4516241638896021e-11,8.3771184720358704e-27
92,8,0,82944,1.7436381085679128e-07,0
92,8,1,82944,3.5004346921251073e-09,3.9450329828499312e-11
92,8,2,82944,4.7717598367737884e-10,3.1509832843148087e-10
92,8,3,82944,3.5315778863267063e-10,-2.6798879362045447e-10
92,8,4,82944,-4.7302282316931104e-11,-9.9581149826698745e-11
92,8,5,82944,-6.2112888158481749e-11,-2.1445284896597547e-11
92,8,6,82944,-1.2431019807527263e-11,-9.0904740197558144e-11
92,8,7,82944,1.2244445082982843e-10,-7.8592233459831602e-11
92,8,8,82944,-1.3625752822649578e-11,-5.3934231447752556e-11
92,8,9,82944,8.0123216044205823e-11,-3.3221560602442689e-11
92,8,10,82944,5.8367512533784549e-12,-1.1419064092818173e-10
92,8,11,82944,-3.514845441068629e-11,2.3585936100420308e-12
92,8,12,82944,-1.8281624540735047e-11,-2.6607323908799648e-25
92,9,0,82944,1.743981821293856e-07,0
92,9,1,82944,2.1369823686775634e-09,-9.3396835659301978e-11
92,9,2,82944,1.9575353085799736e-10,-4.8098011482086105e-11
92,9,3,82944,2.6496086217580377e-10,-1.8236682989413702e-12
92,9,4,82944,-2.1440438769486219e-11,1.3871251268633335e-10
92,9,5,82944,-1.8847212901535708e-10,2.5626797369691586e-13
92,9,6,82944,-1.5911189156093942e-10,1.2294921334807703e-11
92,9,7,82944,9.3184246338910182e-11,4.6615138752397715e-11
92,9,8,82944,-3.7156204297815487e-11,-1.8483841198966465e-11
92,9,9,82944,3.6375762386265375e-11,2.9516204008185008e-11
92,9,10,82944,5.7279870152317696e-12,-2.6880099244690036e-11
92,9,11,82944,-2.839943158685416e-11,2.3042420742533598e-11
92,9,12,82944,2.0635639900718693e-11,2.2039799789522944e-26
92,10,0,82944,1.7492481486294158e-07,0
92,10,1,82944,1.2364472941620109e-09,3.1573122381214489e-11
92,10,2,82944,-1.7587459414271095e-10,-3.0756256623976881e-10
92,10,3,82944,-2.8764326654191664e-11,6.1399210370559943e-11
92,10,4,82944,9.4520641845581105e-11,1.1751700550819327e-10
92,10,5,82944,-3.7070964704272333e-13,1.315240756979581e-10
92,10,6,82944,6.3052829212802697e-11,8.0812444707897458e-12
92,10,7,82944,6.7836899994477576e-11,-7.4184967396988921e-11
92,10,8,82944,-3.29043593209612e-11,-3.4598543239781825e-11
92,10,9,82944,1.5494583785964457e-11,-2.5202203350544222e-11
92,10,10,82944,-2.8400377607876803e-11,-4.219222182160276e-11
92,10,11,82944,4.6841675205391687e-11,7.0107224947060995e-11
92,10,12,82944,5.5429807316147947e-11,-1.5427859852666061e-25
93,1,0,82944,1.7786557889401084e-07,0
93,1,1,82944,1.035081002848775e-07,-4.1269652071000943e-10
93,1,2,82944,7.5849639202332052e-08,-6.9405359146806574e-10
93,1,3,82944,5.9188725742602602e-08,-8.4377933199020562e-10
93,1,4,82944,4.650251375059817e-08,-7.816117851649897e-10
93,1,5,82944,3.6127685659149697e-08,-7.2180748502909678e-10
93,1,6,82944,2.7354437700630093e-08,-5.1140860014378732e-10
93,1,7,82944,2.0442313066914272e-08,-3.1579276166063295e-10
93,1,8,82944,1.5204402399308511e-08,-1.2337915564955498e-10
93,1,9,82944,1.136494548561823e-08,1.0419594266920877e-11
93,1,10,82944,8.6071935539140816e-09,5.8022291269703655e-11
93,1,11,82944,7.0003817945869896e-09,8.2976667362331555e-11
93,1,12,82944,6.4661154763302758e-09,-5.6628323594953911e-25
93,2,0,82944,1.755422690074717e-07,0
93,2,1,82944,6.2878817130618226e-08,-4.7869014831262742e-10
93,2,2,82944,3.6799756044028277e-08,-4.7957210620608889e-10
93,2,3,82944,2.486262543032574e-08,-4.4837870489947732e-10
93,2,4,82944,1.7465092709197553e-08,-3.8773083172025794e-10
93,2,5,82944,1.2513289689674289e-08,-1.3741839820708389e-10
93,2,6,82944,8.8321272836265555e-09,-2.1183485442957441e-10
93,2,7,82944,6.047353747549435e-09,-1.7513905847125096e-10
93,2,8,82944,4.1366634214835865e-09,-1.8252198540680301e-10
93,2,9,82944,2.7930409931798313e-09,-1.023899742827262e-10
93,2,10,82944,1.9766564888690662e-09,-7.3453384019063557e-11
93,2,11,82944,1.4669175215577654e-09,3.7142061342838868e-11
93,2,12,82944,1.3401897530515661e-09,5.7111503821108838e-26
93,3,0,82944,1.7440672460813745e-07,0
93,3,1,82944,3.8515047643081247e-08,-2.0898307094518626e-10
93,3,2,82944,1.7961121262364078e-08,-1.7855875592225563e-10
93,3,3,82944,1.022829192429278e-08,-9.5730277683591416e-11
93,3,4,82944,6.6931934570112974e-09,1.4412563150506954e-10
93,3,5,82944,4.4177823344468087e-09,3.7748993119695894e-10
93,3,6,82944,2.8564549388957342e-09,2.4310880957538268e-10
93,3,7,82944,1.7648860114295231e-09,1.3693679214868655e-10
93,3,8,82944,1.0253029598003793e-09,3.2558561856018214e-11
93,3,9,82944,6.598532362489663e-10,4.9630179097253299e-11
93,3,10,82944,4.8855368248688365e-10,-6.138449526622025e-11
93,3,11,82944,2.3245647905990401e-10,2.2810000727098012e-12
93,3,12,82944,2.5590881420852706e-10,-5.9098576268195915e-26
93,4,0,82944,1.7396501362976977e-07,0
93,4,1,82944,2.3841251153572852e-08,-1.1353156389011883e-10
93,4,2,82944,8.7970731291888739e-09,-2.9032773254314057e-10
93,4,3,82944,4.6524410976306917e-09,-2.9094155074583284e-10
93,4,4,82944,2.4951449058237292e-09,-3.1306773942935975e-11
93,4,5,82944,1.5943347758830654e-09,9.0264228303990302e-11
93,4,6,82944,8.1584413908000536e-10,-2.3762074748548285e-10
93,4,7,82944,5.0938861324857975e-10,-5.9191462424581671e-11
93,4,8,82944,3.070711058787253e-10,-2.1701470492163338e-11
93,4,9,82944,1.0042653552612619e-10,-6.0104983820038908e-11
93,4,10,82944,3.9666832548757399e-11,-1.341584072914036e-10
93,4,11,82944,-4.4624574194621964e-13,5.1301211903143685e-11
93,4,12,82944,3.7773153811635588e-11,6.2399559856581477e-26
93,5,0,82944,1.7450211690612205e-07,0
93,5,1,82944,1.4826725517027034e-08,5.3751754964142063e-12
93,5,2,82944,4.3489266004104135e-09,-9.6045452667676673e-11
93,5,3,82944,1.9969173257349228e-09,-3.091590798041689e-10
93,5,4,82944,1.0302462595510977e-09,4.4237927865190559e-13
93,5,5,82944,5.6854897469004038e-10,-6.7998568090822452e-11
93,5,6,82944,2.7267559767319918e-10,-1.5625352613497679e-11
93,5,7,82944,2.3272265569139415e-10,1.4587292039966322e-11
93,5,8,82944,2.0193590020396272e-11,-1.489228392226298e-10
93,5,9,82944,3.2101280013881919e-11,-3.1390182840869881e-12
93,5,10,82944,4.5376966151868599e-11,-6.7872690907388345e-11
93,5,11,82944,8.3430018173146816e-12,-3.4312398325835598e-11
93,5,12,82944,1.2336818422196228e-11,-7.3898152235459286e-26
93,6,0,82944,1.7470725197549588e-07,0
93,6,1,82944,9.2541836227297903e-09,-3.7017071186529862e-11
93,6,2,82944,2.0610953814903201e-09,1.3462823985773126e-10
93,6,3,82944,1.0497499024012391e-09,-1.2388112498441389e-10
93,6,4,82944,4.3975355611379313e-10,1.0408324044423552e-11
93,6,5,82944,2.0181356372977239e-10,5.9451172273052879e-11
93,6,6,82944,2.6120853896039506e-12,-7.8168577498462797e-11
93,6,7,82944,6.0473479272837587e-11,9.760973250823552e-12
93,6,8,82944,2.1899239500659496e-11,-1.2003744426398337e-10
93,6,9,82944,1.2928438783350048e-11,1.5307555111869651e-11
93,6,10,82944,2.875747797245552e-11,-6.9945750152648857e-11
93,6,11,82944,-1.7474052078574662e-12,-1.3119647164717343e-11
93,6,12,82944,2.4347439815665418e-11,1.2571661364105259e-25
93,7,0,82944,1.7404816868886212e-07,0
93,7,1,82944,5.6321944227226005e-09,-7.3425890275930564e-11
93,7,2,82944,1.1063684183616261e-09,2.6695526891159482e-10
93,7,3,82944,3.3928722653876586e-10,-2.0048395142091331e-10
93,7,4,82944,4.1428517232401699e-10,-1.2611015920100668e-10
93,7,5,82944,1.5842614892406018e-10,1.3366174331354897e-10
93,7,6,82944,1.985943650372992e-11,2.1463267117403313e-11
93,7,7,82944,2.3802363135724446e-11,-1.7674372864483654e-10
93,7,8,82944,-1.5905857194144278e-11,-8.6920192957529016e-11
93,7,9,82944,-7.5481580802782618e-12,-1.0245241385638233e-10
93,7,10,82944,5.3850707292522253e-11,-1.3161053883127925e-12
93,7,11,82944,-4.1218191805780193e-11,2.0656913653734539e-11
93,7,12,82944,6.2785989433522e-11,9.312563368079876e-26
93,8,0,82944,1.7332414321693182e-07,0
93,8,1,82944,3.4326973366196976e-09,-3.1142218691513882e-10
93,8,2,82944,8.1736693206982397e-10,1.311351899209333e-10
93,8,3,82944,-2.9483412397811787e-11,-1.1038109422765096e-10
93,8,4,82944,9.3511596382503074e-11,8.8805789133657401e-11
93,8,5,82944,5.8433023866675281e-12,2.9883708198746323e-11
93,8,6,82944,-4.5038327161233622e-11,-1.9868818492491744e-11
93,8,7,82944,-3.3027751508095396e-11,7.9149566357602161e-11
93,8,8,82944,4.2319673951039381e-11,-7.1316248114927257e-11
93,8,9,82944,6.5493208475664759e-11,-5.6789517949259828e-11
93,8,10,82944,-3.1201152553868557e-11,3.8448303657818571e-11
93,8,11,82944,-7.7633375582333003e-11,-3.9405248015669174e-12
93,8,12,82944,-7.8592119635554193e-11,-2.0214784693829416e-25
93,9,0,82944,1.740730787154005e-07,0
93,9,1,82944,2.1049686397914439e-09,-8.6362444232131038e-11
93,9,2,82944,6.591379301786297e-10,-7.7919420219051245e-11
93,9,3,82944,1.7876155872493446e-10,-1.475616396232816e-10
93,9,4,82944,5.8203206839035913e-11,-6.2413571477469866e-11
93,9,5,82944,-2.6969198678154765e-11,2.8628849741372796e-11
93,9,6,82944,-9.3399914586186088e-11,-2.0068187329406772e-12
93,9,7,82944,-3.6086348395418861e-11,-5.5884876259023178e-11
93,9,8,82944,1.2434177197427205e-11,-7.8531724177926988e-11
93,9,9,82944,-1.4575978087543866e-11,-6.7373088252692259e-11
93,9,10,82944,7.1340793306421893e-11,3.1644135729673547e-11
93,9,11,82944,1.4763457990976301e-11,-2.4012412638939227e-11
93,9,12,82944,-1.2042403643704955e-10,1.9506718727740671e-25
93,10,0,82944,1.7436129175363497e-07,0
93,10,1,82944,1.3565920947935083e-09,-1.405748765779397e-10
93,10,2,82944,3.0947128850722502e-10,-2.7454917846626065e-10
93,10,3,82944,3.1376435054791095e-10,-1.6586976470097964e-10
93,10,4,82944,1.1320507826389341e-10,-5.0031994402071856e-12
93,10,5,82944,-1.0767781046539278e-10,-4.8508389787316733e-11
93,10,6,82944,-1.3258366266165971e-10,3.7513532296960481e-11
93,10,7,82944,-1.4163093485783457e-10,-3.490132156344339e-11
93,10,8,82944,5.6574547824078278e-11,1.0801597453699152e-11
93,10,9,82944,-1.8582391187183925e-11,1.3623710036700183e-10
93,10,10,82944,-8.9405045441980212e-11,1.2992517826978249e-12
93,10,11,82944,-7.2174827502289986e-12,-4.2394832329342697e-11
93,10,12,82944,3.5478563262889916e-11,1.5334115907859946e-25
94,1,0,82944,1.7773497785128772e-07,0
94,1,1,82944,1.0262273618674379e-07,2.5963648299784709e-11
94,1,2,82944,7.5215691951707142e-08,1.6141554753781615e-10
94,1,3,82944,5.8937887461738956e-08,2.3391966331214014e-10
94,1,4,82944,4.6496084970585721e-08,1.9093337910644005e-10
94,1,5,82944,3.6293412666491724e-08,2.016074063037682e-10
94,1,6,82944,2.760358579042117e-08,1.7140018463613609e-10
94,1,7,82944,2.0607312014900435e-08,2.1232336294408647e-10
94,1,8,82944,1.5150612901261932e-08,2.9884466980213131e-10
94,1,9,82944,1.1235935676327504e-08,2.1427864687752134e-10
94,1,10,82944,8.5311868342915519e-09,1.3127664461949848e-10
94,1,11,82944,6.9476003052477376e-09,3.4237687119188641e-11
94,1,12,82944,6.5360995249455298e-09,2.2323026175958443e-25
94,2,0,82944,1.7543829293733104e-07,0
94,2,1,82944,6.2246643928475208e-08,3.6664255060168038e-11
94,2,2,82944,3.6001039483086542e-08,-1.2415059051590939e-10
94,2,3,82944,2.4257947706148046e-08,1.6205327782569207e-10
94,2,4,82944,1.7188731435626149e-08,6.1245375156422007e-11
94,2,5,82944,1.227679622397916e-08,1.3093544740836044e-11
94,2,6,82944,8.4522886699375413e-09,-2.8059549726931734e-11
94,2,7,82944,5.6488958233803863e-09,1.6384061432597307e-10
94,2,8,82944,3.7329609102689231e-09,2.6008499099401203e-10
94,2,9,82944,2.5005373308884652e-09,2.0431094194087492e-10
94,2,10,82944,1.6091459121093541e-09,2.4483236396431451e-10
94,2,11,82944,1.1752337537573499e-09,5.4385652002301342e-11
94,2,12,82944,1.0327246192920968e-09,-1.0196149911677946e-25
94,3,0,82944,1.7467650935212074e-07,0
94,3,1,82944,3.8089965952467272e-08,4.0862999973122881e-11
94,3,2,82944,1.7639859209016192e-08,1.9046079927141588e-10
94,3,3,82944,1.0376060388897222e-08,2.9882507471100605e-11
94,3,4,82944,6.4256871578727149e-09,6.3868730263004535e-12
94,3,5,82944,4.2332909689424185e-09,1.2453129438851812e-10
94,3,6,82944,2.6108859724019091e-09,2.6765469289624554e-11
94,3,7,82944,1.5995698489609307e-09,1.3513326093869746e-10
94,3,8,82944,9.3675125861565919e-10,1.3631475611673852e-10
94,3,9,82944,6.234787855770423e-10,1.6448318872503582e-10
94,3,10,82944,4.1685520934604151e-10,8.2565526822022063e-11
94,3,11,82944,2.8294909502711383e-10,2.253571264267579e-11
94,3,12,82944,2.4734788229267375e-10,-2.9352326122404258e-25
94,4,0,82944,1.7443052593857895e-07,0
94,4,1,82944,2.350771683932686e-08,9.6021795979107044e-11
94,4,2,82944,8.6101862592767889e-09,8.6765196076539688e-11
94,4,3,82944,4.6046237215706689e-09,-1.4164560517346041e-10
94,4,4,82944,2.4991008014737129e-09,-2.5787939745612127e-10
94,4,5,82944,1.6156656173868914e-09,-3.6277412433477591e-11
94,4,6,82944,1.0663423587661113e-09,1.2969801093888234e-10
94,4,7,82944,6.1095684300056811e-10,-4.8129437567332574e-11
94,4,8,82944,2.9659998427275043e-10,-5.5123615872343128e-11
94,4,9,82944,1.0552270343622946e-10,7.162728384513717e-11
94,4,10,82944,1.2130723699381126e-10,-1.5939416340548569e-11
94,4,11,82944,1.357386584213597e-11,-6.6802668835175617e-11
94,4,12,82944,-2.41221642735926e-11,3.2690707561111407e-26
94,5,0,82944,1.7447055682290215e-07,0
94,5,1,82944,1.4751307132826229e-08,5.9422429353586547e-11
94,5,2,82944,4.4030242635332233e-09,-6.9785762181740688e-11
94,5,3,82944,2.2115446660953311e-09,-1.3488689577843557e-10
94,5,4,82944,1.0479550798650268e-09,-1.6774577960083485e-10
94,5,5,82944,4.8188283019037871e-10,1.6687134709028549e-10
94,5,6,82944,2.6534011619765669e-10,1.313528145642861e-10
94,5,7,82944,1.2441499072274907e-10,3.1838950579555247e-11
94,5,8,82944,2.5749207613616498e-11,1.254004593140887e-11
94,5,9,82944,-9.1138994305000022e-11,7.126723353402575e-11
94,5,10,82944,6.4871364970238181e-11,6.6475599464090237e-11
94,5,11,82944,4.4782266671466449e-11,9.4041028079743498e-11
94,5,12,82944,1.188556944354989e-11,4.6313497838255458e-26
94,6,0,82944,1.7472948119726341e-07,0
94,6,1,82944,9.091077262910788e-09,-1.837163518823049e-11
94,6,2,82944,2.0080050094333212e-09,7.8232416305878191e-11
94,6,3,82944,1.0831066387367553e-09,1.4907529382100428e-11
94,6,4,82944,5.8124419125164266e-10,-1.8072391473141437e-10
94,6,5,82944,2.7054208085974179e-10,-5.5093078948003776e-11
94,6,6,82944,1.0793133217582391e-10,-1.2208593263216226e-10
94,6,7,82944,1.6730856619648285e-10,8.4390716941279727e-11
94,6,8,82944,1.0746064404630532e-10,4.9291098245718905e-12
94,6,9,82944,-6.8276336100733474e-11,-8.7006769220712487e-11
94,6,10,82944,-3.9994500865833873e-11,4.4626152250074238e-11
94,6,11,82944,7.7139288068397139e-12,1.9443447371731525e-11
94,6,12,82944,2.5133255532122978e-11,1.1969306654925538e-25
94,7,0,82944,1.7485301663962125e-07,0
94,7,1,82944,5.4849719396522097e-09,3.1758501699893901e-11
94,7,2,82944,1.0041127383373096e-09,-1.6819246391307153e-10
94,7,3,82944,6.6843562583662512e-10,-3.9982887610315359e-12
94,7,4,82944,3.0744725825182662e-10,-1.3830722522651553e-10
94,7,5,82944,1.6414630119050122e-10,-7.4976496148204945e-11
94,7,6,82944,2.4595279580065423e-10,-1.7948779868109961e-11
94,7,7,82944,1.332805648542754e-10,-2.9600965445180716e-12
94,7,8,82944,3.5278349906329942e-11,8.8776928610555232e-11
94,7,9,82944,3.2933493191356321e-11,3.2762756710600252e-11
94,7,10,82944,-1.2997517389072909e-11,9.8073711537552724e-11
94,7,11,82944,5.8421294540898974e-11,-5.4836256917824917e-11
94,7,12,82944,2.0169628001326848e-11,6.4673349156134077e-26
94,8,0,82944,1.7364235213509196e-07,0
94,8,1,82944,3.4808078155626718e-09,-4.3894282718317214e-12
94,8,2,82944,6.4224889311359225e-10,-1.601262919083176e-10
94,8,3,82944,1.1935658705546656e-10,6.7766717712029071e-11
94,8,4,82944,-4.4048430335571068e-11,-1.6197673234918971e-10
94,8,5,82944,-1.4993178234397804e-10,1.0834279638704087e-10
94,8,6,82944,9.9088839910893293e-11,-1.0991295169446667e-10
94,8,7,82944,1.4683520331266278e-11,1.2378113985694025e-10
94,8,8,82944,-7.9099782964356113e-12,5.5180831338043538e-11
94,8,9,82944,1.8641188193988756e-11,2.0798743139592331e-11
94,8,10,82944,4.1025119885066879e-11,3.4543235129360887e-11
94,8,11,82944,1.6312490716766783e-11,6.1952285441676187e-11
94,8,12,82944,2.0402510878374918e-12,-1.0635948631459828e-25
94,9,0,82944,1.7367109139284539e-07,0
94,9,1,82944,1.9527980557083253e-09,-1.3663357448675216e-11
94,9,2,82944,5.1107282807548569e-10,-4.0313625735090095e-12
94,9,3,82944,-1.4024895482248372e-11,-5.905102436012253e-11
94,9,4,82944,-6.8470503433244618e-11,-1.3162357379064326e-10
94,9,5,82944,-3.8385461161427159e-11,7.0769898237966701e-13
94,9,6,82944,1.965392359485642e-10,1.3411414906343997e-10
94,9,7,82944,-9.4955094782728714e-11,2.6544112411000392e-11
94,9,8,82944,-2.6336301759744067e-11,-8.672104127019105e-11
94,9,9,82944,2.9165207129400135e-11,2.8563163072643635e-12
94,9,10,82944,-2.3447328745726124e-11,2.3862165206273998e-11
94,9,11,82944,7.7014863965750513e-11,-5.6642475655439886e-11
94,9,12,82944,-2.5073097508402186e-11,6.0731615732238625e-26
94,10,0,82944,1.7418393886161838e-07,0
94,10,1,82944,1.269138665717928e-09,2.2648133371532598e-10
94,10,2,82944,3.7218116538410806e-10,-1.689615510053791e-10
94,10,3,82944,-1.5657091428429831e-10,-1.970012960920861e-10
94,10,4,82944,4.0435361273834014e-11,9.1520742972171105e-11
94,10,5,82944,-1.0709727123563776e-10,-6.8262142474563302e-11
94,10,6,82944,1.023328714673847e-10,4.4795903248399517e-11
94,10,7,82944,9.3358387633300716e-11,-9.0437552829959017e-11
94,10,8,82944,7.0753919283174609e-12,-1.0336024224643933e-11
94,10,9,82944,-8.5723823092673709e-12,-1.5472524068920105e-10
94,10,10,82944,2.079047275421675e-11,-2.6749470193797334e-11
94,10,11,82944,-1.7214068325423991e-11,-5.8941486882946891e-11
94,10,12,82944,-8.6974081680223002e-11,6.9609865398583775e-27
95,1,0,82944,1.7727554566339739e-07,0
95,1,1,82944,1.0295399073035244e-07,-1.5514085074788975e-10
95,1,2,82944,7.5520247762135404e-08,-4.4721010106073452e-10
95,1,3,82944,5.9078553203533576e-08,-5.1105093562761123e-10
95,1,4,82944,4.6408362240388854e-08,-4.7569595225819498e-10
95,1,5,82944,3.581265286013429e-08,-6.4373393347260207e-10
95,1,6,82944,2.7043354196315628e-08,-7.0590754187285674e-10
95,1,7,82944,2.0199412352899906e-08,-7.0979073269055852e-10
95,1,8,82944,1.4961893957769642e-08,-7.3078707768914661e-10
95,1,9,82944,1.1114145596144239e-08,-6.8174011492725418e-10
95,1,10,82944,8.5214329858123633e-09,-5.2203118088718273e-10
95,1,11,82944,6.9766757639448095e-09,-2.7735634483292654e-10
95,1,12,82944,6.4824737652313955e-09,5.1056542535041483e-25
95,2,0,82944,1.7508760420423977e-07,0
95,2,1,82944,6.2352562960789474e-08,-1.0372604905277368e-10
95,2,2,82944,3.6189333639426003e-08,-3.1993023995728184e-10
95,2,3,82944,2.4340590423348514e-08,-3.6060424142339135e-10
95,2,4,82944,1.7044759638920708e-08,-2.2200765007754634e-10
95,2,5,82944,1.1913022569331299e-08,-3.5991184634816373e-10
95,2,6,82944,8.3873390579000652e-09,-2.424930490764438e-10
95,2,7,82944,5.8244640744463002e-09,-1.2767993231083726e-10
95,2,8,82944,3.9023743468424078e-09,-1.3958321932493841e-10
95,2,9,82944,2.7121184662573179e-09,-1.0275691341549038e-10
95,2,10,82944,1.9296698994122265e-09,-8.3427760881119344e-11
95,2,11,82944,1.6579786746629368e-09,-3.4514961823467444e-11
95,2,12,82944,1.5272235227577062e-09,7.1115752171533088e-26
95,3,0,82944,1.7431714121961428e-07,0
95,3,1,82944,3.8327057059838674e-08,-1.6243954592224693e-10
95,3,2,82944,1.7959015296519987e-08,-2.2944256249427652e-11
95,3,3,82944,1.0347862972840086e-08,-2.9318985278446691e-10
95,3,4,82944,6.5636815231384225e-09,-5.3014338837040776e-11
95,3,5,82944,4.2974111987011659e-09,-4.6771371671186279e-11
95,3,6,82944,2.7144023055991392e-09,-3.7621072428354582e-11
95,3,7,82944,1.6757905649607439e-09,-2.6218920323016578e-10
95,3,8,82944,1.1174657679178599e-09,-1.2179813566834037e-10
95,3,9,82944,7.477159823260275e-10,2.9310887935747149e-12
95,3,10,82944,5.2193858882771052e-10,-5.7935351312425032e-11
95,3,11,82944,4.0242682611009049e-10,-6.5643042642187488e-11
95,3,12,82944,3.7975387962193868e-10,-9.4698836584326925e-26
95,4,0,82944,1.7488885526358326e-07,0
95,4,1,82944,2.3787194248299138e-08,5.7345592110265201e-11
95,4,2,82944,9.1025713848320515e-09,-7.8677726557230245e-11
95,4,3,82944,4.8752493781119803e-09,-1.8929607089161623e-10
95,4,4,82944,2.689485824870427e-09,-1.0067180722885283e-10
95,4,5,82944,1.4874372281426946e-09,5.7284834550986415e-11
95,4,6,82944,7.594024012880772e-10,9.3916345461871598e-11
95,4,7,82944,5.7025596174727837e-10,-1.2995998944127842e-10
95,4,8,82944,3.8972476427366946e-10,-1.2336843961959162e-10
95,4,9,82944,2.107319144331602e-10,3.0230276306989188e-11
95,4,10,82944,8.821760057224447e-11,-4.4110453451300423e-11
95,4,11,82944,9.3181349687848958e-11,-1.1511253808263874e-11
95,4,12,82944,6.5630346580328427e-11,5.5318900195694016e-26
95,5,0,82944,1.7401419136098667e-07,0
95,5,1,82944,1.4580074477137725e-08,-3.0812021226108995e-12
95,5,2,82944,4.3756245968612731e-09,1.2630559079723138e-10
95,5,3,82944,1.9468222984965839e-09,-1.0055748814469407e-10
95,5,4,82944,1.0825152982936787e-09,1.1303891845840519e-10
95,5,5,82944,7.1154829530863333e-10,-3.0917326102547851e-11
95,5,6,82944,1.3606480613041225e-10,-6.8321593660314474e-11
95,5,7,82944,9.3480711490827081e-11,3.489106474597358e-11
95,5,8,82944,9.5348315682011412e-11,-7.6548905122819407e-11
95,5,9,82944,1.3015446389571696e-10,5.161733877711157e-12
95,5,10,82944,5.2346903372139544e-11,2.274750560647269e-12
95,5,11,82944,5.7413182808651612e-11,-7.0725676268627249e-11
95,5,12,82944,-8.6622736927352375e-11,1.1227333304545217e-25
95,6,0,82944,1.7442103139724435e-07,0
95,6,1,82944,9.0918901309241002e-09,-7.2745220713310672e-11
95,6,2,82944,2.053200711695288e-09,-4.7825582853004545e-11
95,6,3,82944,8.8286848722333384e-10,9.9055950006770053e-11
95,6,4,82944,6.4161682716601485e-10,4.3404186221428101e-11
95,6,5,82944,3.8812747521308194e-10,1.0625843765963355e-10
95,6,6,82944,-1.1012359184676271e-10,-4.8667090618380133e-11
95,6,7,82944,1.601692804588632e-11,-1.7120596971209998e-10
95,6,8,82944,-3.5782625716067038e-11,-3.9204401155087348e-12
95,6,9,82944,1.2379631495633885e-11,3.4149085068597405e-11
95,6,10,82944,6.4823309589290337e-11,2.866222438403373e-12
95,6,11,82944,1.1021909690658483e-11,-1.009539060242054e-10
95,6,12,82944,-1.5726843591279397e-11,5.7123969771216033e-26
95,7,0,82944,1.7518426994686717e-07,0
95,7,1,82944,5.7769952723570007e-09,-3.6547137105335615e-12
95,7,2,82944,9.9643373321004343e-10,-1.6279443280718418e-10
95,7,3,82944,2.4379754733515181e-10,3.4131734479952593e-10
95,7,4,82944,2.4480020642387232e-10,4.6252763308921011e-11
95,7,5,82944,-3.1623519630649755e-11,3.2375884582266131e-11
95,7,6,82944,-1.0917263467278698e-10,1.0775645726510862e-10
95,7,7,82944,-4.2328319507118988e-11,-2.0065220021015407e-11
95,7,8,82944,1.5448874441999522e-11,-6.4360060208507062e-11
95,7,9,82944,3.8917529294036311e-11,-3.5572476341465076e-11
95,7,10,82944,3.4553529890987633e-11,-5.1376188322732191e-11
95,7,11,82944,3.0971329929076606e-11,-3.0879305512100112e-11
95,7,12,82944,-3.9175140502981628e-11,-3.2107301096094623e-26
95,8,0,82944,1.7475780584315183e-07,0
95,8,1,82944,3.4307354685233167e-09,1.5236034754530613e-10
95,8,2,82944,5.9019862456528533e-10,-6.3908979259348523e-11
95,8,3,82944,-9.8998174981813433e-11,1.6684910151709507e-10
95,8,4,82944,-5.9573249690709902e-11,1.7383154687530204e-10
95,8,5,82944,4.9634971573196474e-11,6.3897988613768954e-11
95,8,6,82944,-1.4286502061487617e-10,-7.7532194537817844e-11
95,8,7,82944,1.2207961564512087e-10,5.5941401383685547e-11
95,8,8,82944,5.7096757640828069e-11,6.5950614247556075e-11
95,8,9,82944,2.9618007488962115e-11,7.5636910150457468e-11
95,8,10,82944,-5.1561315954619991e-11,6.1015969550277149e-12
95,8,11,82944,-3.0580181364075424e-11,4.8834054830893091e-11
95,8,12,82944,-3.9201668279338438e-11,-2.0274621254343958e-26
95,9,0,82944,1.7427185013867782e-07,0
95,9,1,82944,2.1712012459260673e-09,8.7955232515321825e-11
95,9,2,82944,3.2698914458324815e-10,-6.7081805852744401e-11
95,9,3,82944,-1.5478555236201857e-10,3.4839097691621628e-11
95,9,4,82944,8.3897439707988091e-11,-1.6142249329523788e-10
95,9,5,82944,-4.7945134322915177e-11,-1.0788695875434372e-10
95,9,6,82944,-4.560650023412069e-11,-7.2715115231218151e-11
95,9,7,82944,3.2987677016763989e-11,5.5788252524273943e-11
95,9,8,82944,-8.2749001894021197e-11,4.2884701160745722e-11
95,9,9,82944,-1.1477394013055694e-10,-3.2654892368870452e-11
95,9,10,82944,-8.4674825835050296e-11,3.1380734378304322e-11
95,9,11,82944,-3.2151140979278356e-11,-4.238894734635467e-11
95,9,12,82944,3.4812725810734759e-11,-6.7064318386694313e-26
95,10,0,82944,1.7494968785424415e-07,0
95,10,1,82944,1.5205525890801398e-09,-3.4393402071910898e-11
95,10,2,82944,3.394248373554006e-10,5.246293534236548e-11
95,10,3,82944,7.4151244102035124e-11,-1.5750093771800163e-10
95,10,4,82944,-1.98260857790935e-10,-2.7883015738349108e-10
95,10,5,82944,-1.5904815597050641e-10,1.3848625069809215e-10
95,10,6,82944,4.8503771396089568e-11,8.7248901547811232e-11
95,10,7,82944,1.6803658312533995e-11,1.7913040732523107e-11
95,10,8,82944,4.006489005711911e-11,5.660896225305963e-11
95,10,9,82944,-2.1844762096686345e-11,5.1653395279431413e-12
95,10,10,82944,-9.8617955239526703e-12,-4.00952148372824e-11
95,10,11,82944,-2.3273698553624292e-14,6.4518282159011311e-11
95,10,12,82944,6.1163704558147955e-11,-3.7996215926734124e-27
96,1,0,82944,1.7644924770843209e-07,0
96,1,1,82944,1.0235144980678589e-07,-2.0265664140837092e-10
96,1,2,82944,7.5200632770977106e-08,-3.515405279989273e-10
96,1,3,82944,5.9203711996727858e-08,-5.1275045172908412e-10
96,1,4,82944,4.6890503091634224e-08,-5.8337594908151587e-10
96,1,5,82944,3.6768241149545661e-08,-6.4599858661846143e-10
96,1,6,82944,2.8188857576627048e-08,-7.0427316666643654e-10
96,1,7,82944,2.1310651052321939e-08,-6.3176211382060682e-10
96,1,8,82944,1.5818186780142788e-08,-5.3476984690428024e-10
96,1,9,82944,1.172537058513698e-08,-4.1493288106814824e-10
96,1,10,82944,8.8753290691946913e-09,-2.6200452180787411e-10
96,1,11,82944,7.2105242641801717e-09,-1.43976810316386e-10
96,1,12,82944,6.6198332841686189e-09,7.3272860178082319e-25
96,2,0,82944,1.7577665462041102e-07,0
96,2,1,82944,6.2420136448957283e-08,-2.3425324339399898e-10
96,2,2,82944,3.6500078273289193e-08,-5.107519112085467e-10
96,2,3,82944,2.4879554834200334e-08,-5.1398220713265755e-10
96,2,4,82944,1.7605472109221768e-08,-3.408575077486018e-10
96,2,5,82944,1.2584531598678153e-08,-3.7272981944325124e-10
96,2,6,82944,8.7089189388959906e-09,-3.1924164941829613e-10
96,2,7,82944,5.9399600369962777e-09,-4.2448191565071959e-10
96,2,8,82944,4.0253689429247799e-09,-2.819636757094023e-10
96,2,9,82944,2.6169613897439812e-09,-1.7617694568829809e-10
96,2,10,82944,1.849814114405196e-09,-1.6488033407358521e-10
96,2,11,82944,1.2640711569466348e-09,-6.9239923262972813e-11
96,2,12,82944,1.0358730681410461e-09,-6.9928993721328003e-26
96,3,0,82944,1.740077527128178e-07,0
96,3,1,82944,3.8230554147494301e-08,-3.0836158343128106e-10
96,3,2,82944,1.785149213967834e-08,-2.2776258157809793e-10
96,3,3,82944,1.0593291775977255e-08,-4.4919640135403676e-10
96,3,4,82944,6.7737995570164658e-09,-4.3030987407498961e-10
96,3,5,82944,4.1514681575312882e-09,-2.8314001399793648e-10
96,3,6,82944,2.4980831241994603e-09,-2.1586320306262767e-10
96,3,7,82944,1.4319714100713595e-09,-2.3535028272392729e-10
96,3,8,82944,8.1964520320191128e-10,-1.6572243936496485e-10
96,3,9,82944,6.5228055121756428e-10,-1.187980955678367e-10
96,3,10,82944,3.8670308104940789e-10,-8.9082646175463535e-11
96,3,11,82944,2.030677272329591e-10,1.497346383995632e-11
96,3,12,82944,8.2540580895992015e-11,1.9020048035555728e-25
96,4,0,82944,1.7387888061478523e-07,0
96,4,1,82944,2.3736132851404343e-08,-5.2111219770095349e-10
96,4,2,82944,9.1068044386243887e-09,1.0442848227132642e-10
96,4,3,82944,4.5414470736082626e-09,-4.4049934564524416e-10
96,4,4,82944,2.3688352381905091e-09,-2.8396830973808972e-10
96,4,5,82944,1.5327222251684991e-09,-8.3809350088136022e-11
96,4,6,82944,7.2377504402470826e-10,-4.4213390843955829e-11
96,4,7,82944,4.4275008996248471e-10,-2.4605309653582188e-11
96,4,8,82944,2.2700578063273265e-10,-2.0480249403491088e-11
96,4,9,82944,2.3216810412180408e-10,4.5746945244404669e-11
96,4,10,82944,1.4548329285894188e-10,6.9741672340108148e-11
96,4,11,82944,-2.1338685999871575e-11,-3.4416102936471871e-11
96,4,12,82944,-8.2152262722437636e-11,-1.0798504620857667e-25
96,5,0,82944,1.7500015238902917e-07,0
96,5,1,82944,1.4907753967930579e-08,-6.8604303068799765e-10
96,5,2,82944,4.4788216370683134e-09,-2.1645342214471244e-10
96,5,3,82944,2.101855546402392e-09,-2.3618427906176372e-10
96,5,4,82944,1.0201344306874681e-09,-7.062506848089267e-11
96,5,5,82944,3.402235313258772e-10,-1.8508874633149347e-10
96,5,6,82944,3.7053780911850605e-10,-3.8743549347043672e-11
96,5,7,82944,1.8111876576129562e-10,3.506713001211212e-11
96,5,8,82944,2.1896321370034896e-10,7.2164393538312162e-12
96,5,9,82944,7.093030955407807e-12,-4.7232283929490118e-11
96,5,10,82944,9.2268004846878193e-11,5.0220385809086345e-11
96,5,11,82944,-1.3054448758676107e-11,1.1810335388023676e-11
96,5,12,82944,5.3965427093358608e-11,9.8710379328822675e-26
96,6,0,82944,1.7396560989564729e-07,0
96,6,1,82944,9.1209589858343016e-09,-1.7312247465680561e-10
96,6,2,82944,2.1989679607578235e-09,-1.7160663835870904e-11
96,6,3,82944,9.0100855850888749e-10,2.1517452713863015e-10
96,6,4,82944,2.573538294166304e-10,-8.7967123789126422e-11
96,6,5,82944,3.1705947571168312e-10,-3.7648369977943038e-11
96,6,6,82944,-5.3060355072751889e-12,4.0393147347821812e-11
96,6,7,82944,1.809263476256689e-10,5.8357192367409403e-12
96,6,8,82944,2.1251899301166802e-11,4.5386931400502871e-11
96,6,9,82944,7.7439965466134866e-11,2.5612160320900814e-11
96,6,10,82944,-1.8245932337627625e-11,-6.1195635017880814e-11
96,6,11,82944,-2.935748040258171e-11,-1.7168049335999532e-11
96,6,12,82944,-1.3102277847005171e-10,4.8028812573005659e-26
96,7,0,82944,1.7452340414559315e-07,0
96,7,1,82944,5.5170389079374811e-09,5.9437934519942194e-12
96,7,2,82944,9.9349164582528868e-10,-5.4324087833089073e-11
96,7,3,82944,6.3963153086455923e-10,-8.2127309100326742e-11
96,7,4,82944,1.6130829640736782e-11,-4.1417946194440708e-11
96,7,5,82944,1.0071577481693508e-10,1.5203588847204579e-10
96,7,6,82944,-5.0165768255131839e-11,6.5410822207255563e-11
96,7,7,82944,-1.7724148324892267e-11,1.0389542450166307e-11
96,7,8,82944,-1.8740377034480765e-11,2.2180178795144671e-11
96,7,9,82944,-7.2596979596733543e-11,9.2551508025773149e-11
96,7,10,82944,-1.0503863163894537e-10,2.3889039807562763e-11
96,7,11,82944,6.3666784719384635e-11,9.3588155215484709e-11
96,7,12,82944,4.7177137928000102e-12,-6.2480588532278259e-26
96,8,0,82944,1.7456497978598538e-07,0
96,8,1,82944,3.32267146038281e-09,-5.866749724522922e-11
96,8,2,82944,4.7730730337394672e-10,9.332771839352674e-12
96,8,3,82944,5.4832424380394214e-10,-7.6016916500660297e-12
96,8,4,82944,-1.3751838763167641e-10,-2.4477933413803137e-10
96,8,5,82944,2.1762428075411131e-10,-1.5065134055838868e-10
96,8,6,82944,4.1987800105620804e-11,-1.3636272003176369e-10
96,8,7,82944,-2.014109467986721e-13,6.0388130151718512e-11
96,8,8,82944,-6.2444764610619226e-11,5.2920227599652518e-11
96,8,9,82944,-5.8228289696950244e-11,1.4935343584592293e-11
96,8,10,82944,-3.7807874103488376e-11,1.4911085972344153e-11
96,8,11,82944,-9.4920308896722685e-11,9.6486487025731006e-11
96,8,12,82944,1.9523145085456521e-11,-1.7043446986558693e-25
96,9,0,82944,1.740720629487212e-07,0
96,9,1,82944,2.1474689059748814e-09,-1.5251759683402612e-10
96,9,2,82944,1.6745381681356039e-10,-2.4536264396665094e-11
96,9,3,82944,1.9483419874686659e-10,2.5187725640915841e-10
96,9,4,82944,-4.4859384991476926e-11,4.6843557698753528e-11
96,9,5,82944,5.8721854789636412e-11,-1.2279541281369086e-12
96,9,6,82944,1.4426220292728352e-10,5.537934683881656e-11
96,9,7,82944,-9.5053121086778713e-11,7.6168209920720213e-11
96,9,8,82944,-4.8703496245478008e-11,-1.8052805391561096e-11
96,9,9,82944,-1.1714867591062615e-10,4.7884670811795494e-11
96,9,10,82944,6.106740487913767e-12,2.9751270098468863e-11
96,9,11,82944,5.613212172905683e-11,6.2832929917020345e-11
96,9,12,82944,-5.7003091895022867e-12,1.8856494770149315e-25
96,10,0,82944,1.7445222008631711e-07,0
96,10,1,82944,1.1066166079190506e-09,-1.3709960021407318e-10
96,10,2,82944,2.6050287709114559e-10,4.3647618546585013e-11
96,10,3,82944,1.5267928282149067e-10,3.1578013971925384e-10
96,10,4,82944,-1.0166245991269526e-10,-4.7367010803310274e-11
96,10,5,82944,-2.7607941845109238e-11,-1.3368399746618909e-10
96,10,6,82944,-1.0694315150676481e-10,7.6169689614975926e-12
96,10,7,82944,6.2705035337339816e-12,8.8925371579149905e-11
96,10,8,82944,8.2126772446726324e-11,4.9827014180845139e-11
96,10,9,82944,8.723906000793919e-11,-5.8251889447019626e-11
96,10,10,82944,-2.5734369832722936e-11,-5.2779424196205472e-11
96,10,11,82944,-1.70165426975956e-11,-5.7549026950584287e-11
96,10,12,82944,-5.1751244501768461e-11,1.0866319389440814e-25
97,1,0,82944,1.7682835814138097e-07,0
97,1,1,82944,1.0231449443386759e-07,-3.8355226284269786e-10
97,1,2,82944,7.5304504279802285e-08,-6.7544187206849804e-10
97,1,3,82944,5.8889470835324639e-08,-8.6389935428256393e-10
97,1,4,82944,4.636896094187069e-08,-9.798424787021475e-10
97,1,5,82944,3.5950037153585916e-08,-1.0442908622057751e-09
97,1,6,82944,2.7471810820135342e-08,-1.0228503680953124e-09
97,1,7,82944,2.0619974361842026e-08,-9.0590790822803884e-10
97,1,8,82944,1.5301889280088029e-08,-8.0732480105199707e-10
97,1,9,82944,1.1323066462896623e-08,-6.1400475803319659e-10
97,1,10,82944,8.5690384124055961e-09,-4.191929414423358e-10
97,1,11,82944,7.018703573573906e-09,-2.0803673545983939e-10
97,1,12,82944,6.4562407769905649e-09,4.4460559014321805e-25
97,2,0,82944,1.7535425134684499e-07,0
97,2,1,82944,6.2540745812356019e-08,-1.3727587079826721e-10
97,2,2,82944,3.6940869432690047e-08,-2.9198710579118473e-10
97,2,3,82944,2.5368927378610003e-08,-3.5391566736673488e-10
97,2,4,82944,1.8068693234707469e-08,-2.8521788945734138e-10
97,2,5,82944,1.3015679685887173e-08,-2.4199021342590376e-10
97,2,6,82944,9.1733667065952797e-09,-1.3638191852530935e-10
97,2,7,82944,6.2563890931235324e-09,-3.3812754167783496e-10
97,2,8,82944,4.172108416573638e-09,-3.5602786882127826e-10
97,2,9,82944,2.7375795085899396e-09,-3.0650341874332991e-10
97,2,10,82944,1.8955463836761062e-09,-1.9162558209579549e-10
97,2,11,82944,1.4279988702733364e-09,-5.962788588263005e-11
97,2,12,82944,1.2446037223944995e-09,-2.7652469165786981e-25
97,3,0,82944,1.7400645668499159e-07,0
97,3,1,82944,3.8574459981451129e-08,4.0699031714054544e-12
97,3,2,82944,1.7998669778361116e-08,-1.4088444296291266e-11
97,3,3,82944,1.0902068348674513e-08,1.0428280189567271e-12
97,3,4,82944,6.8263058314097031e-09,-1.0011446621022874e-10
97,3,5,82944,4.6091395179850761e-09,-1.0725216955680144e-10
97,3,6,82944,2.8654879752329386e-09,1.4710150910467149e-10
97,3,7,82944,1.8221212030577611e-09,6.7464479486108338e-11
97,3,8,82944,1.0729607230189188e-09,-1.838671338924776e-10
97,3,9,82944,4.5141066181281836e-10,-1.3080045605173897e-10
97,3,10,82944,2.8789563852096738e-10,-3.3137078469309775e-11
97,3,11,82944,1.8277885691249253e-10,5.7765424223069618e-12
97,3,12,82944,2.4107853840572607e-10,4.3881390972341471e-26
97,4,0,82944,1.7432779032895642e-07,0
97,4,1,82944,2.3638948714888192e-08,-1.3832595883223174e-11
97,4,2,82944,9.0774057500499273e-09,-1.2533570283293054e-10
97,4,3,82944,4.9814110240414879e-09,3.8578117661811178e-11
97,4,4,82944,2.5455166176373844e-09,-3.2619662333539428e-10
97,4,5,82944,1.5951676680314288e-09,-1.1647755535801432e-11
97,4,6,82944,8.442650704945599e-10,-8.8282757547547941e-11
97,4,7,82944,4.9117537970013684e-10,-9.5564415277497485e-11
97,4,8,82944,3.4071843058168868e-10,-1.9105979296781286e-10
97,4,9,82944,1.520090874178157e-10,-8.2736520735048791e-12
97,4,10,82944,8.9573176303942287e-11,-5.4552666510581456e-11
97,4,11,82944,-5.5978685780489331e-12,1.9506564818245039e-11
97,4,12,82944,4.3732329112128197e-11,-1.3696090063774361e-25
97,5,0,82944,1.7385971695483385e-07,0
97,5,1,82944,1.4935800558636676e-08,-7.09178899594424e-11
97,5,2,82944,4.6185252785539521e-09,1.3107928442044508e-10
97,5,3,82944,2.0288880762891314e-09,1.453308061144524e-10
97,5,4,82944,9.3976347586684386e-10,-4.1095626131743493e-11
97,5,5,82944,6.0896197468706366e-10,-7.8254655426084811e-11
97,5,6,82944,3.5869789593625414e-10,2.7705001849513623e-11
97,5,7,82944,1.8986445874726106e-10,7.259480812105022e-11
97,5,8,82944,6.6761295952306313e-11,-1.9680612304983332e-12
97,5,9,82944,1.1231263411138892e-10,-1.3892818196700532e-10
97,5,10,82944,-2.3801656148336319e-11,-7.2686893972292293e-11
97,5,11,82944,3.7042116878677965e-11,3.7158515833125605e-11
97,5,12,82944,1.2621955817833517e-11,1.2569666812088108e-25
97,6,0,82944,1.7417248096406378e-07,0
97,6,1,82944,9.360357280592148e-09,-7.6661563039793153e-11
97,6,2,82944,2.1788994141464038e-09,1.1519800555378401e-10
97,6,3,82944,9.0837915697672269e-10,1.4164447004426054e-10
97,6,4,82944,3.7047008517558866e-10,1.030662753345738e-10
97,6,5,82944,2.4201952290079672e-10,2.2809510696162724e-10
97,6,6,82944,-6.6931570780186075e-11,6.7838377296652595e-13
97,6,7,82944,1.0628313204978639e-11,7.1809846726428034e-11
97,6,8,82944,-5.2385753428515595e-11,-8.609521265777045e-11
97,6,9,82944,-4.0427960775050968e-11,-7.2455622844705604e-11
97,6,10,82944,1.5207502104971531e-11,4.1806512895737276e-11
97,6,11,82944,-7.844404341204902e-12,4.0386859852792081e-11
97,6,12,82944,-8.1276594744816993e-12,6.087372756346066e-26
97,7,0,82944,1.7441612586767352e-07,0
97,7,1,82944,5.8902472652040606e-09,-4.4114099402844562e-11
97,7,2,82944,9.2724765970976962e-10,-2.035577367412364e-11
97,7,3,82944,3.6602731038511594e-10,1.9707703202318737e-10
97,7,4,82944,-1.5293091599937164e-11,-2.7690029900774766e-11
97,7,5,82944,1.4240535232575699e-10,2.5116900699661432e-10
97,7,6,82944,3.8083073817104715e-11,-4.7122228455282543e-11
97,7,7,82944,-1.1731019535293235e-10,1.7176970174062704e-10
97,7,8,82944,-2.6422240368998914e-11,-2.8936751718686832e-11
97,7,9,82944,4.3658788196730684e-11,-9.7825950498500924e-12
97,7,10,82944,9.5933334334325062e-11,2.7665258812541686e-11
97,7,11,82944,2.1983334806653845e-11,6.2117350761314698e-11
97,7,12,82944,1.2984068802844212e-11,-1.1529632594644727e-25
97,8,0,82944,1.74842573878705e-07,0
97,8,1,82944,3.6393480477707487e-09,1.2796789511244291e-11
97,8,2,82944,3.9226650780778934e-10,-1.8448287523279722e-10
97,8,3,82944,2.0580564462036402e-12,4.033394371150193e-11
97,8,4,82944,-5.8926032148828023e-11,-5.8305519357180345e-11
97,8,5,82944,-1.4199273719821282e-11,-1.6378336505035777e-11
97,8,6,82944,1.1245558844529829e-10,-1.4967735201794317e-10
97,8,7,82944,-2.1930773874489963e-11,6.3037193491103836e-11
97,8,8,82944,-2.7791149617557719e-11,-2.5783390036731646e-11
97,8,9,82944,2.3993322864645168e-11,-2.2456970884957015e-11
97,8,10,82944,2.3511479633265009e-11,6.3502145894242621e-12
97,8,11,82944,1.6073482317344743e-11,4.7919955062476746e-11
97,8,12,82944,-1.8854037981591951e-11,2.0103089780868938e-25
97,9,0,82944,1.7522946210707589e-07,0
97,9,1,82944,2.3653416027494368e-09,-1.1378424827736293e-10
97,9,2,82944,1.2685281589413748e-10,-2.762033163256346e-10
97,9,3,82944,-1.0272735659074045e-11,-1.3611904305354643e-11
97,9,4,82944,-3.9056533701083223e-11,4.6467466382103275e-11
97,9,5,82944,1.6942882692070324e-10,-4.2987839771368725e-11
97,9,6,82944,-1.9404139774603999e-10,-8.0341848041326581e-12
97,9,7,82944,-3.2865712803403879e-11,3.3739603594017392e-11
97,9,8,82944,-1.3967168266901846e-11,-6.6265231444708493e-11
97,9,9,82944,-1.653753974099166e-12,-9.6881050394445487e-11
97,9,10,82944,-6.1137230522073763e-11,2.0209392364163245e-11
97,9,11,82944,1.5829745526801163e-11,-2.7285254688154487e-11
97,9,12,82944,2.0016038798656649e-11,-5.0980749558389729e-26
97,10,0,82944,1.7348640287700944e-07,0
97,10,1,82944,1.37647187043939e-09,-3.5172300443960465e-11
97,10,2,82944,2.9375024069277915e-10,-9.0826646948666704e-11
97,10,3,82944,1.3547063983700151e-10,6.9107668262131383e-11
97,10,4,82944,1.8684185393430335e-10,-1.1603488520633814e-10
97,10,5,82944,1.2574945560741724e-11,-7.4060768662612724e-11
97,10,6,82944,-7.208026714704167e-12,-1.2075449673931923e-10
97,10,7,82944,-1.2179697703584596e-10,2.4641228375861063e-11
97,10,8,82944,-1.6345222283550035e-11,1.274303007284478e-10
97,10,9,82944,1.943834062183618e-11,4.4755806069840208e-11
97,10,10,82944,-7.3873497522845054e-11,-2.6929445669537181e-11
97,10,11,82944,4.9623019209538669e-12,-5.06911312409141e-11
97,10,12,82944,-5.0835567604273205e-11,-8.0540010452573446e-26
98,1,0,82944,1.7676254290779889e-07,0
98,1,1,82944,1.0297396621827993e-07,2.6383123530992186e-10
98,1,2,82944,7.5658666926999656e-08,4.3898122953685477e-10
98,1,3,82944,5.9750817889553261e-08,4.5330764626239959e-10
98,1,4,82944,4.7195609923882293e-08,6.7605711427257407e-10
98,1,5,82944,3.6837039495747582e-08,6.5551236533111175e-10
98,1,6,82944,2.8223423848195222e-08,7.0899447524314708e-10
98,1,7,82944,2.1348011171020304e-08,7.0521558026480412e-10
98,1,8,82944,1.5944523673766923e-08,5.8341590050077998e-10
98,1,9,82944,1.1971502024210633e-08,5.2348403178700418e-10
98,1,10,82944,9.2152507810942948e-09,4.1609250218853909e-10
98,1,11,82944,7.5794895613843521e-09,2.3346533837304383e-10
98,1,12,82944,7.0426767851557436e-09,4.0892305455637957e-25
98,2,0,82944,1.7479528088418123e-07,0
98,2,1,82944,6.2381389715381531e-08,1.3855725066096465e-10
98,2,2,82944,3.6399070520779384e-08,1.3725354984436197e-10
98,2,3,82944,2.4863125307353941e-08,4.4293577372312876e-11
98,2,4,82944,1.7464058745328688e-08,1.7949288163663798e-10
98,2,5,82944,1.2275509511226056e-08,1.0124639932976178e-10
98,2,6,82944,8.4987460535029741e-09,1.3326138715059554e-10
98,2,7,82944,5.914334546694956e-09,9.1614132613866696e-11
98,2,8,82944,4.0943398994613302e-09,3.8045573101023404e-11
98,2,9,82944,2.7335087120926952e-09,-3.63582537108173e-11
98,2,10,82944,1.904027636164406e-09,7.9626763097664258e-11
98,2,11,82944,1.4536130392383284e-09,9.5441867825313786e-12
98,2,12,82944,1.1938709541901184e-09,-2.0377839321231544e-25
98,3,0,82944,1.7471309955459456e-07,0
98,3,1,82944,3.8511912311086686e-08,1.0591820139531399e-10
98,3,2,82944,1.8206153578600603e-08,-1.1055107774983848e-10
98,3,3,82944,1.0946873781454589e-08,-9.2745400169169418e-11
98,3,4,82944,6.9169733785085918e-09,1.5215137111679318e-10
98,3,5,82944,4.4095234421154184e-09,1.6835153957810193e-11
98,3,6,82944,2.8527731961798798e-09,3.6793744963318551e-12
98,3,7,82944,1.7231031708378407e-09,-2.3727392575660497e-11
98,3,8,82944,9.6862371625089769e-10,-1.2702789741145297e-10
98,3,9,82944,4.7187551455614998e-10,-9.858934338530539e-11
98,3,10,82944,2.6654123546267791e-10,9.6472552856333951e-11
98,3,11,82944,1.4351771401009507e-10,3.8863147871173828e-11
98,3,12,82944,1.3423062623866117e-10,-1.7161125555570627e-25
98,4,0,82944,1.7454503729925368e-07,0
98,4,1,82944,2.3653260451810233e-08,5.3804665089784661e-11
98,4,2,82944,8.8715101592787647e-09,1.08713239828525e-10
98,4,3,82944,4.6010982206019845e-09,2.1337480178530395e-11
98,4,4,82944,2.6493765506798787e-09,-1.7841091687363135e-10
98,4,5,82944,1.6156103173510403e-09,-3.5346181682495568e-11
98,4,6,82944,1.044096339042508e-09,-6.9997981465355872e-11
98,4,7,82944,4.3517401181247389e-10,2.5351958516727228e-11
98,4,8,82944,3.0867741290041271e-10,-5.22392645517306e-11
98,4,9,82944,1.5950590356067935e-10,-3.9566724135442354e-11
98,4,10,82944,9.3154258069106945e-11,-1.5875412042501935e-11
98,4,11,82944,6.5501151391107824e-12,7.0294480374237239e-11
98,4,12,82944,1.3943457792063197e-11,3.0456809301901843e-26
98,5,0,82944,1.744467370176383e-07,0
98,5,1,82944,1.4620319997477709e-08,-1.3335373414187844e-10
98,5,2,82944,4.3057208244090024e-09,-1.0649529655067667e-10
98,5,3,82944,2.0914201610001297e-09,-1.3054588302631392e-10
98,5,4,82944,9.8365378684679302e-10,-2.1715682554592062e-10
98,5,5,82944,6.2834980146266092e-10,-1.376182074758169e-10
98,5,6,82944,3.2887909591405469e-10,-3.8821430604086699e-11
98,5,7,82944,1.371966053638958e-11,4.9688338241554709e-13
98,5,8,82944,1.873024128172764e-10,-2.9758366777266676e-11
98,5,9,82944,-5.9453151481602675e-11,-4.7408309393733132e-11
98,5,10,82944,-3.5825575345312769e-11,-8.3867153603267107e-11
98,5,11,82944,5.2189468703932646e-11,-1.2344445610986569e-10
98,5,12,82944,-3.6381781091213706e-11,-6.7375967139374214e-26
98,6,0,82944,1.7424051597856948e-07,0
98,6,1,82944,8.85053047980782e-09,-1.5640976130858967e-10
98,6,2,82944,2.2917282875583427e-09,-1.6275857167476661e-10
98,6,3,82944,8.4108768249922204e-10,-1.7362552595219321e-10
98,6,4,82944,4.6302116610590536e-10,-1.1404107205813009e-10
98,6,5,82944,2.6728801348100669e-10,3.6821865653660298e-11
98,6,6,82944,5.8389880134634527e-11,1.3403110872017877e-10
98,6,7,82944,9.6990920981244637e-11,-8.8184600919626362e-12
98,6,8,82944,7.2551595324855767e-11,1.8325759978659136e-11
98,6,9,82944,7.0857412501829417e-11,5.4206752746330072e-11
98,6,10,82944,1.0328657609219295e-11,-2.6776508251400626e-11
98,6,11,82944,-2.3435178037967287e-11,-8.0981290370786833e-11
98,6,12,82944,-2.0966175950462595e-11,-6.877215355138019e-26
98,7,0,82944,1.7481710274034986e-07,0
98,7,1,82944,5.5539128551646477e-09,-2.3746015023254221e-10
98,7,2,82944,1.3278132450393875e-09,-1.2450047048021728e-10
98,7,3,82944,3.9784613264368682e-10,-1.5324583143264003e-10
98,7,4,82944,1.8324154859785385e-10,-2.8995731233048403e-11
98,7,5,82944,3.3284050422146325e-11,-1.0876986731473136e-10
98,7,6,82944,-1.9962641680426562e-11,-9.9031224868643986e-11
98,7,7,82944,3.5691940773105835e-11,1.061475487117082e-11
98,7,8,82944,4.1117962981806921e-11,-3.0798746449633312e-11
98,7,9,82944,8.6394129848889022e-12,6.0540654645716465e-11
98,7,10,82944,8.7590079166157894e-11,-3.3656654000056233e-11
98,7,11,82944,-6.6066235528701907e-13,2.4717692332289572e-11
98,7,12,82944,-4.488977224720493e-13,1.9049966315813e-25
98,8,0,82944,1.7457685885252231e-07,0
98,8,1,82944,3.3388324423122708e-09,-2.0885432978146991e-10
98,8,2,82944,2.8280373849345885e-10,-3.1685131410183792e-11
98,8,3,82944,1.1203824763054071e-10,-1.2517406998250787e-10
98,8,4,82944,9.1928524392776762e-11,1.4667848491592389e-10
98,8,5,82944,1.0479488537263375e-10,-3.7603714460241241e-11
98,8,6,82944,4.7265552249036675e-11,1.1801908737665358e-10
98,8,7,82944,1.4943455861697867e-11,-4.213618117038426e-11
98,8,8,82944,-8.8765358888048404e-11,-7.3645525250953034e-11
98,8,9,82944,2.1632354601427616e-12,-2.5452499433314701e-11
98,8,10,82944,-2.1311326582862962e-11,2.7285846603046153e-12
98,8,11,82944,-4.8823781728591887e-11,-3.8717751301936687e-14
98,8,12,82944,-5.8931499148863497e-11,-2.1142251381804817e-27
98,9,0,82944,1.7460492513197063e-07,0
98,9,1,82944,2.0410668955959731e-09,1.5606615760733101e-10
98,9,2,82944,2.1534830141491623e-10,-1.0315806122305898e-10
98,9,3,82944,1.3768773314561064e-10,2.9989284121591057e-11
98,9,4,82944,-3.3769599587014585e-10,4.50210562015694e-11
98,9,5,82944,2.2252074455333584e-10,1.0901735563113558e-10
98,9,6,82944,1.5726237704323912e-12,1.3309407544610932e-10
98,9,7,82944,8.2306729712432247e-11,1.1328057142662196e-10
98,9,8,82944,-6.2238619484575748e-11,-1.1719784141064165e-10
98,9,9,82944,2.4941710925826846e-11,-5.5231811649824053e-11
98,9,10,82944,2.5522501344968003e-11,-7.9491972053657839e-11
98,9,11,82944,-5.9826617472138611e-12,-4.2559193816155393e-11
98,9,12,82944,-3.6911247580671854e-11,-3.1174848028076349e-26
98,10,0,82944,1.7486320637780947e-07,0
98,10,1,82944,1.0875712796693636e-09,1.9233912118684764e-11
98,10,2,82944,1.7646680848734533e-10,-4.8153509047876761e-11
98,10,3,82944,1.6321658665323059e-10,9.8233964021078869e-11
98,10,4,82944,4.5614929066984239e-11,1.6429419185133257e-11
98,10,5,82944,3.051396853770149e-11,-1.299096578348944e-11
98,10,6,82944,-5.880997728864233e-11,1.924828470832787e-10
98,10,7,82944,1.0115564818106917e-10,2.522319301298574e-11
98,10,8,82944,-8.169201783606152e-11,4.430942943518438e-11
98,10,9,82944,-1.6686631621588147e-11,-9.1791795832090869e-11
98,10,10,82944,-1.7341640771544792e-11,-8.9236987290743755e-11
98,10,11,82944,-6.653249643268976e-11,-3.6749758407209492e-11
98,10,12,82944,1.212128525376923e-10,-4.6393279918941514e-26
99,1,0,82944,1.774877722802674e-07,0
99,1,1,82944,1.0279844148948233e-07,3.1282860436736781e-10
99,1,2,82944,7.5341196956728143e-08,5.5497957557425933e-10
99,1,3,82944,5.8693687305910103e-08,6.4692745696367352e-10
99,1,4,82944,4.5768671630693872e-08,7.6818850902238955e-10
99,1,5,82944,3.54838800419274e-08,8.129829213172782e-10
99,1,6,82944,2.6928780090560179e-08,7.5347372554000339e-10
99,1,7,82944,2.0070545938116831e-08,7.4734487542237489e-10
99,1,8,82944,1.4771761106465636e-08,6.7804996166243542e-10
99,1,9,82944,1.0876415079869105e-08,5.6502440701044103e-10
99,1,10,82944,8.2555685910210184e-09,4.0827545247949075e-10
99,1,11,82944,6.7007952529553228e-09,2.1701486415493341e-10
99,1,12,82944,6.2139731201018189e-09,3.8889775230417954e-25
99,2,0,82944,1.7597020262684228e-07,0
99,2,1,82944,6.2357582197158156e-08,2.0431570612495402e-10
99,2,2,82944,3.6064941547475209e-08,3.3365841198822786e-11
99,2,3,82944,2.4126243951737878e-08,-7.0786229755829004e-11
99,2,4,82944,1.6941320259217574e-08,2.0951002155254862e-10
99,2,5,82944,1.2037655549958026e-08,2.5973558042193752e-10
99,2,6,82944,8.2076646845041448e-09,2.4333649036881263e-10
99,2,7,82944,5.5023539622612855e-09,2.5996511463445326e-10
99,2,8,82944,3.8161470878062723e-09,7.4581697831365261e-11
99,2,9,82944,2.6638606866764337e-09,8.4311923633436608e-11
99,2,10,82944,1.9537628298045737e-09,5.6424170265225588e-12
99,2,11,82944,1.5514375451291532e-09,3.2886856727727909e-11
99,2,12,82944,1.3876362377388861e-09,9.9767491897912919e-26
99,3,0,82944,1.7423600174247089e-07,0
99,3,1,82944,3.8110766249365952e-08,1.7820656155745604e-10
99,3,2,82944,1.7516384809088607e-08,-5.2329625575788015e-11
99,3,3,82944,1.0158756656830438e-08,-1.3011390774871104e-10
99,3,4,82944,6.347582877087783e-09,-8.1892916352366085e-11
99,3,5,82944,4.0743461922612342e-09,-2.7230953381645903e-11
99,3,6,82944,2.7850821227769318e-09,-6.2189521450454278e-11
99,3,7,82944,1.7347106955959739e-09,-1.188497579072627e-10
99,3,8,82944,1.1326862149286649e-09,-1.1493108627081836e-10
99,3,9,82944,5.9049835661374644e-10,-1.1396986878986105e-10
99,3,10,82944,2.6560574846953437e-10,-9.5701216018735376e-11
99,3,11,82944,1.8607936117113406e-10,-5.6764843186355789e-11
99,3,12,82944,2.0535478677341972e-10,-1.0460428053950505e-25
99,4,0,82944,1.7493515976320399e-07,0
99,4,1,82944,2.3849539669485061e-08,1.3112041360570459e-10
99,4,2,82944,8.6092793520133858e-09,-1.5856552529145471e-12
99,4,3,82944,4.1925195414673174e-09,6.5195490304469479e-11
99,4,4,82944,2.2958062253488272e-09,-8.149842050935578e-11
99,4,5,82944,1.2815122579950833e-09,1.4202573773543476e-11
99,4,6,82944,7.5086542759182787e-10,-7.0932183776049342e-11
99,4,7,82944,4.9437221695502314e-10,-3.1821914065132899e-11
99,4,8,82944,3.0904544803963694e-10,4.3326072710713513e-11
99,4,9,82944,2.1105469877137546e-10,-1.0410775821494575e-10
99,4,10,82944,1.0914984655727704e-10,-5.2798581215659534e-11
99,4,11,82944,4.5251268132726306e-12,-2.0377280800943236e-12
99,4,12,82944,5.5544023838526395e-11,9.0054023574385608e-26
99,5,0,82944,1.7383172808503002e-07,0
99,5,1,82944,1.4587895825258137e-08,-6.1872272102414384e-12
99,5,2,82944,4.2095175644491217e-09,-1.6969061565306999e-10
99,5,3,82944,1.6635217637667204e-09,-2.0398089837977692e-11
99,5,4,82944,7.4221984344693188e-10,1.4814303960511572e-11
99,5,5,82944,4.5319264012948865e-10,1.4193700183014218e-11
99,5,6,82944,9.7898351735111252e-11,1.5861292343802323e-10
99,5,7,82944,2.138323652604262e-10,2.6798894601022585e-11
99,5,8,82944,1.0310325788739761e-10,2.6426283105680452e-11
99,5,9,82944,-3.1656890684971966e-11,1.3878788521359115e-10
99,5,10,82944,-1.4434097871147939e-11,4.8564329169335616e-11
99,5,11,82944,-1.0684254282942558e-10,2.1972661394427327e-11
99,5,12,82944,-2.2534363437660119e-11,-8.9794731812155927e-26
99,6,0,82944,1.7426909139165247e-07,0
99,6,1,82944,9.2072744723941019e-09,-1.2429427979050672e-10
99,6,2,82944,2.0447506753901962e-09,-1.3715940731514224e-10
99,6,3,82944,5.7236329378568312e-10,3.3647741936777882e-10
99,6,4,82944,2.4760487276720999e-10,6.2132414876155773e-11
99,6,5,82944,7.2755957103445516e-11,-1.0103915212404073e-10
99,6,6,82944,1.2456215658290297e-10,2.0885708557829629e-10
99,6,7,82944,1.2031057830631029e-10,1.1943973485615157e-10
99,6,8,82944,3.203358529323448e-11,2.9564215331637325e-11
99,6,9,82944,-2.0828010306683169e-11,1.5735696345200891e-10
99,6,10,82944,-3.1871105754676319e-11,8.4848358885521976e-11
99,6,11,82944,3.985496949028666e-13,3.3128766357540191e-11
99,6,12,82944,2.8020923940588112e-11,-6.0933564123975204e-26
99,7,0,82944,1.7436052643786461e-07,0
99,7,1,82944,5.5784206343712541e-09,-1.3959141112941768e-10
99,7,2,82944,1.1270725746378937e-09,-3.2180302168096612e-11
99,7,3,82944,2.0362225650522064e-10,1.564815296560687e-10
99,7,4,82944,1.5375988892172902e-10,-1.2027331081759395e-10
99,7,5,82944,-9.7571862385730441e-12,-1.035066521237229e-11
99,7,6,82944,7.9311212367126341e-11,-1.1403476017834022e-10
99,7,7,82944,5.4709956761402614e-11,-7.2799545516692553e-11
99,7,8,82944,8.3360146862097694e-11,-1.2750157572433638e-10
99,7,9,82944,5.5488455181795429e-11,-5.3638536785725464e-11
99,7,10,82944,-1.0488849270494919e-11,7.7884629132336759e-12
99,7,11,82944,4.0650453097589411e-11,-3.270799325219533e-11
99,7,12,82944,2.5760851097889866e-11,1.8044712099168695e-25
99,8,0,82944,1.7351941794744554e-07,0
99,8,1,82944,3.418540541001358e-09,-4.1476655588990152e-11
99,8,2,82944,4.7987015391023626e-10,2.0209397974927951e-10
99,8,3,82944,3.5668606688349851e-11,4.752672904676997e-11
99,8,4,82944,2.5978937437142553e-11,-6.4018244241909755e-11
99,8,5,82944,4.7900230076161254e-11,-4.6063389646992446e-11
99,8,6,82944,-4.0318939809630196e-11,-1.3813714496985338e-10
99,8,7,82944,2.1548737162745417e-11,-3.8662193907389529e-11
99,8,8,82944,-7.0647067332782336e-12,3.0303336419025989e-11
99,8,9,82944,-1.3234433538432027e-10,-1.2365208307183149e-11
99,8,10,82944,8.6758354368943775e-12,6.706355602026989e-11
99,8,11,82944,-6.1186715249023405e-12,-6.3140098187129496e-11
99,8,12,82944,5.5248748203180359e-11,-2.1473347016651946e-25
99,9,0,82944,1.737709420799939e-07,0
99,9,1,82944,2.1573442780953603e-09,-1.0056031643771771e-10
99,9,2,82944,1.0507982182840087e-10,1.1872241005925592e-10
99,9,3,82944,1.030372551916815e-10,1.353538488102203e-11
99,9,4,82944,6.3605315173180295e-11,1.8903770531547353e-11
99,9,5,82944,-5.8486676753610914e-11,6.2417426125341518e-11
99,9,6,82944,-8.6687293748207684e-11,7.1156965053419777e-12
99,9,7,82944,7.3032612023958693e-12,-9.828551449836899e-11
99,9,8,82944,-1.2216829474399249e-10,7.5214747756647993e-11
99,9,9,82944,-1.1047953404097846e-10,-6.7401816238638165e-11
99,9,10,82944,-3.1834685181168463e-13,-4.6186739526747175e-11
99,9,11,82944,1.0513514782252253e-11,-3.1297297246913556e-11
99,9,12,82944,-2.1814251050719188e-11,6.5820216565996122e-28
99,10,0,82944,1.7427078507278086e-07,0
99,10,1,82944,1.3826435084640205e-09,-3.487446343768482e-11
99,10,2,82944,-1.1267329454098798e-10,3.8342804450206066e-10
99,10,3,82944,3.2028647322522858e-11,1.4566880060420645e-11
99,10,4,82944,-1.884850623810723e-10,2.2148011650274766e-11
99,10,5,82944,-8.9095615918424169e-11,2.1729045055618427e-10
99,10,6,82944,1.1481908374872257e-10,-1.2165114492822975e-10
99,10,7,82944,4.6299953254861949e-11,-1.380333487914735e-12
99,10,8,82944,-3.6865103462065696e-11,4.3567207120465047e-11
99,10,9,82944,-1.811259012420801e-10,7.8925907150888576e-11
99,10,10,82944,-1.4240052894891925e-13,4.6309037763500604e-11
99,10,11,82944,-2.1569560042361135e-11,-1.5379032301529731e-11
99,10,12,82944,-7.0841500209638739e-11,3.4505749896719182e-26
100,1,0,82944,1.7715403498305873e-07,0
100,1,1,82944,1.0297750096046656e-07,2.7292903145974652e-11
100,1,2,82944,7.5449345509743472e-08,2.5380061814066431e-10
100,1,3,82944,5.9013199236644165e-08,3.5545945390941875e-10
100,1,4,82944,4.6230417645890033e-08,3.4612707225402147e-10
100,1,5,82944,3.5650425747778783e-08,1.4209304714455581e-10
100,1,6,82944,2.709853667156153e-08,8.5597141433590827e-12
100,1,7,82944,2.0222217966197493e-08,5.3218621686788487e-12
100,1,8,82944,1.4740369993848807e-08,2.6108722608735766e-12
100,1,9,82944,1.081336547561701e-08,5.1955439677969927e-11
100,1,10,82944,8.1239623898400682e-09,3.0358307293907363e-11
100,1,11,82944,6.5314436138949202e-09,2.3922863031751097e-12
100,1,12,82944,6.0378225508634282e-09,-5.7463043614131765e-25
100,2,0,82944,1.75294700531541e-07,0
100,2,1,82944,6.2746086076687444e-08,-6.5108922655210429e-11
100,2,2,82944,3.6912726216922768e-08,-7.3611915758799225e-11
100,2,3,82944,2.5251288376818798e-08,-1.6906842193583839e-10
100,2,4,82944,1.7836167640078838e-08,-1.7480191642184402e-10
100,2,5,82944,1.2548937518597916e-08,-1.642128804557386e-10
100,2,6,82944,8.9418229354336494e-09,-2.8707170610142854e-10
100,2,7,82944,6.0810018094910618e-09,-1.9511370188908195e-10
100,2,8,82944,3.9904721049651719e-09,-1.7399098809168797e-10
100,2,9,82944,2.6545722991201666e-09,-1.6046173726263685e-10
100,2,10,82944,1.6847622719076812e-09,-1.0760134196613713e-10
100,2,11,82944,1.1482353745731751e-09,-4.6597560565004638e-11
100,2,12,82944,9.5077689984903907e-10,2.8298704019344034e-25
100,3,0,82944,1.7480269027109517e-07,0
100,3,1,82944,3.8671403613046272e-08,-2.0517829681735865e-10
100,3,2,82944,1.8210526225507872e-08,1.5615242681266831e-11
100,3,3,82944,1.1046577962658742e-08,1.4717597486322076e-10
100,3,4,82944,6.987134641241321e-09,1.8863358792799558e-10
100,3,5,82944,4.2444146753458062e-09,1.8043631561623472e-10
100,3,6,82944,2.7360002433539997e-09,-1.3468653416811179e-12
100,3,7,82944,1.6796463655576175e-09,9.6503014891334916e-11
100,3,8,82944,1.0637034665588545e-09,-1.2329552067853938e-11
100,3,9,82944,6.4022722311402719e-10,2.1535975943768874e-11
100,3,10,82944,3.5913174387039734e-10,-5.4869740714706091e-11
100,3,11,82944,1.8437702591383946e-10,-5.1679715983780551e-12
100,3,12,82944,1.7387324426904799e-10,-2.9260078091611004e-26
100,4,0,82944,1.7467566917948103e-07,0
100,4,1,82944,2.3906960777363909e-08,-8.5139587975516085e-11
100,4,2,82944,8.9737378448699547e-09,2.086466008816679e-10
100,4,3,82944,4.6821586099817906e-09,1.9046494649743192e-11
100,4,4,82944,2.6515656699357584e-09,1.0984619744647166e-10
100,4,5,82944,1.4226658007106335e-09,5.7525466935524962e-11
100,4,6,82944,7.1526499618796525e-10,-5.8255386078285562e-11
100,4,7,82944,4.6619783876286247e-10,-4.306060362148264e-11
100,4,8,82944,2.6064147140386842e-10,-7.6752960283556101e-11
100,4,9,82944,2.215396745341883e-10,-5.2742012255222728e-11
100,4,10,82944,1.2147689155313327e-10,-1.9507537762643835e-11
100,4,11,82944,2.1681583299430027e-11,9.0084297284848526e-12
100,4,12,82944,1.1526342993888347e-11,-2.291740267706956e-26
100,5,0,82944,1.747287311609418e-07,0
100,5,1,82944,1.47194469292793e-08,2.9214878593897139e-11
100,5,2,82944,4.5490515821102156e-09,-9.8454255720164858e-11
100,5,3,82944,2.1808443665062864e-09,1.3512341542370244e-11
100,5,4,82944,1.1290023451951815e-09,1.1277295418597261e-10
100,5,5,82944,4.2022933382895688e-10,1.8590088941460261e-10
100,5,6,82944,2.9702514104657287e-10,-2.2135516765244922e-11
100,5,7,82944,1.5245178697221891e-10,-1.8393817421741354e-11
100,5,8,82944,5.3162270475873193e-11,-5.9263420630223862e-11
100,5,9,82944,4.2273400835347836e-11,5.8990250230354559e-11
100,5,10,82944,6.9393290244525465e-12,-5.437802707127e-11
100,5,11,82944,1.6655042723747439e-11,-4.788997142485222e-11
100,5,12,82944,-3.4162553476909995e-11,-9.7733048840418493e-27
100,6,0,82944,1.7473508193270449e-07,0
100,6,1,82944,8.9956503565877377e-09,8.5944987794874074e-12
100,6,2,82944,2.052581602888408e-09,1.2854218603748484e-11
100,6,3,82944,8.683386721582021e-10,4.0980099277252551e-10
100,6,4,82944,5.222587911910645e-10,-9.6523655862561263e-11
100,6,5,82944,5.5800108423454966e-11,2.2016657126033643e-11
100,6,6,82944,2.2938819143360843e-10,-2.0977675361496327e-10
100,6,7,82944,5.8338510673443882e-11,-4.1141322180929409e-11
100,6,8,82944,-2.7442115069104708e-11,-7.3767456966098629e-11
100,6,9,82944,7.558156404676139e-12,8.4838858687341001e-11
100,6,10,82944,-2.4802150908669847e-11,3.5085264063634214e-11
100,6,11,82944,-1.0032367624112347e-10,3.5819102726743642e-11
100,6,12,82944,-1.9592231127815618e-10,2.6754920758068849e-25
100,7,0,82944,1.7446488098639288e-07,0
100,7,1,82944,5.4635636368532141e-09,-1.3933797102753961e-10
100,7,2,82944,7.625892247500648e-10,-2.6074619367524612e-10
100,7,3,82944,2.9412864863669197e-10,2.3557023202907413e-10
100,7,4,82944,6.0736187278068697e-11,9.2582076273232453e-11
100,7,5,82944,5.8596131551130893e-11,1.6572216535019066e-10
100,7,6,82944,8.4127427344298826e-11,-9.8773551965757987e-11
100,7,7,82944,-5.1554982024976446e-11,-6.9779480200773318e-11
100,7,8,82944,-1.8478961338945919e-10,-2.6795417842207216e-11
100,7,9,82944,-2.3917390725372821e-11,5.0467883851554621e-11
100,7,10,82944,-2.3411266377745117e-11,2.8156811278075055e-11
100,7,11,82944,8.823045665374504e-11,-3.8455514037288833e-12
100,7,12,82944,7.9034493108844082e-11,6.1312529007233972e-26
100,8,0,82944,1.7429243971985761e-07,0
100,8,1,82944,3.3018573395378126e-09,-1.3645697615971834e-10
100,8,2,82944,3.0115171984159708e-10,-6.549776940052081e-12
100,8,3,82944,-7.7875261566404549e-11,-1.4296039415685446e-10
100,8,4,82944,-2.0071987124346093e-10,1.1827123257024576e-10
100,8,5,82944,2.5647272082571536e-11,2.4724775374677973e-10
100,8,6,82944,4.3758573649761192e-11,-9.9051026247740717e-11
100,8,7,82944,-1.7903518657657721e-10,2.0447274991834543e-11
100,8,8,82944,-7.9152927898611209e-11,-1.5710820955718215e-10
100,8,9,82944,1.2512163132116671e-11,-2.6726698559731958e-11
100,8,10,82944,1.0124775012287863e-11,-7.048471174786835e-12
100,8,11,82944,-1.7660194518379872e-11,-2.4633383274541883e-11
100,8,12,82944,-2.9436565978860364e-11,3.1454085310477543e-26
100,9,0,82944,1.7462758389999081e-07,0
100,9,1,82944,2.4399747674656486e-09,-4.6230504585853739e-12
100,9,2,82944,2.7136113802144487e-10,2.6713814630601957e-10
100,9,3,82944,-7.2121705900972943e-11,-8.5123792923823488e-11
100,9,4,82944,-9.2325244459899096e-11,7.3173732467348335e-11
100,9,5,82944,-1.6372080420536959e-10,3.0084108133886815e-11
100,9,6,82944,-8.660628779673983e-11,-7.5431917793020893e-12
100,9,7,82944,7.1707752267734633e-11,-1.205016053978205e-11
100,9,8,82944,6.7400627336334133e-11,-2.9199434265515641e-11
100,9,9,82944,1.8002046335439333e-11,2.2395771830579265e-11
100,9,10,82944,5.572890494574373e-11,1.7403972958245645e-12
100,9,11,82944,-1.4515536464706714e-11,8.1238400815416594e-13
100,9,12,82944,-3.091199549355683e-12,-1.6903828345358096e-27
100,10,0,82944,1.741091806154412e-07,0
100,10,1,82944,1.6299476704773979e-09,-9.5949951455333995e-11
100,10,2,82944,2.2014450919587145e-10,-1.0762636382004647e-10
100,10,3,82944,-1.5292353288045218e-10,-1.315286133750902e-10
100,10,4,82944,5.7697876277503211e-11,-8.8327301936385042e-11
100,10,5,82944,-8.452084038172823e-11,1.3802400443475604e-10
100,10,6,82944,1.873088287095561e-11,-2.3278703140230052e-11
100,10,7,82944,4.140850367396919e-11,-2.564486249236427e-11
100,10,8,82944,9.9468477099147729e-11,-8.3263381173731515e-11
100,10,9,82944,-7.1606514542289311e-11,5.4261468576263105e-11
100,10,10,82944,-1.8195938107165888e-11,-5.4019520164602726e-12
100,10,11,82944,5.5549830691494522e-11,4.4381156457869505e-11
100,10,12,82944,9.5394337160109902e-11,1.0698777020000099e-25
